-7,-142,nMpvFwFfDizCKFWmgyj2Eavhdb8=,v/x2qOJyOBRnY0nRPeuN3qS4duk=
-2,-138,gnyKsuMQol7UyG+eBXZYbuONqLk=,v/x2qOJyOBRnY0nRPeuN3qS4duk=
-3,-138,gnyKsuMQol7UyG+eBXZYbuONqLk=,v/x2qOJyOBRnY0nRPeuN3qS4duk=
-4,-138,gnyKsuMQol7UyG+eBXZYbuONqLk=,v/x2qOJyOBRnY0nRPeuN3qS4duk=
-5,-138,nMpvFwFfDizCKFWmgyj2Eavhdb8=,v/x2qOJyOBRnY0nRPeuN3qS4duk=
-6,-138,nMpvFwFfDizCKFWmgyj2Eavhdb8=,v/x2qOJyOBRnY0nRPeuN3qS4duk=
-7,-138,nMpvFwFfDizCKFWmgyj2Eavhdb8=,v/x2qOJyOBRnY0nRPeuN3qS4duk=
-3,-143,gnyKsuMQol7UyG+eBXZYbuONqLk=,v/x2qOJyOBRnY0nRPeuN3qS4duk=
-3,-139,gnyKsuMQol7UyG+eBXZYbuONqLk=,v/x2qOJyOBRnY0nRPeuN3qS4duk=
-4,-139,gnyKsuMQol7UyG+eBXZYbuONqLk=,v/x2qOJyOBRnY0nRPeuN3qS4duk=
-5,-139,nMpvFwFfDizCKFWmgyj2Eavhdb8=,v/x2qOJyOBRnY0nRPeuN3qS4duk=
-6,-139,nMpvFwFfDizCKFWmgyj2Eavhdb8=,v/x2qOJyOBRnY0nRPeuN3qS4duk=
-4,-143,gnyKsuMQol7UyG+eBXZYbuONqLk=,v/x2qOJyOBRnY0nRPeuN3qS4duk=
-7,-139,nMpvFwFfDizCKFWmgyj2Eavhdb8=,v/x2qOJyOBRnY0nRPeuN3qS4duk=
-2,-140,gnyKsuMQol7UyG+eBXZYbuONqLk=,v/x2qOJyOBRnY0nRPeuN3qS4duk=
-3,-140,gnyKsuMQol7UyG+eBXZYbuONqLk=,v/x2qOJyOBRnY0nRPeuN3qS4duk=
-5,-143,nMpvFwFfDizCKFWmgyj2Eavhdb8=,v/x2qOJyOBRnY0nRPeuN3qS4duk=
-4,-140,gnyKsuMQol7UyG+eBXZYbuONqLk=,v/x2qOJyOBRnY0nRPeuN3qS4duk=
-5,-140,nMpvFwFfDizCKFWmgyj2Eavhdb8=,v/x2qOJyOBRnY0nRPeuN3qS4duk=
-6,-140,nMpvFwFfDizCKFWmgyj2Eavhdb8=,v/x2qOJyOBRnY0nRPeuN3qS4duk=
-7,-140,nMpvFwFfDizCKFWmgyj2Eavhdb8=,v/x2qOJyOBRnY0nRPeuN3qS4duk=
-2,-141,gnyKsuMQol7UyG+eBXZYbuONqLk=,v/x2qOJyOBRnY0nRPeuN3qS4duk=
-6,-143,nMpvFwFfDizCKFWmgyj2Eavhdb8=,v/x2qOJyOBRnY0nRPeuN3qS4duk=
-4,-141,gnyKsuMQol7UyG+eBXZYbuONqLk=,v/x2qOJyOBRnY0nRPeuN3qS4duk=
-5,-141,nMpvFwFfDizCKFWmgyj2Eavhdb8=,v/x2qOJyOBRnY0nRPeuN3qS4duk=
-7,-143,nMpvFwFfDizCKFWmgyj2Eavhdb8=,v/x2qOJyOBRnY0nRPeuN3qS4duk=
-6,-141,nMpvFwFfDizCKFWmgyj2Eavhdb8=,v/x2qOJyOBRnY0nRPeuN3qS4duk=
-7,-141,nMpvFwFfDizCKFWmgyj2Eavhdb8=,v/x2qOJyOBRnY0nRPeuN3qS4duk=
-2,-142,gnyKsuMQol7UyG+eBXZYbuONqLk=,v/x2qOJyOBRnY0nRPeuN3qS4duk=
-4,-142,gnyKsuMQol7UyG+eBXZYbuONqLk=,v/x2qOJyOBRnY0nRPeuN3qS4duk=
-5,-142,nMpvFwFfDizCKFWmgyj2Eavhdb8=,v/x2qOJyOBRnY0nRPeuN3qS4duk=
-6,-142,nMpvFwFfDizCKFWmgyj2Eavhdb8=,v/x2qOJyOBRnY0nRPeuN3qS4duk=
-2,-143,gnyKsuMQol7UyG+eBXZYbuONqLk=,v/x2qOJyOBRnY0nRPeuN3qS4duk=
-1,-142,gnyKsuMQol7UyG+eBXZYbuONqLk=,v/x2qOJyOBRnY0nRPeuN3qS4duk=
-1,-139,gnyKsuMQol7UyG+eBXZYbuONqLk=,v/x2qOJyOBRnY0nRPeuN3qS4duk=
-1,-138,gnyKsuMQol7UyG+eBXZYbuONqLk=,v/x2qOJyOBRnY0nRPeuN3qS4duk=
-6,-133,nMpvFwFfDizCKFWmgyj2Eavhdb8=,v/x2qOJyOBRnY0nRPeuN3qS4duk=
-4,-132,nMpvFwFfDizCKFWmgyj2Eavhdb8=,v/x2qOJyOBRnY0nRPeuN3qS4duk=
-3,-132,gnyKsuMQol7UyG+eBXZYbuONqLk=,v/x2qOJyOBRnY0nRPeuN3qS4duk=
-4,-136,gnyKsuMQol7UyG+eBXZYbuONqLk=,v/x2qOJyOBRnY0nRPeuN3qS4duk=
-3,-136,gnyKsuMQol7UyG+eBXZYbuONqLk=,v/x2qOJyOBRnY0nRPeuN3qS4duk=
-5,-133,nMpvFwFfDizCKFWmgyj2Eavhdb8=,v/x2qOJyOBRnY0nRPeuN3qS4duk=
-7,-134,nMpvFwFfDizCKFWmgyj2Eavhdb8=,v/x2qOJyOBRnY0nRPeuN3qS4duk=
-2,-136,gnyKsuMQol7UyG+eBXZYbuONqLk=,v/x2qOJyOBRnY0nRPeuN3qS4duk=
-6,-136,nMpvFwFfDizCKFWmgyj2Eavhdb8=,v/x2qOJyOBRnY0nRPeuN3qS4duk=
-7,-135,nMpvFwFfDizCKFWmgyj2Eavhdb8=,v/x2qOJyOBRnY0nRPeuN3qS4duk=
-2,-131,gnyKsuMQol7UyG+eBXZYbuONqLk=,v/x2qOJyOBRnY0nRPeuN3qS4duk=
-6,-135,nMpvFwFfDizCKFWmgyj2Eavhdb8=,v/x2qOJyOBRnY0nRPeuN3qS4duk=
-7,-131,nMpvFwFfDizCKFWmgyj2Eavhdb8=,v/x2qOJyOBRnY0nRPeuN3qS4duk=
-5,-135,nMpvFwFfDizCKFWmgyj2Eavhdb8=,v/x2qOJyOBRnY0nRPeuN3qS4duk=
-4,-133,gnyKsuMQol7UyG+eBXZYbuONqLk=,v/x2qOJyOBRnY0nRPeuN3qS4duk=
-2,-134,gnyKsuMQol7UyG+eBXZYbuONqLk=,v/x2qOJyOBRnY0nRPeuN3qS4duk=
-4,-135,gnyKsuMQol7UyG+eBXZYbuONqLk=,v/x2qOJyOBRnY0nRPeuN3qS4duk=
-3,-133,gnyKsuMQol7UyG+eBXZYbuONqLk=,v/x2qOJyOBRnY0nRPeuN3qS4duk=
-6,-131,nMpvFwFfDizCKFWmgyj2Eavhdb8=,v/x2qOJyOBRnY0nRPeuN3qS4duk=
-7,-137,nMpvFwFfDizCKFWmgyj2Eavhdb8=,v/x2qOJyOBRnY0nRPeuN3qS4duk=
-6,-137,nMpvFwFfDizCKFWmgyj2Eavhdb8=,v/x2qOJyOBRnY0nRPeuN3qS4duk=
-5,-137,nMpvFwFfDizCKFWmgyj2Eavhdb8=,v/x2qOJyOBRnY0nRPeuN3qS4duk=
-7,-132,nMpvFwFfDizCKFWmgyj2Eavhdb8=,v/x2qOJyOBRnY0nRPeuN3qS4duk=
-4,-137,gnyKsuMQol7UyG+eBXZYbuONqLk=,v/x2qOJyOBRnY0nRPeuN3qS4duk=
-6,-134,nMpvFwFfDizCKFWmgyj2Eavhdb8=,v/x2qOJyOBRnY0nRPeuN3qS4duk=
-3,-135,gnyKsuMQol7UyG+eBXZYbuONqLk=,v/x2qOJyOBRnY0nRPeuN3qS4duk=
-2,-137,gnyKsuMQol7UyG+eBXZYbuONqLk=,v/x2qOJyOBRnY0nRPeuN3qS4duk=
-6,-132,nMpvFwFfDizCKFWmgyj2Eavhdb8=,v/x2qOJyOBRnY0nRPeuN3qS4duk=
-7,-130,gnyKsuMQol7UyG+eBXZYbuONqLk=,v/x2qOJyOBRnY0nRPeuN3qS4duk=
-5,-132,nMpvFwFfDizCKFWmgyj2Eavhdb8=,v/x2qOJyOBRnY0nRPeuN3qS4duk=
-6,-130,gnyKsuMQol7UyG+eBXZYbuONqLk=,v/x2qOJyOBRnY0nRPeuN3qS4duk=
-5,-130,nMpvFwFfDizCKFWmgyj2Eavhdb8=,v/x2qOJyOBRnY0nRPeuN3qS4duk=
-4,-130,nMpvFwFfDizCKFWmgyj2Eavhdb8=,v/x2qOJyOBRnY0nRPeuN3qS4duk=
-5,-131,nMpvFwFfDizCKFWmgyj2Eavhdb8=,v/x2qOJyOBRnY0nRPeuN3qS4duk=
-7,-136,nMpvFwFfDizCKFWmgyj2Eavhdb8=,v/x2qOJyOBRnY0nRPeuN3qS4duk=
-4,-131,nMpvFwFfDizCKFWmgyj2Eavhdb8=,v/x2qOJyOBRnY0nRPeuN3qS4duk=
-5,-134,nMpvFwFfDizCKFWmgyj2Eavhdb8=,v/x2qOJyOBRnY0nRPeuN3qS4duk=
-4,-134,gnyKsuMQol7UyG+eBXZYbuONqLk=,v/x2qOJyOBRnY0nRPeuN3qS4duk=
-3,-131,gnyKsuMQol7UyG+eBXZYbuONqLk=,v/x2qOJyOBRnY0nRPeuN3qS4duk=
-5,-136,nMpvFwFfDizCKFWmgyj2Eavhdb8=,v/x2qOJyOBRnY0nRPeuN3qS4duk=
-7,-133,nMpvFwFfDizCKFWmgyj2Eavhdb8=,v/x2qOJyOBRnY0nRPeuN3qS4duk=
-3,-134,gnyKsuMQol7UyG+eBXZYbuONqLk=,v/x2qOJyOBRnY0nRPeuN3qS4duk=
-7,-144,gnyKsuMQol7UyG+eBXZYbuONqLk=,v/x2qOJyOBRnY0nRPeuN3qS4duk=
-6,-144,gnyKsuMQol7UyG+eBXZYbuONqLk=,v/x2qOJyOBRnY0nRPeuN3qS4duk=
-5,-144,gnyKsuMQol7UyG+eBXZYbuONqLk=,v/x2qOJyOBRnY0nRPeuN3qS4duk=
-3,-144,gnyKsuMQol7UyG+eBXZYbuONqLk=,v/x2qOJyOBRnY0nRPeuN3qS4duk=
-2,-144,gnyKsuMQol7UyG+eBXZYbuONqLk=,v/x2qOJyOBRnY0nRPeuN3qS4duk=
-8,-142,gnyKsuMQol7UyG+eBXZYbuONqLk=,v/x2qOJyOBRnY0nRPeuN3qS4duk=
-12,-142,yXRp++S7a+1kKDHt/1vlOKBqwDc=,88dSb3YXvU+25aftw2bQV9BP5rE=
-11,-142,yXRp++S7a+1kKDHt/1vlOKBqwDc=,88dSb3YXvU+25aftw2bQV9BP5rE=
-10,-142,yXRp++S7a+1kKDHt/1vlOKBqwDc=,88dSb3YXvU+25aftw2bQV9BP5rE=
-9,-142,yXRp++S7a+1kKDHt/1vlOKBqwDc=,88dSb3YXvU+25aftw2bQV9BP5rE=
-15,-141,yXRp++S7a+1kKDHt/1vlOKBqwDc=,88dSb3YXvU+25aftw2bQV9BP5rE=
-8,-143,gnyKsuMQol7UyG+eBXZYbuONqLk=,v/x2qOJyOBRnY0nRPeuN3qS4duk=
-7,-129,gnyKsuMQol7UyG+eBXZYbuONqLk=,v/x2qOJyOBRnY0nRPeuN3qS4duk=
-6,-129,gnyKsuMQol7UyG+eBXZYbuONqLk=,v/x2qOJyOBRnY0nRPeuN3qS4duk=
-5,-129,gnyKsuMQol7UyG+eBXZYbuONqLk=,v/x2qOJyOBRnY0nRPeuN3qS4duk=
-4,-129,gnyKsuMQol7UyG+eBXZYbuONqLk=,v/x2qOJyOBRnY0nRPeuN3qS4duk=
-3,-129,gnyKsuMQol7UyG+eBXZYbuONqLk=,v/x2qOJyOBRnY0nRPeuN3qS4duk=
-13,-141,yXRp++S7a+1kKDHt/1vlOKBqwDc=,88dSb3YXvU+25aftw2bQV9BP5rE=
-12,-141,yXRp++S7a+1kKDHt/1vlOKBqwDc=,88dSb3YXvU+25aftw2bQV9BP5rE=
-11,-141,yXRp++S7a+1kKDHt/1vlOKBqwDc=,88dSb3YXvU+25aftw2bQV9BP5rE=
-10,-141,yXRp++S7a+1kKDHt/1vlOKBqwDc=,88dSb3YXvU+25aftw2bQV9BP5rE=
-8,-141,gnyKsuMQol7UyG+eBXZYbuONqLk=,v/x2qOJyOBRnY0nRPeuN3qS4duk=
-9,-141,yXRp++S7a+1kKDHt/1vlOKBqwDc=,88dSb3YXvU+25aftw2bQV9BP5rE=
-8,-144,gnyKsuMQol7UyG+eBXZYbuONqLk=,v/x2qOJyOBRnY0nRPeuN3qS4duk=
-16,-140,yXRp++S7a+1kKDHt/1vlOKBqwDc=,88dSb3YXvU+25aftw2bQV9BP5rE=
-8,-140,gnyKsuMQol7UyG+eBXZYbuONqLk=,v/x2qOJyOBRnY0nRPeuN3qS4duk=
-15,-140,yXRp++S7a+1kKDHt/1vlOKBqwDc=,88dSb3YXvU+25aftw2bQV9BP5rE=
-13,-140,yXRp++S7a+1kKDHt/1vlOKBqwDc=,88dSb3YXvU+25aftw2bQV9BP5rE=
-12,-140,yXRp++S7a+1kKDHt/1vlOKBqwDc=,88dSb3YXvU+25aftw2bQV9BP5rE=
-11,-140,yXRp++S7a+1kKDHt/1vlOKBqwDc=,88dSb3YXvU+25aftw2bQV9BP5rE=
-8,-139,gnyKsuMQol7UyG+eBXZYbuONqLk=,v/x2qOJyOBRnY0nRPeuN3qS4duk=
-10,-140,yXRp++S7a+1kKDHt/1vlOKBqwDc=,88dSb3YXvU+25aftw2bQV9BP5rE=
-9,-140,yXRp++S7a+1kKDHt/1vlOKBqwDc=,88dSb3YXvU+25aftw2bQV9BP5rE=
-14,-139,yXRp++S7a+1kKDHt/1vlOKBqwDc=,88dSb3YXvU+25aftw2bQV9BP5rE=
-13,-139,yXRp++S7a+1kKDHt/1vlOKBqwDc=,88dSb3YXvU+25aftw2bQV9BP5rE=
-8,-138,gnyKsuMQol7UyG+eBXZYbuONqLk=,v/x2qOJyOBRnY0nRPeuN3qS4duk=
-12,-139,yXRp++S7a+1kKDHt/1vlOKBqwDc=,88dSb3YXvU+25aftw2bQV9BP5rE=
-10,-139,yXRp++S7a+1kKDHt/1vlOKBqwDc=,88dSb3YXvU+25aftw2bQV9BP5rE=
-11,-139,yXRp++S7a+1kKDHt/1vlOKBqwDc=,88dSb3YXvU+25aftw2bQV9BP5rE=
-9,-139,yXRp++S7a+1kKDHt/1vlOKBqwDc=,88dSb3YXvU+25aftw2bQV9BP5rE=
-14,-138,yXRp++S7a+1kKDHt/1vlOKBqwDc=,88dSb3YXvU+25aftw2bQV9BP5rE=
-13,-138,yXRp++S7a+1kKDHt/1vlOKBqwDc=,88dSb3YXvU+25aftw2bQV9BP5rE=
-11,-138,yXRp++S7a+1kKDHt/1vlOKBqwDc=,88dSb3YXvU+25aftw2bQV9BP5rE=
-12,-138,yXRp++S7a+1kKDHt/1vlOKBqwDc=,88dSb3YXvU+25aftw2bQV9BP5rE=
-10,-138,yXRp++S7a+1kKDHt/1vlOKBqwDc=,88dSb3YXvU+25aftw2bQV9BP5rE=
-9,-138,yXRp++S7a+1kKDHt/1vlOKBqwDc=,88dSb3YXvU+25aftw2bQV9BP5rE=
-14,-144,Nv3afR4PfenqbF1487lynFIm38E=,88dSb3YXvU+25aftw2bQV9BP5rE=
-13,-144,yXRp++S7a+1kKDHt/1vlOKBqwDc=,88dSb3YXvU+25aftw2bQV9BP5rE=
-12,-144,yXRp++S7a+1kKDHt/1vlOKBqwDc=,88dSb3YXvU+25aftw2bQV9BP5rE=
-11,-144,yXRp++S7a+1kKDHt/1vlOKBqwDc=,88dSb3YXvU+25aftw2bQV9BP5rE=
-10,-144,yXRp++S7a+1kKDHt/1vlOKBqwDc=,88dSb3YXvU+25aftw2bQV9BP5rE=
-9,-144,yXRp++S7a+1kKDHt/1vlOKBqwDc=,88dSb3YXvU+25aftw2bQV9BP5rE=
-16,-143,yXRp++S7a+1kKDHt/1vlOKBqwDc=,88dSb3YXvU+25aftw2bQV9BP5rE=
-15,-143,yXRp++S7a+1kKDHt/1vlOKBqwDc=,88dSb3YXvU+25aftw2bQV9BP5rE=
-14,-143,yXRp++S7a+1kKDHt/1vlOKBqwDc=,88dSb3YXvU+25aftw2bQV9BP5rE=
-13,-143,yXRp++S7a+1kKDHt/1vlOKBqwDc=,88dSb3YXvU+25aftw2bQV9BP5rE=
-12,-143,yXRp++S7a+1kKDHt/1vlOKBqwDc=,88dSb3YXvU+25aftw2bQV9BP5rE=
-11,-143,yXRp++S7a+1kKDHt/1vlOKBqwDc=,88dSb3YXvU+25aftw2bQV9BP5rE=
-10,-143,yXRp++S7a+1kKDHt/1vlOKBqwDc=,88dSb3YXvU+25aftw2bQV9BP5rE=
-9,-143,yXRp++S7a+1kKDHt/1vlOKBqwDc=,88dSb3YXvU+25aftw2bQV9BP5rE=
-16,-142,yXRp++S7a+1kKDHt/1vlOKBqwDc=,88dSb3YXvU+25aftw2bQV9BP5rE=
-15,-142,yXRp++S7a+1kKDHt/1vlOKBqwDc=,88dSb3YXvU+25aftw2bQV9BP5rE=
-14,-142,yXRp++S7a+1kKDHt/1vlOKBqwDc=,88dSb3YXvU+25aftw2bQV9BP5rE=
-13,-142,yXRp++S7a+1kKDHt/1vlOKBqwDc=,88dSb3YXvU+25aftw2bQV9BP5rE=
-1,-135,gnyKsuMQol7UyG+eBXZYbuONqLk=,v/x2qOJyOBRnY0nRPeuN3qS4duk=
-1,-132,gnyKsuMQol7UyG+eBXZYbuONqLk=,v/x2qOJyOBRnY0nRPeuN3qS4duk=
-3,-137,gnyKsuMQol7UyG+eBXZYbuONqLk=,v/x2qOJyOBRnY0nRPeuN3qS4duk=
-1,-140,gnyKsuMQol7UyG+eBXZYbuONqLk=,v/x2qOJyOBRnY0nRPeuN3qS4duk=
-2,-139,gnyKsuMQol7UyG+eBXZYbuONqLk=,v/x2qOJyOBRnY0nRPeuN3qS4duk=
-2,-133,gnyKsuMQol7UyG+eBXZYbuONqLk=,v/x2qOJyOBRnY0nRPeuN3qS4duk=
-1,-129,gnyKsuMQol7UyG+eBXZYbuONqLk=,v/x2qOJyOBRnY0nRPeuN3qS4duk=
-2,-135,gnyKsuMQol7UyG+eBXZYbuONqLk=,v/x2qOJyOBRnY0nRPeuN3qS4duk=
-2,-129,gnyKsuMQol7UyG+eBXZYbuONqLk=,v/x2qOJyOBRnY0nRPeuN3qS4duk=
-3,-130,gnyKsuMQol7UyG+eBXZYbuONqLk=,v/x2qOJyOBRnY0nRPeuN3qS4duk=
-1,-130,gnyKsuMQol7UyG+eBXZYbuONqLk=,v/x2qOJyOBRnY0nRPeuN3qS4duk=
-1,-136,gnyKsuMQol7UyG+eBXZYbuONqLk=,v/x2qOJyOBRnY0nRPeuN3qS4duk=
-1,-131,gnyKsuMQol7UyG+eBXZYbuONqLk=,v/x2qOJyOBRnY0nRPeuN3qS4duk=
-1,-133,gnyKsuMQol7UyG+eBXZYbuONqLk=,v/x2qOJyOBRnY0nRPeuN3qS4duk=
-1,-137,gnyKsuMQol7UyG+eBXZYbuONqLk=,v/x2qOJyOBRnY0nRPeuN3qS4duk=
-1,-134,gnyKsuMQol7UyG+eBXZYbuONqLk=,v/x2qOJyOBRnY0nRPeuN3qS4duk=
-2,-132,gnyKsuMQol7UyG+eBXZYbuONqLk=,v/x2qOJyOBRnY0nRPeuN3qS4duk=
-2,-130,gnyKsuMQol7UyG+eBXZYbuONqLk=,v/x2qOJyOBRnY0nRPeuN3qS4duk=
-15,-144,yXRp++S7a+1kKDHt/1vlOKBqwDc=,88dSb3YXvU+25aftw2bQV9BP5rE=
-16,-144,yXRp++S7a+1kKDHt/1vlOKBqwDc=,88dSb3YXvU+25aftw2bQV9BP5rE=
-16,-141,yXRp++S7a+1kKDHt/1vlOKBqwDc=,88dSb3YXvU+25aftw2bQV9BP5rE=
-14,-141,yXRp++S7a+1kKDHt/1vlOKBqwDc=,88dSb3YXvU+25aftw2bQV9BP5rE=
-1,-144,gnyKsuMQol7UyG+eBXZYbuONqLk=,v/x2qOJyOBRnY0nRPeuN3qS4duk=
-1,-143,gnyKsuMQol7UyG+eBXZYbuONqLk=,v/x2qOJyOBRnY0nRPeuN3qS4duk=
-3,-141,gnyKsuMQol7UyG+eBXZYbuONqLk=,v/x2qOJyOBRnY0nRPeuN3qS4duk=
-3,-142,gnyKsuMQol7UyG+eBXZYbuONqLk=,v/x2qOJyOBRnY0nRPeuN3qS4duk=
-1,-141,gnyKsuMQol7UyG+eBXZYbuONqLk=,v/x2qOJyOBRnY0nRPeuN3qS4duk=
-16,-129,yXRp++S7a+1kKDHt/1vlOKBqwDc=,88dSb3YXvU+25aftw2bQV9BP5rE=
-9,-136,yXRp++S7a+1kKDHt/1vlOKBqwDc=,88dSb3YXvU+25aftw2bQV9BP5rE=
-11,-130,yXRp++S7a+1kKDHt/1vlOKBqwDc=,88dSb3YXvU+25aftw2bQV9BP5rE=
-10,-136,yXRp++S7a+1kKDHt/1vlOKBqwDc=,88dSb3YXvU+25aftw2bQV9BP5rE=
-11,-136,yXRp++S7a+1kKDHt/1vlOKBqwDc=,88dSb3YXvU+25aftw2bQV9BP5rE=
-13,-136,yXRp++S7a+1kKDHt/1vlOKBqwDc=,88dSb3YXvU+25aftw2bQV9BP5rE=
-12,-136,yXRp++S7a+1kKDHt/1vlOKBqwDc=,88dSb3YXvU+25aftw2bQV9BP5rE=
-14,-136,yXRp++S7a+1kKDHt/1vlOKBqwDc=,88dSb3YXvU+25aftw2bQV9BP5rE=
-16,-136,yXRp++S7a+1kKDHt/1vlOKBqwDc=,88dSb3YXvU+25aftw2bQV9BP5rE=
-16,-130,yXRp++S7a+1kKDHt/1vlOKBqwDc=,88dSb3YXvU+25aftw2bQV9BP5rE=
-9,-137,yXRp++S7a+1kKDHt/1vlOKBqwDc=,88dSb3YXvU+25aftw2bQV9BP5rE=
-10,-131,yXRp++S7a+1kKDHt/1vlOKBqwDc=,88dSb3YXvU+25aftw2bQV9BP5rE=
-8,-130,gnyKsuMQol7UyG+eBXZYbuONqLk=,v/x2qOJyOBRnY0nRPeuN3qS4duk=
-10,-137,yXRp++S7a+1kKDHt/1vlOKBqwDc=,88dSb3YXvU+25aftw2bQV9BP5rE=
-11,-137,yXRp++S7a+1kKDHt/1vlOKBqwDc=,88dSb3YXvU+25aftw2bQV9BP5rE=
-12,-137,yXRp++S7a+1kKDHt/1vlOKBqwDc=,88dSb3YXvU+25aftw2bQV9BP5rE=
-13,-137,yXRp++S7a+1kKDHt/1vlOKBqwDc=,88dSb3YXvU+25aftw2bQV9BP5rE=
-14,-137,yXRp++S7a+1kKDHt/1vlOKBqwDc=,88dSb3YXvU+25aftw2bQV9BP5rE=
-16,-131,yXRp++S7a+1kKDHt/1vlOKBqwDc=,88dSb3YXvU+25aftw2bQV9BP5rE=
-8,-132,gnyKsuMQol7UyG+eBXZYbuONqLk=,v/x2qOJyOBRnY0nRPeuN3qS4duk=
-8,-136,gnyKsuMQol7UyG+eBXZYbuONqLk=,v/x2qOJyOBRnY0nRPeuN3qS4duk=
-9,-132,yXRp++S7a+1kKDHt/1vlOKBqwDc=,88dSb3YXvU+25aftw2bQV9BP5rE=
-11,-132,yXRp++S7a+1kKDHt/1vlOKBqwDc=,88dSb3YXvU+25aftw2bQV9BP5rE=
-12,-132,yXRp++S7a+1kKDHt/1vlOKBqwDc=,88dSb3YXvU+25aftw2bQV9BP5rE=
-8,-137,gnyKsuMQol7UyG+eBXZYbuONqLk=,v/x2qOJyOBRnY0nRPeuN3qS4duk=
-15,-132,yXRp++S7a+1kKDHt/1vlOKBqwDc=,88dSb3YXvU+25aftw2bQV9BP5rE=
-13,-132,yXRp++S7a+1kKDHt/1vlOKBqwDc=,88dSb3YXvU+25aftw2bQV9BP5rE=
-14,-132,yXRp++S7a+1kKDHt/1vlOKBqwDc=,88dSb3YXvU+25aftw2bQV9BP5rE=
-16,-132,yXRp++S7a+1kKDHt/1vlOKBqwDc=,88dSb3YXvU+25aftw2bQV9BP5rE=
-10,-133,yXRp++S7a+1kKDHt/1vlOKBqwDc=,88dSb3YXvU+25aftw2bQV9BP5rE=
-8,-133,gnyKsuMQol7UyG+eBXZYbuONqLk=,v/x2qOJyOBRnY0nRPeuN3qS4duk=
-8,-129,gnyKsuMQol7UyG+eBXZYbuONqLk=,v/x2qOJyOBRnY0nRPeuN3qS4duk=
-12,-133,yXRp++S7a+1kKDHt/1vlOKBqwDc=,88dSb3YXvU+25aftw2bQV9BP5rE=
-13,-133,yXRp++S7a+1kKDHt/1vlOKBqwDc=,88dSb3YXvU+25aftw2bQV9BP5rE=
-15,-133,yXRp++S7a+1kKDHt/1vlOKBqwDc=,88dSb3YXvU+25aftw2bQV9BP5rE=
-16,-133,yXRp++S7a+1kKDHt/1vlOKBqwDc=,88dSb3YXvU+25aftw2bQV9BP5rE=
-8,-131,gnyKsuMQol7UyG+eBXZYbuONqLk=,v/x2qOJyOBRnY0nRPeuN3qS4duk=
-8,-135,gnyKsuMQol7UyG+eBXZYbuONqLk=,v/x2qOJyOBRnY0nRPeuN3qS4duk=
-9,-134,yXRp++S7a+1kKDHt/1vlOKBqwDc=,88dSb3YXvU+25aftw2bQV9BP5rE=
-11,-134,yXRp++S7a+1kKDHt/1vlOKBqwDc=,88dSb3YXvU+25aftw2bQV9BP5rE=
-10,-134,yXRp++S7a+1kKDHt/1vlOKBqwDc=,88dSb3YXvU+25aftw2bQV9BP5rE=
-13,-134,yXRp++S7a+1kKDHt/1vlOKBqwDc=,88dSb3YXvU+25aftw2bQV9BP5rE=
-14,-134,yXRp++S7a+1kKDHt/1vlOKBqwDc=,88dSb3YXvU+25aftw2bQV9BP5rE=
-15,-134,yXRp++S7a+1kKDHt/1vlOKBqwDc=,88dSb3YXvU+25aftw2bQV9BP5rE=
-9,-135,yXRp++S7a+1kKDHt/1vlOKBqwDc=,88dSb3YXvU+25aftw2bQV9BP5rE=
-10,-135,yXRp++S7a+1kKDHt/1vlOKBqwDc=,88dSb3YXvU+25aftw2bQV9BP5rE=
-11,-135,yXRp++S7a+1kKDHt/1vlOKBqwDc=,88dSb3YXvU+25aftw2bQV9BP5rE=
-13,-135,yXRp++S7a+1kKDHt/1vlOKBqwDc=,88dSb3YXvU+25aftw2bQV9BP5rE=
-14,-135,yXRp++S7a+1kKDHt/1vlOKBqwDc=,88dSb3YXvU+25aftw2bQV9BP5rE=
-8,-134,gnyKsuMQol7UyG+eBXZYbuONqLk=,v/x2qOJyOBRnY0nRPeuN3qS4duk=
-9,-129,yXRp++S7a+1kKDHt/1vlOKBqwDc=,88dSb3YXvU+25aftw2bQV9BP5rE=
-4,-144,gnyKsuMQol7UyG+eBXZYbuONqLk=,v/x2qOJyOBRnY0nRPeuN3qS4duk=
-14,-140,yXRp++S7a+1kKDHt/1vlOKBqwDc=,88dSb3YXvU+25aftw2bQV9BP5rE=
-15,-135,yXRp++S7a+1kKDHt/1vlOKBqwDc=,88dSb3YXvU+25aftw2bQV9BP5rE=
-15,-129,yXRp++S7a+1kKDHt/1vlOKBqwDc=,88dSb3YXvU+25aftw2bQV9BP5rE=
-9,-130,yXRp++S7a+1kKDHt/1vlOKBqwDc=,88dSb3YXvU+25aftw2bQV9BP5rE=
-12,-135,yXRp++S7a+1kKDHt/1vlOKBqwDc=,88dSb3YXvU+25aftw2bQV9BP5rE=
-10,-129,yXRp++S7a+1kKDHt/1vlOKBqwDc=,88dSb3YXvU+25aftw2bQV9BP5rE=
-10,-130,yXRp++S7a+1kKDHt/1vlOKBqwDc=,88dSb3YXvU+25aftw2bQV9BP5rE=
-16,-134,yXRp++S7a+1kKDHt/1vlOKBqwDc=,88dSb3YXvU+25aftw2bQV9BP5rE=
-12,-134,yXRp++S7a+1kKDHt/1vlOKBqwDc=,88dSb3YXvU+25aftw2bQV9BP5rE=
-11,-129,yXRp++S7a+1kKDHt/1vlOKBqwDc=,88dSb3YXvU+25aftw2bQV9BP5rE=
-14,-133,yXRp++S7a+1kKDHt/1vlOKBqwDc=,88dSb3YXvU+25aftw2bQV9BP5rE=
-16,-135,yXRp++S7a+1kKDHt/1vlOKBqwDc=,88dSb3YXvU+25aftw2bQV9BP5rE=
-11,-133,yXRp++S7a+1kKDHt/1vlOKBqwDc=,88dSb3YXvU+25aftw2bQV9BP5rE=
-9,-133,yXRp++S7a+1kKDHt/1vlOKBqwDc=,88dSb3YXvU+25aftw2bQV9BP5rE=
-16,-139,yXRp++S7a+1kKDHt/1vlOKBqwDc=,88dSb3YXvU+25aftw2bQV9BP5rE=
-15,-139,yXRp++S7a+1kKDHt/1vlOKBqwDc=,88dSb3YXvU+25aftw2bQV9BP5rE=
-12,-129,yXRp++S7a+1kKDHt/1vlOKBqwDc=,88dSb3YXvU+25aftw2bQV9BP5rE=
-10,-132,yXRp++S7a+1kKDHt/1vlOKBqwDc=,88dSb3YXvU+25aftw2bQV9BP5rE=
-15,-131,yXRp++S7a+1kKDHt/1vlOKBqwDc=,88dSb3YXvU+25aftw2bQV9BP5rE=
-13,-129,yXRp++S7a+1kKDHt/1vlOKBqwDc=,88dSb3YXvU+25aftw2bQV9BP5rE=
-16,-138,yXRp++S7a+1kKDHt/1vlOKBqwDc=,88dSb3YXvU+25aftw2bQV9BP5rE=
-15,-136,yXRp++S7a+1kKDHt/1vlOKBqwDc=,88dSb3YXvU+25aftw2bQV9BP5rE=
-11,-131,yXRp++S7a+1kKDHt/1vlOKBqwDc=,88dSb3YXvU+25aftw2bQV9BP5rE=
-9,-131,yXRp++S7a+1kKDHt/1vlOKBqwDc=,88dSb3YXvU+25aftw2bQV9BP5rE=
-14,-129,yXRp++S7a+1kKDHt/1vlOKBqwDc=,88dSb3YXvU+25aftw2bQV9BP5rE=
-15,-130,yXRp++S7a+1kKDHt/1vlOKBqwDc=,88dSb3YXvU+25aftw2bQV9BP5rE=
-12,-130,yXRp++S7a+1kKDHt/1vlOKBqwDc=,88dSb3YXvU+25aftw2bQV9BP5rE=
-12,-131,yXRp++S7a+1kKDHt/1vlOKBqwDc=,88dSb3YXvU+25aftw2bQV9BP5rE=
-15,-137,yXRp++S7a+1kKDHt/1vlOKBqwDc=,88dSb3YXvU+25aftw2bQV9BP5rE=
-15,-138,yXRp++S7a+1kKDHt/1vlOKBqwDc=,88dSb3YXvU+25aftw2bQV9BP5rE=
-13,-130,yXRp++S7a+1kKDHt/1vlOKBqwDc=,88dSb3YXvU+25aftw2bQV9BP5rE=
-14,-130,yXRp++S7a+1kKDHt/1vlOKBqwDc=,88dSb3YXvU+25aftw2bQV9BP5rE=
-16,-137,yXRp++S7a+1kKDHt/1vlOKBqwDc=,88dSb3YXvU+25aftw2bQV9BP5rE=
-13,-131,yXRp++S7a+1kKDHt/1vlOKBqwDc=,88dSb3YXvU+25aftw2bQV9BP5rE=
-14,-131,yXRp++S7a+1kKDHt/1vlOKBqwDc=,88dSb3YXvU+25aftw2bQV9BP5rE=
-12,-150,gnyKsuMQol7UyG+eBXZYbuONqLk=,v/x2qOJyOBRnY0nRPeuN3qS4duk=
-11,-150,gnyKsuMQol7UyG+eBXZYbuONqLk=,v/x2qOJyOBRnY0nRPeuN3qS4duk=
-10,-150,gnyKsuMQol7UyG+eBXZYbuONqLk=,v/x2qOJyOBRnY0nRPeuN3qS4duk=
-15,-149,gnyKsuMQol7UyG+eBXZYbuONqLk=,v/x2qOJyOBRnY0nRPeuN3qS4duk=
-14,-149,gnyKsuMQol7UyG+eBXZYbuONqLk=,v/x2qOJyOBRnY0nRPeuN3qS4duk=
-13,-149,gnyKsuMQol7UyG+eBXZYbuONqLk=,v/x2qOJyOBRnY0nRPeuN3qS4duk=
-12,-149,gnyKsuMQol7UyG+eBXZYbuONqLk=,v/x2qOJyOBRnY0nRPeuN3qS4duk=
-13,-150,gnyKsuMQol7UyG+eBXZYbuONqLk=,v/x2qOJyOBRnY0nRPeuN3qS4duk=
-14,-150,gnyKsuMQol7UyG+eBXZYbuONqLk=,v/x2qOJyOBRnY0nRPeuN3qS4duk=
-15,-150,gnyKsuMQol7UyG+eBXZYbuONqLk=,v/x2qOJyOBRnY0nRPeuN3qS4duk=
-12,-151,gnyKsuMQol7UyG+eBXZYbuONqLk=,v/x2qOJyOBRnY0nRPeuN3qS4duk=
-11,-151,gnyKsuMQol7UyG+eBXZYbuONqLk=,v/x2qOJyOBRnY0nRPeuN3qS4duk=
-10,-151,gnyKsuMQol7UyG+eBXZYbuONqLk=,v/x2qOJyOBRnY0nRPeuN3qS4duk=
-13,-151,gnyKsuMQol7UyG+eBXZYbuONqLk=,v/x2qOJyOBRnY0nRPeuN3qS4duk=
-14,-151,gnyKsuMQol7UyG+eBXZYbuONqLk=,v/x2qOJyOBRnY0nRPeuN3qS4duk=
-10,-152,gnyKsuMQol7UyG+eBXZYbuONqLk=,v/x2qOJyOBRnY0nRPeuN3qS4duk=
-11,-152,gnyKsuMQol7UyG+eBXZYbuONqLk=,v/x2qOJyOBRnY0nRPeuN3qS4duk=
-12,-152,gnyKsuMQol7UyG+eBXZYbuONqLk=,v/x2qOJyOBRnY0nRPeuN3qS4duk=
-15,-151,gnyKsuMQol7UyG+eBXZYbuONqLk=,v/x2qOJyOBRnY0nRPeuN3qS4duk=
-13,-152,gnyKsuMQol7UyG+eBXZYbuONqLk=,v/x2qOJyOBRnY0nRPeuN3qS4duk=
-14,-152,gnyKsuMQol7UyG+eBXZYbuONqLk=,v/x2qOJyOBRnY0nRPeuN3qS4duk=
-10,-146,gnyKsuMQol7UyG+eBXZYbuONqLk=,v/x2qOJyOBRnY0nRPeuN3qS4duk=
-11,-146,gnyKsuMQol7UyG+eBXZYbuONqLk=,v/x2qOJyOBRnY0nRPeuN3qS4duk=
-12,-146,gnyKsuMQol7UyG+eBXZYbuONqLk=,v/x2qOJyOBRnY0nRPeuN3qS4duk=
-15,-152,gnyKsuMQol7UyG+eBXZYbuONqLk=,v/x2qOJyOBRnY0nRPeuN3qS4duk=
-13,-146,gnyKsuMQol7UyG+eBXZYbuONqLk=,v/x2qOJyOBRnY0nRPeuN3qS4duk=
-14,-146,gnyKsuMQol7UyG+eBXZYbuONqLk=,v/x2qOJyOBRnY0nRPeuN3qS4duk=
-10,-147,gnyKsuMQol7UyG+eBXZYbuONqLk=,v/x2qOJyOBRnY0nRPeuN3qS4duk=
-15,-146,gnyKsuMQol7UyG+eBXZYbuONqLk=,v/x2qOJyOBRnY0nRPeuN3qS4duk=
-11,-147,gnyKsuMQol7UyG+eBXZYbuONqLk=,v/x2qOJyOBRnY0nRPeuN3qS4duk=
-12,-147,gnyKsuMQol7UyG+eBXZYbuONqLk=,v/x2qOJyOBRnY0nRPeuN3qS4duk=
-14,-147,gnyKsuMQol7UyG+eBXZYbuONqLk=,v/x2qOJyOBRnY0nRPeuN3qS4duk=
-13,-147,gnyKsuMQol7UyG+eBXZYbuONqLk=,v/x2qOJyOBRnY0nRPeuN3qS4duk=
-15,-147,gnyKsuMQol7UyG+eBXZYbuONqLk=,v/x2qOJyOBRnY0nRPeuN3qS4duk=
-11,-148,gnyKsuMQol7UyG+eBXZYbuONqLk=,v/x2qOJyOBRnY0nRPeuN3qS4duk=
-12,-148,gnyKsuMQol7UyG+eBXZYbuONqLk=,v/x2qOJyOBRnY0nRPeuN3qS4duk=
-10,-148,gnyKsuMQol7UyG+eBXZYbuONqLk=,v/x2qOJyOBRnY0nRPeuN3qS4duk=
-13,-148,gnyKsuMQol7UyG+eBXZYbuONqLk=,v/x2qOJyOBRnY0nRPeuN3qS4duk=
-14,-148,gnyKsuMQol7UyG+eBXZYbuONqLk=,v/x2qOJyOBRnY0nRPeuN3qS4duk=
-10,-149,gnyKsuMQol7UyG+eBXZYbuONqLk=,v/x2qOJyOBRnY0nRPeuN3qS4duk=
-15,-148,gnyKsuMQol7UyG+eBXZYbuONqLk=,v/x2qOJyOBRnY0nRPeuN3qS4duk=
-11,-149,gnyKsuMQol7UyG+eBXZYbuONqLk=,v/x2qOJyOBRnY0nRPeuN3qS4duk=
-8,-158,gnyKsuMQol7UyG+eBXZYbuONqLk=,v/x2qOJyOBRnY0nRPeuN3qS4duk=
-7,-158,gnyKsuMQol7UyG+eBXZYbuONqLk=,v/x2qOJyOBRnY0nRPeuN3qS4duk=
-6,-158,gnyKsuMQol7UyG+eBXZYbuONqLk=,v/x2qOJyOBRnY0nRPeuN3qS4duk=
-5,-158,gnyKsuMQol7UyG+eBXZYbuONqLk=,v/x2qOJyOBRnY0nRPeuN3qS4duk=
-4,-158,gnyKsuMQol7UyG+eBXZYbuONqLk=,v/x2qOJyOBRnY0nRPeuN3qS4duk=
-3,-158,gnyKsuMQol7UyG+eBXZYbuONqLk=,v/x2qOJyOBRnY0nRPeuN3qS4duk=
-2,-158,gnyKsuMQol7UyG+eBXZYbuONqLk=,v/x2qOJyOBRnY0nRPeuN3qS4duk=
-8,-157,gnyKsuMQol7UyG+eBXZYbuONqLk=,v/x2qOJyOBRnY0nRPeuN3qS4duk=
-7,-157,gnyKsuMQol7UyG+eBXZYbuONqLk=,v/x2qOJyOBRnY0nRPeuN3qS4duk=
-6,-157,gnyKsuMQol7UyG+eBXZYbuONqLk=,v/x2qOJyOBRnY0nRPeuN3qS4duk=
-5,-157,gnyKsuMQol7UyG+eBXZYbuONqLk=,v/x2qOJyOBRnY0nRPeuN3qS4duk=
-8,-159,gnyKsuMQol7UyG+eBXZYbuONqLk=,v/x2qOJyOBRnY0nRPeuN3qS4duk=
-4,-157,gnyKsuMQol7UyG+eBXZYbuONqLk=,v/x2qOJyOBRnY0nRPeuN3qS4duk=
-3,-157,gnyKsuMQol7UyG+eBXZYbuONqLk=,v/x2qOJyOBRnY0nRPeuN3qS4duk=
-7,-159,gnyKsuMQol7UyG+eBXZYbuONqLk=,v/x2qOJyOBRnY0nRPeuN3qS4duk=
-2,-157,gnyKsuMQol7UyG+eBXZYbuONqLk=,v/x2qOJyOBRnY0nRPeuN3qS4duk=
-6,-159,gnyKsuMQol7UyG+eBXZYbuONqLk=,v/x2qOJyOBRnY0nRPeuN3qS4duk=
-8,-156,gnyKsuMQol7UyG+eBXZYbuONqLk=,v/x2qOJyOBRnY0nRPeuN3qS4duk=
-7,-156,gnyKsuMQol7UyG+eBXZYbuONqLk=,v/x2qOJyOBRnY0nRPeuN3qS4duk=
-6,-156,gnyKsuMQol7UyG+eBXZYbuONqLk=,v/x2qOJyOBRnY0nRPeuN3qS4duk=
-5,-156,gnyKsuMQol7UyG+eBXZYbuONqLk=,v/x2qOJyOBRnY0nRPeuN3qS4duk=
-5,-159,gnyKsuMQol7UyG+eBXZYbuONqLk=,v/x2qOJyOBRnY0nRPeuN3qS4duk=
-4,-156,gnyKsuMQol7UyG+eBXZYbuONqLk=,v/x2qOJyOBRnY0nRPeuN3qS4duk=
-3,-156,gnyKsuMQol7UyG+eBXZYbuONqLk=,v/x2qOJyOBRnY0nRPeuN3qS4duk=
-2,-156,gnyKsuMQol7UyG+eBXZYbuONqLk=,v/x2qOJyOBRnY0nRPeuN3qS4duk=
-4,-159,gnyKsuMQol7UyG+eBXZYbuONqLk=,v/x2qOJyOBRnY0nRPeuN3qS4duk=
-8,-155,gnyKsuMQol7UyG+eBXZYbuONqLk=,v/x2qOJyOBRnY0nRPeuN3qS4duk=
-7,-155,gnyKsuMQol7UyG+eBXZYbuONqLk=,v/x2qOJyOBRnY0nRPeuN3qS4duk=
-6,-155,gnyKsuMQol7UyG+eBXZYbuONqLk=,v/x2qOJyOBRnY0nRPeuN3qS4duk=
-3,-159,gnyKsuMQol7UyG+eBXZYbuONqLk=,v/x2qOJyOBRnY0nRPeuN3qS4duk=
-5,-155,gnyKsuMQol7UyG+eBXZYbuONqLk=,v/x2qOJyOBRnY0nRPeuN3qS4duk=
-4,-155,gnyKsuMQol7UyG+eBXZYbuONqLk=,v/x2qOJyOBRnY0nRPeuN3qS4duk=
-3,-155,gnyKsuMQol7UyG+eBXZYbuONqLk=,v/x2qOJyOBRnY0nRPeuN3qS4duk=
-2,-155,gnyKsuMQol7UyG+eBXZYbuONqLk=,v/x2qOJyOBRnY0nRPeuN3qS4duk=
-8,-154,gnyKsuMQol7UyG+eBXZYbuONqLk=,v/x2qOJyOBRnY0nRPeuN3qS4duk=
-7,-154,gnyKsuMQol7UyG+eBXZYbuONqLk=,v/x2qOJyOBRnY0nRPeuN3qS4duk=
-6,-154,gnyKsuMQol7UyG+eBXZYbuONqLk=,v/x2qOJyOBRnY0nRPeuN3qS4duk=
-5,-154,gnyKsuMQol7UyG+eBXZYbuONqLk=,v/x2qOJyOBRnY0nRPeuN3qS4duk=
-2,-159,gnyKsuMQol7UyG+eBXZYbuONqLk=,v/x2qOJyOBRnY0nRPeuN3qS4duk=
-4,-154,gnyKsuMQol7UyG+eBXZYbuONqLk=,v/x2qOJyOBRnY0nRPeuN3qS4duk=
-3,-154,gnyKsuMQol7UyG+eBXZYbuONqLk=,v/x2qOJyOBRnY0nRPeuN3qS4duk=
-2,-154,gnyKsuMQol7UyG+eBXZYbuONqLk=,v/x2qOJyOBRnY0nRPeuN3qS4duk=
-15,-145,gnyKsuMQol7UyG+eBXZYbuONqLk=,v/x2qOJyOBRnY0nRPeuN3qS4duk=
-14,-145,gnyKsuMQol7UyG+eBXZYbuONqLk=,v/x2qOJyOBRnY0nRPeuN3qS4duk=
-13,-145,gnyKsuMQol7UyG+eBXZYbuONqLk=,v/x2qOJyOBRnY0nRPeuN3qS4duk=
-12,-145,gnyKsuMQol7UyG+eBXZYbuONqLk=,v/x2qOJyOBRnY0nRPeuN3qS4duk=
-11,-145,gnyKsuMQol7UyG+eBXZYbuONqLk=,v/x2qOJyOBRnY0nRPeuN3qS4duk=
-10,-145,gnyKsuMQol7UyG+eBXZYbuONqLk=,v/x2qOJyOBRnY0nRPeuN3qS4duk=
-8,-145,gnyKsuMQol7UyG+eBXZYbuONqLk=,v/x2qOJyOBRnY0nRPeuN3qS4duk=
-6,-150,gnyKsuMQol7UyG+eBXZYbuONqLk=,v/x2qOJyOBRnY0nRPeuN3qS4duk=
-2,-152,gnyKsuMQol7UyG+eBXZYbuONqLk=,v/x2qOJyOBRnY0nRPeuN3qS4duk=
-9,-150,gnyKsuMQol7UyG+eBXZYbuONqLk=,v/x2qOJyOBRnY0nRPeuN3qS4duk=
-5,-150,gnyKsuMQol7UyG+eBXZYbuONqLk=,v/x2qOJyOBRnY0nRPeuN3qS4duk=
-2,-147,gnyKsuMQol7UyG+eBXZYbuONqLk=,v/x2qOJyOBRnY0nRPeuN3qS4duk=
-4,-152,gnyKsuMQol7UyG+eBXZYbuONqLk=,v/x2qOJyOBRnY0nRPeuN3qS4duk=
-7,-145,gnyKsuMQol7UyG+eBXZYbuONqLk=,v/x2qOJyOBRnY0nRPeuN3qS4duk=
-9,-149,gnyKsuMQol7UyG+eBXZYbuONqLk=,v/x2qOJyOBRnY0nRPeuN3qS4duk=
-4,-149,gnyKsuMQol7UyG+eBXZYbuONqLk=,v/x2qOJyOBRnY0nRPeuN3qS4duk=
-3,-149,gnyKsuMQol7UyG+eBXZYbuONqLk=,v/x2qOJyOBRnY0nRPeuN3qS4duk=
-8,-151,gnyKsuMQol7UyG+eBXZYbuONqLk=,v/x2qOJyOBRnY0nRPeuN3qS4duk=
-7,-151,gnyKsuMQol7UyG+eBXZYbuONqLk=,v/x2qOJyOBRnY0nRPeuN3qS4duk=
-1,-147,gnyKsuMQol7UyG+eBXZYbuONqLk=,v/x2qOJyOBRnY0nRPeuN3qS4duk=
-6,-151,gnyKsuMQol7UyG+eBXZYbuONqLk=,v/x2qOJyOBRnY0nRPeuN3qS4duk=
-4,-150,gnyKsuMQol7UyG+eBXZYbuONqLk=,v/x2qOJyOBRnY0nRPeuN3qS4duk=
-3,-150,gnyKsuMQol7UyG+eBXZYbuONqLk=,v/x2qOJyOBRnY0nRPeuN3qS4duk=
-5,-151,gnyKsuMQol7UyG+eBXZYbuONqLk=,v/x2qOJyOBRnY0nRPeuN3qS4duk=
-3,-152,gnyKsuMQol7UyG+eBXZYbuONqLk=,v/x2qOJyOBRnY0nRPeuN3qS4duk=
-2,-148,gnyKsuMQol7UyG+eBXZYbuONqLk=,v/x2qOJyOBRnY0nRPeuN3qS4duk=
-2,-149,gnyKsuMQol7UyG+eBXZYbuONqLk=,v/x2qOJyOBRnY0nRPeuN3qS4duk=
-6,-145,gnyKsuMQol7UyG+eBXZYbuONqLk=,v/x2qOJyOBRnY0nRPeuN3qS4duk=
-9,-148,gnyKsuMQol7UyG+eBXZYbuONqLk=,v/x2qOJyOBRnY0nRPeuN3qS4duk=
-1,-149,gnyKsuMQol7UyG+eBXZYbuONqLk=,v/x2qOJyOBRnY0nRPeuN3qS4duk=
-2,-150,gnyKsuMQol7UyG+eBXZYbuONqLk=,v/x2qOJyOBRnY0nRPeuN3qS4duk=
-6,-152,gnyKsuMQol7UyG+eBXZYbuONqLk=,v/x2qOJyOBRnY0nRPeuN3qS4duk=
-5,-145,gnyKsuMQol7UyG+eBXZYbuONqLk=,v/x2qOJyOBRnY0nRPeuN3qS4duk=
-8,-152,gnyKsuMQol7UyG+eBXZYbuONqLk=,v/x2qOJyOBRnY0nRPeuN3qS4duk=
-8,-146,gnyKsuMQol7UyG+eBXZYbuONqLk=,v/x2qOJyOBRnY0nRPeuN3qS4duk=
-9,-147,gnyKsuMQol7UyG+eBXZYbuONqLk=,v/x2qOJyOBRnY0nRPeuN3qS4duk=
-7,-146,gnyKsuMQol7UyG+eBXZYbuONqLk=,v/x2qOJyOBRnY0nRPeuN3qS4duk=
-1,-150,gnyKsuMQol7UyG+eBXZYbuONqLk=,v/x2qOJyOBRnY0nRPeuN3qS4duk=
-8,-149,gnyKsuMQol7UyG+eBXZYbuONqLk=,v/x2qOJyOBRnY0nRPeuN3qS4duk=
-6,-146,gnyKsuMQol7UyG+eBXZYbuONqLk=,v/x2qOJyOBRnY0nRPeuN3qS4duk=
-4,-151,gnyKsuMQol7UyG+eBXZYbuONqLk=,v/x2qOJyOBRnY0nRPeuN3qS4duk=
-3,-151,gnyKsuMQol7UyG+eBXZYbuONqLk=,v/x2qOJyOBRnY0nRPeuN3qS4duk=
-5,-146,gnyKsuMQol7UyG+eBXZYbuONqLk=,v/x2qOJyOBRnY0nRPeuN3qS4duk=
-7,-149,gnyKsuMQol7UyG+eBXZYbuONqLk=,v/x2qOJyOBRnY0nRPeuN3qS4duk=
-8,-148,gnyKsuMQol7UyG+eBXZYbuONqLk=,v/x2qOJyOBRnY0nRPeuN3qS4duk=
-3,-145,gnyKsuMQol7UyG+eBXZYbuONqLk=,v/x2qOJyOBRnY0nRPeuN3qS4duk=
-8,-150,gnyKsuMQol7UyG+eBXZYbuONqLk=,v/x2qOJyOBRnY0nRPeuN3qS4duk=
-8,-153,gnyKsuMQol7UyG+eBXZYbuONqLk=,v/x2qOJyOBRnY0nRPeuN3qS4duk=
-7,-148,gnyKsuMQol7UyG+eBXZYbuONqLk=,v/x2qOJyOBRnY0nRPeuN3qS4duk=
-9,-146,gnyKsuMQol7UyG+eBXZYbuONqLk=,v/x2qOJyOBRnY0nRPeuN3qS4duk=
-7,-153,gnyKsuMQol7UyG+eBXZYbuONqLk=,v/x2qOJyOBRnY0nRPeuN3qS4duk=
-6,-153,gnyKsuMQol7UyG+eBXZYbuONqLk=,v/x2qOJyOBRnY0nRPeuN3qS4duk=
-5,-153,gnyKsuMQol7UyG+eBXZYbuONqLk=,v/x2qOJyOBRnY0nRPeuN3qS4duk=
-4,-146,gnyKsuMQol7UyG+eBXZYbuONqLk=,v/x2qOJyOBRnY0nRPeuN3qS4duk=
-4,-153,gnyKsuMQol7UyG+eBXZYbuONqLk=,v/x2qOJyOBRnY0nRPeuN3qS4duk=
-3,-153,gnyKsuMQol7UyG+eBXZYbuONqLk=,v/x2qOJyOBRnY0nRPeuN3qS4duk=
-6,-148,gnyKsuMQol7UyG+eBXZYbuONqLk=,v/x2qOJyOBRnY0nRPeuN3qS4duk=
-2,-151,gnyKsuMQol7UyG+eBXZYbuONqLk=,v/x2qOJyOBRnY0nRPeuN3qS4duk=
-7,-152,gnyKsuMQol7UyG+eBXZYbuONqLk=,v/x2qOJyOBRnY0nRPeuN3qS4duk=
-8,-147,gnyKsuMQol7UyG+eBXZYbuONqLk=,v/x2qOJyOBRnY0nRPeuN3qS4duk=
-2,-153,gnyKsuMQol7UyG+eBXZYbuONqLk=,v/x2qOJyOBRnY0nRPeuN3qS4duk=
-7,-147,gnyKsuMQol7UyG+eBXZYbuONqLk=,v/x2qOJyOBRnY0nRPeuN3qS4duk=
-1,-151,gnyKsuMQol7UyG+eBXZYbuONqLk=,v/x2qOJyOBRnY0nRPeuN3qS4duk=
-5,-148,gnyKsuMQol7UyG+eBXZYbuONqLk=,v/x2qOJyOBRnY0nRPeuN3qS4duk=
-9,-145,gnyKsuMQol7UyG+eBXZYbuONqLk=,v/x2qOJyOBRnY0nRPeuN3qS4duk=
-4,-148,gnyKsuMQol7UyG+eBXZYbuONqLk=,v/x2qOJyOBRnY0nRPeuN3qS4duk=
-6,-147,gnyKsuMQol7UyG+eBXZYbuONqLk=,v/x2qOJyOBRnY0nRPeuN3qS4duk=
-3,-146,gnyKsuMQol7UyG+eBXZYbuONqLk=,v/x2qOJyOBRnY0nRPeuN3qS4duk=
-5,-147,gnyKsuMQol7UyG+eBXZYbuONqLk=,v/x2qOJyOBRnY0nRPeuN3qS4duk=
-4,-147,gnyKsuMQol7UyG+eBXZYbuONqLk=,v/x2qOJyOBRnY0nRPeuN3qS4duk=
-3,-147,gnyKsuMQol7UyG+eBXZYbuONqLk=,v/x2qOJyOBRnY0nRPeuN3qS4duk=
-3,-148,gnyKsuMQol7UyG+eBXZYbuONqLk=,v/x2qOJyOBRnY0nRPeuN3qS4duk=
-2,-146,gnyKsuMQol7UyG+eBXZYbuONqLk=,v/x2qOJyOBRnY0nRPeuN3qS4duk=
-9,-152,gnyKsuMQol7UyG+eBXZYbuONqLk=,v/x2qOJyOBRnY0nRPeuN3qS4duk=
-6,-149,gnyKsuMQol7UyG+eBXZYbuONqLk=,v/x2qOJyOBRnY0nRPeuN3qS4duk=
-9,-151,gnyKsuMQol7UyG+eBXZYbuONqLk=,v/x2qOJyOBRnY0nRPeuN3qS4duk=
-5,-149,gnyKsuMQol7UyG+eBXZYbuONqLk=,v/x2qOJyOBRnY0nRPeuN3qS4duk=
-5,-152,gnyKsuMQol7UyG+eBXZYbuONqLk=,v/x2qOJyOBRnY0nRPeuN3qS4duk=
-7,-150,gnyKsuMQol7UyG+eBXZYbuONqLk=,v/x2qOJyOBRnY0nRPeuN3qS4duk=
-1,-158,gnyKsuMQol7UyG+eBXZYbuONqLk=,v/x2qOJyOBRnY0nRPeuN3qS4duk=
-1,-152,gnyKsuMQol7UyG+eBXZYbuONqLk=,v/x2qOJyOBRnY0nRPeuN3qS4duk=
-1,-157,gnyKsuMQol7UyG+eBXZYbuONqLk=,v/x2qOJyOBRnY0nRPeuN3qS4duk=
-1,-156,gnyKsuMQol7UyG+eBXZYbuONqLk=,v/x2qOJyOBRnY0nRPeuN3qS4duk=
-1,-155,gnyKsuMQol7UyG+eBXZYbuONqLk=,v/x2qOJyOBRnY0nRPeuN3qS4duk=
-1,-154,gnyKsuMQol7UyG+eBXZYbuONqLk=,v/x2qOJyOBRnY0nRPeuN3qS4duk=
-1,-153,gnyKsuMQol7UyG+eBXZYbuONqLk=,v/x2qOJyOBRnY0nRPeuN3qS4duk=
-1,-159,gnyKsuMQol7UyG+eBXZYbuONqLk=,v/x2qOJyOBRnY0nRPeuN3qS4duk=
-16,-149,gnyKsuMQol7UyG+eBXZYbuONqLk=,v/x2qOJyOBRnY0nRPeuN3qS4duk=
-16,-148,gnyKsuMQol7UyG+eBXZYbuONqLk=,v/x2qOJyOBRnY0nRPeuN3qS4duk=
-16,-147,gnyKsuMQol7UyG+eBXZYbuONqLk=,v/x2qOJyOBRnY0nRPeuN3qS4duk=
-16,-151,gnyKsuMQol7UyG+eBXZYbuONqLk=,v/x2qOJyOBRnY0nRPeuN3qS4duk=
-16,-150,gnyKsuMQol7UyG+eBXZYbuONqLk=,v/x2qOJyOBRnY0nRPeuN3qS4duk=
-16,-146,gnyKsuMQol7UyG+eBXZYbuONqLk=,v/x2qOJyOBRnY0nRPeuN3qS4duk=
-16,-145,gnyKsuMQol7UyG+eBXZYbuONqLk=,v/x2qOJyOBRnY0nRPeuN3qS4duk=
-8,-160,gnyKsuMQol7UyG+eBXZYbuONqLk=,v/x2qOJyOBRnY0nRPeuN3qS4duk=
-7,-160,gnyKsuMQol7UyG+eBXZYbuONqLk=,v/x2qOJyOBRnY0nRPeuN3qS4duk=
-6,-160,gnyKsuMQol7UyG+eBXZYbuONqLk=,v/x2qOJyOBRnY0nRPeuN3qS4duk=
-5,-160,gnyKsuMQol7UyG+eBXZYbuONqLk=,v/x2qOJyOBRnY0nRPeuN3qS4duk=
-4,-160,gnyKsuMQol7UyG+eBXZYbuONqLk=,v/x2qOJyOBRnY0nRPeuN3qS4duk=
-3,-160,gnyKsuMQol7UyG+eBXZYbuONqLk=,v/x2qOJyOBRnY0nRPeuN3qS4duk=
-2,-160,gnyKsuMQol7UyG+eBXZYbuONqLk=,v/x2qOJyOBRnY0nRPeuN3qS4duk=
-1,-160,gnyKsuMQol7UyG+eBXZYbuONqLk=,v/x2qOJyOBRnY0nRPeuN3qS4duk=
-1,-148,gnyKsuMQol7UyG+eBXZYbuONqLk=,v/x2qOJyOBRnY0nRPeuN3qS4duk=
-1,-146,gnyKsuMQol7UyG+eBXZYbuONqLk=,v/x2qOJyOBRnY0nRPeuN3qS4duk=
-1,-145,gnyKsuMQol7UyG+eBXZYbuONqLk=,v/x2qOJyOBRnY0nRPeuN3qS4duk=
-4,-145,gnyKsuMQol7UyG+eBXZYbuONqLk=,v/x2qOJyOBRnY0nRPeuN3qS4duk=
-2,-145,gnyKsuMQol7UyG+eBXZYbuONqLk=,v/x2qOJyOBRnY0nRPeuN3qS4duk=
-16,-152,gnyKsuMQol7UyG+eBXZYbuONqLk=,v/x2qOJyOBRnY0nRPeuN3qS4duk=
-31,-157,kqaTDXJjeeev1/cmKbEW40gepDo=,88dSb3YXvU+25aftw2bQV9BP5rE=
-26,-158,kqaTDXJjeeev1/cmKbEW40gepDo=,88dSb3YXvU+25aftw2bQV9BP5rE=
-27,-158,kqaTDXJjeeev1/cmKbEW40gepDo=,88dSb3YXvU+25aftw2bQV9BP5rE=
-28,-158,kqaTDXJjeeev1/cmKbEW40gepDo=,88dSb3YXvU+25aftw2bQV9BP5rE=
-29,-158,kqaTDXJjeeev1/cmKbEW40gepDo=,88dSb3YXvU+25aftw2bQV9BP5rE=
-30,-158,kqaTDXJjeeev1/cmKbEW40gepDo=,88dSb3YXvU+25aftw2bQV9BP5rE=
-31,-158,kqaTDXJjeeev1/cmKbEW40gepDo=,88dSb3YXvU+25aftw2bQV9BP5rE=
-26,-159,kqaTDXJjeeev1/cmKbEW40gepDo=,88dSb3YXvU+25aftw2bQV9BP5rE=
-26,-153,kqaTDXJjeeev1/cmKbEW40gepDo=,88dSb3YXvU+25aftw2bQV9BP5rE=
-27,-153,kqaTDXJjeeev1/cmKbEW40gepDo=,88dSb3YXvU+25aftw2bQV9BP5rE=
-29,-153,kqaTDXJjeeev1/cmKbEW40gepDo=,88dSb3YXvU+25aftw2bQV9BP5rE=
-28,-153,kqaTDXJjeeev1/cmKbEW40gepDo=,88dSb3YXvU+25aftw2bQV9BP5rE=
-27,-159,kqaTDXJjeeev1/cmKbEW40gepDo=,88dSb3YXvU+25aftw2bQV9BP5rE=
-30,-153,kqaTDXJjeeev1/cmKbEW40gepDo=,88dSb3YXvU+25aftw2bQV9BP5rE=
-28,-159,kqaTDXJjeeev1/cmKbEW40gepDo=,88dSb3YXvU+25aftw2bQV9BP5rE=
-31,-153,kqaTDXJjeeev1/cmKbEW40gepDo=,88dSb3YXvU+25aftw2bQV9BP5rE=
-26,-154,kqaTDXJjeeev1/cmKbEW40gepDo=,88dSb3YXvU+25aftw2bQV9BP5rE=
-27,-154,kqaTDXJjeeev1/cmKbEW40gepDo=,88dSb3YXvU+25aftw2bQV9BP5rE=
-28,-154,kqaTDXJjeeev1/cmKbEW40gepDo=,88dSb3YXvU+25aftw2bQV9BP5rE=
-30,-157,kqaTDXJjeeev1/cmKbEW40gepDo=,88dSb3YXvU+25aftw2bQV9BP5rE=
-29,-157,kqaTDXJjeeev1/cmKbEW40gepDo=,88dSb3YXvU+25aftw2bQV9BP5rE=
-29,-159,kqaTDXJjeeev1/cmKbEW40gepDo=,88dSb3YXvU+25aftw2bQV9BP5rE=
-28,-157,kqaTDXJjeeev1/cmKbEW40gepDo=,88dSb3YXvU+25aftw2bQV9BP5rE=
-29,-154,kqaTDXJjeeev1/cmKbEW40gepDo=,88dSb3YXvU+25aftw2bQV9BP5rE=
-27,-157,kqaTDXJjeeev1/cmKbEW40gepDo=,88dSb3YXvU+25aftw2bQV9BP5rE=
-26,-157,kqaTDXJjeeev1/cmKbEW40gepDo=,88dSb3YXvU+25aftw2bQV9BP5rE=
-31,-156,kqaTDXJjeeev1/cmKbEW40gepDo=,88dSb3YXvU+25aftw2bQV9BP5rE=
-30,-154,kqaTDXJjeeev1/cmKbEW40gepDo=,88dSb3YXvU+25aftw2bQV9BP5rE=
-24,-151,uixZpqKeuVFel0otlwjRImyhjEA=,H6sT1fLV/hZPNg9VPQBveMbJTMg=
-23,-151,wJpLIxWguw+6VKQl6kRPawmfgXQ=,H6sT1fLV/hZPNg9VPQBveMbJTMg=
-24,-147,uixZpqKeuVFel0otlwjRImyhjEA=,H6sT1fLV/hZPNg9VPQBveMbJTMg=
-23,-147,wJpLIxWguw+6VKQl6kRPawmfgXQ=,H6sT1fLV/hZPNg9VPQBveMbJTMg=
-22,-147,wJpLIxWguw+6VKQl6kRPawmfgXQ=,H6sT1fLV/hZPNg9VPQBveMbJTMg=
-21,-147,wJpLIxWguw+6VKQl6kRPawmfgXQ=,H6sT1fLV/hZPNg9VPQBveMbJTMg=
-20,-147,wJpLIxWguw+6VKQl6kRPawmfgXQ=,H6sT1fLV/hZPNg9VPQBveMbJTMg=
-24,-148,uixZpqKeuVFel0otlwjRImyhjEA=,H6sT1fLV/hZPNg9VPQBveMbJTMg=
-24,-146,uixZpqKeuVFel0otlwjRImyhjEA=,H6sT1fLV/hZPNg9VPQBveMbJTMg=
-23,-146,wJpLIxWguw+6VKQl6kRPawmfgXQ=,H6sT1fLV/hZPNg9VPQBveMbJTMg=
-22,-146,wJpLIxWguw+6VKQl6kRPawmfgXQ=,H6sT1fLV/hZPNg9VPQBveMbJTMg=
-24,-150,6qiA6fCTesKQImcoQpsWByyltpU=,H6sT1fLV/hZPNg9VPQBveMbJTMg=
-23,-150,wJpLIxWguw+6VKQl6kRPawmfgXQ=,H6sT1fLV/hZPNg9VPQBveMbJTMg=
-21,-146,wJpLIxWguw+6VKQl6kRPawmfgXQ=,H6sT1fLV/hZPNg9VPQBveMbJTMg=
-20,-146,wJpLIxWguw+6VKQl6kRPawmfgXQ=,H6sT1fLV/hZPNg9VPQBveMbJTMg=
-19,-146,wJpLIxWguw+6VKQl6kRPawmfgXQ=,H6sT1fLV/hZPNg9VPQBveMbJTMg=
-23,-148,wJpLIxWguw+6VKQl6kRPawmfgXQ=,H6sT1fLV/hZPNg9VPQBveMbJTMg=
-24,-149,uixZpqKeuVFel0otlwjRImyhjEA=,H6sT1fLV/hZPNg9VPQBveMbJTMg=
-23,-149,wJpLIxWguw+6VKQl6kRPawmfgXQ=,H6sT1fLV/hZPNg9VPQBveMbJTMg=
-22,-149,wJpLIxWguw+6VKQl6kRPawmfgXQ=,H6sT1fLV/hZPNg9VPQBveMbJTMg=
-21,-149,wJpLIxWguw+6VKQl6kRPawmfgXQ=,H6sT1fLV/hZPNg9VPQBveMbJTMg=
-20,-149,wJpLIxWguw+6VKQl6kRPawmfgXQ=,H6sT1fLV/hZPNg9VPQBveMbJTMg=
-22,-150,wJpLIxWguw+6VKQl6kRPawmfgXQ=,H6sT1fLV/hZPNg9VPQBveMbJTMg=
-19,-151,wJpLIxWguw+6VKQl6kRPawmfgXQ=,H6sT1fLV/hZPNg9VPQBveMbJTMg=
-21,-150,wJpLIxWguw+6VKQl6kRPawmfgXQ=,H6sT1fLV/hZPNg9VPQBveMbJTMg=
-18,-151,wJpLIxWguw+6VKQl6kRPawmfgXQ=,H6sT1fLV/hZPNg9VPQBveMbJTMg=
-17,-151,6qiA6fCTesKQImcoQpsWByyltpU=,H6sT1fLV/hZPNg9VPQBveMbJTMg=
-20,-150,wJpLIxWguw+6VKQl6kRPawmfgXQ=,H6sT1fLV/hZPNg9VPQBveMbJTMg=
-19,-150,wJpLIxWguw+6VKQl6kRPawmfgXQ=,H6sT1fLV/hZPNg9VPQBveMbJTMg=
-18,-150,wJpLIxWguw+6VKQl6kRPawmfgXQ=,H6sT1fLV/hZPNg9VPQBveMbJTMg=
-17,-150,6qiA6fCTesKQImcoQpsWByyltpU=,H6sT1fLV/hZPNg9VPQBveMbJTMg=
-22,-148,wJpLIxWguw+6VKQl6kRPawmfgXQ=,H6sT1fLV/hZPNg9VPQBveMbJTMg=
-21,-148,wJpLIxWguw+6VKQl6kRPawmfgXQ=,H6sT1fLV/hZPNg9VPQBveMbJTMg=
-20,-148,wJpLIxWguw+6VKQl6kRPawmfgXQ=,H6sT1fLV/hZPNg9VPQBveMbJTMg=
-17,-149,6qiA6fCTesKQImcoQpsWByyltpU=,H6sT1fLV/hZPNg9VPQBveMbJTMg=
-18,-148,wJpLIxWguw+6VKQl6kRPawmfgXQ=,H6sT1fLV/hZPNg9VPQBveMbJTMg=
-17,-148,6qiA6fCTesKQImcoQpsWByyltpU=,H6sT1fLV/hZPNg9VPQBveMbJTMg=
-23,-145,6qiA6fCTesKQImcoQpsWByyltpU=,H6sT1fLV/hZPNg9VPQBveMbJTMg=
-22,-145,6qiA6fCTesKQImcoQpsWByyltpU=,H6sT1fLV/hZPNg9VPQBveMbJTMg=
-21,-145,6qiA6fCTesKQImcoQpsWByyltpU=,H6sT1fLV/hZPNg9VPQBveMbJTMg=
-20,-145,6qiA6fCTesKQImcoQpsWByyltpU=,H6sT1fLV/hZPNg9VPQBveMbJTMg=
-19,-145,6qiA6fCTesKQImcoQpsWByyltpU=,H6sT1fLV/hZPNg9VPQBveMbJTMg=
-18,-145,6qiA6fCTesKQImcoQpsWByyltpU=,H6sT1fLV/hZPNg9VPQBveMbJTMg=
-30,-159,kqaTDXJjeeev1/cmKbEW40gepDo=,88dSb3YXvU+25aftw2bQV9BP5rE=
-31,-154,kqaTDXJjeeev1/cmKbEW40gepDo=,88dSb3YXvU+25aftw2bQV9BP5rE=
-31,-159,kqaTDXJjeeev1/cmKbEW40gepDo=,88dSb3YXvU+25aftw2bQV9BP5rE=
-26,-155,kqaTDXJjeeev1/cmKbEW40gepDo=,88dSb3YXvU+25aftw2bQV9BP5rE=
-27,-155,kqaTDXJjeeev1/cmKbEW40gepDo=,88dSb3YXvU+25aftw2bQV9BP5rE=
-28,-155,kqaTDXJjeeev1/cmKbEW40gepDo=,88dSb3YXvU+25aftw2bQV9BP5rE=
-29,-155,kqaTDXJjeeev1/cmKbEW40gepDo=,88dSb3YXvU+25aftw2bQV9BP5rE=
-30,-155,kqaTDXJjeeev1/cmKbEW40gepDo=,88dSb3YXvU+25aftw2bQV9BP5rE=
-31,-155,kqaTDXJjeeev1/cmKbEW40gepDo=,88dSb3YXvU+25aftw2bQV9BP5rE=
-26,-156,kqaTDXJjeeev1/cmKbEW40gepDo=,88dSb3YXvU+25aftw2bQV9BP5rE=
-27,-156,kqaTDXJjeeev1/cmKbEW40gepDo=,88dSb3YXvU+25aftw2bQV9BP5rE=
-28,-156,kqaTDXJjeeev1/cmKbEW40gepDo=,88dSb3YXvU+25aftw2bQV9BP5rE=
-29,-156,kqaTDXJjeeev1/cmKbEW40gepDo=,88dSb3YXvU+25aftw2bQV9BP5rE=
-30,-156,kqaTDXJjeeev1/cmKbEW40gepDo=,88dSb3YXvU+25aftw2bQV9BP5rE=
-31,-160,kqaTDXJjeeev1/cmKbEW40gepDo=,88dSb3YXvU+25aftw2bQV9BP5rE=
-30,-160,kqaTDXJjeeev1/cmKbEW40gepDo=,88dSb3YXvU+25aftw2bQV9BP5rE=
-29,-160,kqaTDXJjeeev1/cmKbEW40gepDo=,88dSb3YXvU+25aftw2bQV9BP5rE=
-28,-160,kqaTDXJjeeev1/cmKbEW40gepDo=,88dSb3YXvU+25aftw2bQV9BP5rE=
-27,-160,kqaTDXJjeeev1/cmKbEW40gepDo=,88dSb3YXvU+25aftw2bQV9BP5rE=
-26,-160,kqaTDXJjeeev1/cmKbEW40gepDo=,88dSb3YXvU+25aftw2bQV9BP5rE=
-17,-145,6qiA6fCTesKQImcoQpsWByyltpU=,H6sT1fLV/hZPNg9VPQBveMbJTMg=
-19,-148,wJpLIxWguw+6VKQl6kRPawmfgXQ=,H6sT1fLV/hZPNg9VPQBveMbJTMg=
-17,-146,6qiA6fCTesKQImcoQpsWByyltpU=,H6sT1fLV/hZPNg9VPQBveMbJTMg=
-18,-146,wJpLIxWguw+6VKQl6kRPawmfgXQ=,H6sT1fLV/hZPNg9VPQBveMbJTMg=
-17,-147,6qiA6fCTesKQImcoQpsWByyltpU=,H6sT1fLV/hZPNg9VPQBveMbJTMg=
-18,-147,wJpLIxWguw+6VKQl6kRPawmfgXQ=,H6sT1fLV/hZPNg9VPQBveMbJTMg=
-19,-147,wJpLIxWguw+6VKQl6kRPawmfgXQ=,H6sT1fLV/hZPNg9VPQBveMbJTMg=
-24,-145,uixZpqKeuVFel0otlwjRImyhjEA=,H6sT1fLV/hZPNg9VPQBveMbJTMg=
-32,-156,kqaTDXJjeeev1/cmKbEW40gepDo=,88dSb3YXvU+25aftw2bQV9BP5rE=
-32,-155,kqaTDXJjeeev1/cmKbEW40gepDo=,88dSb3YXvU+25aftw2bQV9BP5rE=
-32,-153,kqaTDXJjeeev1/cmKbEW40gepDo=,88dSb3YXvU+25aftw2bQV9BP5rE=
-32,-154,kqaTDXJjeeev1/cmKbEW40gepDo=,88dSb3YXvU+25aftw2bQV9BP5rE=
-32,-158,kqaTDXJjeeev1/cmKbEW40gepDo=,88dSb3YXvU+25aftw2bQV9BP5rE=
-32,-157,kqaTDXJjeeev1/cmKbEW40gepDo=,88dSb3YXvU+25aftw2bQV9BP5rE=
-32,-160,kqaTDXJjeeev1/cmKbEW40gepDo=,88dSb3YXvU+25aftw2bQV9BP5rE=
-32,-159,kqaTDXJjeeev1/cmKbEW40gepDo=,88dSb3YXvU+25aftw2bQV9BP5rE=
-17,-155,kqaTDXJjeeev1/cmKbEW40gepDo=,88dSb3YXvU+25aftw2bQV9BP5rE=
-18,-155,0jiaUCeic4EpWt813W6Zg/By76c=,88dSb3YXvU+25aftw2bQV9BP5rE=
-25,-158,kqaTDXJjeeev1/cmKbEW40gepDo=,88dSb3YXvU+25aftw2bQV9BP5rE=
-17,-152,6qiA6fCTesKQImcoQpsWByyltpU=,H6sT1fLV/hZPNg9VPQBveMbJTMg=
-17,-159,kqaTDXJjeeev1/cmKbEW40gepDo=,88dSb3YXvU+25aftw2bQV9BP5rE=
-19,-152,6qiA6fCTesKQImcoQpsWByyltpU=,H6sT1fLV/hZPNg9VPQBveMbJTMg=
-23,-155,0jiaUCeic4EpWt813W6Zg/By76c=,88dSb3YXvU+25aftw2bQV9BP5rE=
-24,-154,kqaTDXJjeeev1/cmKbEW40gepDo=,88dSb3YXvU+25aftw2bQV9BP5rE=
-23,-154,0jiaUCeic4EpWt813W6Zg/By76c=,88dSb3YXvU+25aftw2bQV9BP5rE=
-24,-152,uixZpqKeuVFel0otlwjRImyhjEA=,H6sT1fLV/hZPNg9VPQBveMbJTMg=
-18,-154,kqaTDXJjeeev1/cmKbEW40gepDo=,88dSb3YXvU+25aftw2bQV9BP5rE=
-18,-149,wJpLIxWguw+6VKQl6kRPawmfgXQ=,H6sT1fLV/hZPNg9VPQBveMbJTMg=
-19,-149,wJpLIxWguw+6VKQl6kRPawmfgXQ=,H6sT1fLV/hZPNg9VPQBveMbJTMg=
-20,-151,wJpLIxWguw+6VKQl6kRPawmfgXQ=,H6sT1fLV/hZPNg9VPQBveMbJTMg=
-21,-151,wJpLIxWguw+6VKQl6kRPawmfgXQ=,H6sT1fLV/hZPNg9VPQBveMbJTMg=
-18,-159,0jiaUCeic4EpWt813W6Zg/By76c=,88dSb3YXvU+25aftw2bQV9BP5rE=
-24,-155,kqaTDXJjeeev1/cmKbEW40gepDo=,88dSb3YXvU+25aftw2bQV9BP5rE=
-17,-156,kqaTDXJjeeev1/cmKbEW40gepDo=,88dSb3YXvU+25aftw2bQV9BP5rE=
-25,-159,kqaTDXJjeeev1/cmKbEW40gepDo=,88dSb3YXvU+25aftw2bQV9BP5rE=
-18,-156,0jiaUCeic4EpWt813W6Zg/By76c=,88dSb3YXvU+25aftw2bQV9BP5rE=
-25,-153,kqaTDXJjeeev1/cmKbEW40gepDo=,88dSb3YXvU+25aftw2bQV9BP5rE=
-23,-156,0jiaUCeic4EpWt813W6Zg/By76c=,88dSb3YXvU+25aftw2bQV9BP5rE=
-25,-154,kqaTDXJjeeev1/cmKbEW40gepDo=,88dSb3YXvU+25aftw2bQV9BP5rE=
-24,-156,kqaTDXJjeeev1/cmKbEW40gepDo=,88dSb3YXvU+25aftw2bQV9BP5rE=
-17,-157,kqaTDXJjeeev1/cmKbEW40gepDo=,88dSb3YXvU+25aftw2bQV9BP5rE=
-18,-157,0jiaUCeic4EpWt813W6Zg/By76c=,88dSb3YXvU+25aftw2bQV9BP5rE=
-25,-155,kqaTDXJjeeev1/cmKbEW40gepDo=,88dSb3YXvU+25aftw2bQV9BP5rE=
-25,-160,kqaTDXJjeeev1/cmKbEW40gepDo=,88dSb3YXvU+25aftw2bQV9BP5rE=
-17,-160,kqaTDXJjeeev1/cmKbEW40gepDo=,88dSb3YXvU+25aftw2bQV9BP5rE=
-18,-160,kqaTDXJjeeev1/cmKbEW40gepDo=,88dSb3YXvU+25aftw2bQV9BP5rE=
-19,-160,0jiaUCeic4EpWt813W6Zg/By76c=,88dSb3YXvU+25aftw2bQV9BP5rE=
-24,-157,kqaTDXJjeeev1/cmKbEW40gepDo=,88dSb3YXvU+25aftw2bQV9BP5rE=
-25,-156,kqaTDXJjeeev1/cmKbEW40gepDo=,88dSb3YXvU+25aftw2bQV9BP5rE=
-17,-158,kqaTDXJjeeev1/cmKbEW40gepDo=,88dSb3YXvU+25aftw2bQV9BP5rE=
-18,-158,kqaTDXJjeeev1/cmKbEW40gepDo=,88dSb3YXvU+25aftw2bQV9BP5rE=
-20,-152,6qiA6fCTesKQImcoQpsWByyltpU=,H6sT1fLV/hZPNg9VPQBveMbJTMg=
-17,-154,kqaTDXJjeeev1/cmKbEW40gepDo=,88dSb3YXvU+25aftw2bQV9BP5rE=
-24,-153,kqaTDXJjeeev1/cmKbEW40gepDo=,88dSb3YXvU+25aftw2bQV9BP5rE=
-23,-153,kqaTDXJjeeev1/cmKbEW40gepDo=,88dSb3YXvU+25aftw2bQV9BP5rE=
-22,-151,wJpLIxWguw+6VKQl6kRPawmfgXQ=,H6sT1fLV/hZPNg9VPQBveMbJTMg=
-23,-158,kqaTDXJjeeev1/cmKbEW40gepDo=,88dSb3YXvU+25aftw2bQV9BP5rE=
-21,-152,uixZpqKeuVFel0otlwjRImyhjEA=,H6sT1fLV/hZPNg9VPQBveMbJTMg=
-22,-155,0jiaUCeic4EpWt813W6Zg/By76c=,88dSb3YXvU+25aftw2bQV9BP5rE=
-22,-153,kqaTDXJjeeev1/cmKbEW40gepDo=,88dSb3YXvU+25aftw2bQV9BP5rE=
-22,-154,0jiaUCeic4EpWt813W6Zg/By76c=,88dSb3YXvU+25aftw2bQV9BP5rE=
-17,-153,kqaTDXJjeeev1/cmKbEW40gepDo=,88dSb3YXvU+25aftw2bQV9BP5rE=
-20,-155,kqaTDXJjeeev1/cmKbEW40gepDo=,88dSb3YXvU+25aftw2bQV9BP5rE=
-19,-155,kqaTDXJjeeev1/cmKbEW40gepDo=,88dSb3YXvU+25aftw2bQV9BP5rE=
-20,-160,kqaTDXJjeeev1/cmKbEW40gepDo=,88dSb3YXvU+25aftw2bQV9BP5rE=
-21,-153,kqaTDXJjeeev1/cmKbEW40gepDo=,88dSb3YXvU+25aftw2bQV9BP5rE=
-22,-158,kqaTDXJjeeev1/cmKbEW40gepDo=,88dSb3YXvU+25aftw2bQV9BP5rE=
-25,-157,kqaTDXJjeeev1/cmKbEW40gepDo=,88dSb3YXvU+25aftw2bQV9BP5rE=
-19,-159,0jiaUCeic4EpWt813W6Zg/By76c=,88dSb3YXvU+25aftw2bQV9BP5rE=
-21,-155,0jiaUCeic4EpWt813W6Zg/By76c=,88dSb3YXvU+25aftw2bQV9BP5rE=
-21,-160,0jiaUCeic4EpWt813W6Zg/By76c=,88dSb3YXvU+25aftw2bQV9BP5rE=
-20,-154,kqaTDXJjeeev1/cmKbEW40gepDo=,88dSb3YXvU+25aftw2bQV9BP5rE=
-24,-158,kqaTDXJjeeev1/cmKbEW40gepDo=,88dSb3YXvU+25aftw2bQV9BP5rE=
-22,-160,0jiaUCeic4EpWt813W6Zg/By76c=,88dSb3YXvU+25aftw2bQV9BP5rE=
-20,-159,0jiaUCeic4EpWt813W6Zg/By76c=,88dSb3YXvU+25aftw2bQV9BP5rE=
-18,-153,kqaTDXJjeeev1/cmKbEW40gepDo=,88dSb3YXvU+25aftw2bQV9BP5rE=
-22,-152,uixZpqKeuVFel0otlwjRImyhjEA=,H6sT1fLV/hZPNg9VPQBveMbJTMg=
-19,-154,kqaTDXJjeeev1/cmKbEW40gepDo=,88dSb3YXvU+25aftw2bQV9BP5rE=
-21,-154,0jiaUCeic4EpWt813W6Zg/By76c=,88dSb3YXvU+25aftw2bQV9BP5rE=
-23,-160,kqaTDXJjeeev1/cmKbEW40gepDo=,88dSb3YXvU+25aftw2bQV9BP5rE=
-23,-152,6qiA6fCTesKQImcoQpsWByyltpU=,H6sT1fLV/hZPNg9VPQBveMbJTMg=
-21,-158,kqaTDXJjeeev1/cmKbEW40gepDo=,88dSb3YXvU+25aftw2bQV9BP5rE=
-22,-156,kqaTDXJjeeev1/cmKbEW40gepDo=,88dSb3YXvU+25aftw2bQV9BP5rE=
-22,-159,0jiaUCeic4EpWt813W6Zg/By76c=,88dSb3YXvU+25aftw2bQV9BP5rE=
-20,-156,0jiaUCeic4EpWt813W6Zg/By76c=,88dSb3YXvU+25aftw2bQV9BP5rE=
-24,-160,kqaTDXJjeeev1/cmKbEW40gepDo=,88dSb3YXvU+25aftw2bQV9BP5rE=
-21,-156,kqaTDXJjeeev1/cmKbEW40gepDo=,88dSb3YXvU+25aftw2bQV9BP5rE=
-23,-159,kqaTDXJjeeev1/cmKbEW40gepDo=,88dSb3YXvU+25aftw2bQV9BP5rE=
-20,-153,kqaTDXJjeeev1/cmKbEW40gepDo=,88dSb3YXvU+25aftw2bQV9BP5rE=
-18,-152,6qiA6fCTesKQImcoQpsWByyltpU=,H6sT1fLV/hZPNg9VPQBveMbJTMg=
-19,-153,kqaTDXJjeeev1/cmKbEW40gepDo=,88dSb3YXvU+25aftw2bQV9BP5rE=
-19,-157,0jiaUCeic4EpWt813W6Zg/By76c=,88dSb3YXvU+25aftw2bQV9BP5rE=
-21,-159,0jiaUCeic4EpWt813W6Zg/By76c=,88dSb3YXvU+25aftw2bQV9BP5rE=
-20,-158,kqaTDXJjeeev1/cmKbEW40gepDo=,88dSb3YXvU+25aftw2bQV9BP5rE=
-23,-157,0jiaUCeic4EpWt813W6Zg/By76c=,88dSb3YXvU+25aftw2bQV9BP5rE=
-22,-157,kqaTDXJjeeev1/cmKbEW40gepDo=,88dSb3YXvU+25aftw2bQV9BP5rE=
-19,-156,0jiaUCeic4EpWt813W6Zg/By76c=,88dSb3YXvU+25aftw2bQV9BP5rE=
-24,-159,kqaTDXJjeeev1/cmKbEW40gepDo=,88dSb3YXvU+25aftw2bQV9BP5rE=
-20,-157,kqaTDXJjeeev1/cmKbEW40gepDo=,88dSb3YXvU+25aftw2bQV9BP5rE=
-21,-157,kqaTDXJjeeev1/cmKbEW40gepDo=,88dSb3YXvU+25aftw2bQV9BP5rE=
-19,-158,kqaTDXJjeeev1/cmKbEW40gepDo=,88dSb3YXvU+25aftw2bQV9BP5rE=
-20,-131,P+qU9R0u5U57/2c2RIiXW8ECpLM=,88dSb3YXvU+25aftw2bQV9BP5rE=
-18,-130,JSB9tYmUBBFpzIDMYg1a36zUVsg=,88dSb3YXvU+25aftw2bQV9BP5rE=
-19,-130,P+qU9R0u5U57/2c2RIiXW8ECpLM=,88dSb3YXvU+25aftw2bQV9BP5rE=
-20,-130,P+qU9R0u5U57/2c2RIiXW8ECpLM=,88dSb3YXvU+25aftw2bQV9BP5rE=
-21,-130,P+qU9R0u5U57/2c2RIiXW8ECpLM=,88dSb3YXvU+25aftw2bQV9BP5rE=
-22,-130,P+qU9R0u5U57/2c2RIiXW8ECpLM=,88dSb3YXvU+25aftw2bQV9BP5rE=
-23,-134,JSB9tYmUBBFpzIDMYg1a36zUVsg=,88dSb3YXvU+25aftw2bQV9BP5rE=
-23,-135,P+qU9R0u5U57/2c2RIiXW8ECpLM=,88dSb3YXvU+25aftw2bQV9BP5rE=
-23,-130,P+qU9R0u5U57/2c2RIiXW8ECpLM=,88dSb3YXvU+25aftw2bQV9BP5rE=
-24,-135,83y28rV0jUntYxpJciAjXU5gelo=,88dSb3YXvU+25aftw2bQV9BP5rE=
-24,-134,q7pM0uT1mt9EBsR3XuUfhv6H7sU=,88dSb3YXvU+25aftw2bQV9BP5rE=
-21,-133,P+qU9R0u5U57/2c2RIiXW8ECpLM=,88dSb3YXvU+25aftw2bQV9BP5rE=
-22,-133,P+qU9R0u5U57/2c2RIiXW8ECpLM=,88dSb3YXvU+25aftw2bQV9BP5rE=
-18,-135,P+qU9R0u5U57/2c2RIiXW8ECpLM=,88dSb3YXvU+25aftw2bQV9BP5rE=
-19,-135,P+qU9R0u5U57/2c2RIiXW8ECpLM=,88dSb3YXvU+25aftw2bQV9BP5rE=
-24,-130,q7pM0uT1mt9EBsR3XuUfhv6H7sU=,88dSb3YXvU+25aftw2bQV9BP5rE=
-23,-133,P+qU9R0u5U57/2c2RIiXW8ECpLM=,88dSb3YXvU+25aftw2bQV9BP5rE=
-24,-133,q7pM0uT1mt9EBsR3XuUfhv6H7sU=,88dSb3YXvU+25aftw2bQV9BP5rE=
-20,-135,P+qU9R0u5U57/2c2RIiXW8ECpLM=,88dSb3YXvU+25aftw2bQV9BP5rE=
-21,-131,P+qU9R0u5U57/2c2RIiXW8ECpLM=,88dSb3YXvU+25aftw2bQV9BP5rE=
-22,-131,P+qU9R0u5U57/2c2RIiXW8ECpLM=,88dSb3YXvU+25aftw2bQV9BP5rE=
-18,-134,P+qU9R0u5U57/2c2RIiXW8ECpLM=,88dSb3YXvU+25aftw2bQV9BP5rE=
-19,-134,P+qU9R0u5U57/2c2RIiXW8ECpLM=,88dSb3YXvU+25aftw2bQV9BP5rE=
-23,-131,P+qU9R0u5U57/2c2RIiXW8ECpLM=,88dSb3YXvU+25aftw2bQV9BP5rE=
-20,-134,P+qU9R0u5U57/2c2RIiXW8ECpLM=,88dSb3YXvU+25aftw2bQV9BP5rE=
-24,-142,uixZpqKeuVFel0otlwjRImyhjEA=,ylkwNLwk2jGqpxTVhO4HWr9kz4Y=
-24,-131,q7pM0uT1mt9EBsR3XuUfhv6H7sU=,88dSb3YXvU+25aftw2bQV9BP5rE=
-18,-131,P+qU9R0u5U57/2c2RIiXW8ECpLM=,88dSb3YXvU+25aftw2bQV9BP5rE=
-21,-134,P+qU9R0u5U57/2c2RIiXW8ECpLM=,88dSb3YXvU+25aftw2bQV9BP5rE=
-24,-136,q7pM0uT1mt9EBsR3XuUfhv6H7sU=,88dSb3YXvU+25aftw2bQV9BP5rE=
-23,-142,uixZpqKeuVFel0otlwjRImyhjEA=,ylkwNLwk2jGqpxTVhO4HWr9kz4Y=
-22,-136,P+qU9R0u5U57/2c2RIiXW8ECpLM=,88dSb3YXvU+25aftw2bQV9BP5rE=
-22,-142,uixZpqKeuVFel0otlwjRImyhjEA=,ylkwNLwk2jGqpxTVhO4HWr9kz4Y=
-23,-136,P+qU9R0u5U57/2c2RIiXW8ECpLM=,88dSb3YXvU+25aftw2bQV9BP5rE=
-21,-142,uixZpqKeuVFel0otlwjRImyhjEA=,ylkwNLwk2jGqpxTVhO4HWr9kz4Y=
-20,-142,uixZpqKeuVFel0otlwjRImyhjEA=,ylkwNLwk2jGqpxTVhO4HWr9kz4Y=
-19,-142,uixZpqKeuVFel0otlwjRImyhjEA=,ylkwNLwk2jGqpxTVhO4HWr9kz4Y=
-18,-142,uixZpqKeuVFel0otlwjRImyhjEA=,ylkwNLwk2jGqpxTVhO4HWr9kz4Y=
-24,-141,uixZpqKeuVFel0otlwjRImyhjEA=,ylkwNLwk2jGqpxTVhO4HWr9kz4Y=
-21,-136,P+qU9R0u5U57/2c2RIiXW8ECpLM=,88dSb3YXvU+25aftw2bQV9BP5rE=
-23,-141,uixZpqKeuVFel0otlwjRImyhjEA=,ylkwNLwk2jGqpxTVhO4HWr9kz4Y=
-22,-141,uixZpqKeuVFel0otlwjRImyhjEA=,ylkwNLwk2jGqpxTVhO4HWr9kz4Y=
-18,-136,P+qU9R0u5U57/2c2RIiXW8ECpLM=,88dSb3YXvU+25aftw2bQV9BP5rE=
-20,-141,uixZpqKeuVFel0otlwjRImyhjEA=,ylkwNLwk2jGqpxTVhO4HWr9kz4Y=
-21,-141,uixZpqKeuVFel0otlwjRImyhjEA=,ylkwNLwk2jGqpxTVhO4HWr9kz4Y=
-18,-141,uixZpqKeuVFel0otlwjRImyhjEA=,ylkwNLwk2jGqpxTVhO4HWr9kz4Y=
-19,-141,uixZpqKeuVFel0otlwjRImyhjEA=,ylkwNLwk2jGqpxTVhO4HWr9kz4Y=
-24,-140,uixZpqKeuVFel0otlwjRImyhjEA=,ylkwNLwk2jGqpxTVhO4HWr9kz4Y=
-23,-140,uixZpqKeuVFel0otlwjRImyhjEA=,ylkwNLwk2jGqpxTVhO4HWr9kz4Y=
-22,-140,uixZpqKeuVFel0otlwjRImyhjEA=,ylkwNLwk2jGqpxTVhO4HWr9kz4Y=
-20,-136,P+qU9R0u5U57/2c2RIiXW8ECpLM=,88dSb3YXvU+25aftw2bQV9BP5rE=
-21,-140,uixZpqKeuVFel0otlwjRImyhjEA=,ylkwNLwk2jGqpxTVhO4HWr9kz4Y=
-20,-140,uixZpqKeuVFel0otlwjRImyhjEA=,ylkwNLwk2jGqpxTVhO4HWr9kz4Y=
-19,-136,P+qU9R0u5U57/2c2RIiXW8ECpLM=,88dSb3YXvU+25aftw2bQV9BP5rE=
-19,-140,uixZpqKeuVFel0otlwjRImyhjEA=,ylkwNLwk2jGqpxTVhO4HWr9kz4Y=
-18,-140,uixZpqKeuVFel0otlwjRImyhjEA=,ylkwNLwk2jGqpxTVhO4HWr9kz4Y=
-24,-139,uixZpqKeuVFel0otlwjRImyhjEA=,ylkwNLwk2jGqpxTVhO4HWr9kz4Y=
-23,-139,uixZpqKeuVFel0otlwjRImyhjEA=,ylkwNLwk2jGqpxTVhO4HWr9kz4Y=
-22,-139,uixZpqKeuVFel0otlwjRImyhjEA=,ylkwNLwk2jGqpxTVhO4HWr9kz4Y=
-20,-139,uixZpqKeuVFel0otlwjRImyhjEA=,ylkwNLwk2jGqpxTVhO4HWr9kz4Y=
-21,-139,uixZpqKeuVFel0otlwjRImyhjEA=,ylkwNLwk2jGqpxTVhO4HWr9kz4Y=
-18,-139,uixZpqKeuVFel0otlwjRImyhjEA=,ylkwNLwk2jGqpxTVhO4HWr9kz4Y=
-19,-139,uixZpqKeuVFel0otlwjRImyhjEA=,ylkwNLwk2jGqpxTVhO4HWr9kz4Y=
-24,-138,uixZpqKeuVFel0otlwjRImyhjEA=,ylkwNLwk2jGqpxTVhO4HWr9kz4Y=
-23,-138,uixZpqKeuVFel0otlwjRImyhjEA=,ylkwNLwk2jGqpxTVhO4HWr9kz4Y=
-22,-138,uixZpqKeuVFel0otlwjRImyhjEA=,ylkwNLwk2jGqpxTVhO4HWr9kz4Y=
-21,-138,uixZpqKeuVFel0otlwjRImyhjEA=,ylkwNLwk2jGqpxTVhO4HWr9kz4Y=
-20,-138,uixZpqKeuVFel0otlwjRImyhjEA=,ylkwNLwk2jGqpxTVhO4HWr9kz4Y=
-19,-138,uixZpqKeuVFel0otlwjRImyhjEA=,ylkwNLwk2jGqpxTVhO4HWr9kz4Y=
-18,-138,uixZpqKeuVFel0otlwjRImyhjEA=,ylkwNLwk2jGqpxTVhO4HWr9kz4Y=
-24,-143,uixZpqKeuVFel0otlwjRImyhjEA=,ylkwNLwk2jGqpxTVhO4HWr9kz4Y=
-24,-137,uixZpqKeuVFel0otlwjRImyhjEA=,ylkwNLwk2jGqpxTVhO4HWr9kz4Y=
-23,-143,uixZpqKeuVFel0otlwjRImyhjEA=,ylkwNLwk2jGqpxTVhO4HWr9kz4Y=
-22,-143,uixZpqKeuVFel0otlwjRImyhjEA=,ylkwNLwk2jGqpxTVhO4HWr9kz4Y=
-21,-143,uixZpqKeuVFel0otlwjRImyhjEA=,ylkwNLwk2jGqpxTVhO4HWr9kz4Y=
-20,-143,uixZpqKeuVFel0otlwjRImyhjEA=,ylkwNLwk2jGqpxTVhO4HWr9kz4Y=
-19,-143,uixZpqKeuVFel0otlwjRImyhjEA=,ylkwNLwk2jGqpxTVhO4HWr9kz4Y=
-23,-137,uixZpqKeuVFel0otlwjRImyhjEA=,ylkwNLwk2jGqpxTVhO4HWr9kz4Y=
-18,-143,uixZpqKeuVFel0otlwjRImyhjEA=,ylkwNLwk2jGqpxTVhO4HWr9kz4Y=
-22,-137,uixZpqKeuVFel0otlwjRImyhjEA=,ylkwNLwk2jGqpxTVhO4HWr9kz4Y=
-21,-137,uixZpqKeuVFel0otlwjRImyhjEA=,ylkwNLwk2jGqpxTVhO4HWr9kz4Y=
-20,-137,uixZpqKeuVFel0otlwjRImyhjEA=,ylkwNLwk2jGqpxTVhO4HWr9kz4Y=
-19,-137,uixZpqKeuVFel0otlwjRImyhjEA=,ylkwNLwk2jGqpxTVhO4HWr9kz4Y=
-18,-137,uixZpqKeuVFel0otlwjRImyhjEA=,ylkwNLwk2jGqpxTVhO4HWr9kz4Y=
-21,-135,P+qU9R0u5U57/2c2RIiXW8ECpLM=,88dSb3YXvU+25aftw2bQV9BP5rE=
-18,-132,P+qU9R0u5U57/2c2RIiXW8ECpLM=,88dSb3YXvU+25aftw2bQV9BP5rE=
-21,-132,P+qU9R0u5U57/2c2RIiXW8ECpLM=,88dSb3YXvU+25aftw2bQV9BP5rE=
-22,-132,P+qU9R0u5U57/2c2RIiXW8ECpLM=,88dSb3YXvU+25aftw2bQV9BP5rE=
-19,-132,P+qU9R0u5U57/2c2RIiXW8ECpLM=,88dSb3YXvU+25aftw2bQV9BP5rE=
-20,-132,P+qU9R0u5U57/2c2RIiXW8ECpLM=,88dSb3YXvU+25aftw2bQV9BP5rE=
-22,-134,P+qU9R0u5U57/2c2RIiXW8ECpLM=,88dSb3YXvU+25aftw2bQV9BP5rE=
-23,-132,P+qU9R0u5U57/2c2RIiXW8ECpLM=,88dSb3YXvU+25aftw2bQV9BP5rE=
-24,-132,q7pM0uT1mt9EBsR3XuUfhv6H7sU=,88dSb3YXvU+25aftw2bQV9BP5rE=
-19,-131,P+qU9R0u5U57/2c2RIiXW8ECpLM=,88dSb3YXvU+25aftw2bQV9BP5rE=
-22,-135,P+qU9R0u5U57/2c2RIiXW8ECpLM=,88dSb3YXvU+25aftw2bQV9BP5rE=
-18,-133,P+qU9R0u5U57/2c2RIiXW8ECpLM=,88dSb3YXvU+25aftw2bQV9BP5rE=
-19,-133,P+qU9R0u5U57/2c2RIiXW8ECpLM=,88dSb3YXvU+25aftw2bQV9BP5rE=
-20,-133,P+qU9R0u5U57/2c2RIiXW8ECpLM=,88dSb3YXvU+25aftw2bQV9BP5rE=
-18,-129,P+qU9R0u5U57/2c2RIiXW8ECpLM=,88dSb3YXvU+25aftw2bQV9BP5rE=
-23,-129,P+qU9R0u5U57/2c2RIiXW8ECpLM=,88dSb3YXvU+25aftw2bQV9BP5rE=
-22,-129,P+qU9R0u5U57/2c2RIiXW8ECpLM=,88dSb3YXvU+25aftw2bQV9BP5rE=
-21,-129,P+qU9R0u5U57/2c2RIiXW8ECpLM=,88dSb3YXvU+25aftw2bQV9BP5rE=
-20,-129,P+qU9R0u5U57/2c2RIiXW8ECpLM=,88dSb3YXvU+25aftw2bQV9BP5rE=
-19,-129,P+qU9R0u5U57/2c2RIiXW8ECpLM=,88dSb3YXvU+25aftw2bQV9BP5rE=
-17,-142,uixZpqKeuVFel0otlwjRImyhjEA=,ylkwNLwk2jGqpxTVhO4HWr9kz4Y=
-17,-143,uixZpqKeuVFel0otlwjRImyhjEA=,ylkwNLwk2jGqpxTVhO4HWr9kz4Y=
-23,-144,uixZpqKeuVFel0otlwjRImyhjEA=,ylkwNLwk2jGqpxTVhO4HWr9kz4Y=
-22,-144,uixZpqKeuVFel0otlwjRImyhjEA=,ylkwNLwk2jGqpxTVhO4HWr9kz4Y=
-21,-144,uixZpqKeuVFel0otlwjRImyhjEA=,ylkwNLwk2jGqpxTVhO4HWr9kz4Y=
-20,-144,uixZpqKeuVFel0otlwjRImyhjEA=,ylkwNLwk2jGqpxTVhO4HWr9kz4Y=
-19,-144,uixZpqKeuVFel0otlwjRImyhjEA=,ylkwNLwk2jGqpxTVhO4HWr9kz4Y=
-24,-144,uixZpqKeuVFel0otlwjRImyhjEA=,ylkwNLwk2jGqpxTVhO4HWr9kz4Y=
-24,-129,q7pM0uT1mt9EBsR3XuUfhv6H7sU=,88dSb3YXvU+25aftw2bQV9BP5rE=
-17,-141,uixZpqKeuVFel0otlwjRImyhjEA=,ylkwNLwk2jGqpxTVhO4HWr9kz4Y=
-17,-144,uixZpqKeuVFel0otlwjRImyhjEA=,ylkwNLwk2jGqpxTVhO4HWr9kz4Y=
-18,-144,uixZpqKeuVFel0otlwjRImyhjEA=,ylkwNLwk2jGqpxTVhO4HWr9kz4Y=
-17,-130,P+qU9R0u5U57/2c2RIiXW8ECpLM=,88dSb3YXvU+25aftw2bQV9BP5rE=
-17,-133,83y28rV0jUntYxpJciAjXU5gelo=,88dSb3YXvU+25aftw2bQV9BP5rE=
-17,-135,83y28rV0jUntYxpJciAjXU5gelo=,88dSb3YXvU+25aftw2bQV9BP5rE=
-17,-134,83y28rV0jUntYxpJciAjXU5gelo=,88dSb3YXvU+25aftw2bQV9BP5rE=
-17,-131,83y28rV0jUntYxpJciAjXU5gelo=,88dSb3YXvU+25aftw2bQV9BP5rE=
-17,-132,83y28rV0jUntYxpJciAjXU5gelo=,88dSb3YXvU+25aftw2bQV9BP5rE=
-17,-140,uixZpqKeuVFel0otlwjRImyhjEA=,ylkwNLwk2jGqpxTVhO4HWr9kz4Y=
-17,-136,83y28rV0jUntYxpJciAjXU5gelo=,88dSb3YXvU+25aftw2bQV9BP5rE=
-17,-129,83y28rV0jUntYxpJciAjXU5gelo=,88dSb3YXvU+25aftw2bQV9BP5rE=
-17,-137,uixZpqKeuVFel0otlwjRImyhjEA=,ylkwNLwk2jGqpxTVhO4HWr9kz4Y=
-17,-139,uixZpqKeuVFel0otlwjRImyhjEA=,ylkwNLwk2jGqpxTVhO4HWr9kz4Y=
-17,-138,uixZpqKeuVFel0otlwjRImyhjEA=,ylkwNLwk2jGqpxTVhO4HWr9kz4Y=
-12,-159,gnyKsuMQol7UyG+eBXZYbuONqLk=,v/x2qOJyOBRnY0nRPeuN3qS4duk=
-11,-159,gnyKsuMQol7UyG+eBXZYbuONqLk=,v/x2qOJyOBRnY0nRPeuN3qS4duk=
-10,-159,gnyKsuMQol7UyG+eBXZYbuONqLk=,v/x2qOJyOBRnY0nRPeuN3qS4duk=
-9,-159,gnyKsuMQol7UyG+eBXZYbuONqLk=,v/x2qOJyOBRnY0nRPeuN3qS4duk=
-14,-158,gnyKsuMQol7UyG+eBXZYbuONqLk=,v/x2qOJyOBRnY0nRPeuN3qS4duk=
-15,-158,gnyKsuMQol7UyG+eBXZYbuONqLk=,v/x2qOJyOBRnY0nRPeuN3qS4duk=
-13,-158,gnyKsuMQol7UyG+eBXZYbuONqLk=,v/x2qOJyOBRnY0nRPeuN3qS4duk=
-12,-158,gnyKsuMQol7UyG+eBXZYbuONqLk=,v/x2qOJyOBRnY0nRPeuN3qS4duk=
-10,-158,gnyKsuMQol7UyG+eBXZYbuONqLk=,v/x2qOJyOBRnY0nRPeuN3qS4duk=
-9,-158,gnyKsuMQol7UyG+eBXZYbuONqLk=,v/x2qOJyOBRnY0nRPeuN3qS4duk=
-11,-158,gnyKsuMQol7UyG+eBXZYbuONqLk=,v/x2qOJyOBRnY0nRPeuN3qS4duk=
-15,-157,gnyKsuMQol7UyG+eBXZYbuONqLk=,v/x2qOJyOBRnY0nRPeuN3qS4duk=
-14,-157,gnyKsuMQol7UyG+eBXZYbuONqLk=,v/x2qOJyOBRnY0nRPeuN3qS4duk=
-13,-157,gnyKsuMQol7UyG+eBXZYbuONqLk=,v/x2qOJyOBRnY0nRPeuN3qS4duk=
-12,-157,gnyKsuMQol7UyG+eBXZYbuONqLk=,v/x2qOJyOBRnY0nRPeuN3qS4duk=
-11,-157,gnyKsuMQol7UyG+eBXZYbuONqLk=,v/x2qOJyOBRnY0nRPeuN3qS4duk=
-10,-157,gnyKsuMQol7UyG+eBXZYbuONqLk=,v/x2qOJyOBRnY0nRPeuN3qS4duk=
-9,-157,gnyKsuMQol7UyG+eBXZYbuONqLk=,v/x2qOJyOBRnY0nRPeuN3qS4duk=
-15,-156,gnyKsuMQol7UyG+eBXZYbuONqLk=,v/x2qOJyOBRnY0nRPeuN3qS4duk=
-14,-156,gnyKsuMQol7UyG+eBXZYbuONqLk=,v/x2qOJyOBRnY0nRPeuN3qS4duk=
-13,-156,gnyKsuMQol7UyG+eBXZYbuONqLk=,v/x2qOJyOBRnY0nRPeuN3qS4duk=
-12,-156,gnyKsuMQol7UyG+eBXZYbuONqLk=,v/x2qOJyOBRnY0nRPeuN3qS4duk=
-11,-156,gnyKsuMQol7UyG+eBXZYbuONqLk=,v/x2qOJyOBRnY0nRPeuN3qS4duk=
-10,-156,gnyKsuMQol7UyG+eBXZYbuONqLk=,v/x2qOJyOBRnY0nRPeuN3qS4duk=
-9,-156,gnyKsuMQol7UyG+eBXZYbuONqLk=,v/x2qOJyOBRnY0nRPeuN3qS4duk=
-15,-155,gnyKsuMQol7UyG+eBXZYbuONqLk=,v/x2qOJyOBRnY0nRPeuN3qS4duk=
-14,-155,gnyKsuMQol7UyG+eBXZYbuONqLk=,v/x2qOJyOBRnY0nRPeuN3qS4duk=
-13,-155,gnyKsuMQol7UyG+eBXZYbuONqLk=,v/x2qOJyOBRnY0nRPeuN3qS4duk=
-12,-155,gnyKsuMQol7UyG+eBXZYbuONqLk=,v/x2qOJyOBRnY0nRPeuN3qS4duk=
-11,-155,gnyKsuMQol7UyG+eBXZYbuONqLk=,v/x2qOJyOBRnY0nRPeuN3qS4duk=
-10,-155,gnyKsuMQol7UyG+eBXZYbuONqLk=,v/x2qOJyOBRnY0nRPeuN3qS4duk=
-9,-155,gnyKsuMQol7UyG+eBXZYbuONqLk=,v/x2qOJyOBRnY0nRPeuN3qS4duk=
-15,-154,gnyKsuMQol7UyG+eBXZYbuONqLk=,v/x2qOJyOBRnY0nRPeuN3qS4duk=
-14,-154,gnyKsuMQol7UyG+eBXZYbuONqLk=,v/x2qOJyOBRnY0nRPeuN3qS4duk=
-13,-154,gnyKsuMQol7UyG+eBXZYbuONqLk=,v/x2qOJyOBRnY0nRPeuN3qS4duk=
-12,-154,gnyKsuMQol7UyG+eBXZYbuONqLk=,v/x2qOJyOBRnY0nRPeuN3qS4duk=
-11,-154,gnyKsuMQol7UyG+eBXZYbuONqLk=,v/x2qOJyOBRnY0nRPeuN3qS4duk=
-10,-154,gnyKsuMQol7UyG+eBXZYbuONqLk=,v/x2qOJyOBRnY0nRPeuN3qS4duk=
-9,-154,gnyKsuMQol7UyG+eBXZYbuONqLk=,v/x2qOJyOBRnY0nRPeuN3qS4duk=
-15,-153,gnyKsuMQol7UyG+eBXZYbuONqLk=,v/x2qOJyOBRnY0nRPeuN3qS4duk=
-15,-159,gnyKsuMQol7UyG+eBXZYbuONqLk=,v/x2qOJyOBRnY0nRPeuN3qS4duk=
-14,-159,gnyKsuMQol7UyG+eBXZYbuONqLk=,v/x2qOJyOBRnY0nRPeuN3qS4duk=
-14,-153,gnyKsuMQol7UyG+eBXZYbuONqLk=,v/x2qOJyOBRnY0nRPeuN3qS4duk=
-13,-153,gnyKsuMQol7UyG+eBXZYbuONqLk=,v/x2qOJyOBRnY0nRPeuN3qS4duk=
-12,-153,gnyKsuMQol7UyG+eBXZYbuONqLk=,v/x2qOJyOBRnY0nRPeuN3qS4duk=
-13,-159,gnyKsuMQol7UyG+eBXZYbuONqLk=,v/x2qOJyOBRnY0nRPeuN3qS4duk=
-11,-153,gnyKsuMQol7UyG+eBXZYbuONqLk=,v/x2qOJyOBRnY0nRPeuN3qS4duk=
-10,-153,gnyKsuMQol7UyG+eBXZYbuONqLk=,v/x2qOJyOBRnY0nRPeuN3qS4duk=
-9,-153,gnyKsuMQol7UyG+eBXZYbuONqLk=,v/x2qOJyOBRnY0nRPeuN3qS4duk=
-16,-158,gnyKsuMQol7UyG+eBXZYbuONqLk=,v/x2qOJyOBRnY0nRPeuN3qS4duk=
-16,-157,gnyKsuMQol7UyG+eBXZYbuONqLk=,v/x2qOJyOBRnY0nRPeuN3qS4duk=
-16,-156,gnyKsuMQol7UyG+eBXZYbuONqLk=,v/x2qOJyOBRnY0nRPeuN3qS4duk=
-16,-155,gnyKsuMQol7UyG+eBXZYbuONqLk=,v/x2qOJyOBRnY0nRPeuN3qS4duk=
-16,-154,gnyKsuMQol7UyG+eBXZYbuONqLk=,v/x2qOJyOBRnY0nRPeuN3qS4duk=
-16,-159,gnyKsuMQol7UyG+eBXZYbuONqLk=,v/x2qOJyOBRnY0nRPeuN3qS4duk=
-16,-160,gnyKsuMQol7UyG+eBXZYbuONqLk=,v/x2qOJyOBRnY0nRPeuN3qS4duk=
-15,-160,gnyKsuMQol7UyG+eBXZYbuONqLk=,v/x2qOJyOBRnY0nRPeuN3qS4duk=
-14,-160,gnyKsuMQol7UyG+eBXZYbuONqLk=,v/x2qOJyOBRnY0nRPeuN3qS4duk=
-13,-160,gnyKsuMQol7UyG+eBXZYbuONqLk=,v/x2qOJyOBRnY0nRPeuN3qS4duk=
-12,-160,gnyKsuMQol7UyG+eBXZYbuONqLk=,v/x2qOJyOBRnY0nRPeuN3qS4duk=
-11,-160,gnyKsuMQol7UyG+eBXZYbuONqLk=,v/x2qOJyOBRnY0nRPeuN3qS4duk=
-10,-160,gnyKsuMQol7UyG+eBXZYbuONqLk=,v/x2qOJyOBRnY0nRPeuN3qS4duk=
-16,-153,gnyKsuMQol7UyG+eBXZYbuONqLk=,v/x2qOJyOBRnY0nRPeuN3qS4duk=
-9,-160,gnyKsuMQol7UyG+eBXZYbuONqLk=,v/x2qOJyOBRnY0nRPeuN3qS4duk=
-28,-145,kqaTDXJjeeev1/cmKbEW40gepDo=,88dSb3YXvU+25aftw2bQV9BP5rE=
-27,-145,kqaTDXJjeeev1/cmKbEW40gepDo=,88dSb3YXvU+25aftw2bQV9BP5rE=
-26,-145,kqaTDXJjeeev1/cmKbEW40gepDo=,88dSb3YXvU+25aftw2bQV9BP5rE=
-25,-145,kqaTDXJjeeev1/cmKbEW40gepDo=,88dSb3YXvU+25aftw2bQV9BP5rE=
-27,-151,kqaTDXJjeeev1/cmKbEW40gepDo=,88dSb3YXvU+25aftw2bQV9BP5rE=
-26,-151,kqaTDXJjeeev1/cmKbEW40gepDo=,88dSb3YXvU+25aftw2bQV9BP5rE=
-25,-151,kqaTDXJjeeev1/cmKbEW40gepDo=,88dSb3YXvU+25aftw2bQV9BP5rE=
-26,-148,kqaTDXJjeeev1/cmKbEW40gepDo=,88dSb3YXvU+25aftw2bQV9BP5rE=
-32,-145,kqaTDXJjeeev1/cmKbEW40gepDo=,88dSb3YXvU+25aftw2bQV9BP5rE=
-25,-149,kqaTDXJjeeev1/cmKbEW40gepDo=,88dSb3YXvU+25aftw2bQV9BP5rE=
-29,-145,kqaTDXJjeeev1/cmKbEW40gepDo=,88dSb3YXvU+25aftw2bQV9BP5rE=
-30,-145,kqaTDXJjeeev1/cmKbEW40gepDo=,88dSb3YXvU+25aftw2bQV9BP5rE=
-27,-148,kqaTDXJjeeev1/cmKbEW40gepDo=,88dSb3YXvU+25aftw2bQV9BP5rE=
-28,-151,kqaTDXJjeeev1/cmKbEW40gepDo=,88dSb3YXvU+25aftw2bQV9BP5rE=
-26,-149,kqaTDXJjeeev1/cmKbEW40gepDo=,88dSb3YXvU+25aftw2bQV9BP5rE=
-28,-148,kqaTDXJjeeev1/cmKbEW40gepDo=,88dSb3YXvU+25aftw2bQV9BP5rE=
-32,-148,kqaTDXJjeeev1/cmKbEW40gepDo=,88dSb3YXvU+25aftw2bQV9BP5rE=
-29,-148,kqaTDXJjeeev1/cmKbEW40gepDo=,88dSb3YXvU+25aftw2bQV9BP5rE=
-30,-148,kqaTDXJjeeev1/cmKbEW40gepDo=,88dSb3YXvU+25aftw2bQV9BP5rE=
-31,-145,kqaTDXJjeeev1/cmKbEW40gepDo=,88dSb3YXvU+25aftw2bQV9BP5rE=
-31,-148,kqaTDXJjeeev1/cmKbEW40gepDo=,88dSb3YXvU+25aftw2bQV9BP5rE=
-31,-152,kqaTDXJjeeev1/cmKbEW40gepDo=,88dSb3YXvU+25aftw2bQV9BP5rE=
-31,-151,kqaTDXJjeeev1/cmKbEW40gepDo=,88dSb3YXvU+25aftw2bQV9BP5rE=
-32,-151,kqaTDXJjeeev1/cmKbEW40gepDo=,88dSb3YXvU+25aftw2bQV9BP5rE=
-27,-149,kqaTDXJjeeev1/cmKbEW40gepDo=,88dSb3YXvU+25aftw2bQV9BP5rE=
-25,-146,kqaTDXJjeeev1/cmKbEW40gepDo=,88dSb3YXvU+25aftw2bQV9BP5rE=
-26,-146,kqaTDXJjeeev1/cmKbEW40gepDo=,88dSb3YXvU+25aftw2bQV9BP5rE=
-27,-146,kqaTDXJjeeev1/cmKbEW40gepDo=,88dSb3YXvU+25aftw2bQV9BP5rE=
-25,-152,kqaTDXJjeeev1/cmKbEW40gepDo=,88dSb3YXvU+25aftw2bQV9BP5rE=
-26,-152,kqaTDXJjeeev1/cmKbEW40gepDo=,88dSb3YXvU+25aftw2bQV9BP5rE=
-29,-151,kqaTDXJjeeev1/cmKbEW40gepDo=,88dSb3YXvU+25aftw2bQV9BP5rE=
-30,-152,kqaTDXJjeeev1/cmKbEW40gepDo=,88dSb3YXvU+25aftw2bQV9BP5rE=
-30,-151,kqaTDXJjeeev1/cmKbEW40gepDo=,88dSb3YXvU+25aftw2bQV9BP5rE=
-29,-149,kqaTDXJjeeev1/cmKbEW40gepDo=,88dSb3YXvU+25aftw2bQV9BP5rE=
-28,-149,kqaTDXJjeeev1/cmKbEW40gepDo=,88dSb3YXvU+25aftw2bQV9BP5rE=
-28,-146,kqaTDXJjeeev1/cmKbEW40gepDo=,88dSb3YXvU+25aftw2bQV9BP5rE=
-29,-152,kqaTDXJjeeev1/cmKbEW40gepDo=,88dSb3YXvU+25aftw2bQV9BP5rE=
-27,-152,kqaTDXJjeeev1/cmKbEW40gepDo=,88dSb3YXvU+25aftw2bQV9BP5rE=
-28,-152,kqaTDXJjeeev1/cmKbEW40gepDo=,88dSb3YXvU+25aftw2bQV9BP5rE=
-30,-146,kqaTDXJjeeev1/cmKbEW40gepDo=,88dSb3YXvU+25aftw2bQV9BP5rE=
-31,-146,kqaTDXJjeeev1/cmKbEW40gepDo=,88dSb3YXvU+25aftw2bQV9BP5rE=
-29,-146,kqaTDXJjeeev1/cmKbEW40gepDo=,88dSb3YXvU+25aftw2bQV9BP5rE=
-25,-150,kqaTDXJjeeev1/cmKbEW40gepDo=,88dSb3YXvU+25aftw2bQV9BP5rE=
-26,-150,kqaTDXJjeeev1/cmKbEW40gepDo=,88dSb3YXvU+25aftw2bQV9BP5rE=
-31,-149,kqaTDXJjeeev1/cmKbEW40gepDo=,88dSb3YXvU+25aftw2bQV9BP5rE=
-32,-146,kqaTDXJjeeev1/cmKbEW40gepDo=,88dSb3YXvU+25aftw2bQV9BP5rE=
-27,-150,kqaTDXJjeeev1/cmKbEW40gepDo=,88dSb3YXvU+25aftw2bQV9BP5rE=
-25,-147,kqaTDXJjeeev1/cmKbEW40gepDo=,88dSb3YXvU+25aftw2bQV9BP5rE=
-26,-147,kqaTDXJjeeev1/cmKbEW40gepDo=,88dSb3YXvU+25aftw2bQV9BP5rE=
-27,-147,kqaTDXJjeeev1/cmKbEW40gepDo=,88dSb3YXvU+25aftw2bQV9BP5rE=
-32,-152,kqaTDXJjeeev1/cmKbEW40gepDo=,88dSb3YXvU+25aftw2bQV9BP5rE=
-28,-147,kqaTDXJjeeev1/cmKbEW40gepDo=,88dSb3YXvU+25aftw2bQV9BP5rE=
-30,-149,kqaTDXJjeeev1/cmKbEW40gepDo=,88dSb3YXvU+25aftw2bQV9BP5rE=
-32,-149,kqaTDXJjeeev1/cmKbEW40gepDo=,88dSb3YXvU+25aftw2bQV9BP5rE=
-31,-147,kqaTDXJjeeev1/cmKbEW40gepDo=,88dSb3YXvU+25aftw2bQV9BP5rE=
-30,-147,kqaTDXJjeeev1/cmKbEW40gepDo=,88dSb3YXvU+25aftw2bQV9BP5rE=
-28,-150,kqaTDXJjeeev1/cmKbEW40gepDo=,88dSb3YXvU+25aftw2bQV9BP5rE=
-29,-147,kqaTDXJjeeev1/cmKbEW40gepDo=,88dSb3YXvU+25aftw2bQV9BP5rE=
-25,-148,kqaTDXJjeeev1/cmKbEW40gepDo=,88dSb3YXvU+25aftw2bQV9BP5rE=
-32,-147,kqaTDXJjeeev1/cmKbEW40gepDo=,88dSb3YXvU+25aftw2bQV9BP5rE=
-31,-150,kqaTDXJjeeev1/cmKbEW40gepDo=,88dSb3YXvU+25aftw2bQV9BP5rE=
-29,-150,kqaTDXJjeeev1/cmKbEW40gepDo=,88dSb3YXvU+25aftw2bQV9BP5rE=
-32,-150,kqaTDXJjeeev1/cmKbEW40gepDo=,88dSb3YXvU+25aftw2bQV9BP5rE=
-30,-150,kqaTDXJjeeev1/cmKbEW40gepDo=,88dSb3YXvU+25aftw2bQV9BP5rE=
-32,-129,83y28rV0jUntYxpJciAjXU5gelo=,88dSb3YXvU+25aftw2bQV9BP5rE=
-32,-135,83y28rV0jUntYxpJciAjXU5gelo=,88dSb3YXvU+25aftw2bQV9BP5rE=
-31,-135,83y28rV0jUntYxpJciAjXU5gelo=,88dSb3YXvU+25aftw2bQV9BP5rE=
-30,-135,83y28rV0jUntYxpJciAjXU5gelo=,88dSb3YXvU+25aftw2bQV9BP5rE=
-29,-135,83y28rV0jUntYxpJciAjXU5gelo=,88dSb3YXvU+25aftw2bQV9BP5rE=
-32,-134,83y28rV0jUntYxpJciAjXU5gelo=,88dSb3YXvU+25aftw2bQV9BP5rE=
-31,-134,83y28rV0jUntYxpJciAjXU5gelo=,88dSb3YXvU+25aftw2bQV9BP5rE=
-30,-134,83y28rV0jUntYxpJciAjXU5gelo=,88dSb3YXvU+25aftw2bQV9BP5rE=
-29,-134,83y28rV0jUntYxpJciAjXU5gelo=,88dSb3YXvU+25aftw2bQV9BP5rE=
-31,-129,83y28rV0jUntYxpJciAjXU5gelo=,88dSb3YXvU+25aftw2bQV9BP5rE=
-30,-129,83y28rV0jUntYxpJciAjXU5gelo=,88dSb3YXvU+25aftw2bQV9BP5rE=
-29,-129,83y28rV0jUntYxpJciAjXU5gelo=,88dSb3YXvU+25aftw2bQV9BP5rE=
-32,-133,83y28rV0jUntYxpJciAjXU5gelo=,88dSb3YXvU+25aftw2bQV9BP5rE=
-31,-133,83y28rV0jUntYxpJciAjXU5gelo=,88dSb3YXvU+25aftw2bQV9BP5rE=
-30,-133,83y28rV0jUntYxpJciAjXU5gelo=,88dSb3YXvU+25aftw2bQV9BP5rE=
-29,-133,83y28rV0jUntYxpJciAjXU5gelo=,88dSb3YXvU+25aftw2bQV9BP5rE=
-28,-133,83y28rV0jUntYxpJciAjXU5gelo=,88dSb3YXvU+25aftw2bQV9BP5rE=
-28,-130,83y28rV0jUntYxpJciAjXU5gelo=,88dSb3YXvU+25aftw2bQV9BP5rE=
-29,-130,83y28rV0jUntYxpJciAjXU5gelo=,88dSb3YXvU+25aftw2bQV9BP5rE=
-30,-130,83y28rV0jUntYxpJciAjXU5gelo=,88dSb3YXvU+25aftw2bQV9BP5rE=
-31,-130,83y28rV0jUntYxpJciAjXU5gelo=,88dSb3YXvU+25aftw2bQV9BP5rE=
-32,-130,83y28rV0jUntYxpJciAjXU5gelo=,88dSb3YXvU+25aftw2bQV9BP5rE=
-28,-131,83y28rV0jUntYxpJciAjXU5gelo=,88dSb3YXvU+25aftw2bQV9BP5rE=
-29,-131,83y28rV0jUntYxpJciAjXU5gelo=,88dSb3YXvU+25aftw2bQV9BP5rE=
-30,-131,83y28rV0jUntYxpJciAjXU5gelo=,88dSb3YXvU+25aftw2bQV9BP5rE=
-31,-131,83y28rV0jUntYxpJciAjXU5gelo=,88dSb3YXvU+25aftw2bQV9BP5rE=
-32,-131,83y28rV0jUntYxpJciAjXU5gelo=,88dSb3YXvU+25aftw2bQV9BP5rE=
-25,-130,q7pM0uT1mt9EBsR3XuUfhv6H7sU=,88dSb3YXvU+25aftw2bQV9BP5rE=
-27,-130,q7pM0uT1mt9EBsR3XuUfhv6H7sU=,88dSb3YXvU+25aftw2bQV9BP5rE=
-26,-130,q7pM0uT1mt9EBsR3XuUfhv6H7sU=,88dSb3YXvU+25aftw2bQV9BP5rE=
-28,-132,q7pM0uT1mt9EBsR3XuUfhv6H7sU=,88dSb3YXvU+25aftw2bQV9BP5rE=
-30,-132,q7pM0uT1mt9EBsR3XuUfhv6H7sU=,88dSb3YXvU+25aftw2bQV9BP5rE=
-29,-132,q7pM0uT1mt9EBsR3XuUfhv6H7sU=,88dSb3YXvU+25aftw2bQV9BP5rE=
-31,-132,q7pM0uT1mt9EBsR3XuUfhv6H7sU=,88dSb3YXvU+25aftw2bQV9BP5rE=
-32,-132,q7pM0uT1mt9EBsR3XuUfhv6H7sU=,88dSb3YXvU+25aftw2bQV9BP5rE=
-28,-129,q7pM0uT1mt9EBsR3XuUfhv6H7sU=,88dSb3YXvU+25aftw2bQV9BP5rE=
-27,-132,q7pM0uT1mt9EBsR3XuUfhv6H7sU=,88dSb3YXvU+25aftw2bQV9BP5rE=
-26,-129,q7pM0uT1mt9EBsR3XuUfhv6H7sU=,88dSb3YXvU+25aftw2bQV9BP5rE=
-25,-131,q7pM0uT1mt9EBsR3XuUfhv6H7sU=,88dSb3YXvU+25aftw2bQV9BP5rE=
-27,-131,q7pM0uT1mt9EBsR3XuUfhv6H7sU=,88dSb3YXvU+25aftw2bQV9BP5rE=
-25,-132,q7pM0uT1mt9EBsR3XuUfhv6H7sU=,88dSb3YXvU+25aftw2bQV9BP5rE=
-26,-131,q7pM0uT1mt9EBsR3XuUfhv6H7sU=,88dSb3YXvU+25aftw2bQV9BP5rE=
-26,-132,q7pM0uT1mt9EBsR3XuUfhv6H7sU=,88dSb3YXvU+25aftw2bQV9BP5rE=
-32,-142,q7pM0uT1mt9EBsR3XuUfhv6H7sU=,88dSb3YXvU+25aftw2bQV9BP5rE=
-27,-142,q7pM0uT1mt9EBsR3XuUfhv6H7sU=,88dSb3YXvU+25aftw2bQV9BP5rE=
-26,-142,q7pM0uT1mt9EBsR3XuUfhv6H7sU=,88dSb3YXvU+25aftw2bQV9BP5rE=
-25,-142,q7pM0uT1mt9EBsR3XuUfhv6H7sU=,88dSb3YXvU+25aftw2bQV9BP5rE=
-32,-141,q7pM0uT1mt9EBsR3XuUfhv6H7sU=,88dSb3YXvU+25aftw2bQV9BP5rE=
-27,-141,q7pM0uT1mt9EBsR3XuUfhv6H7sU=,88dSb3YXvU+25aftw2bQV9BP5rE=
-26,-141,q7pM0uT1mt9EBsR3XuUfhv6H7sU=,88dSb3YXvU+25aftw2bQV9BP5rE=
-25,-141,q7pM0uT1mt9EBsR3XuUfhv6H7sU=,88dSb3YXvU+25aftw2bQV9BP5rE=
-32,-140,q7pM0uT1mt9EBsR3XuUfhv6H7sU=,88dSb3YXvU+25aftw2bQV9BP5rE=
-27,-144,q7pM0uT1mt9EBsR3XuUfhv6H7sU=,88dSb3YXvU+25aftw2bQV9BP5rE=
-26,-144,q7pM0uT1mt9EBsR3XuUfhv6H7sU=,88dSb3YXvU+25aftw2bQV9BP5rE=
-25,-144,q7pM0uT1mt9EBsR3XuUfhv6H7sU=,88dSb3YXvU+25aftw2bQV9BP5rE=
-27,-140,q7pM0uT1mt9EBsR3XuUfhv6H7sU=,88dSb3YXvU+25aftw2bQV9BP5rE=
-26,-140,q7pM0uT1mt9EBsR3XuUfhv6H7sU=,88dSb3YXvU+25aftw2bQV9BP5rE=
-25,-140,q7pM0uT1mt9EBsR3XuUfhv6H7sU=,88dSb3YXvU+25aftw2bQV9BP5rE=
-32,-139,q7pM0uT1mt9EBsR3XuUfhv6H7sU=,88dSb3YXvU+25aftw2bQV9BP5rE=
-25,-129,q7pM0uT1mt9EBsR3XuUfhv6H7sU=,88dSb3YXvU+25aftw2bQV9BP5rE=
-27,-129,q7pM0uT1mt9EBsR3XuUfhv6H7sU=,88dSb3YXvU+25aftw2bQV9BP5rE=
-25,-143,q7pM0uT1mt9EBsR3XuUfhv6H7sU=,88dSb3YXvU+25aftw2bQV9BP5rE=
-26,-143,q7pM0uT1mt9EBsR3XuUfhv6H7sU=,88dSb3YXvU+25aftw2bQV9BP5rE=
-31,-136,q7pM0uT1mt9EBsR3XuUfhv6H7sU=,88dSb3YXvU+25aftw2bQV9BP5rE=
-32,-136,q7pM0uT1mt9EBsR3XuUfhv6H7sU=,88dSb3YXvU+25aftw2bQV9BP5rE=
-32,-137,q7pM0uT1mt9EBsR3XuUfhv6H7sU=,88dSb3YXvU+25aftw2bQV9BP5rE=
-32,-138,q7pM0uT1mt9EBsR3XuUfhv6H7sU=,88dSb3YXvU+25aftw2bQV9BP5rE=
-27,-143,q7pM0uT1mt9EBsR3XuUfhv6H7sU=,88dSb3YXvU+25aftw2bQV9BP5rE=
-28,-143,q7pM0uT1mt9EBsR3XuUfhv6H7sU=,88dSb3YXvU+25aftw2bQV9BP5rE=
-25,-139,q7pM0uT1mt9EBsR3XuUfhv6H7sU=,88dSb3YXvU+25aftw2bQV9BP5rE=
-30,-136,q7pM0uT1mt9EBsR3XuUfhv6H7sU=,88dSb3YXvU+25aftw2bQV9BP5rE=
-25,-138,q7pM0uT1mt9EBsR3XuUfhv6H7sU=,88dSb3YXvU+25aftw2bQV9BP5rE=
-26,-139,q7pM0uT1mt9EBsR3XuUfhv6H7sU=,88dSb3YXvU+25aftw2bQV9BP5rE=
-26,-138,q7pM0uT1mt9EBsR3XuUfhv6H7sU=,88dSb3YXvU+25aftw2bQV9BP5rE=
-31,-139,q7pM0uT1mt9EBsR3XuUfhv6H7sU=,88dSb3YXvU+25aftw2bQV9BP5rE=
-28,-135,q7pM0uT1mt9EBsR3XuUfhv6H7sU=,88dSb3YXvU+25aftw2bQV9BP5rE=
-31,-138,q7pM0uT1mt9EBsR3XuUfhv6H7sU=,88dSb3YXvU+25aftw2bQV9BP5rE=
-31,-142,q7pM0uT1mt9EBsR3XuUfhv6H7sU=,88dSb3YXvU+25aftw2bQV9BP5rE=
-29,-143,q7pM0uT1mt9EBsR3XuUfhv6H7sU=,88dSb3YXvU+25aftw2bQV9BP5rE=
-27,-135,q7pM0uT1mt9EBsR3XuUfhv6H7sU=,88dSb3YXvU+25aftw2bQV9BP5rE=
-27,-139,q7pM0uT1mt9EBsR3XuUfhv6H7sU=,88dSb3YXvU+25aftw2bQV9BP5rE=
-30,-142,q7pM0uT1mt9EBsR3XuUfhv6H7sU=,88dSb3YXvU+25aftw2bQV9BP5rE=
-30,-143,q7pM0uT1mt9EBsR3XuUfhv6H7sU=,88dSb3YXvU+25aftw2bQV9BP5rE=
-28,-134,q7pM0uT1mt9EBsR3XuUfhv6H7sU=,88dSb3YXvU+25aftw2bQV9BP5rE=
-30,-138,q7pM0uT1mt9EBsR3XuUfhv6H7sU=,88dSb3YXvU+25aftw2bQV9BP5rE=
-26,-135,q7pM0uT1mt9EBsR3XuUfhv6H7sU=,88dSb3YXvU+25aftw2bQV9BP5rE=
-28,-142,q7pM0uT1mt9EBsR3XuUfhv6H7sU=,88dSb3YXvU+25aftw2bQV9BP5rE=
-31,-141,q7pM0uT1mt9EBsR3XuUfhv6H7sU=,88dSb3YXvU+25aftw2bQV9BP5rE=
-30,-141,q7pM0uT1mt9EBsR3XuUfhv6H7sU=,88dSb3YXvU+25aftw2bQV9BP5rE=
-28,-141,q7pM0uT1mt9EBsR3XuUfhv6H7sU=,88dSb3YXvU+25aftw2bQV9BP5rE=
-30,-140,q7pM0uT1mt9EBsR3XuUfhv6H7sU=,88dSb3YXvU+25aftw2bQV9BP5rE=
-32,-144,q7pM0uT1mt9EBsR3XuUfhv6H7sU=,88dSb3YXvU+25aftw2bQV9BP5rE=
-29,-138,q7pM0uT1mt9EBsR3XuUfhv6H7sU=,88dSb3YXvU+25aftw2bQV9BP5rE=
-25,-135,q7pM0uT1mt9EBsR3XuUfhv6H7sU=,88dSb3YXvU+25aftw2bQV9BP5rE=
-31,-140,q7pM0uT1mt9EBsR3XuUfhv6H7sU=,88dSb3YXvU+25aftw2bQV9BP5rE=
-29,-139,q7pM0uT1mt9EBsR3XuUfhv6H7sU=,88dSb3YXvU+25aftw2bQV9BP5rE=
-29,-142,q7pM0uT1mt9EBsR3XuUfhv6H7sU=,88dSb3YXvU+25aftw2bQV9BP5rE=
-29,-136,q7pM0uT1mt9EBsR3XuUfhv6H7sU=,88dSb3YXvU+25aftw2bQV9BP5rE=
-28,-140,q7pM0uT1mt9EBsR3XuUfhv6H7sU=,88dSb3YXvU+25aftw2bQV9BP5rE=
-30,-139,q7pM0uT1mt9EBsR3XuUfhv6H7sU=,88dSb3YXvU+25aftw2bQV9BP5rE=
-28,-139,q7pM0uT1mt9EBsR3XuUfhv6H7sU=,88dSb3YXvU+25aftw2bQV9BP5rE=
-29,-141,q7pM0uT1mt9EBsR3XuUfhv6H7sU=,88dSb3YXvU+25aftw2bQV9BP5rE=
-31,-143,q7pM0uT1mt9EBsR3XuUfhv6H7sU=,88dSb3YXvU+25aftw2bQV9BP5rE=
-28,-144,q7pM0uT1mt9EBsR3XuUfhv6H7sU=,88dSb3YXvU+25aftw2bQV9BP5rE=
-29,-144,q7pM0uT1mt9EBsR3XuUfhv6H7sU=,88dSb3YXvU+25aftw2bQV9BP5rE=
-31,-137,q7pM0uT1mt9EBsR3XuUfhv6H7sU=,88dSb3YXvU+25aftw2bQV9BP5rE=
-27,-134,q7pM0uT1mt9EBsR3XuUfhv6H7sU=,88dSb3YXvU+25aftw2bQV9BP5rE=
-28,-138,q7pM0uT1mt9EBsR3XuUfhv6H7sU=,88dSb3YXvU+25aftw2bQV9BP5rE=
-32,-143,q7pM0uT1mt9EBsR3XuUfhv6H7sU=,88dSb3YXvU+25aftw2bQV9BP5rE=
-27,-137,q7pM0uT1mt9EBsR3XuUfhv6H7sU=,88dSb3YXvU+25aftw2bQV9BP5rE=
-30,-144,q7pM0uT1mt9EBsR3XuUfhv6H7sU=,88dSb3YXvU+25aftw2bQV9BP5rE=
-25,-137,q7pM0uT1mt9EBsR3XuUfhv6H7sU=,88dSb3YXvU+25aftw2bQV9BP5rE=
-31,-144,q7pM0uT1mt9EBsR3XuUfhv6H7sU=,88dSb3YXvU+25aftw2bQV9BP5rE=
-26,-137,q7pM0uT1mt9EBsR3XuUfhv6H7sU=,88dSb3YXvU+25aftw2bQV9BP5rE=
-30,-137,q7pM0uT1mt9EBsR3XuUfhv6H7sU=,88dSb3YXvU+25aftw2bQV9BP5rE=
-29,-140,q7pM0uT1mt9EBsR3XuUfhv6H7sU=,88dSb3YXvU+25aftw2bQV9BP5rE=
-28,-136,q7pM0uT1mt9EBsR3XuUfhv6H7sU=,88dSb3YXvU+25aftw2bQV9BP5rE=
-28,-137,q7pM0uT1mt9EBsR3XuUfhv6H7sU=,88dSb3YXvU+25aftw2bQV9BP5rE=
-27,-136,q7pM0uT1mt9EBsR3XuUfhv6H7sU=,88dSb3YXvU+25aftw2bQV9BP5rE=
-27,-138,q7pM0uT1mt9EBsR3XuUfhv6H7sU=,88dSb3YXvU+25aftw2bQV9BP5rE=
-29,-137,q7pM0uT1mt9EBsR3XuUfhv6H7sU=,88dSb3YXvU+25aftw2bQV9BP5rE=
-26,-134,q7pM0uT1mt9EBsR3XuUfhv6H7sU=,88dSb3YXvU+25aftw2bQV9BP5rE=
-25,-134,q7pM0uT1mt9EBsR3XuUfhv6H7sU=,88dSb3YXvU+25aftw2bQV9BP5rE=
-25,-136,q7pM0uT1mt9EBsR3XuUfhv6H7sU=,88dSb3YXvU+25aftw2bQV9BP5rE=
-27,-133,q7pM0uT1mt9EBsR3XuUfhv6H7sU=,88dSb3YXvU+25aftw2bQV9BP5rE=
-25,-133,q7pM0uT1mt9EBsR3XuUfhv6H7sU=,88dSb3YXvU+25aftw2bQV9BP5rE=
-26,-136,q7pM0uT1mt9EBsR3XuUfhv6H7sU=,88dSb3YXvU+25aftw2bQV9BP5rE=
-26,-133,q7pM0uT1mt9EBsR3XuUfhv6H7sU=,88dSb3YXvU+25aftw2bQV9BP5rE=
