-40,91,cFigmA5CAPXovAWeHcc+Ji6DPfY=,88dSb3YXvU+25aftw2bQV9BP5rE=
-37,95,VZyM4H4qJWSdrvJsN+vkTUIkE7o=,88dSb3YXvU+25aftw2bQV9BP5rE=
-37,94,VZyM4H4qJWSdrvJsN+vkTUIkE7o=,88dSb3YXvU+25aftw2bQV9BP5rE=
-33,90,cFigmA5CAPXovAWeHcc+Ji6DPfY=,88dSb3YXvU+25aftw2bQV9BP5rE=
-33,89,cFigmA5CAPXovAWeHcc+Ji6DPfY=,88dSb3YXvU+25aftw2bQV9BP5rE=
-38,94,VZyM4H4qJWSdrvJsN+vkTUIkE7o=,88dSb3YXvU+25aftw2bQV9BP5rE=
-34,90,cFigmA5CAPXovAWeHcc+Ji6DPfY=,88dSb3YXvU+25aftw2bQV9BP5rE=
-40,88,cFigmA5CAPXovAWeHcc+Ji6DPfY=,88dSb3YXvU+25aftw2bQV9BP5rE=
-38,86,cFigmA5CAPXovAWeHcc+Ji6DPfY=,88dSb3YXvU+25aftw2bQV9BP5rE=
-40,81,cFigmA5CAPXovAWeHcc+Ji6DPfY=,88dSb3YXvU+25aftw2bQV9BP5rE=
-40,86,cFigmA5CAPXovAWeHcc+Ji6DPfY=,88dSb3YXvU+25aftw2bQV9BP5rE=
-37,86,cFigmA5CAPXovAWeHcc+Ji6DPfY=,88dSb3YXvU+25aftw2bQV9BP5rE=
-36,86,cFigmA5CAPXovAWeHcc+Ji6DPfY=,88dSb3YXvU+25aftw2bQV9BP5rE=
-38,88,cFigmA5CAPXovAWeHcc+Ji6DPfY=,88dSb3YXvU+25aftw2bQV9BP5rE=
-38,81,cFigmA5CAPXovAWeHcc+Ji6DPfY=,88dSb3YXvU+25aftw2bQV9BP5rE=
-39,81,cFigmA5CAPXovAWeHcc+Ji6DPfY=,88dSb3YXvU+25aftw2bQV9BP5rE=
-34,86,cFigmA5CAPXovAWeHcc+Ji6DPfY=,88dSb3YXvU+25aftw2bQV9BP5rE=
-33,86,cFigmA5CAPXovAWeHcc+Ji6DPfY=,88dSb3YXvU+25aftw2bQV9BP5rE=
-36,81,cFigmA5CAPXovAWeHcc+Ji6DPfY=,88dSb3YXvU+25aftw2bQV9BP5rE=
-37,81,cFigmA5CAPXovAWeHcc+Ji6DPfY=,88dSb3YXvU+25aftw2bQV9BP5rE=
-35,81,cFigmA5CAPXovAWeHcc+Ji6DPfY=,88dSb3YXvU+25aftw2bQV9BP5rE=
-34,81,cFigmA5CAPXovAWeHcc+Ji6DPfY=,88dSb3YXvU+25aftw2bQV9BP5rE=
-33,81,cFigmA5CAPXovAWeHcc+Ji6DPfY=,88dSb3YXvU+25aftw2bQV9BP5rE=
-39,82,cFigmA5CAPXovAWeHcc+Ji6DPfY=,88dSb3YXvU+25aftw2bQV9BP5rE=
-40,82,cFigmA5CAPXovAWeHcc+Ji6DPfY=,88dSb3YXvU+25aftw2bQV9BP5rE=
-37,82,cFigmA5CAPXovAWeHcc+Ji6DPfY=,88dSb3YXvU+25aftw2bQV9BP5rE=
-40,87,cFigmA5CAPXovAWeHcc+Ji6DPfY=,88dSb3YXvU+25aftw2bQV9BP5rE=
-39,87,cFigmA5CAPXovAWeHcc+Ji6DPfY=,88dSb3YXvU+25aftw2bQV9BP5rE=
-36,88,cFigmA5CAPXovAWeHcc+Ji6DPfY=,88dSb3YXvU+25aftw2bQV9BP5rE=
-37,87,cFigmA5CAPXovAWeHcc+Ji6DPfY=,88dSb3YXvU+25aftw2bQV9BP5rE=
-36,82,cFigmA5CAPXovAWeHcc+Ji6DPfY=,88dSb3YXvU+25aftw2bQV9BP5rE=
-39,88,cFigmA5CAPXovAWeHcc+Ji6DPfY=,88dSb3YXvU+25aftw2bQV9BP5rE=
-35,82,cFigmA5CAPXovAWeHcc+Ji6DPfY=,88dSb3YXvU+25aftw2bQV9BP5rE=
-34,82,cFigmA5CAPXovAWeHcc+Ji6DPfY=,88dSb3YXvU+25aftw2bQV9BP5rE=
-33,82,cFigmA5CAPXovAWeHcc+Ji6DPfY=,88dSb3YXvU+25aftw2bQV9BP5rE=
-40,83,cFigmA5CAPXovAWeHcc+Ji6DPfY=,88dSb3YXvU+25aftw2bQV9BP5rE=
-39,83,cFigmA5CAPXovAWeHcc+Ji6DPfY=,88dSb3YXvU+25aftw2bQV9BP5rE=
-38,83,cFigmA5CAPXovAWeHcc+Ji6DPfY=,88dSb3YXvU+25aftw2bQV9BP5rE=
-36,87,cFigmA5CAPXovAWeHcc+Ji6DPfY=,88dSb3YXvU+25aftw2bQV9BP5rE=
-37,83,cFigmA5CAPXovAWeHcc+Ji6DPfY=,88dSb3YXvU+25aftw2bQV9BP5rE=
-35,83,cFigmA5CAPXovAWeHcc+Ji6DPfY=,88dSb3YXvU+25aftw2bQV9BP5rE=
-34,83,cFigmA5CAPXovAWeHcc+Ji6DPfY=,88dSb3YXvU+25aftw2bQV9BP5rE=
-33,83,cFigmA5CAPXovAWeHcc+Ji6DPfY=,88dSb3YXvU+25aftw2bQV9BP5rE=
-40,84,cFigmA5CAPXovAWeHcc+Ji6DPfY=,88dSb3YXvU+25aftw2bQV9BP5rE=
-39,84,cFigmA5CAPXovAWeHcc+Ji6DPfY=,88dSb3YXvU+25aftw2bQV9BP5rE=
-33,87,cFigmA5CAPXovAWeHcc+Ji6DPfY=,88dSb3YXvU+25aftw2bQV9BP5rE=
-38,84,cFigmA5CAPXovAWeHcc+Ji6DPfY=,88dSb3YXvU+25aftw2bQV9BP5rE=
-37,84,cFigmA5CAPXovAWeHcc+Ji6DPfY=,88dSb3YXvU+25aftw2bQV9BP5rE=
-36,84,cFigmA5CAPXovAWeHcc+Ji6DPfY=,88dSb3YXvU+25aftw2bQV9BP5rE=
-35,84,cFigmA5CAPXovAWeHcc+Ji6DPfY=,88dSb3YXvU+25aftw2bQV9BP5rE=
-34,84,cFigmA5CAPXovAWeHcc+Ji6DPfY=,88dSb3YXvU+25aftw2bQV9BP5rE=
-33,84,cFigmA5CAPXovAWeHcc+Ji6DPfY=,88dSb3YXvU+25aftw2bQV9BP5rE=
-39,85,cFigmA5CAPXovAWeHcc+Ji6DPfY=,88dSb3YXvU+25aftw2bQV9BP5rE=
-40,85,cFigmA5CAPXovAWeHcc+Ji6DPfY=,88dSb3YXvU+25aftw2bQV9BP5rE=
-37,88,cFigmA5CAPXovAWeHcc+Ji6DPfY=,88dSb3YXvU+25aftw2bQV9BP5rE=
-35,85,cFigmA5CAPXovAWeHcc+Ji6DPfY=,88dSb3YXvU+25aftw2bQV9BP5rE=
-34,85,cFigmA5CAPXovAWeHcc+Ji6DPfY=,88dSb3YXvU+25aftw2bQV9BP5rE=
-33,85,cFigmA5CAPXovAWeHcc+Ji6DPfY=,88dSb3YXvU+25aftw2bQV9BP5rE=
-33,88,cFigmA5CAPXovAWeHcc+Ji6DPfY=,88dSb3YXvU+25aftw2bQV9BP5rE=
-39,93,VZyM4H4qJWSdrvJsN+vkTUIkE7o=,88dSb3YXvU+25aftw2bQV9BP5rE=
-34,89,cFigmA5CAPXovAWeHcc+Ji6DPfY=,88dSb3YXvU+25aftw2bQV9BP5rE=
-38,95,VZyM4H4qJWSdrvJsN+vkTUIkE7o=,88dSb3YXvU+25aftw2bQV9BP5rE=
-39,95,VZyM4H4qJWSdrvJsN+vkTUIkE7o=,88dSb3YXvU+25aftw2bQV9BP5rE=
-39,92,VZyM4H4qJWSdrvJsN+vkTUIkE7o=,88dSb3YXvU+25aftw2bQV9BP5rE=
-40,93,cFigmA5CAPXovAWeHcc+Ji6DPfY=,88dSb3YXvU+25aftw2bQV9BP5rE=
-39,94,VZyM4H4qJWSdrvJsN+vkTUIkE7o=,88dSb3YXvU+25aftw2bQV9BP5rE=
-40,95,cFigmA5CAPXovAWeHcc+Ji6DPfY=,88dSb3YXvU+25aftw2bQV9BP5rE=
-33,91,cFigmA5CAPXovAWeHcc+Ji6DPfY=,88dSb3YXvU+25aftw2bQV9BP5rE=
-40,92,cFigmA5CAPXovAWeHcc+Ji6DPfY=,88dSb3YXvU+25aftw2bQV9BP5rE=
-33,93,cFigmA5CAPXovAWeHcc+Ji6DPfY=,88dSb3YXvU+25aftw2bQV9BP5rE=
-40,94,cFigmA5CAPXovAWeHcc+Ji6DPfY=,88dSb3YXvU+25aftw2bQV9BP5rE=
-33,92,cFigmA5CAPXovAWeHcc+Ji6DPfY=,88dSb3YXvU+25aftw2bQV9BP5rE=
-34,91,cFigmA5CAPXovAWeHcc+Ji6DPfY=,88dSb3YXvU+25aftw2bQV9BP5rE=
-33,94,cFigmA5CAPXovAWeHcc+Ji6DPfY=,88dSb3YXvU+25aftw2bQV9BP5rE=
-34,94,cFigmA5CAPXovAWeHcc+Ji6DPfY=,88dSb3YXvU+25aftw2bQV9BP5rE=
-35,92,cFigmA5CAPXovAWeHcc+Ji6DPfY=,88dSb3YXvU+25aftw2bQV9BP5rE=
-39,86,cFigmA5CAPXovAWeHcc+Ji6DPfY=,88dSb3YXvU+25aftw2bQV9BP5rE=
-36,85,cFigmA5CAPXovAWeHcc+Ji6DPfY=,88dSb3YXvU+25aftw2bQV9BP5rE=
-35,88,cFigmA5CAPXovAWeHcc+Ji6DPfY=,88dSb3YXvU+25aftw2bQV9BP5rE=
-35,86,cFigmA5CAPXovAWeHcc+Ji6DPfY=,88dSb3YXvU+25aftw2bQV9BP5rE=
-38,87,cFigmA5CAPXovAWeHcc+Ji6DPfY=,88dSb3YXvU+25aftw2bQV9BP5rE=
-37,85,cFigmA5CAPXovAWeHcc+Ji6DPfY=,88dSb3YXvU+25aftw2bQV9BP5rE=
-38,85,cFigmA5CAPXovAWeHcc+Ji6DPfY=,88dSb3YXvU+25aftw2bQV9BP5rE=
-34,88,cFigmA5CAPXovAWeHcc+Ji6DPfY=,88dSb3YXvU+25aftw2bQV9BP5rE=
-34,87,cFigmA5CAPXovAWeHcc+Ji6DPfY=,88dSb3YXvU+25aftw2bQV9BP5rE=
-36,93,VZyM4H4qJWSdrvJsN+vkTUIkE7o=,88dSb3YXvU+25aftw2bQV9BP5rE=
-36,90,VZyM4H4qJWSdrvJsN+vkTUIkE7o=,88dSb3YXvU+25aftw2bQV9BP5rE=
-35,90,cFigmA5CAPXovAWeHcc+Ji6DPfY=,88dSb3YXvU+25aftw2bQV9BP5rE=
-34,93,cFigmA5CAPXovAWeHcc+Ji6DPfY=,88dSb3YXvU+25aftw2bQV9BP5rE=
-35,91,cFigmA5CAPXovAWeHcc+Ji6DPfY=,88dSb3YXvU+25aftw2bQV9BP5rE=
-35,93,cFigmA5CAPXovAWeHcc+Ji6DPfY=,88dSb3YXvU+25aftw2bQV9BP5rE=
-37,90,VZyM4H4qJWSdrvJsN+vkTUIkE7o=,88dSb3YXvU+25aftw2bQV9BP5rE=
-36,92,VZyM4H4qJWSdrvJsN+vkTUIkE7o=,88dSb3YXvU+25aftw2bQV9BP5rE=
-35,94,cFigmA5CAPXovAWeHcc+Ji6DPfY=,88dSb3YXvU+25aftw2bQV9BP5rE=
-35,89,cFigmA5CAPXovAWeHcc+Ji6DPfY=,88dSb3YXvU+25aftw2bQV9BP5rE=
-36,89,VZyM4H4qJWSdrvJsN+vkTUIkE7o=,88dSb3YXvU+25aftw2bQV9BP5rE=
-38,90,VZyM4H4qJWSdrvJsN+vkTUIkE7o=,88dSb3YXvU+25aftw2bQV9BP5rE=
-39,90,cFigmA5CAPXovAWeHcc+Ji6DPfY=,88dSb3YXvU+25aftw2bQV9BP5rE=
-38,89,VZyM4H4qJWSdrvJsN+vkTUIkE7o=,88dSb3YXvU+25aftw2bQV9BP5rE=
-37,91,VZyM4H4qJWSdrvJsN+vkTUIkE7o=,88dSb3YXvU+25aftw2bQV9BP5rE=
-40,90,cFigmA5CAPXovAWeHcc+Ji6DPfY=,88dSb3YXvU+25aftw2bQV9BP5rE=
-39,89,cFigmA5CAPXovAWeHcc+Ji6DPfY=,88dSb3YXvU+25aftw2bQV9BP5rE=
-40,89,cFigmA5CAPXovAWeHcc+Ji6DPfY=,88dSb3YXvU+25aftw2bQV9BP5rE=
-36,91,VZyM4H4qJWSdrvJsN+vkTUIkE7o=,88dSb3YXvU+25aftw2bQV9BP5rE=
-37,92,VZyM4H4qJWSdrvJsN+vkTUIkE7o=,88dSb3YXvU+25aftw2bQV9BP5rE=
-35,87,cFigmA5CAPXovAWeHcc+Ji6DPfY=,88dSb3YXvU+25aftw2bQV9BP5rE=
-37,93,VZyM4H4qJWSdrvJsN+vkTUIkE7o=,88dSb3YXvU+25aftw2bQV9BP5rE=
-38,91,VZyM4H4qJWSdrvJsN+vkTUIkE7o=,88dSb3YXvU+25aftw2bQV9BP5rE=
-39,91,cFigmA5CAPXovAWeHcc+Ji6DPfY=,88dSb3YXvU+25aftw2bQV9BP5rE=
-38,93,VZyM4H4qJWSdrvJsN+vkTUIkE7o=,88dSb3YXvU+25aftw2bQV9BP5rE=
-33,95,cFigmA5CAPXovAWeHcc+Ji6DPfY=,88dSb3YXvU+25aftw2bQV9BP5rE=
-34,95,cFigmA5CAPXovAWeHcc+Ji6DPfY=,88dSb3YXvU+25aftw2bQV9BP5rE=
-35,95,cFigmA5CAPXovAWeHcc+Ji6DPfY=,88dSb3YXvU+25aftw2bQV9BP5rE=
-36,95,VZyM4H4qJWSdrvJsN+vkTUIkE7o=,88dSb3YXvU+25aftw2bQV9BP5rE=
-38,92,VZyM4H4qJWSdrvJsN+vkTUIkE7o=,88dSb3YXvU+25aftw2bQV9BP5rE=
-37,89,VZyM4H4qJWSdrvJsN+vkTUIkE7o=,88dSb3YXvU+25aftw2bQV9BP5rE=
-36,94,VZyM4H4qJWSdrvJsN+vkTUIkE7o=,88dSb3YXvU+25aftw2bQV9BP5rE=
-34,92,cFigmA5CAPXovAWeHcc+Ji6DPfY=,88dSb3YXvU+25aftw2bQV9BP5rE=
-40,80,cFigmA5CAPXovAWeHcc+Ji6DPfY=,88dSb3YXvU+25aftw2bQV9BP5rE=
-39,80,cFigmA5CAPXovAWeHcc+Ji6DPfY=,88dSb3YXvU+25aftw2bQV9BP5rE=
-38,80,cFigmA5CAPXovAWeHcc+Ji6DPfY=,88dSb3YXvU+25aftw2bQV9BP5rE=
-37,80,cFigmA5CAPXovAWeHcc+Ji6DPfY=,88dSb3YXvU+25aftw2bQV9BP5rE=
-36,80,cFigmA5CAPXovAWeHcc+Ji6DPfY=,88dSb3YXvU+25aftw2bQV9BP5rE=
-35,80,cFigmA5CAPXovAWeHcc+Ji6DPfY=,88dSb3YXvU+25aftw2bQV9BP5rE=
-34,80,cFigmA5CAPXovAWeHcc+Ji6DPfY=,88dSb3YXvU+25aftw2bQV9BP5rE=
-33,80,cFigmA5CAPXovAWeHcc+Ji6DPfY=,88dSb3YXvU+25aftw2bQV9BP5rE=
-36,83,cFigmA5CAPXovAWeHcc+Ji6DPfY=,88dSb3YXvU+25aftw2bQV9BP5rE=
-38,82,cFigmA5CAPXovAWeHcc+Ji6DPfY=,88dSb3YXvU+25aftw2bQV9BP5rE=
-40,70,bzyO+qKoqKhuxF/vrqekhH77AlU=,88dSb3YXvU+25aftw2bQV9BP5rE=
-33,69,bzyO+qKoqKhuxF/vrqekhH77AlU=,88dSb3YXvU+25aftw2bQV9BP5rE=
-34,69,bzyO+qKoqKhuxF/vrqekhH77AlU=,88dSb3YXvU+25aftw2bQV9BP5rE=
-35,69,bzyO+qKoqKhuxF/vrqekhH77AlU=,88dSb3YXvU+25aftw2bQV9BP5rE=
-36,69,bzyO+qKoqKhuxF/vrqekhH77AlU=,88dSb3YXvU+25aftw2bQV9BP5rE=
-39,69,bzyO+qKoqKhuxF/vrqekhH77AlU=,88dSb3YXvU+25aftw2bQV9BP5rE=
-37,69,bzyO+qKoqKhuxF/vrqekhH77AlU=,88dSb3YXvU+25aftw2bQV9BP5rE=
-40,69,L67iqVWwxWDOOEXjX7urccjabqg=,88dSb3YXvU+25aftw2bQV9BP5rE=
-33,68,bzyO+qKoqKhuxF/vrqekhH77AlU=,88dSb3YXvU+25aftw2bQV9BP5rE=
-34,68,bzyO+qKoqKhuxF/vrqekhH77AlU=,88dSb3YXvU+25aftw2bQV9BP5rE=
-35,68,bzyO+qKoqKhuxF/vrqekhH77AlU=,88dSb3YXvU+25aftw2bQV9BP5rE=
-36,68,bzyO+qKoqKhuxF/vrqekhH77AlU=,88dSb3YXvU+25aftw2bQV9BP5rE=
-37,68,bzyO+qKoqKhuxF/vrqekhH77AlU=,88dSb3YXvU+25aftw2bQV9BP5rE=
-39,68,bzyO+qKoqKhuxF/vrqekhH77AlU=,88dSb3YXvU+25aftw2bQV9BP5rE=
-40,68,L67iqVWwxWDOOEXjX7urccjabqg=,88dSb3YXvU+25aftw2bQV9BP5rE=
-33,67,bzyO+qKoqKhuxF/vrqekhH77AlU=,88dSb3YXvU+25aftw2bQV9BP5rE=
-34,67,bzyO+qKoqKhuxF/vrqekhH77AlU=,88dSb3YXvU+25aftw2bQV9BP5rE=
-35,67,bzyO+qKoqKhuxF/vrqekhH77AlU=,88dSb3YXvU+25aftw2bQV9BP5rE=
-36,67,bzyO+qKoqKhuxF/vrqekhH77AlU=,88dSb3YXvU+25aftw2bQV9BP5rE=
-37,67,bzyO+qKoqKhuxF/vrqekhH77AlU=,88dSb3YXvU+25aftw2bQV9BP5rE=
-38,67,bzyO+qKoqKhuxF/vrqekhH77AlU=,88dSb3YXvU+25aftw2bQV9BP5rE=
-40,67,L67iqVWwxWDOOEXjX7urccjabqg=,88dSb3YXvU+25aftw2bQV9BP5rE=
-33,66,bzyO+qKoqKhuxF/vrqekhH77AlU=,88dSb3YXvU+25aftw2bQV9BP5rE=
-39,67,bzyO+qKoqKhuxF/vrqekhH77AlU=,88dSb3YXvU+25aftw2bQV9BP5rE=
-34,66,bzyO+qKoqKhuxF/vrqekhH77AlU=,88dSb3YXvU+25aftw2bQV9BP5rE=
-35,66,bzyO+qKoqKhuxF/vrqekhH77AlU=,88dSb3YXvU+25aftw2bQV9BP5rE=
-36,66,bzyO+qKoqKhuxF/vrqekhH77AlU=,88dSb3YXvU+25aftw2bQV9BP5rE=
-38,66,bzyO+qKoqKhuxF/vrqekhH77AlU=,88dSb3YXvU+25aftw2bQV9BP5rE=
-40,66,L67iqVWwxWDOOEXjX7urccjabqg=,88dSb3YXvU+25aftw2bQV9BP5rE=
-33,65,bzyO+qKoqKhuxF/vrqekhH77AlU=,88dSb3YXvU+25aftw2bQV9BP5rE=
-34,65,bzyO+qKoqKhuxF/vrqekhH77AlU=,88dSb3YXvU+25aftw2bQV9BP5rE=
-35,65,bzyO+qKoqKhuxF/vrqekhH77AlU=,88dSb3YXvU+25aftw2bQV9BP5rE=
-36,65,bzyO+qKoqKhuxF/vrqekhH77AlU=,88dSb3YXvU+25aftw2bQV9BP5rE=
-39,66,bzyO+qKoqKhuxF/vrqekhH77AlU=,88dSb3YXvU+25aftw2bQV9BP5rE=
-38,65,bzyO+qKoqKhuxF/vrqekhH77AlU=,88dSb3YXvU+25aftw2bQV9BP5rE=
-39,65,bzyO+qKoqKhuxF/vrqekhH77AlU=,88dSb3YXvU+25aftw2bQV9BP5rE=
-40,65,L67iqVWwxWDOOEXjX7urccjabqg=,88dSb3YXvU+25aftw2bQV9BP5rE=
-33,64,bzyO+qKoqKhuxF/vrqekhH77AlU=,88dSb3YXvU+25aftw2bQV9BP5rE=
-34,64,bzyO+qKoqKhuxF/vrqekhH77AlU=,88dSb3YXvU+25aftw2bQV9BP5rE=
-35,64,bzyO+qKoqKhuxF/vrqekhH77AlU=,88dSb3YXvU+25aftw2bQV9BP5rE=
-36,64,bzyO+qKoqKhuxF/vrqekhH77AlU=,88dSb3YXvU+25aftw2bQV9BP5rE=
-37,64,bzyO+qKoqKhuxF/vrqekhH77AlU=,88dSb3YXvU+25aftw2bQV9BP5rE=
-38,64,bzyO+qKoqKhuxF/vrqekhH77AlU=,88dSb3YXvU+25aftw2bQV9BP5rE=
-39,64,bzyO+qKoqKhuxF/vrqekhH77AlU=,88dSb3YXvU+25aftw2bQV9BP5rE=
-40,64,bzyO+qKoqKhuxF/vrqekhH77AlU=,88dSb3YXvU+25aftw2bQV9BP5rE=
-33,70,L67iqVWwxWDOOEXjX7urccjabqg=,88dSb3YXvU+25aftw2bQV9BP5rE=
-34,70,bzyO+qKoqKhuxF/vrqekhH77AlU=,88dSb3YXvU+25aftw2bQV9BP5rE=
-35,70,bzyO+qKoqKhuxF/vrqekhH77AlU=,88dSb3YXvU+25aftw2bQV9BP5rE=
-36,70,bzyO+qKoqKhuxF/vrqekhH77AlU=,88dSb3YXvU+25aftw2bQV9BP5rE=
-38,70,bzyO+qKoqKhuxF/vrqekhH77AlU=,88dSb3YXvU+25aftw2bQV9BP5rE=
-39,70,bzyO+qKoqKhuxF/vrqekhH77AlU=,88dSb3YXvU+25aftw2bQV9BP5rE=
-37,66,bzyO+qKoqKhuxF/vrqekhH77AlU=,88dSb3YXvU+25aftw2bQV9BP5rE=
-37,65,bzyO+qKoqKhuxF/vrqekhH77AlU=,88dSb3YXvU+25aftw2bQV9BP5rE=
-37,79,bzyO+qKoqKhuxF/vrqekhH77AlU=,88dSb3YXvU+25aftw2bQV9BP5rE=
-33,72,L67iqVWwxWDOOEXjX7urccjabqg=,88dSb3YXvU+25aftw2bQV9BP5rE=
-37,78,bzyO+qKoqKhuxF/vrqekhH77AlU=,88dSb3YXvU+25aftw2bQV9BP5rE=
-33,74,L67iqVWwxWDOOEXjX7urccjabqg=,88dSb3YXvU+25aftw2bQV9BP5rE=
-35,72,bzyO+qKoqKhuxF/vrqekhH77AlU=,88dSb3YXvU+25aftw2bQV9BP5rE=
-38,79,bzyO+qKoqKhuxF/vrqekhH77AlU=,88dSb3YXvU+25aftw2bQV9BP5rE=
-40,73,bzyO+qKoqKhuxF/vrqekhH77AlU=,88dSb3YXvU+25aftw2bQV9BP5rE=
-37,72,bzyO+qKoqKhuxF/vrqekhH77AlU=,88dSb3YXvU+25aftw2bQV9BP5rE=
-34,74,L67iqVWwxWDOOEXjX7urccjabqg=,88dSb3YXvU+25aftw2bQV9BP5rE=
-35,79,bzyO+qKoqKhuxF/vrqekhH77AlU=,88dSb3YXvU+25aftw2bQV9BP5rE=
-38,78,bzyO+qKoqKhuxF/vrqekhH77AlU=,88dSb3YXvU+25aftw2bQV9BP5rE=
-39,73,bzyO+qKoqKhuxF/vrqekhH77AlU=,88dSb3YXvU+25aftw2bQV9BP5rE=
-39,78,bzyO+qKoqKhuxF/vrqekhH77AlU=,88dSb3YXvU+25aftw2bQV9BP5rE=
-33,73,L67iqVWwxWDOOEXjX7urccjabqg=,88dSb3YXvU+25aftw2bQV9BP5rE=
-34,73,L67iqVWwxWDOOEXjX7urccjabqg=,88dSb3YXvU+25aftw2bQV9BP5rE=
-40,71,bzyO+qKoqKhuxF/vrqekhH77AlU=,88dSb3YXvU+25aftw2bQV9BP5rE=
-35,73,bzyO+qKoqKhuxF/vrqekhH77AlU=,88dSb3YXvU+25aftw2bQV9BP5rE=
-38,73,bzyO+qKoqKhuxF/vrqekhH77AlU=,88dSb3YXvU+25aftw2bQV9BP5rE=
-33,75,L67iqVWwxWDOOEXjX7urccjabqg=,88dSb3YXvU+25aftw2bQV9BP5rE=
-39,72,bzyO+qKoqKhuxF/vrqekhH77AlU=,88dSb3YXvU+25aftw2bQV9BP5rE=
-34,79,bzyO+qKoqKhuxF/vrqekhH77AlU=,88dSb3YXvU+25aftw2bQV9BP5rE=
-39,79,bzyO+qKoqKhuxF/vrqekhH77AlU=,88dSb3YXvU+25aftw2bQV9BP5rE=
-34,75,L67iqVWwxWDOOEXjX7urccjabqg=,88dSb3YXvU+25aftw2bQV9BP5rE=
-33,79,bzyO+qKoqKhuxF/vrqekhH77AlU=,88dSb3YXvU+25aftw2bQV9BP5rE=
-39,71,bzyO+qKoqKhuxF/vrqekhH77AlU=,88dSb3YXvU+25aftw2bQV9BP5rE=
-40,78,bzyO+qKoqKhuxF/vrqekhH77AlU=,88dSb3YXvU+25aftw2bQV9BP5rE=
-40,79,bzyO+qKoqKhuxF/vrqekhH77AlU=,88dSb3YXvU+25aftw2bQV9BP5rE=
-33,76,L67iqVWwxWDOOEXjX7urccjabqg=,88dSb3YXvU+25aftw2bQV9BP5rE=
-33,78,bzyO+qKoqKhuxF/vrqekhH77AlU=,88dSb3YXvU+25aftw2bQV9BP5rE=
-34,78,bzyO+qKoqKhuxF/vrqekhH77AlU=,88dSb3YXvU+25aftw2bQV9BP5rE=
-38,71,bzyO+qKoqKhuxF/vrqekhH77AlU=,88dSb3YXvU+25aftw2bQV9BP5rE=
-34,76,L67iqVWwxWDOOEXjX7urccjabqg=,88dSb3YXvU+25aftw2bQV9BP5rE=
-36,72,bzyO+qKoqKhuxF/vrqekhH77AlU=,88dSb3YXvU+25aftw2bQV9BP5rE=
-37,71,bzyO+qKoqKhuxF/vrqekhH77AlU=,88dSb3YXvU+25aftw2bQV9BP5rE=
-33,77,bzyO+qKoqKhuxF/vrqekhH77AlU=,88dSb3YXvU+25aftw2bQV9BP5rE=
-36,71,bzyO+qKoqKhuxF/vrqekhH77AlU=,88dSb3YXvU+25aftw2bQV9BP5rE=
-35,78,L67iqVWwxWDOOEXjX7urccjabqg=,88dSb3YXvU+25aftw2bQV9BP5rE=
-36,77,bzyO+qKoqKhuxF/vrqekhH77AlU=,88dSb3YXvU+25aftw2bQV9BP5rE=
-36,73,bzyO+qKoqKhuxF/vrqekhH77AlU=,88dSb3YXvU+25aftw2bQV9BP5rE=
-35,76,L67iqVWwxWDOOEXjX7urccjabqg=,88dSb3YXvU+25aftw2bQV9BP5rE=
-36,78,L67iqVWwxWDOOEXjX7urccjabqg=,88dSb3YXvU+25aftw2bQV9BP5rE=
-37,73,bzyO+qKoqKhuxF/vrqekhH77AlU=,88dSb3YXvU+25aftw2bQV9BP5rE=
-35,75,L67iqVWwxWDOOEXjX7urccjabqg=,88dSb3YXvU+25aftw2bQV9BP5rE=
-36,75,bzyO+qKoqKhuxF/vrqekhH77AlU=,88dSb3YXvU+25aftw2bQV9BP5rE=
-36,76,bzyO+qKoqKhuxF/vrqekhH77AlU=,88dSb3YXvU+25aftw2bQV9BP5rE=
-34,77,bzyO+qKoqKhuxF/vrqekhH77AlU=,88dSb3YXvU+25aftw2bQV9BP5rE=
-34,72,bzyO+qKoqKhuxF/vrqekhH77AlU=,88dSb3YXvU+25aftw2bQV9BP5rE=
-35,77,L67iqVWwxWDOOEXjX7urccjabqg=,88dSb3YXvU+25aftw2bQV9BP5rE=
-35,74,L67iqVWwxWDOOEXjX7urccjabqg=,88dSb3YXvU+25aftw2bQV9BP5rE=
-36,74,bzyO+qKoqKhuxF/vrqekhH77AlU=,88dSb3YXvU+25aftw2bQV9BP5rE=
-33,71,bzyO+qKoqKhuxF/vrqekhH77AlU=,88dSb3YXvU+25aftw2bQV9BP5rE=
-40,72,bzyO+qKoqKhuxF/vrqekhH77AlU=,88dSb3YXvU+25aftw2bQV9BP5rE=
-34,71,bzyO+qKoqKhuxF/vrqekhH77AlU=,88dSb3YXvU+25aftw2bQV9BP5rE=
-35,71,bzyO+qKoqKhuxF/vrqekhH77AlU=,88dSb3YXvU+25aftw2bQV9BP5rE=
-37,74,bzyO+qKoqKhuxF/vrqekhH77AlU=,88dSb3YXvU+25aftw2bQV9BP5rE=
-38,69,bzyO+qKoqKhuxF/vrqekhH77AlU=,88dSb3YXvU+25aftw2bQV9BP5rE=
-38,72,bzyO+qKoqKhuxF/vrqekhH77AlU=,88dSb3YXvU+25aftw2bQV9BP5rE=
-40,74,bzyO+qKoqKhuxF/vrqekhH77AlU=,88dSb3YXvU+25aftw2bQV9BP5rE=
-38,68,bzyO+qKoqKhuxF/vrqekhH77AlU=,88dSb3YXvU+25aftw2bQV9BP5rE=
-37,70,bzyO+qKoqKhuxF/vrqekhH77AlU=,88dSb3YXvU+25aftw2bQV9BP5rE=
-37,77,bzyO+qKoqKhuxF/vrqekhH77AlU=,88dSb3YXvU+25aftw2bQV9BP5rE=
-39,77,bzyO+qKoqKhuxF/vrqekhH77AlU=,88dSb3YXvU+25aftw2bQV9BP5rE=
-38,74,L67iqVWwxWDOOEXjX7urccjabqg=,88dSb3YXvU+25aftw2bQV9BP5rE=
-38,77,bzyO+qKoqKhuxF/vrqekhH77AlU=,88dSb3YXvU+25aftw2bQV9BP5rE=
-38,76,bzyO+qKoqKhuxF/vrqekhH77AlU=,88dSb3YXvU+25aftw2bQV9BP5rE=
-37,75,bzyO+qKoqKhuxF/vrqekhH77AlU=,88dSb3YXvU+25aftw2bQV9BP5rE=
-39,74,bzyO+qKoqKhuxF/vrqekhH77AlU=,88dSb3YXvU+25aftw2bQV9BP5rE=
-38,75,L67iqVWwxWDOOEXjX7urccjabqg=,88dSb3YXvU+25aftw2bQV9BP5rE=
-40,77,bzyO+qKoqKhuxF/vrqekhH77AlU=,88dSb3YXvU+25aftw2bQV9BP5rE=
-40,76,bzyO+qKoqKhuxF/vrqekhH77AlU=,88dSb3YXvU+25aftw2bQV9BP5rE=
-36,79,L67iqVWwxWDOOEXjX7urccjabqg=,88dSb3YXvU+25aftw2bQV9BP5rE=
-37,76,bzyO+qKoqKhuxF/vrqekhH77AlU=,88dSb3YXvU+25aftw2bQV9BP5rE=
-39,76,bzyO+qKoqKhuxF/vrqekhH77AlU=,88dSb3YXvU+25aftw2bQV9BP5rE=
-40,75,L67iqVWwxWDOOEXjX7urccjabqg=,88dSb3YXvU+25aftw2bQV9BP5rE=
-39,75,L67iqVWwxWDOOEXjX7urccjabqg=,88dSb3YXvU+25aftw2bQV9BP5rE=
-54,65,W1n50eIoc8FrLfX4OPNM1jnFzQQ=,GFk+KH9KZV8cHbylzfvh/f05RhQ=
-53,65,W1n50eIoc8FrLfX4OPNM1jnFzQQ=,GFk+KH9KZV8cHbylzfvh/f05RhQ=
-52,65,W1n50eIoc8FrLfX4OPNM1jnFzQQ=,GFk+KH9KZV8cHbylzfvh/f05RhQ=
-55,66,W1n50eIoc8FrLfX4OPNM1jnFzQQ=,GFk+KH9KZV8cHbylzfvh/f05RhQ=
-54,66,W1n50eIoc8FrLfX4OPNM1jnFzQQ=,GFk+KH9KZV8cHbylzfvh/f05RhQ=
-55,68,W1n50eIoc8FrLfX4OPNM1jnFzQQ=,GFk+KH9KZV8cHbylzfvh/f05RhQ=
-54,68,W1n50eIoc8FrLfX4OPNM1jnFzQQ=,GFk+KH9KZV8cHbylzfvh/f05RhQ=
-53,68,W1n50eIoc8FrLfX4OPNM1jnFzQQ=,GFk+KH9KZV8cHbylzfvh/f05RhQ=
-53,66,W1n50eIoc8FrLfX4OPNM1jnFzQQ=,GFk+KH9KZV8cHbylzfvh/f05RhQ=
-52,68,W1n50eIoc8FrLfX4OPNM1jnFzQQ=,GFk+KH9KZV8cHbylzfvh/f05RhQ=
-52,66,W1n50eIoc8FrLfX4OPNM1jnFzQQ=,GFk+KH9KZV8cHbylzfvh/f05RhQ=
-51,68,W1n50eIoc8FrLfX4OPNM1jnFzQQ=,GFk+KH9KZV8cHbylzfvh/f05RhQ=
-50,68,W1n50eIoc8FrLfX4OPNM1jnFzQQ=,GFk+KH9KZV8cHbylzfvh/f05RhQ=
-55,69,W1n50eIoc8FrLfX4OPNM1jnFzQQ=,GFk+KH9KZV8cHbylzfvh/f05RhQ=
-54,69,W1n50eIoc8FrLfX4OPNM1jnFzQQ=,GFk+KH9KZV8cHbylzfvh/f05RhQ=
-53,69,W1n50eIoc8FrLfX4OPNM1jnFzQQ=,GFk+KH9KZV8cHbylzfvh/f05RhQ=
-52,69,W1n50eIoc8FrLfX4OPNM1jnFzQQ=,GFk+KH9KZV8cHbylzfvh/f05RhQ=
-51,69,W1n50eIoc8FrLfX4OPNM1jnFzQQ=,GFk+KH9KZV8cHbylzfvh/f05RhQ=
-55,67,W1n50eIoc8FrLfX4OPNM1jnFzQQ=,GFk+KH9KZV8cHbylzfvh/f05RhQ=
-50,69,W1n50eIoc8FrLfX4OPNM1jnFzQQ=,GFk+KH9KZV8cHbylzfvh/f05RhQ=
-54,67,W1n50eIoc8FrLfX4OPNM1jnFzQQ=,GFk+KH9KZV8cHbylzfvh/f05RhQ=
-53,67,W1n50eIoc8FrLfX4OPNM1jnFzQQ=,GFk+KH9KZV8cHbylzfvh/f05RhQ=
-55,70,W1n50eIoc8FrLfX4OPNM1jnFzQQ=,GFk+KH9KZV8cHbylzfvh/f05RhQ=
-54,70,W1n50eIoc8FrLfX4OPNM1jnFzQQ=,GFk+KH9KZV8cHbylzfvh/f05RhQ=
-52,67,W1n50eIoc8FrLfX4OPNM1jnFzQQ=,GFk+KH9KZV8cHbylzfvh/f05RhQ=
-51,67,W1n50eIoc8FrLfX4OPNM1jnFzQQ=,GFk+KH9KZV8cHbylzfvh/f05RhQ=
-53,70,W1n50eIoc8FrLfX4OPNM1jnFzQQ=,GFk+KH9KZV8cHbylzfvh/f05RhQ=
-52,70,W1n50eIoc8FrLfX4OPNM1jnFzQQ=,GFk+KH9KZV8cHbylzfvh/f05RhQ=
-51,70,W1n50eIoc8FrLfX4OPNM1jnFzQQ=,GFk+KH9KZV8cHbylzfvh/f05RhQ=
-50,70,W1n50eIoc8FrLfX4OPNM1jnFzQQ=,GFk+KH9KZV8cHbylzfvh/f05RhQ=
-57,66,Qh4fwFjkYuLmhQloJjatxC+bFMY=,L4EGparo/IVy/VvZl13VU2GwNWU=
-63,69,Qh4fwFjkYuLmhQloJjatxC+bFMY=,L4EGparo/IVy/VvZl13VU2GwNWU=
-57,67,Qh4fwFjkYuLmhQloJjatxC+bFMY=,L4EGparo/IVy/VvZl13VU2GwNWU=
-56,66,Qh4fwFjkYuLmhQloJjatxC+bFMY=,GFk+KH9KZV8cHbylzfvh/f05RhQ=
-56,68,Qh4fwFjkYuLmhQloJjatxC+bFMY=,GFk+KH9KZV8cHbylzfvh/f05RhQ=
-63,66,Qh4fwFjkYuLmhQloJjatxC+bFMY=,L4EGparo/IVy/VvZl13VU2GwNWU=
-63,65,Qh4fwFjkYuLmhQloJjatxC+bFMY=,L4EGparo/IVy/VvZl13VU2GwNWU=
-52,72,Qh4fwFjkYuLmhQloJjatxC+bFMY=,jZmsQyKL/ki8Wq0P1IPPnZURS8g=
-55,73,Qh4fwFjkYuLmhQloJjatxC+bFMY=,jZmsQyKL/ki8Wq0P1IPPnZURS8g=
-54,73,Qh4fwFjkYuLmhQloJjatxC+bFMY=,jZmsQyKL/ki8Wq0P1IPPnZURS8g=
-52,71,Qh4fwFjkYuLmhQloJjatxC+bFMY=,GFk+KH9KZV8cHbylzfvh/f05RhQ=
-51,71,Qh4fwFjkYuLmhQloJjatxC+bFMY=,GFk+KH9KZV8cHbylzfvh/f05RhQ=
-50,77,Qh4fwFjkYuLmhQloJjatxC+bFMY=,jZmsQyKL/ki8Wq0P1IPPnZURS8g=
-51,78,Qh4fwFjkYuLmhQloJjatxC+bFMY=,jZmsQyKL/ki8Wq0P1IPPnZURS8g=
-50,78,Qh4fwFjkYuLmhQloJjatxC+bFMY=,jZmsQyKL/ki8Wq0P1IPPnZURS8g=
-55,72,Qh4fwFjkYuLmhQloJjatxC+bFMY=,jZmsQyKL/ki8Wq0P1IPPnZURS8g=
-53,72,Qh4fwFjkYuLmhQloJjatxC+bFMY=,jZmsQyKL/ki8Wq0P1IPPnZURS8g=
-54,72,Qh4fwFjkYuLmhQloJjatxC+bFMY=,jZmsQyKL/ki8Wq0P1IPPnZURS8g=
-55,71,Qh4fwFjkYuLmhQloJjatxC+bFMY=,GFk+KH9KZV8cHbylzfvh/f05RhQ=
-54,71,Qh4fwFjkYuLmhQloJjatxC+bFMY=,GFk+KH9KZV8cHbylzfvh/f05RhQ=
-53,71,Qh4fwFjkYuLmhQloJjatxC+bFMY=,GFk+KH9KZV8cHbylzfvh/f05RhQ=
-63,67,Qh4fwFjkYuLmhQloJjatxC+bFMY=,L4EGparo/IVy/VvZl13VU2GwNWU=
-56,70,Qh4fwFjkYuLmhQloJjatxC+bFMY=,GFk+KH9KZV8cHbylzfvh/f05RhQ=
-56,67,Qh4fwFjkYuLmhQloJjatxC+bFMY=,GFk+KH9KZV8cHbylzfvh/f05RhQ=
-56,69,Qh4fwFjkYuLmhQloJjatxC+bFMY=,GFk+KH9KZV8cHbylzfvh/f05RhQ=
-63,68,Qh4fwFjkYuLmhQloJjatxC+bFMY=,L4EGparo/IVy/VvZl13VU2GwNWU=
-49,68,jdpctWuylPtSWHu5GRjueT37BGM=,GFk+KH9KZV8cHbylzfvh/f05RhQ=
-49,69,jdpctWuylPtSWHu5GRjueT37BGM=,GFk+KH9KZV8cHbylzfvh/f05RhQ=
-49,70,jdpctWuylPtSWHu5GRjueT37BGM=,GFk+KH9KZV8cHbylzfvh/f05RhQ=
-53,79,Qh4fwFjkYuLmhQloJjatxC+bFMY=,jZmsQyKL/ki8Wq0P1IPPnZURS8g=
-52,79,Qh4fwFjkYuLmhQloJjatxC+bFMY=,jZmsQyKL/ki8Wq0P1IPPnZURS8g=
-51,79,Qh4fwFjkYuLmhQloJjatxC+bFMY=,jZmsQyKL/ki8Wq0P1IPPnZURS8g=
-50,79,Qh4fwFjkYuLmhQloJjatxC+bFMY=,jZmsQyKL/ki8Wq0P1IPPnZURS8g=
-64,70,Qh4fwFjkYuLmhQloJjatxC+bFMY=,L4EGparo/IVy/VvZl13VU2GwNWU=
-64,65,Qh4fwFjkYuLmhQloJjatxC+bFMY=,L4EGparo/IVy/VvZl13VU2GwNWU=
-64,69,Qh4fwFjkYuLmhQloJjatxC+bFMY=,L4EGparo/IVy/VvZl13VU2GwNWU=
-64,68,Qh4fwFjkYuLmhQloJjatxC+bFMY=,L4EGparo/IVy/VvZl13VU2GwNWU=
-64,67,Qh4fwFjkYuLmhQloJjatxC+bFMY=,L4EGparo/IVy/VvZl13VU2GwNWU=
-64,66,Qh4fwFjkYuLmhQloJjatxC+bFMY=,L4EGparo/IVy/VvZl13VU2GwNWU=
-49,79,Qh4fwFjkYuLmhQloJjatxC+bFMY=,jZmsQyKL/ki8Wq0P1IPPnZURS8g=
-49,78,Qh4fwFjkYuLmhQloJjatxC+bFMY=,jZmsQyKL/ki8Wq0P1IPPnZURS8g=
-49,77,Qh4fwFjkYuLmhQloJjatxC+bFMY=,jZmsQyKL/ki8Wq0P1IPPnZURS8g=
-49,71,Qh4fwFjkYuLmhQloJjatxC+bFMY=,GFk+KH9KZV8cHbylzfvh/f05RhQ=
-49,76,Qh4fwFjkYuLmhQloJjatxC+bFMY=,jZmsQyKL/ki8Wq0P1IPPnZURS8g=
-49,75,Qh4fwFjkYuLmhQloJjatxC+bFMY=,jZmsQyKL/ki8Wq0P1IPPnZURS8g=
-49,74,Qh4fwFjkYuLmhQloJjatxC+bFMY=,jZmsQyKL/ki8Wq0P1IPPnZURS8g=
-51,72,Qh4fwFjkYuLmhQloJjatxC+bFMY=,jZmsQyKL/ki8Wq0P1IPPnZURS8g=
-52,73,Qh4fwFjkYuLmhQloJjatxC+bFMY=,jZmsQyKL/ki8Wq0P1IPPnZURS8g=
-50,72,Qh4fwFjkYuLmhQloJjatxC+bFMY=,jZmsQyKL/ki8Wq0P1IPPnZURS8g=
-50,73,Qh4fwFjkYuLmhQloJjatxC+bFMY=,jZmsQyKL/ki8Wq0P1IPPnZURS8g=
-51,73,Qh4fwFjkYuLmhQloJjatxC+bFMY=,jZmsQyKL/ki8Wq0P1IPPnZURS8g=
-52,74,Qh4fwFjkYuLmhQloJjatxC+bFMY=,jZmsQyKL/ki8Wq0P1IPPnZURS8g=
-64,74,Qh4fwFjkYuLmhQloJjatxC+bFMY=,AvIJwtMgMN1Yt7u4SIjREVymKbI=
-49,73,Qh4fwFjkYuLmhQloJjatxC+bFMY=,jZmsQyKL/ki8Wq0P1IPPnZURS8g=
-49,72,Qh4fwFjkYuLmhQloJjatxC+bFMY=,jZmsQyKL/ki8Wq0P1IPPnZURS8g=
-52,78,Qh4fwFjkYuLmhQloJjatxC+bFMY=,jZmsQyKL/ki8Wq0P1IPPnZURS8g=
-51,77,Qh4fwFjkYuLmhQloJjatxC+bFMY=,jZmsQyKL/ki8Wq0P1IPPnZURS8g=
-52,77,Qh4fwFjkYuLmhQloJjatxC+bFMY=,jZmsQyKL/ki8Wq0P1IPPnZURS8g=
-50,71,Qh4fwFjkYuLmhQloJjatxC+bFMY=,GFk+KH9KZV8cHbylzfvh/f05RhQ=
-50,76,Qh4fwFjkYuLmhQloJjatxC+bFMY=,jZmsQyKL/ki8Wq0P1IPPnZURS8g=
-51,76,Qh4fwFjkYuLmhQloJjatxC+bFMY=,jZmsQyKL/ki8Wq0P1IPPnZURS8g=
-52,76,Qh4fwFjkYuLmhQloJjatxC+bFMY=,jZmsQyKL/ki8Wq0P1IPPnZURS8g=
-50,75,Qh4fwFjkYuLmhQloJjatxC+bFMY=,jZmsQyKL/ki8Wq0P1IPPnZURS8g=
-51,75,Qh4fwFjkYuLmhQloJjatxC+bFMY=,jZmsQyKL/ki8Wq0P1IPPnZURS8g=
-52,75,Qh4fwFjkYuLmhQloJjatxC+bFMY=,jZmsQyKL/ki8Wq0P1IPPnZURS8g=
-50,74,Qh4fwFjkYuLmhQloJjatxC+bFMY=,jZmsQyKL/ki8Wq0P1IPPnZURS8g=
-51,74,Qh4fwFjkYuLmhQloJjatxC+bFMY=,jZmsQyKL/ki8Wq0P1IPPnZURS8g=
-64,72,Qh4fwFjkYuLmhQloJjatxC+bFMY=,AvIJwtMgMN1Yt7u4SIjREVymKbI=
-64,75,Qh4fwFjkYuLmhQloJjatxC+bFMY=,AvIJwtMgMN1Yt7u4SIjREVymKbI=
-64,76,Qh4fwFjkYuLmhQloJjatxC+bFMY=,AvIJwtMgMN1Yt7u4SIjREVymKbI=
-64,77,Qh4fwFjkYuLmhQloJjatxC+bFMY=,AvIJwtMgMN1Yt7u4SIjREVymKbI=
-64,73,Qh4fwFjkYuLmhQloJjatxC+bFMY=,AvIJwtMgMN1Yt7u4SIjREVymKbI=
-64,78,Qh4fwFjkYuLmhQloJjatxC+bFMY=,AvIJwtMgMN1Yt7u4SIjREVymKbI=
-63,78,Qh4fwFjkYuLmhQloJjatxC+bFMY=,AvIJwtMgMN1Yt7u4SIjREVymKbI=
-62,78,Qh4fwFjkYuLmhQloJjatxC+bFMY=,AvIJwtMgMN1Yt7u4SIjREVymKbI=
-56,75,8GWQvIVbEE4LBZDIUWR9AxFFJ38=,jZmsQyKL/ki8Wq0P1IPPnZURS8g=
-60,69,Qh4fwFjkYuLmhQloJjatxC+bFMY=,L4EGparo/IVy/VvZl13VU2GwNWU=
-59,69,Qh4fwFjkYuLmhQloJjatxC+bFMY=,L4EGparo/IVy/VvZl13VU2GwNWU=
-62,73,Qh4fwFjkYuLmhQloJjatxC+bFMY=,AvIJwtMgMN1Yt7u4SIjREVymKbI=
-56,74,8GWQvIVbEE4LBZDIUWR9AxFFJ38=,jZmsQyKL/ki8Wq0P1IPPnZURS8g=
-60,68,Qh4fwFjkYuLmhQloJjatxC+bFMY=,L4EGparo/IVy/VvZl13VU2GwNWU=
-56,73,Qh4fwFjkYuLmhQloJjatxC+bFMY=,jZmsQyKL/ki8Wq0P1IPPnZURS8g=
-58,69,Qh4fwFjkYuLmhQloJjatxC+bFMY=,L4EGparo/IVy/VvZl13VU2GwNWU=
-53,73,Qh4fwFjkYuLmhQloJjatxC+bFMY=,jZmsQyKL/ki8Wq0P1IPPnZURS8g=
-63,70,Qh4fwFjkYuLmhQloJjatxC+bFMY=,L4EGparo/IVy/VvZl13VU2GwNWU=
-55,74,Qh4fwFjkYuLmhQloJjatxC+bFMY=,jZmsQyKL/ki8Wq0P1IPPnZURS8g=
-54,74,Qh4fwFjkYuLmhQloJjatxC+bFMY=,jZmsQyKL/ki8Wq0P1IPPnZURS8g=
-56,72,Qh4fwFjkYuLmhQloJjatxC+bFMY=,jZmsQyKL/ki8Wq0P1IPPnZURS8g=
-57,69,Qh4fwFjkYuLmhQloJjatxC+bFMY=,L4EGparo/IVy/VvZl13VU2GwNWU=
-56,71,Qh4fwFjkYuLmhQloJjatxC+bFMY=,GFk+KH9KZV8cHbylzfvh/f05RhQ=
-63,73,Qh4fwFjkYuLmhQloJjatxC+bFMY=,AvIJwtMgMN1Yt7u4SIjREVymKbI=
-53,74,Qh4fwFjkYuLmhQloJjatxC+bFMY=,jZmsQyKL/ki8Wq0P1IPPnZURS8g=
-62,70,Qh4fwFjkYuLmhQloJjatxC+bFMY=,L4EGparo/IVy/VvZl13VU2GwNWU=
-59,68,Qh4fwFjkYuLmhQloJjatxC+bFMY=,L4EGparo/IVy/VvZl13VU2GwNWU=
-53,75,Qh4fwFjkYuLmhQloJjatxC+bFMY=,jZmsQyKL/ki8Wq0P1IPPnZURS8g=
-54,75,Qh4fwFjkYuLmhQloJjatxC+bFMY=,jZmsQyKL/ki8Wq0P1IPPnZURS8g=
-57,72,8GWQvIVbEE4LBZDIUWR9AxFFJ38=,AvIJwtMgMN1Yt7u4SIjREVymKbI=
-55,75,Qh4fwFjkYuLmhQloJjatxC+bFMY=,jZmsQyKL/ki8Wq0P1IPPnZURS8g=
-58,68,8GWQvIVbEE4LBZDIUWR9AxFFJ38=,L4EGparo/IVy/VvZl13VU2GwNWU=
-57,68,8GWQvIVbEE4LBZDIUWR9AxFFJ38=,L4EGparo/IVy/VvZl13VU2GwNWU=
-58,72,8GWQvIVbEE4LBZDIUWR9AxFFJ38=,AvIJwtMgMN1Yt7u4SIjREVymKbI=
-64,79,8GWQvIVbEE4LBZDIUWR9AxFFJ38=,AvIJwtMgMN1Yt7u4SIjREVymKbI=
-63,79,8GWQvIVbEE4LBZDIUWR9AxFFJ38=,AvIJwtMgMN1Yt7u4SIjREVymKbI=
-59,72,8GWQvIVbEE4LBZDIUWR9AxFFJ38=,AvIJwtMgMN1Yt7u4SIjREVymKbI=
-58,70,8GWQvIVbEE4LBZDIUWR9AxFFJ38=,L4EGparo/IVy/VvZl13VU2GwNWU=
-61,79,8GWQvIVbEE4LBZDIUWR9AxFFJ38=,AvIJwtMgMN1Yt7u4SIjREVymKbI=
-57,70,Qh4fwFjkYuLmhQloJjatxC+bFMY=,L4EGparo/IVy/VvZl13VU2GwNWU=
-62,79,8GWQvIVbEE4LBZDIUWR9AxFFJ38=,AvIJwtMgMN1Yt7u4SIjREVymKbI=
-60,72,8GWQvIVbEE4LBZDIUWR9AxFFJ38=,AvIJwtMgMN1Yt7u4SIjREVymKbI=
-61,70,Qh4fwFjkYuLmhQloJjatxC+bFMY=,L4EGparo/IVy/VvZl13VU2GwNWU=
-59,70,Qh4fwFjkYuLmhQloJjatxC+bFMY=,L4EGparo/IVy/VvZl13VU2GwNWU=
-60,70,Qh4fwFjkYuLmhQloJjatxC+bFMY=,L4EGparo/IVy/VvZl13VU2GwNWU=
-56,79,8GWQvIVbEE4LBZDIUWR9AxFFJ38=,jZmsQyKL/ki8Wq0P1IPPnZURS8g=
-61,72,8GWQvIVbEE4LBZDIUWR9AxFFJ38=,AvIJwtMgMN1Yt7u4SIjREVymKbI=
-61,68,Qh4fwFjkYuLmhQloJjatxC+bFMY=,L4EGparo/IVy/VvZl13VU2GwNWU=
-60,78,8GWQvIVbEE4LBZDIUWR9AxFFJ38=,AvIJwtMgMN1Yt7u4SIjREVymKbI=
-64,64,8GWQvIVbEE4LBZDIUWR9AxFFJ38=,L4EGparo/IVy/VvZl13VU2GwNWU=
-63,64,8GWQvIVbEE4LBZDIUWR9AxFFJ38=,L4EGparo/IVy/VvZl13VU2GwNWU=
-57,75,8GWQvIVbEE4LBZDIUWR9AxFFJ38=,AvIJwtMgMN1Yt7u4SIjREVymKbI=
-62,68,Qh4fwFjkYuLmhQloJjatxC+bFMY=,L4EGparo/IVy/VvZl13VU2GwNWU=
-62,64,8GWQvIVbEE4LBZDIUWR9AxFFJ38=,L4EGparo/IVy/VvZl13VU2GwNWU=
-57,79,8GWQvIVbEE4LBZDIUWR9AxFFJ38=,AvIJwtMgMN1Yt7u4SIjREVymKbI=
-61,78,8GWQvIVbEE4LBZDIUWR9AxFFJ38=,AvIJwtMgMN1Yt7u4SIjREVymKbI=
-61,69,Qh4fwFjkYuLmhQloJjatxC+bFMY=,L4EGparo/IVy/VvZl13VU2GwNWU=
-61,64,8GWQvIVbEE4LBZDIUWR9AxFFJ38=,L4EGparo/IVy/VvZl13VU2GwNWU=
-61,65,8GWQvIVbEE4LBZDIUWR9AxFFJ38=,L4EGparo/IVy/VvZl13VU2GwNWU=
-62,67,8GWQvIVbEE4LBZDIUWR9AxFFJ38=,L4EGparo/IVy/VvZl13VU2GwNWU=
-62,66,8GWQvIVbEE4LBZDIUWR9AxFFJ38=,L4EGparo/IVy/VvZl13VU2GwNWU=
-58,79,8GWQvIVbEE4LBZDIUWR9AxFFJ38=,AvIJwtMgMN1Yt7u4SIjREVymKbI=
-61,67,8GWQvIVbEE4LBZDIUWR9AxFFJ38=,L4EGparo/IVy/VvZl13VU2GwNWU=
-62,65,8GWQvIVbEE4LBZDIUWR9AxFFJ38=,L4EGparo/IVy/VvZl13VU2GwNWU=
-61,66,8GWQvIVbEE4LBZDIUWR9AxFFJ38=,L4EGparo/IVy/VvZl13VU2GwNWU=
-59,78,8GWQvIVbEE4LBZDIUWR9AxFFJ38=,AvIJwtMgMN1Yt7u4SIjREVymKbI=
-62,69,Qh4fwFjkYuLmhQloJjatxC+bFMY=,L4EGparo/IVy/VvZl13VU2GwNWU=
-59,79,8GWQvIVbEE4LBZDIUWR9AxFFJ38=,AvIJwtMgMN1Yt7u4SIjREVymKbI=
-52,64,8GWQvIVbEE4LBZDIUWR9AxFFJ38=,GFk+KH9KZV8cHbylzfvh/f05RhQ=
-55,76,8GWQvIVbEE4LBZDIUWR9AxFFJ38=,jZmsQyKL/ki8Wq0P1IPPnZURS8g=
-54,76,8GWQvIVbEE4LBZDIUWR9AxFFJ38=,jZmsQyKL/ki8Wq0P1IPPnZURS8g=
-60,79,8GWQvIVbEE4LBZDIUWR9AxFFJ38=,AvIJwtMgMN1Yt7u4SIjREVymKbI=
-58,73,Qh4fwFjkYuLmhQloJjatxC+bFMY=,AvIJwtMgMN1Yt7u4SIjREVymKbI=
-49,64,8GWQvIVbEE4LBZDIUWR9AxFFJ38=,GFk+KH9KZV8cHbylzfvh/f05RhQ=
-55,65,8GWQvIVbEE4LBZDIUWR9AxFFJ38=,GFk+KH9KZV8cHbylzfvh/f05RhQ=
-51,65,8GWQvIVbEE4LBZDIUWR9AxFFJ38=,GFk+KH9KZV8cHbylzfvh/f05RhQ=
-51,66,8GWQvIVbEE4LBZDIUWR9AxFFJ38=,GFk+KH9KZV8cHbylzfvh/f05RhQ=
-50,64,8GWQvIVbEE4LBZDIUWR9AxFFJ38=,GFk+KH9KZV8cHbylzfvh/f05RhQ=
-58,64,8GWQvIVbEE4LBZDIUWR9AxFFJ38=,L4EGparo/IVy/VvZl13VU2GwNWU=
-58,78,8GWQvIVbEE4LBZDIUWR9AxFFJ38=,AvIJwtMgMN1Yt7u4SIjREVymKbI=
-51,64,8GWQvIVbEE4LBZDIUWR9AxFFJ38=,GFk+KH9KZV8cHbylzfvh/f05RhQ=
-57,73,Qh4fwFjkYuLmhQloJjatxC+bFMY=,AvIJwtMgMN1Yt7u4SIjREVymKbI=
-53,64,8GWQvIVbEE4LBZDIUWR9AxFFJ38=,GFk+KH9KZV8cHbylzfvh/f05RhQ=
-57,64,8GWQvIVbEE4LBZDIUWR9AxFFJ38=,L4EGparo/IVy/VvZl13VU2GwNWU=
-50,67,8GWQvIVbEE4LBZDIUWR9AxFFJ38=,GFk+KH9KZV8cHbylzfvh/f05RhQ=
-50,66,8GWQvIVbEE4LBZDIUWR9AxFFJ38=,GFk+KH9KZV8cHbylzfvh/f05RhQ=
-50,65,8GWQvIVbEE4LBZDIUWR9AxFFJ38=,GFk+KH9KZV8cHbylzfvh/f05RhQ=
-59,64,8GWQvIVbEE4LBZDIUWR9AxFFJ38=,L4EGparo/IVy/VvZl13VU2GwNWU=
-49,66,8GWQvIVbEE4LBZDIUWR9AxFFJ38=,GFk+KH9KZV8cHbylzfvh/f05RhQ=
-49,67,8GWQvIVbEE4LBZDIUWR9AxFFJ38=,GFk+KH9KZV8cHbylzfvh/f05RhQ=
-60,64,8GWQvIVbEE4LBZDIUWR9AxFFJ38=,L4EGparo/IVy/VvZl13VU2GwNWU=
-49,65,8GWQvIVbEE4LBZDIUWR9AxFFJ38=,GFk+KH9KZV8cHbylzfvh/f05RhQ=
-59,73,Qh4fwFjkYuLmhQloJjatxC+bFMY=,AvIJwtMgMN1Yt7u4SIjREVymKbI=
-56,65,8GWQvIVbEE4LBZDIUWR9AxFFJ38=,GFk+KH9KZV8cHbylzfvh/f05RhQ=
-58,65,8GWQvIVbEE4LBZDIUWR9AxFFJ38=,L4EGparo/IVy/VvZl13VU2GwNWU=
-54,64,8GWQvIVbEE4LBZDIUWR9AxFFJ38=,GFk+KH9KZV8cHbylzfvh/f05RhQ=
-57,78,8GWQvIVbEE4LBZDIUWR9AxFFJ38=,AvIJwtMgMN1Yt7u4SIjREVymKbI=
-59,66,8GWQvIVbEE4LBZDIUWR9AxFFJ38=,L4EGparo/IVy/VvZl13VU2GwNWU=
-55,64,8GWQvIVbEE4LBZDIUWR9AxFFJ38=,GFk+KH9KZV8cHbylzfvh/f05RhQ=
-58,66,8GWQvIVbEE4LBZDIUWR9AxFFJ38=,L4EGparo/IVy/VvZl13VU2GwNWU=
-56,64,8GWQvIVbEE4LBZDIUWR9AxFFJ38=,GFk+KH9KZV8cHbylzfvh/f05RhQ=
-57,65,8GWQvIVbEE4LBZDIUWR9AxFFJ38=,L4EGparo/IVy/VvZl13VU2GwNWU=
-60,66,8GWQvIVbEE4LBZDIUWR9AxFFJ38=,L4EGparo/IVy/VvZl13VU2GwNWU=
-57,77,8GWQvIVbEE4LBZDIUWR9AxFFJ38=,AvIJwtMgMN1Yt7u4SIjREVymKbI=
-60,67,8GWQvIVbEE4LBZDIUWR9AxFFJ38=,L4EGparo/IVy/VvZl13VU2GwNWU=
-59,65,8GWQvIVbEE4LBZDIUWR9AxFFJ38=,L4EGparo/IVy/VvZl13VU2GwNWU=
-60,73,Qh4fwFjkYuLmhQloJjatxC+bFMY=,AvIJwtMgMN1Yt7u4SIjREVymKbI=
-56,77,8GWQvIVbEE4LBZDIUWR9AxFFJ38=,jZmsQyKL/ki8Wq0P1IPPnZURS8g=
-59,71,Qh4fwFjkYuLmhQloJjatxC+bFMY=,L4EGparo/IVy/VvZl13VU2GwNWU=
-59,67,8GWQvIVbEE4LBZDIUWR9AxFFJ38=,L4EGparo/IVy/VvZl13VU2GwNWU=
-61,71,Qh4fwFjkYuLmhQloJjatxC+bFMY=,L4EGparo/IVy/VvZl13VU2GwNWU=
-60,65,8GWQvIVbEE4LBZDIUWR9AxFFJ38=,L4EGparo/IVy/VvZl13VU2GwNWU=
-63,71,Qh4fwFjkYuLmhQloJjatxC+bFMY=,L4EGparo/IVy/VvZl13VU2GwNWU=
-53,76,8GWQvIVbEE4LBZDIUWR9AxFFJ38=,jZmsQyKL/ki8Wq0P1IPPnZURS8g=
-55,77,8GWQvIVbEE4LBZDIUWR9AxFFJ38=,jZmsQyKL/ki8Wq0P1IPPnZURS8g=
-64,71,Qh4fwFjkYuLmhQloJjatxC+bFMY=,L4EGparo/IVy/VvZl13VU2GwNWU=
-60,71,Qh4fwFjkYuLmhQloJjatxC+bFMY=,L4EGparo/IVy/VvZl13VU2GwNWU=
-58,67,8GWQvIVbEE4LBZDIUWR9AxFFJ38=,L4EGparo/IVy/VvZl13VU2GwNWU=
-53,77,8GWQvIVbEE4LBZDIUWR9AxFFJ38=,jZmsQyKL/ki8Wq0P1IPPnZURS8g=
-62,71,Qh4fwFjkYuLmhQloJjatxC+bFMY=,L4EGparo/IVy/VvZl13VU2GwNWU=
-53,78,8GWQvIVbEE4LBZDIUWR9AxFFJ38=,jZmsQyKL/ki8Wq0P1IPPnZURS8g=
-54,77,8GWQvIVbEE4LBZDIUWR9AxFFJ38=,jZmsQyKL/ki8Wq0P1IPPnZURS8g=
-54,79,8GWQvIVbEE4LBZDIUWR9AxFFJ38=,jZmsQyKL/ki8Wq0P1IPPnZURS8g=
-58,77,8GWQvIVbEE4LBZDIUWR9AxFFJ38=,AvIJwtMgMN1Yt7u4SIjREVymKbI=
-55,79,8GWQvIVbEE4LBZDIUWR9AxFFJ38=,jZmsQyKL/ki8Wq0P1IPPnZURS8g=
-56,78,8GWQvIVbEE4LBZDIUWR9AxFFJ38=,jZmsQyKL/ki8Wq0P1IPPnZURS8g=
-54,78,8GWQvIVbEE4LBZDIUWR9AxFFJ38=,jZmsQyKL/ki8Wq0P1IPPnZURS8g=
-55,78,8GWQvIVbEE4LBZDIUWR9AxFFJ38=,jZmsQyKL/ki8Wq0P1IPPnZURS8g=
-61,73,Qh4fwFjkYuLmhQloJjatxC+bFMY=,AvIJwtMgMN1Yt7u4SIjREVymKbI=
-56,76,8GWQvIVbEE4LBZDIUWR9AxFFJ38=,jZmsQyKL/ki8Wq0P1IPPnZURS8g=
-60,76,8GWQvIVbEE4LBZDIUWR9AxFFJ38=,AvIJwtMgMN1Yt7u4SIjREVymKbI=
-59,77,8GWQvIVbEE4LBZDIUWR9AxFFJ38=,AvIJwtMgMN1Yt7u4SIjREVymKbI=
-63,76,8GWQvIVbEE4LBZDIUWR9AxFFJ38=,AvIJwtMgMN1Yt7u4SIjREVymKbI=
-61,76,8GWQvIVbEE4LBZDIUWR9AxFFJ38=,AvIJwtMgMN1Yt7u4SIjREVymKbI=
-58,71,Qh4fwFjkYuLmhQloJjatxC+bFMY=,L4EGparo/IVy/VvZl13VU2GwNWU=
-57,76,8GWQvIVbEE4LBZDIUWR9AxFFJ38=,AvIJwtMgMN1Yt7u4SIjREVymKbI=
-58,76,8GWQvIVbEE4LBZDIUWR9AxFFJ38=,AvIJwtMgMN1Yt7u4SIjREVymKbI=
-63,77,8GWQvIVbEE4LBZDIUWR9AxFFJ38=,AvIJwtMgMN1Yt7u4SIjREVymKbI=
-59,76,8GWQvIVbEE4LBZDIUWR9AxFFJ38=,AvIJwtMgMN1Yt7u4SIjREVymKbI=
-62,77,8GWQvIVbEE4LBZDIUWR9AxFFJ38=,AvIJwtMgMN1Yt7u4SIjREVymKbI=
-60,77,8GWQvIVbEE4LBZDIUWR9AxFFJ38=,AvIJwtMgMN1Yt7u4SIjREVymKbI=
-62,76,8GWQvIVbEE4LBZDIUWR9AxFFJ38=,AvIJwtMgMN1Yt7u4SIjREVymKbI=
-60,74,8GWQvIVbEE4LBZDIUWR9AxFFJ38=,AvIJwtMgMN1Yt7u4SIjREVymKbI=
-63,74,Qh4fwFjkYuLmhQloJjatxC+bFMY=,AvIJwtMgMN1Yt7u4SIjREVymKbI=
-57,71,Qh4fwFjkYuLmhQloJjatxC+bFMY=,L4EGparo/IVy/VvZl13VU2GwNWU=
-62,74,8GWQvIVbEE4LBZDIUWR9AxFFJ38=,AvIJwtMgMN1Yt7u4SIjREVymKbI=
-59,74,8GWQvIVbEE4LBZDIUWR9AxFFJ38=,AvIJwtMgMN1Yt7u4SIjREVymKbI=
-63,72,8GWQvIVbEE4LBZDIUWR9AxFFJ38=,AvIJwtMgMN1Yt7u4SIjREVymKbI=
-57,74,8GWQvIVbEE4LBZDIUWR9AxFFJ38=,AvIJwtMgMN1Yt7u4SIjREVymKbI=
-61,77,8GWQvIVbEE4LBZDIUWR9AxFFJ38=,AvIJwtMgMN1Yt7u4SIjREVymKbI=
-63,75,8GWQvIVbEE4LBZDIUWR9AxFFJ38=,AvIJwtMgMN1Yt7u4SIjREVymKbI=
-62,72,8GWQvIVbEE4LBZDIUWR9AxFFJ38=,AvIJwtMgMN1Yt7u4SIjREVymKbI=
-61,74,8GWQvIVbEE4LBZDIUWR9AxFFJ38=,AvIJwtMgMN1Yt7u4SIjREVymKbI=
-58,74,8GWQvIVbEE4LBZDIUWR9AxFFJ38=,AvIJwtMgMN1Yt7u4SIjREVymKbI=
-62,75,8GWQvIVbEE4LBZDIUWR9AxFFJ38=,AvIJwtMgMN1Yt7u4SIjREVymKbI=
-60,75,8GWQvIVbEE4LBZDIUWR9AxFFJ38=,AvIJwtMgMN1Yt7u4SIjREVymKbI=
-61,75,8GWQvIVbEE4LBZDIUWR9AxFFJ38=,AvIJwtMgMN1Yt7u4SIjREVymKbI=
-58,75,8GWQvIVbEE4LBZDIUWR9AxFFJ38=,AvIJwtMgMN1Yt7u4SIjREVymKbI=
-59,75,8GWQvIVbEE4LBZDIUWR9AxFFJ38=,AvIJwtMgMN1Yt7u4SIjREVymKbI=
-55,82,BE9kNzYo2MsaltIf/C4rBaWm5TY=,c9PEEmV5z3lMsxCnLFnr1svunco=
-54,82,BE9kNzYo2MsaltIf/C4rBaWm5TY=,c9PEEmV5z3lMsxCnLFnr1svunco=
-53,82,BE9kNzYo2MsaltIf/C4rBaWm5TY=,c9PEEmV5z3lMsxCnLFnr1svunco=
-50,81,BE9kNzYo2MsaltIf/C4rBaWm5TY=,c9PEEmV5z3lMsxCnLFnr1svunco=
-51,81,BE9kNzYo2MsaltIf/C4rBaWm5TY=,c9PEEmV5z3lMsxCnLFnr1svunco=
-53,81,BE9kNzYo2MsaltIf/C4rBaWm5TY=,c9PEEmV5z3lMsxCnLFnr1svunco=
-52,81,BE9kNzYo2MsaltIf/C4rBaWm5TY=,c9PEEmV5z3lMsxCnLFnr1svunco=
-54,81,BE9kNzYo2MsaltIf/C4rBaWm5TY=,c9PEEmV5z3lMsxCnLFnr1svunco=
-55,81,BE9kNzYo2MsaltIf/C4rBaWm5TY=,c9PEEmV5z3lMsxCnLFnr1svunco=
-50,87,BE9kNzYo2MsaltIf/C4rBaWm5TY=,c9PEEmV5z3lMsxCnLFnr1svunco=
-51,87,BE9kNzYo2MsaltIf/C4rBaWm5TY=,c9PEEmV5z3lMsxCnLFnr1svunco=
-52,87,BE9kNzYo2MsaltIf/C4rBaWm5TY=,c9PEEmV5z3lMsxCnLFnr1svunco=
-53,87,BE9kNzYo2MsaltIf/C4rBaWm5TY=,c9PEEmV5z3lMsxCnLFnr1svunco=
-54,87,BE9kNzYo2MsaltIf/C4rBaWm5TY=,c9PEEmV5z3lMsxCnLFnr1svunco=
-55,87,BE9kNzYo2MsaltIf/C4rBaWm5TY=,c9PEEmV5z3lMsxCnLFnr1svunco=
-50,86,BE9kNzYo2MsaltIf/C4rBaWm5TY=,c9PEEmV5z3lMsxCnLFnr1svunco=
-51,86,BE9kNzYo2MsaltIf/C4rBaWm5TY=,c9PEEmV5z3lMsxCnLFnr1svunco=
-52,86,BE9kNzYo2MsaltIf/C4rBaWm5TY=,c9PEEmV5z3lMsxCnLFnr1svunco=
-53,86,BE9kNzYo2MsaltIf/C4rBaWm5TY=,c9PEEmV5z3lMsxCnLFnr1svunco=
-54,86,BE9kNzYo2MsaltIf/C4rBaWm5TY=,c9PEEmV5z3lMsxCnLFnr1svunco=
-55,86,BE9kNzYo2MsaltIf/C4rBaWm5TY=,c9PEEmV5z3lMsxCnLFnr1svunco=
-50,85,BE9kNzYo2MsaltIf/C4rBaWm5TY=,c9PEEmV5z3lMsxCnLFnr1svunco=
-51,85,BE9kNzYo2MsaltIf/C4rBaWm5TY=,c9PEEmV5z3lMsxCnLFnr1svunco=
-52,85,BE9kNzYo2MsaltIf/C4rBaWm5TY=,c9PEEmV5z3lMsxCnLFnr1svunco=
-53,85,BE9kNzYo2MsaltIf/C4rBaWm5TY=,c9PEEmV5z3lMsxCnLFnr1svunco=
-54,85,BE9kNzYo2MsaltIf/C4rBaWm5TY=,c9PEEmV5z3lMsxCnLFnr1svunco=
-55,85,BE9kNzYo2MsaltIf/C4rBaWm5TY=,c9PEEmV5z3lMsxCnLFnr1svunco=
-50,84,BE9kNzYo2MsaltIf/C4rBaWm5TY=,c9PEEmV5z3lMsxCnLFnr1svunco=
-51,84,BE9kNzYo2MsaltIf/C4rBaWm5TY=,c9PEEmV5z3lMsxCnLFnr1svunco=
-53,84,BE9kNzYo2MsaltIf/C4rBaWm5TY=,c9PEEmV5z3lMsxCnLFnr1svunco=
-52,84,BE9kNzYo2MsaltIf/C4rBaWm5TY=,c9PEEmV5z3lMsxCnLFnr1svunco=
-55,84,BE9kNzYo2MsaltIf/C4rBaWm5TY=,c9PEEmV5z3lMsxCnLFnr1svunco=
-54,84,BE9kNzYo2MsaltIf/C4rBaWm5TY=,c9PEEmV5z3lMsxCnLFnr1svunco=
-50,83,BE9kNzYo2MsaltIf/C4rBaWm5TY=,c9PEEmV5z3lMsxCnLFnr1svunco=
-51,83,BE9kNzYo2MsaltIf/C4rBaWm5TY=,c9PEEmV5z3lMsxCnLFnr1svunco=
-52,83,BE9kNzYo2MsaltIf/C4rBaWm5TY=,c9PEEmV5z3lMsxCnLFnr1svunco=
-53,83,BE9kNzYo2MsaltIf/C4rBaWm5TY=,c9PEEmV5z3lMsxCnLFnr1svunco=
-54,83,BE9kNzYo2MsaltIf/C4rBaWm5TY=,c9PEEmV5z3lMsxCnLFnr1svunco=
-55,83,BE9kNzYo2MsaltIf/C4rBaWm5TY=,c9PEEmV5z3lMsxCnLFnr1svunco=
-50,82,BE9kNzYo2MsaltIf/C4rBaWm5TY=,c9PEEmV5z3lMsxCnLFnr1svunco=
-51,82,BE9kNzYo2MsaltIf/C4rBaWm5TY=,c9PEEmV5z3lMsxCnLFnr1svunco=
-52,82,BE9kNzYo2MsaltIf/C4rBaWm5TY=,c9PEEmV5z3lMsxCnLFnr1svunco=
-49,82,BE9kNzYo2MsaltIf/C4rBaWm5TY=,c9PEEmV5z3lMsxCnLFnr1svunco=
-49,83,BE9kNzYo2MsaltIf/C4rBaWm5TY=,c9PEEmV5z3lMsxCnLFnr1svunco=
-49,84,BE9kNzYo2MsaltIf/C4rBaWm5TY=,c9PEEmV5z3lMsxCnLFnr1svunco=
-49,85,BE9kNzYo2MsaltIf/C4rBaWm5TY=,c9PEEmV5z3lMsxCnLFnr1svunco=
-49,86,BE9kNzYo2MsaltIf/C4rBaWm5TY=,c9PEEmV5z3lMsxCnLFnr1svunco=
-49,81,BE9kNzYo2MsaltIf/C4rBaWm5TY=,c9PEEmV5z3lMsxCnLFnr1svunco=
-55,80,BE9kNzYo2MsaltIf/C4rBaWm5TY=,c9PEEmV5z3lMsxCnLFnr1svunco=
-54,80,BE9kNzYo2MsaltIf/C4rBaWm5TY=,c9PEEmV5z3lMsxCnLFnr1svunco=
-50,80,BE9kNzYo2MsaltIf/C4rBaWm5TY=,c9PEEmV5z3lMsxCnLFnr1svunco=
-51,80,BE9kNzYo2MsaltIf/C4rBaWm5TY=,c9PEEmV5z3lMsxCnLFnr1svunco=
-52,80,BE9kNzYo2MsaltIf/C4rBaWm5TY=,c9PEEmV5z3lMsxCnLFnr1svunco=
-49,80,BE9kNzYo2MsaltIf/C4rBaWm5TY=,c9PEEmV5z3lMsxCnLFnr1svunco=
-53,80,BE9kNzYo2MsaltIf/C4rBaWm5TY=,c9PEEmV5z3lMsxCnLFnr1svunco=
-49,87,BE9kNzYo2MsaltIf/C4rBaWm5TY=,c9PEEmV5z3lMsxCnLFnr1svunco=
-56,82,BE9kNzYo2MsaltIf/C4rBaWm5TY=,c9PEEmV5z3lMsxCnLFnr1svunco=
-58,86,BE9kNzYo2MsaltIf/C4rBaWm5TY=,XkGesfaWxeifkAQ5wwpU6mc8yog=
-60,85,BE9kNzYo2MsaltIf/C4rBaWm5TY=,XkGesfaWxeifkAQ5wwpU6mc8yog=
-59,85,BE9kNzYo2MsaltIf/C4rBaWm5TY=,XkGesfaWxeifkAQ5wwpU6mc8yog=
-57,86,BE9kNzYo2MsaltIf/C4rBaWm5TY=,XkGesfaWxeifkAQ5wwpU6mc8yog=
-56,83,BE9kNzYo2MsaltIf/C4rBaWm5TY=,c9PEEmV5z3lMsxCnLFnr1svunco=
-58,85,BE9kNzYo2MsaltIf/C4rBaWm5TY=,XkGesfaWxeifkAQ5wwpU6mc8yog=
-57,85,BE9kNzYo2MsaltIf/C4rBaWm5TY=,XkGesfaWxeifkAQ5wwpU6mc8yog=
-56,84,BE9kNzYo2MsaltIf/C4rBaWm5TY=,c9PEEmV5z3lMsxCnLFnr1svunco=
-64,87,BE9kNzYo2MsaltIf/C4rBaWm5TY=,XkGesfaWxeifkAQ5wwpU6mc8yog=
-56,85,BE9kNzYo2MsaltIf/C4rBaWm5TY=,c9PEEmV5z3lMsxCnLFnr1svunco=
-64,86,BE9kNzYo2MsaltIf/C4rBaWm5TY=,XkGesfaWxeifkAQ5wwpU6mc8yog=
-63,87,BE9kNzYo2MsaltIf/C4rBaWm5TY=,XkGesfaWxeifkAQ5wwpU6mc8yog=
-61,85,BE9kNzYo2MsaltIf/C4rBaWm5TY=,XkGesfaWxeifkAQ5wwpU6mc8yog=
-62,85,BE9kNzYo2MsaltIf/C4rBaWm5TY=,XkGesfaWxeifkAQ5wwpU6mc8yog=
-57,87,BE9kNzYo2MsaltIf/C4rBaWm5TY=,XkGesfaWxeifkAQ5wwpU6mc8yog=
-63,85,BE9kNzYo2MsaltIf/C4rBaWm5TY=,XkGesfaWxeifkAQ5wwpU6mc8yog=
-64,85,BE9kNzYo2MsaltIf/C4rBaWm5TY=,XkGesfaWxeifkAQ5wwpU6mc8yog=
-58,87,BE9kNzYo2MsaltIf/C4rBaWm5TY=,XkGesfaWxeifkAQ5wwpU6mc8yog=
-59,87,BE9kNzYo2MsaltIf/C4rBaWm5TY=,XkGesfaWxeifkAQ5wwpU6mc8yog=
-57,84,BE9kNzYo2MsaltIf/C4rBaWm5TY=,XkGesfaWxeifkAQ5wwpU6mc8yog=
-57,83,BE9kNzYo2MsaltIf/C4rBaWm5TY=,XkGesfaWxeifkAQ5wwpU6mc8yog=
-59,86,BE9kNzYo2MsaltIf/C4rBaWm5TY=,XkGesfaWxeifkAQ5wwpU6mc8yog=
-58,83,BE9kNzYo2MsaltIf/C4rBaWm5TY=,XkGesfaWxeifkAQ5wwpU6mc8yog=
-58,84,BE9kNzYo2MsaltIf/C4rBaWm5TY=,XkGesfaWxeifkAQ5wwpU6mc8yog=
-56,80,BE9kNzYo2MsaltIf/C4rBaWm5TY=,c9PEEmV5z3lMsxCnLFnr1svunco=
-60,87,BE9kNzYo2MsaltIf/C4rBaWm5TY=,XkGesfaWxeifkAQ5wwpU6mc8yog=
-64,80,BE9kNzYo2MsaltIf/C4rBaWm5TY=,XkGesfaWxeifkAQ5wwpU6mc8yog=
-61,81,BE9kNzYo2MsaltIf/C4rBaWm5TY=,XkGesfaWxeifkAQ5wwpU6mc8yog=
-60,81,BE9kNzYo2MsaltIf/C4rBaWm5TY=,XkGesfaWxeifkAQ5wwpU6mc8yog=
-59,84,BE9kNzYo2MsaltIf/C4rBaWm5TY=,XkGesfaWxeifkAQ5wwpU6mc8yog=
-59,82,BE9kNzYo2MsaltIf/C4rBaWm5TY=,XkGesfaWxeifkAQ5wwpU6mc8yog=
-60,84,BE9kNzYo2MsaltIf/C4rBaWm5TY=,XkGesfaWxeifkAQ5wwpU6mc8yog=
-62,80,BE9kNzYo2MsaltIf/C4rBaWm5TY=,XkGesfaWxeifkAQ5wwpU6mc8yog=
-61,84,BE9kNzYo2MsaltIf/C4rBaWm5TY=,XkGesfaWxeifkAQ5wwpU6mc8yog=
-62,84,BE9kNzYo2MsaltIf/C4rBaWm5TY=,XkGesfaWxeifkAQ5wwpU6mc8yog=
-59,81,BE9kNzYo2MsaltIf/C4rBaWm5TY=,XkGesfaWxeifkAQ5wwpU6mc8yog=
-56,87,BE9kNzYo2MsaltIf/C4rBaWm5TY=,c9PEEmV5z3lMsxCnLFnr1svunco=
-59,83,BE9kNzYo2MsaltIf/C4rBaWm5TY=,XkGesfaWxeifkAQ5wwpU6mc8yog=
-60,82,BE9kNzYo2MsaltIf/C4rBaWm5TY=,XkGesfaWxeifkAQ5wwpU6mc8yog=
-60,83,BE9kNzYo2MsaltIf/C4rBaWm5TY=,XkGesfaWxeifkAQ5wwpU6mc8yog=
-61,80,BE9kNzYo2MsaltIf/C4rBaWm5TY=,XkGesfaWxeifkAQ5wwpU6mc8yog=
-56,81,BE9kNzYo2MsaltIf/C4rBaWm5TY=,c9PEEmV5z3lMsxCnLFnr1svunco=
-63,84,BE9kNzYo2MsaltIf/C4rBaWm5TY=,XkGesfaWxeifkAQ5wwpU6mc8yog=
-64,84,BE9kNzYo2MsaltIf/C4rBaWm5TY=,XkGesfaWxeifkAQ5wwpU6mc8yog=
-59,80,BE9kNzYo2MsaltIf/C4rBaWm5TY=,XkGesfaWxeifkAQ5wwpU6mc8yog=
-64,82,BE9kNzYo2MsaltIf/C4rBaWm5TY=,XkGesfaWxeifkAQ5wwpU6mc8yog=
-60,80,BE9kNzYo2MsaltIf/C4rBaWm5TY=,XkGesfaWxeifkAQ5wwpU6mc8yog=
-61,82,BE9kNzYo2MsaltIf/C4rBaWm5TY=,XkGesfaWxeifkAQ5wwpU6mc8yog=
-61,83,BE9kNzYo2MsaltIf/C4rBaWm5TY=,XkGesfaWxeifkAQ5wwpU6mc8yog=
-60,86,BE9kNzYo2MsaltIf/C4rBaWm5TY=,XkGesfaWxeifkAQ5wwpU6mc8yog=
-58,81,BE9kNzYo2MsaltIf/C4rBaWm5TY=,XkGesfaWxeifkAQ5wwpU6mc8yog=
-61,87,BE9kNzYo2MsaltIf/C4rBaWm5TY=,XkGesfaWxeifkAQ5wwpU6mc8yog=
-62,83,BE9kNzYo2MsaltIf/C4rBaWm5TY=,XkGesfaWxeifkAQ5wwpU6mc8yog=
-56,86,BE9kNzYo2MsaltIf/C4rBaWm5TY=,c9PEEmV5z3lMsxCnLFnr1svunco=
-57,82,BE9kNzYo2MsaltIf/C4rBaWm5TY=,XkGesfaWxeifkAQ5wwpU6mc8yog=
-57,81,BE9kNzYo2MsaltIf/C4rBaWm5TY=,XkGesfaWxeifkAQ5wwpU6mc8yog=
-61,86,BE9kNzYo2MsaltIf/C4rBaWm5TY=,XkGesfaWxeifkAQ5wwpU6mc8yog=
-58,80,BE9kNzYo2MsaltIf/C4rBaWm5TY=,XkGesfaWxeifkAQ5wwpU6mc8yog=
-62,86,BE9kNzYo2MsaltIf/C4rBaWm5TY=,XkGesfaWxeifkAQ5wwpU6mc8yog=
-64,83,BE9kNzYo2MsaltIf/C4rBaWm5TY=,XkGesfaWxeifkAQ5wwpU6mc8yog=
-58,82,BE9kNzYo2MsaltIf/C4rBaWm5TY=,XkGesfaWxeifkAQ5wwpU6mc8yog=
-63,86,BE9kNzYo2MsaltIf/C4rBaWm5TY=,XkGesfaWxeifkAQ5wwpU6mc8yog=
-62,81,BE9kNzYo2MsaltIf/C4rBaWm5TY=,XkGesfaWxeifkAQ5wwpU6mc8yog=
-62,87,BE9kNzYo2MsaltIf/C4rBaWm5TY=,XkGesfaWxeifkAQ5wwpU6mc8yog=
-63,83,BE9kNzYo2MsaltIf/C4rBaWm5TY=,XkGesfaWxeifkAQ5wwpU6mc8yog=
-57,80,BE9kNzYo2MsaltIf/C4rBaWm5TY=,XkGesfaWxeifkAQ5wwpU6mc8yog=
-64,81,BE9kNzYo2MsaltIf/C4rBaWm5TY=,XkGesfaWxeifkAQ5wwpU6mc8yog=
-62,82,BE9kNzYo2MsaltIf/C4rBaWm5TY=,XkGesfaWxeifkAQ5wwpU6mc8yog=
-63,80,BE9kNzYo2MsaltIf/C4rBaWm5TY=,XkGesfaWxeifkAQ5wwpU6mc8yog=
-63,82,BE9kNzYo2MsaltIf/C4rBaWm5TY=,XkGesfaWxeifkAQ5wwpU6mc8yog=
-63,81,BE9kNzYo2MsaltIf/C4rBaWm5TY=,XkGesfaWxeifkAQ5wwpU6mc8yog=
-45,74,cFigmA5CAPXovAWeHcc+Ji6DPfY=,88dSb3YXvU+25aftw2bQV9BP5rE=
-44,74,cFigmA5CAPXovAWeHcc+Ji6DPfY=,88dSb3YXvU+25aftw2bQV9BP5rE=
-43,74,cFigmA5CAPXovAWeHcc+Ji6DPfY=,88dSb3YXvU+25aftw2bQV9BP5rE=
-42,74,cFigmA5CAPXovAWeHcc+Ji6DPfY=,88dSb3YXvU+25aftw2bQV9BP5rE=
-41,74,L67iqVWwxWDOOEXjX7urccjabqg=,88dSb3YXvU+25aftw2bQV9BP5rE=
-47,75,cFigmA5CAPXovAWeHcc+Ji6DPfY=,88dSb3YXvU+25aftw2bQV9BP5rE=
-46,75,cFigmA5CAPXovAWeHcc+Ji6DPfY=,88dSb3YXvU+25aftw2bQV9BP5rE=
-45,75,cFigmA5CAPXovAWeHcc+Ji6DPfY=,88dSb3YXvU+25aftw2bQV9BP5rE=
-44,75,cFigmA5CAPXovAWeHcc+Ji6DPfY=,88dSb3YXvU+25aftw2bQV9BP5rE=
-43,75,cFigmA5CAPXovAWeHcc+Ji6DPfY=,88dSb3YXvU+25aftw2bQV9BP5rE=
-42,75,cFigmA5CAPXovAWeHcc+Ji6DPfY=,88dSb3YXvU+25aftw2bQV9BP5rE=
-41,75,L67iqVWwxWDOOEXjX7urccjabqg=,88dSb3YXvU+25aftw2bQV9BP5rE=
-47,76,cFigmA5CAPXovAWeHcc+Ji6DPfY=,88dSb3YXvU+25aftw2bQV9BP5rE=
-46,76,cFigmA5CAPXovAWeHcc+Ji6DPfY=,88dSb3YXvU+25aftw2bQV9BP5rE=
-45,76,cFigmA5CAPXovAWeHcc+Ji6DPfY=,88dSb3YXvU+25aftw2bQV9BP5rE=
-44,76,cFigmA5CAPXovAWeHcc+Ji6DPfY=,88dSb3YXvU+25aftw2bQV9BP5rE=
-43,76,cFigmA5CAPXovAWeHcc+Ji6DPfY=,88dSb3YXvU+25aftw2bQV9BP5rE=
-42,76,cFigmA5CAPXovAWeHcc+Ji6DPfY=,88dSb3YXvU+25aftw2bQV9BP5rE=
-41,76,L67iqVWwxWDOOEXjX7urccjabqg=,88dSb3YXvU+25aftw2bQV9BP5rE=
-47,77,cFigmA5CAPXovAWeHcc+Ji6DPfY=,88dSb3YXvU+25aftw2bQV9BP5rE=
-46,77,cFigmA5CAPXovAWeHcc+Ji6DPfY=,88dSb3YXvU+25aftw2bQV9BP5rE=
-45,77,cFigmA5CAPXovAWeHcc+Ji6DPfY=,88dSb3YXvU+25aftw2bQV9BP5rE=
-44,77,cFigmA5CAPXovAWeHcc+Ji6DPfY=,88dSb3YXvU+25aftw2bQV9BP5rE=
-43,77,cFigmA5CAPXovAWeHcc+Ji6DPfY=,88dSb3YXvU+25aftw2bQV9BP5rE=
-42,77,cFigmA5CAPXovAWeHcc+Ji6DPfY=,88dSb3YXvU+25aftw2bQV9BP5rE=
-41,77,L67iqVWwxWDOOEXjX7urccjabqg=,88dSb3YXvU+25aftw2bQV9BP5rE=
-47,78,cFigmA5CAPXovAWeHcc+Ji6DPfY=,88dSb3YXvU+25aftw2bQV9BP5rE=
-46,78,cFigmA5CAPXovAWeHcc+Ji6DPfY=,88dSb3YXvU+25aftw2bQV9BP5rE=
-45,78,cFigmA5CAPXovAWeHcc+Ji6DPfY=,88dSb3YXvU+25aftw2bQV9BP5rE=
-44,78,cFigmA5CAPXovAWeHcc+Ji6DPfY=,88dSb3YXvU+25aftw2bQV9BP5rE=
-43,78,cFigmA5CAPXovAWeHcc+Ji6DPfY=,88dSb3YXvU+25aftw2bQV9BP5rE=
-42,78,cFigmA5CAPXovAWeHcc+Ji6DPfY=,88dSb3YXvU+25aftw2bQV9BP5rE=
-41,78,L67iqVWwxWDOOEXjX7urccjabqg=,88dSb3YXvU+25aftw2bQV9BP5rE=
-44,73,cFigmA5CAPXovAWeHcc+Ji6DPfY=,88dSb3YXvU+25aftw2bQV9BP5rE=
-43,73,cFigmA5CAPXovAWeHcc+Ji6DPfY=,88dSb3YXvU+25aftw2bQV9BP5rE=
-42,73,cFigmA5CAPXovAWeHcc+Ji6DPfY=,88dSb3YXvU+25aftw2bQV9BP5rE=
-41,73,L67iqVWwxWDOOEXjX7urccjabqg=,88dSb3YXvU+25aftw2bQV9BP5rE=
-47,79,cFigmA5CAPXovAWeHcc+Ji6DPfY=,88dSb3YXvU+25aftw2bQV9BP5rE=
-42,79,cFigmA5CAPXovAWeHcc+Ji6DPfY=,88dSb3YXvU+25aftw2bQV9BP5rE=
-43,79,cFigmA5CAPXovAWeHcc+Ji6DPfY=,88dSb3YXvU+25aftw2bQV9BP5rE=
-44,79,cFigmA5CAPXovAWeHcc+Ji6DPfY=,88dSb3YXvU+25aftw2bQV9BP5rE=
-45,79,cFigmA5CAPXovAWeHcc+Ji6DPfY=,88dSb3YXvU+25aftw2bQV9BP5rE=
-46,79,cFigmA5CAPXovAWeHcc+Ji6DPfY=,88dSb3YXvU+25aftw2bQV9BP5rE=
-41,79,L67iqVWwxWDOOEXjX7urccjabqg=,88dSb3YXvU+25aftw2bQV9BP5rE=
-48,76,L67iqVWwxWDOOEXjX7urccjabqg=,88dSb3YXvU+25aftw2bQV9BP5rE=
-48,77,L67iqVWwxWDOOEXjX7urccjabqg=,88dSb3YXvU+25aftw2bQV9BP5rE=
-48,78,L67iqVWwxWDOOEXjX7urccjabqg=,88dSb3YXvU+25aftw2bQV9BP5rE=
-48,79,L67iqVWwxWDOOEXjX7urccjabqg=,88dSb3YXvU+25aftw2bQV9BP5rE=
-41,72,L67iqVWwxWDOOEXjX7urccjabqg=,88dSb3YXvU+25aftw2bQV9BP5rE=
-42,72,cFigmA5CAPXovAWeHcc+Ji6DPfY=,88dSb3YXvU+25aftw2bQV9BP5rE=
-43,72,cFigmA5CAPXovAWeHcc+Ji6DPfY=,88dSb3YXvU+25aftw2bQV9BP5rE=
-44,72,cFigmA5CAPXovAWeHcc+Ji6DPfY=,88dSb3YXvU+25aftw2bQV9BP5rE=
-45,72,cFigmA5CAPXovAWeHcc+Ji6DPfY=,88dSb3YXvU+25aftw2bQV9BP5rE=
-48,67,4o4GXE0Rt0YrzYVWhLVwpFW5H3k=,OSWtusuCSUctBbpbXw3wBgDlkmw=
-47,67,soXaGONPJuGrWWEXJTvSAltnT6M=,OSWtusuCSUctBbpbXw3wBgDlkmw=
-47,70,soXaGONPJuGrWWEXJTvSAltnT6M=,OSWtusuCSUctBbpbXw3wBgDlkmw=
-46,64,soXaGONPJuGrWWEXJTvSAltnT6M=,OSWtusuCSUctBbpbXw3wBgDlkmw=
-44,68,4o4GXE0Rt0YrzYVWhLVwpFW5H3k=,OSWtusuCSUctBbpbXw3wBgDlkmw=
-48,66,soXaGONPJuGrWWEXJTvSAltnT6M=,OSWtusuCSUctBbpbXw3wBgDlkmw=
-48,69,soXaGONPJuGrWWEXJTvSAltnT6M=,OSWtusuCSUctBbpbXw3wBgDlkmw=
-47,69,soXaGONPJuGrWWEXJTvSAltnT6M=,OSWtusuCSUctBbpbXw3wBgDlkmw=
-44,69,soXaGONPJuGrWWEXJTvSAltnT6M=,OSWtusuCSUctBbpbXw3wBgDlkmw=
-47,74,cFigmA5CAPXovAWeHcc+Ji6DPfY=,88dSb3YXvU+25aftw2bQV9BP5rE=
-42,68,soXaGONPJuGrWWEXJTvSAltnT6M=,OSWtusuCSUctBbpbXw3wBgDlkmw=
-48,70,soXaGONPJuGrWWEXJTvSAltnT6M=,OSWtusuCSUctBbpbXw3wBgDlkmw=
-46,74,cFigmA5CAPXovAWeHcc+Ji6DPfY=,88dSb3YXvU+25aftw2bQV9BP5rE=
-44,65,soXaGONPJuGrWWEXJTvSAltnT6M=,OSWtusuCSUctBbpbXw3wBgDlkmw=
-46,69,soXaGONPJuGrWWEXJTvSAltnT6M=,OSWtusuCSUctBbpbXw3wBgDlkmw=
-48,68,soXaGONPJuGrWWEXJTvSAltnT6M=,OSWtusuCSUctBbpbXw3wBgDlkmw=
-42,65,soXaGONPJuGrWWEXJTvSAltnT6M=,OSWtusuCSUctBbpbXw3wBgDlkmw=
-46,68,soXaGONPJuGrWWEXJTvSAltnT6M=,OSWtusuCSUctBbpbXw3wBgDlkmw=
-47,65,soXaGONPJuGrWWEXJTvSAltnT6M=,OSWtusuCSUctBbpbXw3wBgDlkmw=
-46,66,soXaGONPJuGrWWEXJTvSAltnT6M=,OSWtusuCSUctBbpbXw3wBgDlkmw=
-47,68,soXaGONPJuGrWWEXJTvSAltnT6M=,OSWtusuCSUctBbpbXw3wBgDlkmw=
-45,69,soXaGONPJuGrWWEXJTvSAltnT6M=,OSWtusuCSUctBbpbXw3wBgDlkmw=
-48,72,L67iqVWwxWDOOEXjX7urccjabqg=,88dSb3YXvU+25aftw2bQV9BP5rE=
-41,68,soXaGONPJuGrWWEXJTvSAltnT6M=,OSWtusuCSUctBbpbXw3wBgDlkmw=
-43,67,soXaGONPJuGrWWEXJTvSAltnT6M=,OSWtusuCSUctBbpbXw3wBgDlkmw=
-47,72,cFigmA5CAPXovAWeHcc+Ji6DPfY=,88dSb3YXvU+25aftw2bQV9BP5rE=
-43,66,soXaGONPJuGrWWEXJTvSAltnT6M=,OSWtusuCSUctBbpbXw3wBgDlkmw=
-46,72,cFigmA5CAPXovAWeHcc+Ji6DPfY=,88dSb3YXvU+25aftw2bQV9BP5rE=
-47,64,soXaGONPJuGrWWEXJTvSAltnT6M=,OSWtusuCSUctBbpbXw3wBgDlkmw=
-48,71,soXaGONPJuGrWWEXJTvSAltnT6M=,OSWtusuCSUctBbpbXw3wBgDlkmw=
-42,67,soXaGONPJuGrWWEXJTvSAltnT6M=,OSWtusuCSUctBbpbXw3wBgDlkmw=
-42,69,soXaGONPJuGrWWEXJTvSAltnT6M=,OSWtusuCSUctBbpbXw3wBgDlkmw=
-41,70,soXaGONPJuGrWWEXJTvSAltnT6M=,OSWtusuCSUctBbpbXw3wBgDlkmw=
-47,73,cFigmA5CAPXovAWeHcc+Ji6DPfY=,88dSb3YXvU+25aftw2bQV9BP5rE=
-46,70,soXaGONPJuGrWWEXJTvSAltnT6M=,OSWtusuCSUctBbpbXw3wBgDlkmw=
-48,65,soXaGONPJuGrWWEXJTvSAltnT6M=,OSWtusuCSUctBbpbXw3wBgDlkmw=
-42,66,soXaGONPJuGrWWEXJTvSAltnT6M=,OSWtusuCSUctBbpbXw3wBgDlkmw=
-44,66,soXaGONPJuGrWWEXJTvSAltnT6M=,OSWtusuCSUctBbpbXw3wBgDlkmw=
-44,67,soXaGONPJuGrWWEXJTvSAltnT6M=,OSWtusuCSUctBbpbXw3wBgDlkmw=
-42,64,soXaGONPJuGrWWEXJTvSAltnT6M=,OSWtusuCSUctBbpbXw3wBgDlkmw=
-45,66,soXaGONPJuGrWWEXJTvSAltnT6M=,OSWtusuCSUctBbpbXw3wBgDlkmw=
-46,71,soXaGONPJuGrWWEXJTvSAltnT6M=,OSWtusuCSUctBbpbXw3wBgDlkmw=
-43,64,soXaGONPJuGrWWEXJTvSAltnT6M=,OSWtusuCSUctBbpbXw3wBgDlkmw=
-45,68,soXaGONPJuGrWWEXJTvSAltnT6M=,OSWtusuCSUctBbpbXw3wBgDlkmw=
-46,73,cFigmA5CAPXovAWeHcc+Ji6DPfY=,88dSb3YXvU+25aftw2bQV9BP5rE=
-45,73,cFigmA5CAPXovAWeHcc+Ji6DPfY=,88dSb3YXvU+25aftw2bQV9BP5rE=
-45,64,soXaGONPJuGrWWEXJTvSAltnT6M=,OSWtusuCSUctBbpbXw3wBgDlkmw=
-41,64,soXaGONPJuGrWWEXJTvSAltnT6M=,OSWtusuCSUctBbpbXw3wBgDlkmw=
-48,64,soXaGONPJuGrWWEXJTvSAltnT6M=,OSWtusuCSUctBbpbXw3wBgDlkmw=
-41,69,soXaGONPJuGrWWEXJTvSAltnT6M=,OSWtusuCSUctBbpbXw3wBgDlkmw=
-44,64,soXaGONPJuGrWWEXJTvSAltnT6M=,OSWtusuCSUctBbpbXw3wBgDlkmw=
-41,66,soXaGONPJuGrWWEXJTvSAltnT6M=,OSWtusuCSUctBbpbXw3wBgDlkmw=
-45,70,soXaGONPJuGrWWEXJTvSAltnT6M=,OSWtusuCSUctBbpbXw3wBgDlkmw=
-48,74,L67iqVWwxWDOOEXjX7urccjabqg=,88dSb3YXvU+25aftw2bQV9BP5rE=
-48,75,L67iqVWwxWDOOEXjX7urccjabqg=,88dSb3YXvU+25aftw2bQV9BP5rE=
-47,71,soXaGONPJuGrWWEXJTvSAltnT6M=,OSWtusuCSUctBbpbXw3wBgDlkmw=
-48,73,L67iqVWwxWDOOEXjX7urccjabqg=,88dSb3YXvU+25aftw2bQV9BP5rE=
-41,71,soXaGONPJuGrWWEXJTvSAltnT6M=,OSWtusuCSUctBbpbXw3wBgDlkmw=
-43,70,soXaGONPJuGrWWEXJTvSAltnT6M=,OSWtusuCSUctBbpbXw3wBgDlkmw=
-45,71,soXaGONPJuGrWWEXJTvSAltnT6M=,OSWtusuCSUctBbpbXw3wBgDlkmw=
-44,71,soXaGONPJuGrWWEXJTvSAltnT6M=,OSWtusuCSUctBbpbXw3wBgDlkmw=
-43,65,soXaGONPJuGrWWEXJTvSAltnT6M=,OSWtusuCSUctBbpbXw3wBgDlkmw=
-42,71,soXaGONPJuGrWWEXJTvSAltnT6M=,OSWtusuCSUctBbpbXw3wBgDlkmw=
-43,69,soXaGONPJuGrWWEXJTvSAltnT6M=,OSWtusuCSUctBbpbXw3wBgDlkmw=
-41,67,soXaGONPJuGrWWEXJTvSAltnT6M=,OSWtusuCSUctBbpbXw3wBgDlkmw=
-41,65,soXaGONPJuGrWWEXJTvSAltnT6M=,OSWtusuCSUctBbpbXw3wBgDlkmw=
-46,67,soXaGONPJuGrWWEXJTvSAltnT6M=,OSWtusuCSUctBbpbXw3wBgDlkmw=
-47,66,soXaGONPJuGrWWEXJTvSAltnT6M=,OSWtusuCSUctBbpbXw3wBgDlkmw=
-42,70,soXaGONPJuGrWWEXJTvSAltnT6M=,OSWtusuCSUctBbpbXw3wBgDlkmw=
-44,70,soXaGONPJuGrWWEXJTvSAltnT6M=,OSWtusuCSUctBbpbXw3wBgDlkmw=
-45,65,soXaGONPJuGrWWEXJTvSAltnT6M=,OSWtusuCSUctBbpbXw3wBgDlkmw=
-43,71,soXaGONPJuGrWWEXJTvSAltnT6M=,OSWtusuCSUctBbpbXw3wBgDlkmw=
-43,68,soXaGONPJuGrWWEXJTvSAltnT6M=,OSWtusuCSUctBbpbXw3wBgDlkmw=
-45,67,soXaGONPJuGrWWEXJTvSAltnT6M=,OSWtusuCSUctBbpbXw3wBgDlkmw=
-46,65,soXaGONPJuGrWWEXJTvSAltnT6M=,OSWtusuCSUctBbpbXw3wBgDlkmw=
-46,90,cFigmA5CAPXovAWeHcc+Ji6DPfY=,88dSb3YXvU+25aftw2bQV9BP5rE=
-43,89,cFigmA5CAPXovAWeHcc+Ji6DPfY=,88dSb3YXvU+25aftw2bQV9BP5rE=
-47,90,cFigmA5CAPXovAWeHcc+Ji6DPfY=,88dSb3YXvU+25aftw2bQV9BP5rE=
-41,93,cFigmA5CAPXovAWeHcc+Ji6DPfY=,88dSb3YXvU+25aftw2bQV9BP5rE=
-45,89,cFigmA5CAPXovAWeHcc+Ji6DPfY=,88dSb3YXvU+25aftw2bQV9BP5rE=
-41,89,cFigmA5CAPXovAWeHcc+Ji6DPfY=,88dSb3YXvU+25aftw2bQV9BP5rE=
-44,92,cFigmA5CAPXovAWeHcc+Ji6DPfY=,88dSb3YXvU+25aftw2bQV9BP5rE=
-41,94,cFigmA5CAPXovAWeHcc+Ji6DPfY=,88dSb3YXvU+25aftw2bQV9BP5rE=
-42,93,cFigmA5CAPXovAWeHcc+Ji6DPfY=,88dSb3YXvU+25aftw2bQV9BP5rE=
-46,89,cFigmA5CAPXovAWeHcc+Ji6DPfY=,88dSb3YXvU+25aftw2bQV9BP5rE=
-47,89,cFigmA5CAPXovAWeHcc+Ji6DPfY=,88dSb3YXvU+25aftw2bQV9BP5rE=
-45,92,cFigmA5CAPXovAWeHcc+Ji6DPfY=,88dSb3YXvU+25aftw2bQV9BP5rE=
-42,89,cFigmA5CAPXovAWeHcc+Ji6DPfY=,88dSb3YXvU+25aftw2bQV9BP5rE=
-44,89,cFigmA5CAPXovAWeHcc+Ji6DPfY=,88dSb3YXvU+25aftw2bQV9BP5rE=
-45,91,cFigmA5CAPXovAWeHcc+Ji6DPfY=,88dSb3YXvU+25aftw2bQV9BP5rE=
-42,94,cFigmA5CAPXovAWeHcc+Ji6DPfY=,88dSb3YXvU+25aftw2bQV9BP5rE=
-43,94,cFigmA5CAPXovAWeHcc+Ji6DPfY=,88dSb3YXvU+25aftw2bQV9BP5rE=
-44,94,cFigmA5CAPXovAWeHcc+Ji6DPfY=,88dSb3YXvU+25aftw2bQV9BP5rE=
-46,92,cFigmA5CAPXovAWeHcc+Ji6DPfY=,88dSb3YXvU+25aftw2bQV9BP5rE=
-46,91,cFigmA5CAPXovAWeHcc+Ji6DPfY=,88dSb3YXvU+25aftw2bQV9BP5rE=
-47,91,cFigmA5CAPXovAWeHcc+Ji6DPfY=,88dSb3YXvU+25aftw2bQV9BP5rE=
-45,94,cFigmA5CAPXovAWeHcc+Ji6DPfY=,88dSb3YXvU+25aftw2bQV9BP5rE=
-47,92,cFigmA5CAPXovAWeHcc+Ji6DPfY=,88dSb3YXvU+25aftw2bQV9BP5rE=
-41,90,cFigmA5CAPXovAWeHcc+Ji6DPfY=,88dSb3YXvU+25aftw2bQV9BP5rE=
-42,88,cFigmA5CAPXovAWeHcc+Ji6DPfY=,88dSb3YXvU+25aftw2bQV9BP5rE=
-43,88,cFigmA5CAPXovAWeHcc+Ji6DPfY=,88dSb3YXvU+25aftw2bQV9BP5rE=
-47,88,cFigmA5CAPXovAWeHcc+Ji6DPfY=,88dSb3YXvU+25aftw2bQV9BP5rE=
-44,93,cFigmA5CAPXovAWeHcc+Ji6DPfY=,88dSb3YXvU+25aftw2bQV9BP5rE=
-45,93,cFigmA5CAPXovAWeHcc+Ji6DPfY=,88dSb3YXvU+25aftw2bQV9BP5rE=
-46,93,cFigmA5CAPXovAWeHcc+Ji6DPfY=,88dSb3YXvU+25aftw2bQV9BP5rE=
-43,93,cFigmA5CAPXovAWeHcc+Ji6DPfY=,88dSb3YXvU+25aftw2bQV9BP5rE=
-41,91,cFigmA5CAPXovAWeHcc+Ji6DPfY=,88dSb3YXvU+25aftw2bQV9BP5rE=
-42,90,cFigmA5CAPXovAWeHcc+Ji6DPfY=,88dSb3YXvU+25aftw2bQV9BP5rE=
-47,93,cFigmA5CAPXovAWeHcc+Ji6DPfY=,88dSb3YXvU+25aftw2bQV9BP5rE=
-41,92,cFigmA5CAPXovAWeHcc+Ji6DPfY=,88dSb3YXvU+25aftw2bQV9BP5rE=
-43,90,cFigmA5CAPXovAWeHcc+Ji6DPfY=,88dSb3YXvU+25aftw2bQV9BP5rE=
-42,91,cFigmA5CAPXovAWeHcc+Ji6DPfY=,88dSb3YXvU+25aftw2bQV9BP5rE=
-44,88,cFigmA5CAPXovAWeHcc+Ji6DPfY=,88dSb3YXvU+25aftw2bQV9BP5rE=
-45,88,cFigmA5CAPXovAWeHcc+Ji6DPfY=,88dSb3YXvU+25aftw2bQV9BP5rE=
-46,94,cFigmA5CAPXovAWeHcc+Ji6DPfY=,88dSb3YXvU+25aftw2bQV9BP5rE=
-44,91,cFigmA5CAPXovAWeHcc+Ji6DPfY=,88dSb3YXvU+25aftw2bQV9BP5rE=
-47,94,cFigmA5CAPXovAWeHcc+Ji6DPfY=,88dSb3YXvU+25aftw2bQV9BP5rE=
-42,92,cFigmA5CAPXovAWeHcc+Ji6DPfY=,88dSb3YXvU+25aftw2bQV9BP5rE=
-44,90,cFigmA5CAPXovAWeHcc+Ji6DPfY=,88dSb3YXvU+25aftw2bQV9BP5rE=
-46,88,cFigmA5CAPXovAWeHcc+Ji6DPfY=,88dSb3YXvU+25aftw2bQV9BP5rE=
-45,90,cFigmA5CAPXovAWeHcc+Ji6DPfY=,88dSb3YXvU+25aftw2bQV9BP5rE=
-48,94,cFigmA5CAPXovAWeHcc+Ji6DPfY=,88dSb3YXvU+25aftw2bQV9BP5rE=
-48,92,cFigmA5CAPXovAWeHcc+Ji6DPfY=,88dSb3YXvU+25aftw2bQV9BP5rE=
-48,93,cFigmA5CAPXovAWeHcc+Ji6DPfY=,88dSb3YXvU+25aftw2bQV9BP5rE=
-48,89,cFigmA5CAPXovAWeHcc+Ji6DPfY=,88dSb3YXvU+25aftw2bQV9BP5rE=
-48,91,cFigmA5CAPXovAWeHcc+Ji6DPfY=,88dSb3YXvU+25aftw2bQV9BP5rE=
-48,90,cFigmA5CAPXovAWeHcc+Ji6DPfY=,88dSb3YXvU+25aftw2bQV9BP5rE=
-41,88,cFigmA5CAPXovAWeHcc+Ji6DPfY=,88dSb3YXvU+25aftw2bQV9BP5rE=
-43,91,cFigmA5CAPXovAWeHcc+Ji6DPfY=,88dSb3YXvU+25aftw2bQV9BP5rE=
-48,88,cFigmA5CAPXovAWeHcc+Ji6DPfY=,88dSb3YXvU+25aftw2bQV9BP5rE=
-42,95,cFigmA5CAPXovAWeHcc+Ji6DPfY=,88dSb3YXvU+25aftw2bQV9BP5rE=
-48,95,cFigmA5CAPXovAWeHcc+Ji6DPfY=,88dSb3YXvU+25aftw2bQV9BP5rE=
-43,95,cFigmA5CAPXovAWeHcc+Ji6DPfY=,88dSb3YXvU+25aftw2bQV9BP5rE=
-44,95,cFigmA5CAPXovAWeHcc+Ji6DPfY=,88dSb3YXvU+25aftw2bQV9BP5rE=
-45,95,cFigmA5CAPXovAWeHcc+Ji6DPfY=,88dSb3YXvU+25aftw2bQV9BP5rE=
-46,95,cFigmA5CAPXovAWeHcc+Ji6DPfY=,88dSb3YXvU+25aftw2bQV9BP5rE=
-47,95,cFigmA5CAPXovAWeHcc+Ji6DPfY=,88dSb3YXvU+25aftw2bQV9BP5rE=
-41,95,cFigmA5CAPXovAWeHcc+Ji6DPfY=,88dSb3YXvU+25aftw2bQV9BP5rE=
-43,92,cFigmA5CAPXovAWeHcc+Ji6DPfY=,88dSb3YXvU+25aftw2bQV9BP5rE=
-55,93,dNmNn2z6vmUz8zbeZ7XdwI6fZbw=,88dSb3YXvU+25aftw2bQV9BP5rE=
-54,93,dNmNn2z6vmUz8zbeZ7XdwI6fZbw=,88dSb3YXvU+25aftw2bQV9BP5rE=
-50,92,dNmNn2z6vmUz8zbeZ7XdwI6fZbw=,88dSb3YXvU+25aftw2bQV9BP5rE=
-50,91,dNmNn2z6vmUz8zbeZ7XdwI6fZbw=,88dSb3YXvU+25aftw2bQV9BP5rE=
-51,91,dNmNn2z6vmUz8zbeZ7XdwI6fZbw=,88dSb3YXvU+25aftw2bQV9BP5rE=
-53,93,dNmNn2z6vmUz8zbeZ7XdwI6fZbw=,88dSb3YXvU+25aftw2bQV9BP5rE=
-51,92,WoxcQdfbIq2WUYA5jIeJVkJOTPk=,88dSb3YXvU+25aftw2bQV9BP5rE=
-50,90,WoxcQdfbIq2WUYA5jIeJVkJOTPk=,88dSb3YXvU+25aftw2bQV9BP5rE=
-51,90,WoxcQdfbIq2WUYA5jIeJVkJOTPk=,88dSb3YXvU+25aftw2bQV9BP5rE=
-52,92,WoxcQdfbIq2WUYA5jIeJVkJOTPk=,88dSb3YXvU+25aftw2bQV9BP5rE=
-52,90,WoxcQdfbIq2WUYA5jIeJVkJOTPk=,88dSb3YXvU+25aftw2bQV9BP5rE=
-53,92,WoxcQdfbIq2WUYA5jIeJVkJOTPk=,88dSb3YXvU+25aftw2bQV9BP5rE=
-53,90,WoxcQdfbIq2WUYA5jIeJVkJOTPk=,88dSb3YXvU+25aftw2bQV9BP5rE=
-54,90,WoxcQdfbIq2WUYA5jIeJVkJOTPk=,88dSb3YXvU+25aftw2bQV9BP5rE=
-52,91,WoxcQdfbIq2WUYA5jIeJVkJOTPk=,88dSb3YXvU+25aftw2bQV9BP5rE=
-53,91,WoxcQdfbIq2WUYA5jIeJVkJOTPk=,88dSb3YXvU+25aftw2bQV9BP5rE=
-50,94,WoxcQdfbIq2WUYA5jIeJVkJOTPk=,88dSb3YXvU+25aftw2bQV9BP5rE=
-51,94,WoxcQdfbIq2WUYA5jIeJVkJOTPk=,88dSb3YXvU+25aftw2bQV9BP5rE=
-50,89,WoxcQdfbIq2WUYA5jIeJVkJOTPk=,88dSb3YXvU+25aftw2bQV9BP5rE=
-54,92,WoxcQdfbIq2WUYA5jIeJVkJOTPk=,88dSb3YXvU+25aftw2bQV9BP5rE=
-52,94,WoxcQdfbIq2WUYA5jIeJVkJOTPk=,88dSb3YXvU+25aftw2bQV9BP5rE=
-53,94,WoxcQdfbIq2WUYA5jIeJVkJOTPk=,88dSb3YXvU+25aftw2bQV9BP5rE=
-54,94,WoxcQdfbIq2WUYA5jIeJVkJOTPk=,88dSb3YXvU+25aftw2bQV9BP5rE=
-55,94,WoxcQdfbIq2WUYA5jIeJVkJOTPk=,88dSb3YXvU+25aftw2bQV9BP5rE=
-55,92,WoxcQdfbIq2WUYA5jIeJVkJOTPk=,88dSb3YXvU+25aftw2bQV9BP5rE=
-50,93,WoxcQdfbIq2WUYA5jIeJVkJOTPk=,88dSb3YXvU+25aftw2bQV9BP5rE=
-51,89,WoxcQdfbIq2WUYA5jIeJVkJOTPk=,88dSb3YXvU+25aftw2bQV9BP5rE=
-51,93,WoxcQdfbIq2WUYA5jIeJVkJOTPk=,88dSb3YXvU+25aftw2bQV9BP5rE=
-52,89,WoxcQdfbIq2WUYA5jIeJVkJOTPk=,88dSb3YXvU+25aftw2bQV9BP5rE=
-53,89,WoxcQdfbIq2WUYA5jIeJVkJOTPk=,88dSb3YXvU+25aftw2bQV9BP5rE=
-54,89,WoxcQdfbIq2WUYA5jIeJVkJOTPk=,88dSb3YXvU+25aftw2bQV9BP5rE=
-55,90,WoxcQdfbIq2WUYA5jIeJVkJOTPk=,88dSb3YXvU+25aftw2bQV9BP5rE=
-55,89,WoxcQdfbIq2WUYA5jIeJVkJOTPk=,88dSb3YXvU+25aftw2bQV9BP5rE=
-52,93,WoxcQdfbIq2WUYA5jIeJVkJOTPk=,88dSb3YXvU+25aftw2bQV9BP5rE=
-54,91,WoxcQdfbIq2WUYA5jIeJVkJOTPk=,88dSb3YXvU+25aftw2bQV9BP5rE=
-55,91,WoxcQdfbIq2WUYA5jIeJVkJOTPk=,88dSb3YXvU+25aftw2bQV9BP5rE=
-52,88,WoxcQdfbIq2WUYA5jIeJVkJOTPk=,88dSb3YXvU+25aftw2bQV9BP5rE=
-54,88,WoxcQdfbIq2WUYA5jIeJVkJOTPk=,88dSb3YXvU+25aftw2bQV9BP5rE=
-55,88,WoxcQdfbIq2WUYA5jIeJVkJOTPk=,88dSb3YXvU+25aftw2bQV9BP5rE=
-53,88,WoxcQdfbIq2WUYA5jIeJVkJOTPk=,88dSb3YXvU+25aftw2bQV9BP5rE=
-50,88,WoxcQdfbIq2WUYA5jIeJVkJOTPk=,88dSb3YXvU+25aftw2bQV9BP5rE=
-51,88,WoxcQdfbIq2WUYA5jIeJVkJOTPk=,88dSb3YXvU+25aftw2bQV9BP5rE=
-56,94,WoxcQdfbIq2WUYA5jIeJVkJOTPk=,88dSb3YXvU+25aftw2bQV9BP5rE=
-56,90,WoxcQdfbIq2WUYA5jIeJVkJOTPk=,88dSb3YXvU+25aftw2bQV9BP5rE=
-56,89,WoxcQdfbIq2WUYA5jIeJVkJOTPk=,88dSb3YXvU+25aftw2bQV9BP5rE=
-56,92,WoxcQdfbIq2WUYA5jIeJVkJOTPk=,88dSb3YXvU+25aftw2bQV9BP5rE=
-56,91,WoxcQdfbIq2WUYA5jIeJVkJOTPk=,88dSb3YXvU+25aftw2bQV9BP5rE=
-56,93,WoxcQdfbIq2WUYA5jIeJVkJOTPk=,88dSb3YXvU+25aftw2bQV9BP5rE=
-56,88,WoxcQdfbIq2WUYA5jIeJVkJOTPk=,88dSb3YXvU+25aftw2bQV9BP5rE=
-56,95,WoxcQdfbIq2WUYA5jIeJVkJOTPk=,88dSb3YXvU+25aftw2bQV9BP5rE=
-55,95,WoxcQdfbIq2WUYA5jIeJVkJOTPk=,88dSb3YXvU+25aftw2bQV9BP5rE=
-54,95,WoxcQdfbIq2WUYA5jIeJVkJOTPk=,88dSb3YXvU+25aftw2bQV9BP5rE=
-53,95,WoxcQdfbIq2WUYA5jIeJVkJOTPk=,88dSb3YXvU+25aftw2bQV9BP5rE=
-52,95,WoxcQdfbIq2WUYA5jIeJVkJOTPk=,88dSb3YXvU+25aftw2bQV9BP5rE=
-51,95,WoxcQdfbIq2WUYA5jIeJVkJOTPk=,88dSb3YXvU+25aftw2bQV9BP5rE=
-50,95,WoxcQdfbIq2WUYA5jIeJVkJOTPk=,88dSb3YXvU+25aftw2bQV9BP5rE=
-49,93,WoxcQdfbIq2WUYA5jIeJVkJOTPk=,88dSb3YXvU+25aftw2bQV9BP5rE=
-49,94,WoxcQdfbIq2WUYA5jIeJVkJOTPk=,88dSb3YXvU+25aftw2bQV9BP5rE=
-49,90,WoxcQdfbIq2WUYA5jIeJVkJOTPk=,88dSb3YXvU+25aftw2bQV9BP5rE=
-49,89,WoxcQdfbIq2WUYA5jIeJVkJOTPk=,88dSb3YXvU+25aftw2bQV9BP5rE=
-49,91,WoxcQdfbIq2WUYA5jIeJVkJOTPk=,88dSb3YXvU+25aftw2bQV9BP5rE=
-49,88,WoxcQdfbIq2WUYA5jIeJVkJOTPk=,88dSb3YXvU+25aftw2bQV9BP5rE=
-49,92,WoxcQdfbIq2WUYA5jIeJVkJOTPk=,88dSb3YXvU+25aftw2bQV9BP5rE=
-49,95,WoxcQdfbIq2WUYA5jIeJVkJOTPk=,88dSb3YXvU+25aftw2bQV9BP5rE=
-44,83,VZyM4H4qJWSdrvJsN+vkTUIkE7o=,88dSb3YXvU+25aftw2bQV9BP5rE=
-47,82,VZyM4H4qJWSdrvJsN+vkTUIkE7o=,88dSb3YXvU+25aftw2bQV9BP5rE=
-45,86,VZyM4H4qJWSdrvJsN+vkTUIkE7o=,88dSb3YXvU+25aftw2bQV9BP5rE=
-46,86,VZyM4H4qJWSdrvJsN+vkTUIkE7o=,88dSb3YXvU+25aftw2bQV9BP5rE=
-47,86,VZyM4H4qJWSdrvJsN+vkTUIkE7o=,88dSb3YXvU+25aftw2bQV9BP5rE=
-44,84,VZyM4H4qJWSdrvJsN+vkTUIkE7o=,88dSb3YXvU+25aftw2bQV9BP5rE=
-44,85,VZyM4H4qJWSdrvJsN+vkTUIkE7o=,88dSb3YXvU+25aftw2bQV9BP5rE=
-45,83,VZyM4H4qJWSdrvJsN+vkTUIkE7o=,88dSb3YXvU+25aftw2bQV9BP5rE=
-46,83,VZyM4H4qJWSdrvJsN+vkTUIkE7o=,88dSb3YXvU+25aftw2bQV9BP5rE=
-45,85,VZyM4H4qJWSdrvJsN+vkTUIkE7o=,88dSb3YXvU+25aftw2bQV9BP5rE=
-46,85,VZyM4H4qJWSdrvJsN+vkTUIkE7o=,88dSb3YXvU+25aftw2bQV9BP5rE=
-45,84,VZyM4H4qJWSdrvJsN+vkTUIkE7o=,88dSb3YXvU+25aftw2bQV9BP5rE=
-47,85,VZyM4H4qJWSdrvJsN+vkTUIkE7o=,88dSb3YXvU+25aftw2bQV9BP5rE=
-46,84,VZyM4H4qJWSdrvJsN+vkTUIkE7o=,88dSb3YXvU+25aftw2bQV9BP5rE=
-47,83,VZyM4H4qJWSdrvJsN+vkTUIkE7o=,88dSb3YXvU+25aftw2bQV9BP5rE=
-43,81,VZyM4H4qJWSdrvJsN+vkTUIkE7o=,88dSb3YXvU+25aftw2bQV9BP5rE=
-44,81,VZyM4H4qJWSdrvJsN+vkTUIkE7o=,88dSb3YXvU+25aftw2bQV9BP5rE=
-45,81,VZyM4H4qJWSdrvJsN+vkTUIkE7o=,88dSb3YXvU+25aftw2bQV9BP5rE=
-46,81,VZyM4H4qJWSdrvJsN+vkTUIkE7o=,88dSb3YXvU+25aftw2bQV9BP5rE=
-47,81,VZyM4H4qJWSdrvJsN+vkTUIkE7o=,88dSb3YXvU+25aftw2bQV9BP5rE=
-47,84,VZyM4H4qJWSdrvJsN+vkTUIkE7o=,88dSb3YXvU+25aftw2bQV9BP5rE=
-44,82,VZyM4H4qJWSdrvJsN+vkTUIkE7o=,88dSb3YXvU+25aftw2bQV9BP5rE=
-45,82,VZyM4H4qJWSdrvJsN+vkTUIkE7o=,88dSb3YXvU+25aftw2bQV9BP5rE=
-46,82,VZyM4H4qJWSdrvJsN+vkTUIkE7o=,88dSb3YXvU+25aftw2bQV9BP5rE=
-48,81,cFigmA5CAPXovAWeHcc+Ji6DPfY=,88dSb3YXvU+25aftw2bQV9BP5rE=
-48,84,cFigmA5CAPXovAWeHcc+Ji6DPfY=,88dSb3YXvU+25aftw2bQV9BP5rE=
-48,83,cFigmA5CAPXovAWeHcc+Ji6DPfY=,88dSb3YXvU+25aftw2bQV9BP5rE=
-48,85,cFigmA5CAPXovAWeHcc+Ji6DPfY=,88dSb3YXvU+25aftw2bQV9BP5rE=
-48,86,cFigmA5CAPXovAWeHcc+Ji6DPfY=,88dSb3YXvU+25aftw2bQV9BP5rE=
-48,82,cFigmA5CAPXovAWeHcc+Ji6DPfY=,88dSb3YXvU+25aftw2bQV9BP5rE=
-46,80,cFigmA5CAPXovAWeHcc+Ji6DPfY=,88dSb3YXvU+25aftw2bQV9BP5rE=
-45,80,cFigmA5CAPXovAWeHcc+Ji6DPfY=,88dSb3YXvU+25aftw2bQV9BP5rE=
-44,80,cFigmA5CAPXovAWeHcc+Ji6DPfY=,88dSb3YXvU+25aftw2bQV9BP5rE=
-47,80,cFigmA5CAPXovAWeHcc+Ji6DPfY=,88dSb3YXvU+25aftw2bQV9BP5rE=
-43,80,cFigmA5CAPXovAWeHcc+Ji6DPfY=,88dSb3YXvU+25aftw2bQV9BP5rE=
-48,80,cFigmA5CAPXovAWeHcc+Ji6DPfY=,88dSb3YXvU+25aftw2bQV9BP5rE=
-42,80,cFigmA5CAPXovAWeHcc+Ji6DPfY=,88dSb3YXvU+25aftw2bQV9BP5rE=
-41,80,cFigmA5CAPXovAWeHcc+Ji6DPfY=,88dSb3YXvU+25aftw2bQV9BP5rE=
-42,83,cFigmA5CAPXovAWeHcc+Ji6DPfY=,88dSb3YXvU+25aftw2bQV9BP5rE=
-43,83,cFigmA5CAPXovAWeHcc+Ji6DPfY=,88dSb3YXvU+25aftw2bQV9BP5rE=
-42,81,cFigmA5CAPXovAWeHcc+Ji6DPfY=,88dSb3YXvU+25aftw2bQV9BP5rE=
-42,82,cFigmA5CAPXovAWeHcc+Ji6DPfY=,88dSb3YXvU+25aftw2bQV9BP5rE=
-43,82,cFigmA5CAPXovAWeHcc+Ji6DPfY=,88dSb3YXvU+25aftw2bQV9BP5rE=
-41,83,cFigmA5CAPXovAWeHcc+Ji6DPfY=,88dSb3YXvU+25aftw2bQV9BP5rE=
-41,82,cFigmA5CAPXovAWeHcc+Ji6DPfY=,88dSb3YXvU+25aftw2bQV9BP5rE=
-41,81,cFigmA5CAPXovAWeHcc+Ji6DPfY=,88dSb3YXvU+25aftw2bQV9BP5rE=
-48,87,cFigmA5CAPXovAWeHcc+Ji6DPfY=,88dSb3YXvU+25aftw2bQV9BP5rE=
-47,87,cFigmA5CAPXovAWeHcc+Ji6DPfY=,88dSb3YXvU+25aftw2bQV9BP5rE=
-45,87,cFigmA5CAPXovAWeHcc+Ji6DPfY=,88dSb3YXvU+25aftw2bQV9BP5rE=
-46,87,cFigmA5CAPXovAWeHcc+Ji6DPfY=,88dSb3YXvU+25aftw2bQV9BP5rE=
-42,87,cFigmA5CAPXovAWeHcc+Ji6DPfY=,88dSb3YXvU+25aftw2bQV9BP5rE=
-41,87,cFigmA5CAPXovAWeHcc+Ji6DPfY=,88dSb3YXvU+25aftw2bQV9BP5rE=
-43,87,cFigmA5CAPXovAWeHcc+Ji6DPfY=,88dSb3YXvU+25aftw2bQV9BP5rE=
-44,87,cFigmA5CAPXovAWeHcc+Ji6DPfY=,88dSb3YXvU+25aftw2bQV9BP5rE=
-44,86,cFigmA5CAPXovAWeHcc+Ji6DPfY=,88dSb3YXvU+25aftw2bQV9BP5rE=
-43,86,cFigmA5CAPXovAWeHcc+Ji6DPfY=,88dSb3YXvU+25aftw2bQV9BP5rE=
-43,84,cFigmA5CAPXovAWeHcc+Ji6DPfY=,88dSb3YXvU+25aftw2bQV9BP5rE=
-42,85,cFigmA5CAPXovAWeHcc+Ji6DPfY=,88dSb3YXvU+25aftw2bQV9BP5rE=
-42,84,cFigmA5CAPXovAWeHcc+Ji6DPfY=,88dSb3YXvU+25aftw2bQV9BP5rE=
-42,86,cFigmA5CAPXovAWeHcc+Ji6DPfY=,88dSb3YXvU+25aftw2bQV9BP5rE=
-41,86,cFigmA5CAPXovAWeHcc+Ji6DPfY=,88dSb3YXvU+25aftw2bQV9BP5rE=
-41,84,cFigmA5CAPXovAWeHcc+Ji6DPfY=,88dSb3YXvU+25aftw2bQV9BP5rE=
-41,85,cFigmA5CAPXovAWeHcc+Ji6DPfY=,88dSb3YXvU+25aftw2bQV9BP5rE=
-43,85,cFigmA5CAPXovAWeHcc+Ji6DPfY=,88dSb3YXvU+25aftw2bQV9BP5rE=
