300,194,QpyhF7djgjekjF3SIMfMUAyDQFE=,7Sd9C+KMWizieqH+XuUloSkc4jw=
300,193,QpyhF7djgjekjF3SIMfMUAyDQFE=,7Sd9C+KMWizieqH+XuUloSkc4jw=
301,193,QpyhF7djgjekjF3SIMfMUAyDQFE=,7Sd9C+KMWizieqH+XuUloSkc4jw=
300,195,QpyhF7djgjekjF3SIMfMUAyDQFE=,7Sd9C+KMWizieqH+XuUloSkc4jw=
301,195,QpyhF7djgjekjF3SIMfMUAyDQFE=,7Sd9C+KMWizieqH+XuUloSkc4jw=
301,192,QpyhF7djgjekjF3SIMfMUAyDQFE=,7Sd9C+KMWizieqH+XuUloSkc4jw=
300,192,QpyhF7djgjekjF3SIMfMUAyDQFE=,7Sd9C+KMWizieqH+XuUloSkc4jw=
302,195,QpyhF7djgjekjF3SIMfMUAyDQFE=,7Sd9C+KMWizieqH+XuUloSkc4jw=
302,193,QpyhF7djgjekjF3SIMfMUAyDQFE=,7Sd9C+KMWizieqH+XuUloSkc4jw=
302,194,QpyhF7djgjekjF3SIMfMUAyDQFE=,7Sd9C+KMWizieqH+XuUloSkc4jw=
301,194,QpyhF7djgjekjF3SIMfMUAyDQFE=,7Sd9C+KMWizieqH+XuUloSkc4jw=
302,192,QpyhF7djgjekjF3SIMfMUAyDQFE=,7Sd9C+KMWizieqH+XuUloSkc4jw=
303,195,QpyhF7djgjekjF3SIMfMUAyDQFE=,7Sd9C+KMWizieqH+XuUloSkc4jw=
303,194,QpyhF7djgjekjF3SIMfMUAyDQFE=,7Sd9C+KMWizieqH+XuUloSkc4jw=
303,192,QpyhF7djgjekjF3SIMfMUAyDQFE=,7Sd9C+KMWizieqH+XuUloSkc4jw=
303,193,QpyhF7djgjekjF3SIMfMUAyDQFE=,7Sd9C+KMWizieqH+XuUloSkc4jw=
304,195,QpyhF7djgjekjF3SIMfMUAyDQFE=,oRewpPB9GRPGxbwck2+M9PSwPaY=
306,195,QpyhF7djgjekjF3SIMfMUAyDQFE=,oRewpPB9GRPGxbwck2+M9PSwPaY=
305,195,QpyhF7djgjekjF3SIMfMUAyDQFE=,oRewpPB9GRPGxbwck2+M9PSwPaY=
307,195,QpyhF7djgjekjF3SIMfMUAyDQFE=,oRewpPB9GRPGxbwck2+M9PSwPaY=
307,193,QpyhF7djgjekjF3SIMfMUAyDQFE=,oRewpPB9GRPGxbwck2+M9PSwPaY=
307,192,QpyhF7djgjekjF3SIMfMUAyDQFE=,oRewpPB9GRPGxbwck2+M9PSwPaY=
307,194,QpyhF7djgjekjF3SIMfMUAyDQFE=,oRewpPB9GRPGxbwck2+M9PSwPaY=
306,194,QpyhF7djgjekjF3SIMfMUAyDQFE=,oRewpPB9GRPGxbwck2+M9PSwPaY=
304,194,QpyhF7djgjekjF3SIMfMUAyDQFE=,oRewpPB9GRPGxbwck2+M9PSwPaY=
305,194,QpyhF7djgjekjF3SIMfMUAyDQFE=,oRewpPB9GRPGxbwck2+M9PSwPaY=
305,193,QpyhF7djgjekjF3SIMfMUAyDQFE=,oRewpPB9GRPGxbwck2+M9PSwPaY=
306,193,QpyhF7djgjekjF3SIMfMUAyDQFE=,oRewpPB9GRPGxbwck2+M9PSwPaY=
306,192,QpyhF7djgjekjF3SIMfMUAyDQFE=,oRewpPB9GRPGxbwck2+M9PSwPaY=
304,193,QpyhF7djgjekjF3SIMfMUAyDQFE=,oRewpPB9GRPGxbwck2+M9PSwPaY=
305,192,QpyhF7djgjekjF3SIMfMUAyDQFE=,oRewpPB9GRPGxbwck2+M9PSwPaY=
304,192,QpyhF7djgjekjF3SIMfMUAyDQFE=,oRewpPB9GRPGxbwck2+M9PSwPaY=
