-75,-37,APvMdJmVhgp+bJrxV+yuXYPnY88=,VZ/a3jBVs/kGANGRpoZ2rvckRlo=
-77,-35,APvMdJmVhgp+bJrxV+yuXYPnY88=,9OKnM0y1CokJvf3TUtyXfRjSzfc=
-76,-36,APvMdJmVhgp+bJrxV+yuXYPnY88=,H+FbZTdZ+6+VjUth1/+wu9qEsj4=
-75,-38,APvMdJmVhgp+bJrxV+yuXYPnY88=,VZ/a3jBVs/kGANGRpoZ2rvckRlo=
-78,-37,APvMdJmVhgp+bJrxV+yuXYPnY88=,MFx0tfhBbPNsK7ShBtSovLm/xDs=
-78,-35,APvMdJmVhgp+bJrxV+yuXYPnY88=,9OKnM0y1CokJvf3TUtyXfRjSzfc=
-78,-36,APvMdJmVhgp+bJrxV+yuXYPnY88=,9OKnM0y1CokJvf3TUtyXfRjSzfc=
-75,-35,APvMdJmVhgp+bJrxV+yuXYPnY88=,H+FbZTdZ+6+VjUth1/+wu9qEsj4=
-77,-38,HJoxigzLErGt55i62Q9w1hKQJT0=,MFx0tfhBbPNsK7ShBtSovLm/xDs=
-78,-38,APvMdJmVhgp+bJrxV+yuXYPnY88=,MFx0tfhBbPNsK7ShBtSovLm/xDs=
-76,-38,APvMdJmVhgp+bJrxV+yuXYPnY88=,VZ/a3jBVs/kGANGRpoZ2rvckRlo=
-76,-35,APvMdJmVhgp+bJrxV+yuXYPnY88=,H+FbZTdZ+6+VjUth1/+wu9qEsj4=
-75,-36,APvMdJmVhgp+bJrxV+yuXYPnY88=,H+FbZTdZ+6+VjUth1/+wu9qEsj4=
-77,-37,APvMdJmVhgp+bJrxV+yuXYPnY88=,MFx0tfhBbPNsK7ShBtSovLm/xDs=
-76,-37,APvMdJmVhgp+bJrxV+yuXYPnY88=,VZ/a3jBVs/kGANGRpoZ2rvckRlo=
-77,-36,APvMdJmVhgp+bJrxV+yuXYPnY88=,9OKnM0y1CokJvf3TUtyXfRjSzfc=
-72,-38,EARxUSqSzxt9tomEmTf4ksWsgrs=,+SX2OspLk8vTcqB7xLy/T5IeB80=
-73,-35,EARxUSqSzxt9tomEmTf4ksWsgrs=,H+FbZTdZ+6+VjUth1/+wu9qEsj4=
-72,-35,EARxUSqSzxt9tomEmTf4ksWsgrs=,Y16j+wvCGTND27tdN5tvtRb+8Z4=
-74,-36,EARxUSqSzxt9tomEmTf4ksWsgrs=,H+FbZTdZ+6+VjUth1/+wu9qEsj4=
-72,-37,EARxUSqSzxt9tomEmTf4ksWsgrs=,+SX2OspLk8vTcqB7xLy/T5IeB80=
-73,-37,EARxUSqSzxt9tomEmTf4ksWsgrs=,VZ/a3jBVs/kGANGRpoZ2rvckRlo=
-74,-35,EARxUSqSzxt9tomEmTf4ksWsgrs=,H+FbZTdZ+6+VjUth1/+wu9qEsj4=
-71,-36,EARxUSqSzxt9tomEmTf4ksWsgrs=,Y16j+wvCGTND27tdN5tvtRb+8Z4=
-73,-36,EARxUSqSzxt9tomEmTf4ksWsgrs=,H+FbZTdZ+6+VjUth1/+wu9qEsj4=
-74,-38,EARxUSqSzxt9tomEmTf4ksWsgrs=,VZ/a3jBVs/kGANGRpoZ2rvckRlo=
-71,-38,EARxUSqSzxt9tomEmTf4ksWsgrs=,+SX2OspLk8vTcqB7xLy/T5IeB80=
-71,-35,EARxUSqSzxt9tomEmTf4ksWsgrs=,Y16j+wvCGTND27tdN5tvtRb+8Z4=
-74,-37,EARxUSqSzxt9tomEmTf4ksWsgrs=,VZ/a3jBVs/kGANGRpoZ2rvckRlo=
-72,-36,EARxUSqSzxt9tomEmTf4ksWsgrs=,Y16j+wvCGTND27tdN5tvtRb+8Z4=
-73,-38,EARxUSqSzxt9tomEmTf4ksWsgrs=,VZ/a3jBVs/kGANGRpoZ2rvckRlo=
-71,-37,EARxUSqSzxt9tomEmTf4ksWsgrs=,+SX2OspLk8vTcqB7xLy/T5IeB80=
-70,-41,EARxUSqSzxt9tomEmTf4ksWsgrs=,2nnweViy8SZEOgHdvZeamSQ5a1I=
-69,-38,0pvrEBiKuIseRfnLAPw5Esp3tAQ=,+SX2OspLk8vTcqB7xLy/T5IeB80=
-66,-46,0pvrEBiKuIseRfnLAPw5Esp3tAQ=,rFbbFqoYYG6Pbc/vrpzHGAfUAfE=
-66,-47,0pvrEBiKuIseRfnLAPw5Esp3tAQ=,rFbbFqoYYG6Pbc/vrpzHGAfUAfE=
-67,-45,HJoxigzLErGt55i62Q9w1hKQJT0=,rFbbFqoYYG6Pbc/vrpzHGAfUAfE=
-70,-42,EARxUSqSzxt9tomEmTf4ksWsgrs=,2nnweViy8SZEOgHdvZeamSQ5a1I=
-69,-36,EARxUSqSzxt9tomEmTf4ksWsgrs=,Y16j+wvCGTND27tdN5tvtRb+8Z4=
-70,-38,EARxUSqSzxt9tomEmTf4ksWsgrs=,+SX2OspLk8vTcqB7xLy/T5IeB80=
-67,-46,EARxUSqSzxt9tomEmTf4ksWsgrs=,rFbbFqoYYG6Pbc/vrpzHGAfUAfE=
-70,-45,HJoxigzLErGt55i62Q9w1hKQJT0=,Dgfoox8uV3PV7IggfyIC3dqpso8=
-69,-44,HJoxigzLErGt55i62Q9w1hKQJT0=,2nnweViy8SZEOgHdvZeamSQ5a1I=
-68,-35,EARxUSqSzxt9tomEmTf4ksWsgrs=,x5Vbm5xV/WXkiaw3FqJkxvcFpsU=
-67,-43,HJoxigzLErGt55i62Q9w1hKQJT0=,3sT5J7eg0RgadU0FgrakrPvu7Ws=
-70,-36,EARxUSqSzxt9tomEmTf4ksWsgrs=,Y16j+wvCGTND27tdN5tvtRb+8Z4=
-70,-43,HJoxigzLErGt55i62Q9w1hKQJT0=,2nnweViy8SZEOgHdvZeamSQ5a1I=
-69,-41,EARxUSqSzxt9tomEmTf4ksWsgrs=,2nnweViy8SZEOgHdvZeamSQ5a1I=
-67,-36,EARxUSqSzxt9tomEmTf4ksWsgrs=,x5Vbm5xV/WXkiaw3FqJkxvcFpsU=
-67,-44,EARxUSqSzxt9tomEmTf4ksWsgrs=,3sT5J7eg0RgadU0FgrakrPvu7Ws=
-70,-37,EARxUSqSzxt9tomEmTf4ksWsgrs=,+SX2OspLk8vTcqB7xLy/T5IeB80=
-67,-37,EARxUSqSzxt9tomEmTf4ksWsgrs=,GV3p/1GzHvhXLSrtlP4I0tmoEas=
-70,-35,0pvrEBiKuIseRfnLAPw5Esp3tAQ=,Y16j+wvCGTND27tdN5tvtRb+8Z4=
-68,-37,0pvrEBiKuIseRfnLAPw5Esp3tAQ=,GV3p/1GzHvhXLSrtlP4I0tmoEas=
-67,-41,EARxUSqSzxt9tomEmTf4ksWsgrs=,3sT5J7eg0RgadU0FgrakrPvu7Ws=
-67,-35,0pvrEBiKuIseRfnLAPw5Esp3tAQ=,x5Vbm5xV/WXkiaw3FqJkxvcFpsU=
-69,-35,EARxUSqSzxt9tomEmTf4ksWsgrs=,Y16j+wvCGTND27tdN5tvtRb+8Z4=
-69,-42,EARxUSqSzxt9tomEmTf4ksWsgrs=,2nnweViy8SZEOgHdvZeamSQ5a1I=
-68,-45,HJoxigzLErGt55i62Q9w1hKQJT0=,rFbbFqoYYG6Pbc/vrpzHGAfUAfE=
-69,-37,0pvrEBiKuIseRfnLAPw5Esp3tAQ=,+SX2OspLk8vTcqB7xLy/T5IeB80=
-70,-40,0pvrEBiKuIseRfnLAPw5Esp3tAQ=,+SX2OspLk8vTcqB7xLy/T5IeB80=
-69,-45,HJoxigzLErGt55i62Q9w1hKQJT0=,Dgfoox8uV3PV7IggfyIC3dqpso8=
-68,-40,0pvrEBiKuIseRfnLAPw5Esp3tAQ=,GV3p/1GzHvhXLSrtlP4I0tmoEas=
-69,-39,EARxUSqSzxt9tomEmTf4ksWsgrs=,+SX2OspLk8vTcqB7xLy/T5IeB80=
-69,-46,HJoxigzLErGt55i62Q9w1hKQJT0=,Dgfoox8uV3PV7IggfyIC3dqpso8=
-67,-42,EARxUSqSzxt9tomEmTf4ksWsgrs=,3sT5J7eg0RgadU0FgrakrPvu7Ws=
-68,-42,EARxUSqSzxt9tomEmTf4ksWsgrs=,3sT5J7eg0RgadU0FgrakrPvu7Ws=
-67,-39,0pvrEBiKuIseRfnLAPw5Esp3tAQ=,GV3p/1GzHvhXLSrtlP4I0tmoEas=
-70,-44,HJoxigzLErGt55i62Q9w1hKQJT0=,2nnweViy8SZEOgHdvZeamSQ5a1I=
-69,-43,HJoxigzLErGt55i62Q9w1hKQJT0=,2nnweViy8SZEOgHdvZeamSQ5a1I=
-70,-46,HJoxigzLErGt55i62Q9w1hKQJT0=,Dgfoox8uV3PV7IggfyIC3dqpso8=
-68,-41,EARxUSqSzxt9tomEmTf4ksWsgrs=,3sT5J7eg0RgadU0FgrakrPvu7Ws=
-68,-43,HJoxigzLErGt55i62Q9w1hKQJT0=,3sT5J7eg0RgadU0FgrakrPvu7Ws=
-68,-36,0pvrEBiKuIseRfnLAPw5Esp3tAQ=,x5Vbm5xV/WXkiaw3FqJkxvcFpsU=
-67,-40,EARxUSqSzxt9tomEmTf4ksWsgrs=,GV3p/1GzHvhXLSrtlP4I0tmoEas=
-70,-39,0pvrEBiKuIseRfnLAPw5Esp3tAQ=,+SX2OspLk8vTcqB7xLy/T5IeB80=
-68,-38,0pvrEBiKuIseRfnLAPw5Esp3tAQ=,GV3p/1GzHvhXLSrtlP4I0tmoEas=
-68,-46,HJoxigzLErGt55i62Q9w1hKQJT0=,rFbbFqoYYG6Pbc/vrpzHGAfUAfE=
-69,-40,EARxUSqSzxt9tomEmTf4ksWsgrs=,+SX2OspLk8vTcqB7xLy/T5IeB80=
-68,-39,0pvrEBiKuIseRfnLAPw5Esp3tAQ=,GV3p/1GzHvhXLSrtlP4I0tmoEas=
-68,-44,HJoxigzLErGt55i62Q9w1hKQJT0=,3sT5J7eg0RgadU0FgrakrPvu7Ws=
-73,-46,HJoxigzLErGt55i62Q9w1hKQJT0=,HziZm/YMixVpzRRhGmqMEQ2qIfc=
-67,-38,0pvrEBiKuIseRfnLAPw5Esp3tAQ=,GV3p/1GzHvhXLSrtlP4I0tmoEas=
-73,-45,HJoxigzLErGt55i62Q9w1hKQJT0=,HziZm/YMixVpzRRhGmqMEQ2qIfc=
-72,-44,HJoxigzLErGt55i62Q9w1hKQJT0=,2nnweViy8SZEOgHdvZeamSQ5a1I=
-72,-45,HJoxigzLErGt55i62Q9w1hKQJT0=,Dgfoox8uV3PV7IggfyIC3dqpso8=
-78,-42,HJoxigzLErGt55i62Q9w1hKQJT0=,alsM0wZT7zVg9OQUDYl3t8jQ4B8=
-71,-46,HJoxigzLErGt55i62Q9w1hKQJT0=,Dgfoox8uV3PV7IggfyIC3dqpso8=
-77,-40,HJoxigzLErGt55i62Q9w1hKQJT0=,MFx0tfhBbPNsK7ShBtSovLm/xDs=
-78,-39,APvMdJmVhgp+bJrxV+yuXYPnY88=,MFx0tfhBbPNsK7ShBtSovLm/xDs=
-73,-41,EARxUSqSzxt9tomEmTf4ksWsgrs=,DfLxVO/2e3BtmBQq5aCsV6gRZwM=
-78,-40,HJoxigzLErGt55i62Q9w1hKQJT0=,MFx0tfhBbPNsK7ShBtSovLm/xDs=
-72,-41,EARxUSqSzxt9tomEmTf4ksWsgrs=,2nnweViy8SZEOgHdvZeamSQ5a1I=
-72,-42,EARxUSqSzxt9tomEmTf4ksWsgrs=,2nnweViy8SZEOgHdvZeamSQ5a1I=
-73,-44,HJoxigzLErGt55i62Q9w1hKQJT0=,DfLxVO/2e3BtmBQq5aCsV6gRZwM=
-75,-41,HJoxigzLErGt55i62Q9w1hKQJT0=,DfLxVO/2e3BtmBQq5aCsV6gRZwM=
-77,-41,HJoxigzLErGt55i62Q9w1hKQJT0=,alsM0wZT7zVg9OQUDYl3t8jQ4B8=
-71,-45,HJoxigzLErGt55i62Q9w1hKQJT0=,Dgfoox8uV3PV7IggfyIC3dqpso8=
-74,-44,HJoxigzLErGt55i62Q9w1hKQJT0=,DfLxVO/2e3BtmBQq5aCsV6gRZwM=
-71,-43,HJoxigzLErGt55i62Q9w1hKQJT0=,2nnweViy8SZEOgHdvZeamSQ5a1I=
-71,-42,EARxUSqSzxt9tomEmTf4ksWsgrs=,2nnweViy8SZEOgHdvZeamSQ5a1I=
-76,-42,HJoxigzLErGt55i62Q9w1hKQJT0=,DfLxVO/2e3BtmBQq5aCsV6gRZwM=
-74,-45,HJoxigzLErGt55i62Q9w1hKQJT0=,HziZm/YMixVpzRRhGmqMEQ2qIfc=
-72,-46,HJoxigzLErGt55i62Q9w1hKQJT0=,Dgfoox8uV3PV7IggfyIC3dqpso8=
-76,-39,HJoxigzLErGt55i62Q9w1hKQJT0=,VZ/a3jBVs/kGANGRpoZ2rvckRlo=
-76,-40,HJoxigzLErGt55i62Q9w1hKQJT0=,VZ/a3jBVs/kGANGRpoZ2rvckRlo=
-78,-44,HJoxigzLErGt55i62Q9w1hKQJT0=,alsM0wZT7zVg9OQUDYl3t8jQ4B8=
-72,-43,HJoxigzLErGt55i62Q9w1hKQJT0=,2nnweViy8SZEOgHdvZeamSQ5a1I=
-78,-46,HJoxigzLErGt55i62Q9w1hKQJT0=,VPm5/d//gxgKQMgWC3riqMNxuZQ=
-71,-44,HJoxigzLErGt55i62Q9w1hKQJT0=,2nnweViy8SZEOgHdvZeamSQ5a1I=
-77,-44,HJoxigzLErGt55i62Q9w1hKQJT0=,alsM0wZT7zVg9OQUDYl3t8jQ4B8=
-75,-39,HJoxigzLErGt55i62Q9w1hKQJT0=,VZ/a3jBVs/kGANGRpoZ2rvckRlo=
-74,-46,HJoxigzLErGt55i62Q9w1hKQJT0=,HziZm/YMixVpzRRhGmqMEQ2qIfc=
-71,-41,EARxUSqSzxt9tomEmTf4ksWsgrs=,2nnweViy8SZEOgHdvZeamSQ5a1I=
-65,-47,0pvrEBiKuIseRfnLAPw5Esp3tAQ=,rFbbFqoYYG6Pbc/vrpzHGAfUAfE=
-65,-46,0pvrEBiKuIseRfnLAPw5Esp3tAQ=,rFbbFqoYYG6Pbc/vrpzHGAfUAfE=
-74,-41,EARxUSqSzxt9tomEmTf4ksWsgrs=,DfLxVO/2e3BtmBQq5aCsV6gRZwM=
-76,-43,HJoxigzLErGt55i62Q9w1hKQJT0=,DfLxVO/2e3BtmBQq5aCsV6gRZwM=
-75,-43,HJoxigzLErGt55i62Q9w1hKQJT0=,DfLxVO/2e3BtmBQq5aCsV6gRZwM=
-74,-42,EARxUSqSzxt9tomEmTf4ksWsgrs=,DfLxVO/2e3BtmBQq5aCsV6gRZwM=
-73,-42,EARxUSqSzxt9tomEmTf4ksWsgrs=,DfLxVO/2e3BtmBQq5aCsV6gRZwM=
-78,-45,HJoxigzLErGt55i62Q9w1hKQJT0=,VPm5/d//gxgKQMgWC3riqMNxuZQ=
-75,-46,HJoxigzLErGt55i62Q9w1hKQJT0=,HziZm/YMixVpzRRhGmqMEQ2qIfc=
-74,-40,EARxUSqSzxt9tomEmTf4ksWsgrs=,VZ/a3jBVs/kGANGRpoZ2rvckRlo=
-73,-43,HJoxigzLErGt55i62Q9w1hKQJT0=,DfLxVO/2e3BtmBQq5aCsV6gRZwM=
-71,-39,EARxUSqSzxt9tomEmTf4ksWsgrs=,+SX2OspLk8vTcqB7xLy/T5IeB80=
-77,-39,HJoxigzLErGt55i62Q9w1hKQJT0=,MFx0tfhBbPNsK7ShBtSovLm/xDs=
-75,-44,HJoxigzLErGt55i62Q9w1hKQJT0=,DfLxVO/2e3BtmBQq5aCsV6gRZwM=
-77,-43,HJoxigzLErGt55i62Q9w1hKQJT0=,alsM0wZT7zVg9OQUDYl3t8jQ4B8=
-75,-42,HJoxigzLErGt55i62Q9w1hKQJT0=,DfLxVO/2e3BtmBQq5aCsV6gRZwM=
-75,-40,HJoxigzLErGt55i62Q9w1hKQJT0=,VZ/a3jBVs/kGANGRpoZ2rvckRlo=
-74,-43,HJoxigzLErGt55i62Q9w1hKQJT0=,DfLxVO/2e3BtmBQq5aCsV6gRZwM=
-78,-43,HJoxigzLErGt55i62Q9w1hKQJT0=,alsM0wZT7zVg9OQUDYl3t8jQ4B8=
-75,-48,0pvrEBiKuIseRfnLAPw5Esp3tAQ=,HziZm/YMixVpzRRhGmqMEQ2qIfc=
-77,-42,HJoxigzLErGt55i62Q9w1hKQJT0=,alsM0wZT7zVg9OQUDYl3t8jQ4B8=
-77,-47,0pvrEBiKuIseRfnLAPw5Esp3tAQ=,VPm5/d//gxgKQMgWC3riqMNxuZQ=
-76,-45,HJoxigzLErGt55i62Q9w1hKQJT0=,HziZm/YMixVpzRRhGmqMEQ2qIfc=
-77,-45,HJoxigzLErGt55i62Q9w1hKQJT0=,VPm5/d//gxgKQMgWC3riqMNxuZQ=
-78,-47,0pvrEBiKuIseRfnLAPw5Esp3tAQ=,VPm5/d//gxgKQMgWC3riqMNxuZQ=
-72,-39,EARxUSqSzxt9tomEmTf4ksWsgrs=,+SX2OspLk8vTcqB7xLy/T5IeB80=
-76,-46,HJoxigzLErGt55i62Q9w1hKQJT0=,HziZm/YMixVpzRRhGmqMEQ2qIfc=
-66,-48,0pvrEBiKuIseRfnLAPw5Esp3tAQ=,rFbbFqoYYG6Pbc/vrpzHGAfUAfE=
-76,-44,HJoxigzLErGt55i62Q9w1hKQJT0=,DfLxVO/2e3BtmBQq5aCsV6gRZwM=
-71,-40,EARxUSqSzxt9tomEmTf4ksWsgrs=,+SX2OspLk8vTcqB7xLy/T5IeB80=
-78,-41,HJoxigzLErGt55i62Q9w1hKQJT0=,alsM0wZT7zVg9OQUDYl3t8jQ4B8=
-78,-48,0pvrEBiKuIseRfnLAPw5Esp3tAQ=,VPm5/d//gxgKQMgWC3riqMNxuZQ=
-80,-43,0pvrEBiKuIseRfnLAPw5Esp3tAQ=,alsM0wZT7zVg9OQUDYl3t8jQ4B8=
-73,-48,0pvrEBiKuIseRfnLAPw5Esp3tAQ=,HziZm/YMixVpzRRhGmqMEQ2qIfc=
-75,-47,0pvrEBiKuIseRfnLAPw5Esp3tAQ=,HziZm/YMixVpzRRhGmqMEQ2qIfc=
-76,-41,HJoxigzLErGt55i62Q9w1hKQJT0=,DfLxVO/2e3BtmBQq5aCsV6gRZwM=
-74,-39,EARxUSqSzxt9tomEmTf4ksWsgrs=,VZ/a3jBVs/kGANGRpoZ2rvckRlo=
-73,-39,EARxUSqSzxt9tomEmTf4ksWsgrs=,VZ/a3jBVs/kGANGRpoZ2rvckRlo=
-65,-45,0pvrEBiKuIseRfnLAPw5Esp3tAQ=,rFbbFqoYYG6Pbc/vrpzHGAfUAfE=
-80,-44,0pvrEBiKuIseRfnLAPw5Esp3tAQ=,alsM0wZT7zVg9OQUDYl3t8jQ4B8=
-67,-48,0pvrEBiKuIseRfnLAPw5Esp3tAQ=,rFbbFqoYYG6Pbc/vrpzHGAfUAfE=
-76,-48,0pvrEBiKuIseRfnLAPw5Esp3tAQ=,HziZm/YMixVpzRRhGmqMEQ2qIfc=
-66,-45,0pvrEBiKuIseRfnLAPw5Esp3tAQ=,rFbbFqoYYG6Pbc/vrpzHGAfUAfE=
-72,-40,EARxUSqSzxt9tomEmTf4ksWsgrs=,+SX2OspLk8vTcqB7xLy/T5IeB80=
-75,-45,HJoxigzLErGt55i62Q9w1hKQJT0=,HziZm/YMixVpzRRhGmqMEQ2qIfc=
-73,-40,EARxUSqSzxt9tomEmTf4ksWsgrs=,VZ/a3jBVs/kGANGRpoZ2rvckRlo=
-77,-48,0pvrEBiKuIseRfnLAPw5Esp3tAQ=,VPm5/d//gxgKQMgWC3riqMNxuZQ=
-79,-43,0pvrEBiKuIseRfnLAPw5Esp3tAQ=,alsM0wZT7zVg9OQUDYl3t8jQ4B8=
-71,-47,0pvrEBiKuIseRfnLAPw5Esp3tAQ=,Dgfoox8uV3PV7IggfyIC3dqpso8=
-77,-46,HJoxigzLErGt55i62Q9w1hKQJT0=,VPm5/d//gxgKQMgWC3riqMNxuZQ=
-79,-44,0pvrEBiKuIseRfnLAPw5Esp3tAQ=,alsM0wZT7zVg9OQUDYl3t8jQ4B8=
-76,-47,0pvrEBiKuIseRfnLAPw5Esp3tAQ=,HziZm/YMixVpzRRhGmqMEQ2qIfc=
-72,-48,0pvrEBiKuIseRfnLAPw5Esp3tAQ=,Dgfoox8uV3PV7IggfyIC3dqpso8=
-74,-48,0pvrEBiKuIseRfnLAPw5Esp3tAQ=,HziZm/YMixVpzRRhGmqMEQ2qIfc=
-66,-43,0pvrEBiKuIseRfnLAPw5Esp3tAQ=,3sT5J7eg0RgadU0FgrakrPvu7Ws=
-69,-47,0pvrEBiKuIseRfnLAPw5Esp3tAQ=,Dgfoox8uV3PV7IggfyIC3dqpso8=
-71,-48,0pvrEBiKuIseRfnLAPw5Esp3tAQ=,Dgfoox8uV3PV7IggfyIC3dqpso8=
-75,-33,0pvrEBiKuIseRfnLAPw5Esp3tAQ=,H+FbZTdZ+6+VjUth1/+wu9qEsj4=
-74,-33,0pvrEBiKuIseRfnLAPw5Esp3tAQ=,H+FbZTdZ+6+VjUth1/+wu9qEsj4=
-73,-33,0pvrEBiKuIseRfnLAPw5Esp3tAQ=,H+FbZTdZ+6+VjUth1/+wu9qEsj4=
-72,-34,0pvrEBiKuIseRfnLAPw5Esp3tAQ=,Y16j+wvCGTND27tdN5tvtRb+8Z4=
-67,-47,0pvrEBiKuIseRfnLAPw5Esp3tAQ=,rFbbFqoYYG6Pbc/vrpzHGAfUAfE=
-75,-34,0pvrEBiKuIseRfnLAPw5Esp3tAQ=,H+FbZTdZ+6+VjUth1/+wu9qEsj4=
-80,-39,0pvrEBiKuIseRfnLAPw5Esp3tAQ=,MFx0tfhBbPNsK7ShBtSovLm/xDs=
-65,-48,0pvrEBiKuIseRfnLAPw5Esp3tAQ=,rFbbFqoYYG6Pbc/vrpzHGAfUAfE=
-70,-47,0pvrEBiKuIseRfnLAPw5Esp3tAQ=,Dgfoox8uV3PV7IggfyIC3dqpso8=
-65,-43,0pvrEBiKuIseRfnLAPw5Esp3tAQ=,3sT5J7eg0RgadU0FgrakrPvu7Ws=
-80,-45,0pvrEBiKuIseRfnLAPw5Esp3tAQ=,VPm5/d//gxgKQMgWC3riqMNxuZQ=
-66,-40,0pvrEBiKuIseRfnLAPw5Esp3tAQ=,GV3p/1GzHvhXLSrtlP4I0tmoEas=
-80,-40,0pvrEBiKuIseRfnLAPw5Esp3tAQ=,MFx0tfhBbPNsK7ShBtSovLm/xDs=
-74,-34,0pvrEBiKuIseRfnLAPw5Esp3tAQ=,H+FbZTdZ+6+VjUth1/+wu9qEsj4=
-71,-33,0pvrEBiKuIseRfnLAPw5Esp3tAQ=,Y16j+wvCGTND27tdN5tvtRb+8Z4=
-66,-39,0pvrEBiKuIseRfnLAPw5Esp3tAQ=,GV3p/1GzHvhXLSrtlP4I0tmoEas=
-74,-47,0pvrEBiKuIseRfnLAPw5Esp3tAQ=,HziZm/YMixVpzRRhGmqMEQ2qIfc=
-79,-45,0pvrEBiKuIseRfnLAPw5Esp3tAQ=,VPm5/d//gxgKQMgWC3riqMNxuZQ=
-68,-48,0pvrEBiKuIseRfnLAPw5Esp3tAQ=,rFbbFqoYYG6Pbc/vrpzHGAfUAfE=
-66,-41,0pvrEBiKuIseRfnLAPw5Esp3tAQ=,3sT5J7eg0RgadU0FgrakrPvu7Ws=
-69,-34,0pvrEBiKuIseRfnLAPw5Esp3tAQ=,Y16j+wvCGTND27tdN5tvtRb+8Z4=
-73,-47,0pvrEBiKuIseRfnLAPw5Esp3tAQ=,HziZm/YMixVpzRRhGmqMEQ2qIfc=
-65,-44,0pvrEBiKuIseRfnLAPw5Esp3tAQ=,3sT5J7eg0RgadU0FgrakrPvu7Ws=
-70,-48,0pvrEBiKuIseRfnLAPw5Esp3tAQ=,Dgfoox8uV3PV7IggfyIC3dqpso8=
-66,-42,0pvrEBiKuIseRfnLAPw5Esp3tAQ=,3sT5J7eg0RgadU0FgrakrPvu7Ws=
-70,-33,0pvrEBiKuIseRfnLAPw5Esp3tAQ=,Y16j+wvCGTND27tdN5tvtRb+8Z4=
-78,-33,0pvrEBiKuIseRfnLAPw5Esp3tAQ=,9OKnM0y1CokJvf3TUtyXfRjSzfc=
-72,-33,0pvrEBiKuIseRfnLAPw5Esp3tAQ=,Y16j+wvCGTND27tdN5tvtRb+8Z4=
-65,-39,0pvrEBiKuIseRfnLAPw5Esp3tAQ=,GV3p/1GzHvhXLSrtlP4I0tmoEas=
-66,-44,0pvrEBiKuIseRfnLAPw5Esp3tAQ=,3sT5J7eg0RgadU0FgrakrPvu7Ws=
-72,-47,0pvrEBiKuIseRfnLAPw5Esp3tAQ=,Dgfoox8uV3PV7IggfyIC3dqpso8=
-73,-34,0pvrEBiKuIseRfnLAPw5Esp3tAQ=,H+FbZTdZ+6+VjUth1/+wu9qEsj4=
-79,-39,0pvrEBiKuIseRfnLAPw5Esp3tAQ=,MFx0tfhBbPNsK7ShBtSovLm/xDs=
-70,-34,0pvrEBiKuIseRfnLAPw5Esp3tAQ=,Y16j+wvCGTND27tdN5tvtRb+8Z4=
-76,-33,0pvrEBiKuIseRfnLAPw5Esp3tAQ=,H+FbZTdZ+6+VjUth1/+wu9qEsj4=
-69,-48,0pvrEBiKuIseRfnLAPw5Esp3tAQ=,Dgfoox8uV3PV7IggfyIC3dqpso8=
-80,-41,0pvrEBiKuIseRfnLAPw5Esp3tAQ=,alsM0wZT7zVg9OQUDYl3t8jQ4B8=
-68,-47,0pvrEBiKuIseRfnLAPw5Esp3tAQ=,rFbbFqoYYG6Pbc/vrpzHGAfUAfE=
-71,-34,0pvrEBiKuIseRfnLAPw5Esp3tAQ=,Y16j+wvCGTND27tdN5tvtRb+8Z4=
-80,-42,0pvrEBiKuIseRfnLAPw5Esp3tAQ=,alsM0wZT7zVg9OQUDYl3t8jQ4B8=
-79,-42,0pvrEBiKuIseRfnLAPw5Esp3tAQ=,alsM0wZT7zVg9OQUDYl3t8jQ4B8=
-78,-34,0pvrEBiKuIseRfnLAPw5Esp3tAQ=,9OKnM0y1CokJvf3TUtyXfRjSzfc=
-80,-46,0pvrEBiKuIseRfnLAPw5Esp3tAQ=,VPm5/d//gxgKQMgWC3riqMNxuZQ=
-79,-40,0pvrEBiKuIseRfnLAPw5Esp3tAQ=,MFx0tfhBbPNsK7ShBtSovLm/xDs=
-69,-33,0pvrEBiKuIseRfnLAPw5Esp3tAQ=,Y16j+wvCGTND27tdN5tvtRb+8Z4=
-65,-41,0pvrEBiKuIseRfnLAPw5Esp3tAQ=,3sT5J7eg0RgadU0FgrakrPvu7Ws=
-65,-40,0pvrEBiKuIseRfnLAPw5Esp3tAQ=,GV3p/1GzHvhXLSrtlP4I0tmoEas=
-77,-33,0pvrEBiKuIseRfnLAPw5Esp3tAQ=,9OKnM0y1CokJvf3TUtyXfRjSzfc=
-79,-46,0pvrEBiKuIseRfnLAPw5Esp3tAQ=,VPm5/d//gxgKQMgWC3riqMNxuZQ=
-67,-33,0pvrEBiKuIseRfnLAPw5Esp3tAQ=,x5Vbm5xV/WXkiaw3FqJkxvcFpsU=
-65,-42,0pvrEBiKuIseRfnLAPw5Esp3tAQ=,3sT5J7eg0RgadU0FgrakrPvu7Ws=
-80,-38,0pvrEBiKuIseRfnLAPw5Esp3tAQ=,MFx0tfhBbPNsK7ShBtSovLm/xDs=
-79,-41,0pvrEBiKuIseRfnLAPw5Esp3tAQ=,alsM0wZT7zVg9OQUDYl3t8jQ4B8=
-80,-35,0pvrEBiKuIseRfnLAPw5Esp3tAQ=,9OKnM0y1CokJvf3TUtyXfRjSzfc=
-65,-35,0pvrEBiKuIseRfnLAPw5Esp3tAQ=,x5Vbm5xV/WXkiaw3FqJkxvcFpsU=
-67,-34,0pvrEBiKuIseRfnLAPw5Esp3tAQ=,x5Vbm5xV/WXkiaw3FqJkxvcFpsU=
-76,-34,0pvrEBiKuIseRfnLAPw5Esp3tAQ=,H+FbZTdZ+6+VjUth1/+wu9qEsj4=
-68,-33,0pvrEBiKuIseRfnLAPw5Esp3tAQ=,x5Vbm5xV/WXkiaw3FqJkxvcFpsU=
-79,-36,0pvrEBiKuIseRfnLAPw5Esp3tAQ=,9OKnM0y1CokJvf3TUtyXfRjSzfc=
-68,-34,0pvrEBiKuIseRfnLAPw5Esp3tAQ=,x5Vbm5xV/WXkiaw3FqJkxvcFpsU=
-65,-33,0pvrEBiKuIseRfnLAPw5Esp3tAQ=,x5Vbm5xV/WXkiaw3FqJkxvcFpsU=
-77,-34,0pvrEBiKuIseRfnLAPw5Esp3tAQ=,9OKnM0y1CokJvf3TUtyXfRjSzfc=
-79,-35,0pvrEBiKuIseRfnLAPw5Esp3tAQ=,9OKnM0y1CokJvf3TUtyXfRjSzfc=
-66,-37,0pvrEBiKuIseRfnLAPw5Esp3tAQ=,GV3p/1GzHvhXLSrtlP4I0tmoEas=
-79,-34,0pvrEBiKuIseRfnLAPw5Esp3tAQ=,9OKnM0y1CokJvf3TUtyXfRjSzfc=
-79,-33,0pvrEBiKuIseRfnLAPw5Esp3tAQ=,9OKnM0y1CokJvf3TUtyXfRjSzfc=
-80,-34,0pvrEBiKuIseRfnLAPw5Esp3tAQ=,9OKnM0y1CokJvf3TUtyXfRjSzfc=
-80,-33,0pvrEBiKuIseRfnLAPw5Esp3tAQ=,9OKnM0y1CokJvf3TUtyXfRjSzfc=
-80,-36,0pvrEBiKuIseRfnLAPw5Esp3tAQ=,9OKnM0y1CokJvf3TUtyXfRjSzfc=
-79,-48,0pvrEBiKuIseRfnLAPw5Esp3tAQ=,VPm5/d//gxgKQMgWC3riqMNxuZQ=
-66,-35,0pvrEBiKuIseRfnLAPw5Esp3tAQ=,x5Vbm5xV/WXkiaw3FqJkxvcFpsU=
-79,-38,0pvrEBiKuIseRfnLAPw5Esp3tAQ=,MFx0tfhBbPNsK7ShBtSovLm/xDs=
-66,-34,0pvrEBiKuIseRfnLAPw5Esp3tAQ=,x5Vbm5xV/WXkiaw3FqJkxvcFpsU=
-79,-37,0pvrEBiKuIseRfnLAPw5Esp3tAQ=,MFx0tfhBbPNsK7ShBtSovLm/xDs=
-80,-37,0pvrEBiKuIseRfnLAPw5Esp3tAQ=,MFx0tfhBbPNsK7ShBtSovLm/xDs=
-66,-33,0pvrEBiKuIseRfnLAPw5Esp3tAQ=,x5Vbm5xV/WXkiaw3FqJkxvcFpsU=
-66,-38,0pvrEBiKuIseRfnLAPw5Esp3tAQ=,GV3p/1GzHvhXLSrtlP4I0tmoEas=
-65,-36,0pvrEBiKuIseRfnLAPw5Esp3tAQ=,x5Vbm5xV/WXkiaw3FqJkxvcFpsU=
-65,-37,0pvrEBiKuIseRfnLAPw5Esp3tAQ=,GV3p/1GzHvhXLSrtlP4I0tmoEas=
-65,-34,0pvrEBiKuIseRfnLAPw5Esp3tAQ=,x5Vbm5xV/WXkiaw3FqJkxvcFpsU=
-80,-47,0pvrEBiKuIseRfnLAPw5Esp3tAQ=,VPm5/d//gxgKQMgWC3riqMNxuZQ=
-80,-48,0pvrEBiKuIseRfnLAPw5Esp3tAQ=,VPm5/d//gxgKQMgWC3riqMNxuZQ=
-79,-47,0pvrEBiKuIseRfnLAPw5Esp3tAQ=,VPm5/d//gxgKQMgWC3riqMNxuZQ=
-66,-36,0pvrEBiKuIseRfnLAPw5Esp3tAQ=,x5Vbm5xV/WXkiaw3FqJkxvcFpsU=
-65,-38,0pvrEBiKuIseRfnLAPw5Esp3tAQ=,GV3p/1GzHvhXLSrtlP4I0tmoEas=
-67,-55,DjLXj1nM/GBbxcTIwewrHH82N/k=,38wVTAdYrZw50J0bvDQGCiIYTsw=
-66,-54,zXnHJcjxWweEEcgLsdzbW2KrCCM=,38wVTAdYrZw50J0bvDQGCiIYTsw=
-67,-54,DjLXj1nM/GBbxcTIwewrHH82N/k=,38wVTAdYrZw50J0bvDQGCiIYTsw=
-66,-55,zXnHJcjxWweEEcgLsdzbW2KrCCM=,38wVTAdYrZw50J0bvDQGCiIYTsw=
-66,-51,zXnHJcjxWweEEcgLsdzbW2KrCCM=,brN8TWttyvkXu4Cu0sD/dPGUZaE=
-67,-51,DjLXj1nM/GBbxcTIwewrHH82N/k=,brN8TWttyvkXu4Cu0sD/dPGUZaE=
-67,-52,DjLXj1nM/GBbxcTIwewrHH82N/k=,brN8TWttyvkXu4Cu0sD/dPGUZaE=
-66,-50,zXnHJcjxWweEEcgLsdzbW2KrCCM=,brN8TWttyvkXu4Cu0sD/dPGUZaE=
-67,-50,zXnHJcjxWweEEcgLsdzbW2KrCCM=,brN8TWttyvkXu4Cu0sD/dPGUZaE=
-66,-52,zXnHJcjxWweEEcgLsdzbW2KrCCM=,brN8TWttyvkXu4Cu0sD/dPGUZaE=
-66,-53,zXnHJcjxWweEEcgLsdzbW2KrCCM=,38wVTAdYrZw50J0bvDQGCiIYTsw=
-67,-53,DjLXj1nM/GBbxcTIwewrHH82N/k=,38wVTAdYrZw50J0bvDQGCiIYTsw=
-75,-55,tlTzswLDZjvomaR5YgadpubttrQ=,7poLABtmTPToC0T6iAgoSNP5F7s=
-68,-52,DjLXj1nM/GBbxcTIwewrHH82N/k=,brN8TWttyvkXu4Cu0sD/dPGUZaE=
-76,-55,tlTzswLDZjvomaR5YgadpubttrQ=,7poLABtmTPToC0T6iAgoSNP5F7s=
-68,-53,DjLXj1nM/GBbxcTIwewrHH82N/k=,38wVTAdYrZw50J0bvDQGCiIYTsw=
-77,-54,2TFQydmuOGcJwfR7q0OSXA9Veuo=,1nBpdLvf8VyexmuUE0/brtkPFBI=
-78,-54,2TFQydmuOGcJwfR7q0OSXA9Veuo=,1nBpdLvf8VyexmuUE0/brtkPFBI=
-79,-54,zXnHJcjxWweEEcgLsdzbW2KrCCM=,1nBpdLvf8VyexmuUE0/brtkPFBI=
-77,-55,tlTzswLDZjvomaR5YgadpubttrQ=,1nBpdLvf8VyexmuUE0/brtkPFBI=
-78,-55,tlTzswLDZjvomaR5YgadpubttrQ=,1nBpdLvf8VyexmuUE0/brtkPFBI=
-79,-55,zXnHJcjxWweEEcgLsdzbW2KrCCM=,1nBpdLvf8VyexmuUE0/brtkPFBI=
-76,-54,2TFQydmuOGcJwfR7q0OSXA9Veuo=,7poLABtmTPToC0T6iAgoSNP5F7s=
-68,-51,DjLXj1nM/GBbxcTIwewrHH82N/k=,brN8TWttyvkXu4Cu0sD/dPGUZaE=
-68,-54,DjLXj1nM/GBbxcTIwewrHH82N/k=,38wVTAdYrZw50J0bvDQGCiIYTsw=
-70,-53,DjLXj1nM/GBbxcTIwewrHH82N/k=,0qkGa5VKuEynid52kALnZFCKZIk=
-69,-54,DjLXj1nM/GBbxcTIwewrHH82N/k=,0qkGa5VKuEynid52kALnZFCKZIk=
-70,-54,DjLXj1nM/GBbxcTIwewrHH82N/k=,0qkGa5VKuEynid52kALnZFCKZIk=
-70,-51,DjLXj1nM/GBbxcTIwewrHH82N/k=,C8gDpMeM62yNkC5JU79tA1vHxmU=
-70,-52,DjLXj1nM/GBbxcTIwewrHH82N/k=,C8gDpMeM62yNkC5JU79tA1vHxmU=
-69,-52,DjLXj1nM/GBbxcTIwewrHH82N/k=,C8gDpMeM62yNkC5JU79tA1vHxmU=
-69,-51,DjLXj1nM/GBbxcTIwewrHH82N/k=,C8gDpMeM62yNkC5JU79tA1vHxmU=
-69,-53,DjLXj1nM/GBbxcTIwewrHH82N/k=,0qkGa5VKuEynid52kALnZFCKZIk=
-72,-52,DjLXj1nM/GBbxcTIwewrHH82N/k=,C8gDpMeM62yNkC5JU79tA1vHxmU=
-73,-54,2TFQydmuOGcJwfR7q0OSXA9Veuo=,7poLABtmTPToC0T6iAgoSNP5F7s=
-74,-53,DjLXj1nM/GBbxcTIwewrHH82N/k=,7poLABtmTPToC0T6iAgoSNP5F7s=
-74,-54,DjLXj1nM/GBbxcTIwewrHH82N/k=,7poLABtmTPToC0T6iAgoSNP5F7s=
-73,-53,2TFQydmuOGcJwfR7q0OSXA9Veuo=,7poLABtmTPToC0T6iAgoSNP5F7s=
-80,-55,zXnHJcjxWweEEcgLsdzbW2KrCCM=,1nBpdLvf8VyexmuUE0/brtkPFBI=
-80,-54,zXnHJcjxWweEEcgLsdzbW2KrCCM=,1nBpdLvf8VyexmuUE0/brtkPFBI=
-65,-55,zXnHJcjxWweEEcgLsdzbW2KrCCM=,38wVTAdYrZw50J0bvDQGCiIYTsw=
-65,-54,zXnHJcjxWweEEcgLsdzbW2KrCCM=,38wVTAdYrZw50J0bvDQGCiIYTsw=
-71,-53,DjLXj1nM/GBbxcTIwewrHH82N/k=,0qkGa5VKuEynid52kALnZFCKZIk=
-66,-56,zXnHJcjxWweEEcgLsdzbW2KrCCM=,38wVTAdYrZw50J0bvDQGCiIYTsw=
-65,-56,zXnHJcjxWweEEcgLsdzbW2KrCCM=,38wVTAdYrZw50J0bvDQGCiIYTsw=
-67,-56,DjLXj1nM/GBbxcTIwewrHH82N/k=,38wVTAdYrZw50J0bvDQGCiIYTsw=
-75,-56,tlTzswLDZjvomaR5YgadpubttrQ=,7poLABtmTPToC0T6iAgoSNP5F7s=
-74,-56,tlTzswLDZjvomaR5YgadpubttrQ=,7poLABtmTPToC0T6iAgoSNP5F7s=
-73,-56,tlTzswLDZjvomaR5YgadpubttrQ=,7poLABtmTPToC0T6iAgoSNP5F7s=
-68,-56,DjLXj1nM/GBbxcTIwewrHH82N/k=,38wVTAdYrZw50J0bvDQGCiIYTsw=
-71,-56,tlTzswLDZjvomaR5YgadpubttrQ=,0qkGa5VKuEynid52kALnZFCKZIk=
-72,-56,tlTzswLDZjvomaR5YgadpubttrQ=,0qkGa5VKuEynid52kALnZFCKZIk=
-69,-56,tlTzswLDZjvomaR5YgadpubttrQ=,0qkGa5VKuEynid52kALnZFCKZIk=
-70,-56,tlTzswLDZjvomaR5YgadpubttrQ=,0qkGa5VKuEynid52kALnZFCKZIk=
-68,-55,tlTzswLDZjvomaR5YgadpubttrQ=,38wVTAdYrZw50J0bvDQGCiIYTsw=
-73,-55,tlTzswLDZjvomaR5YgadpubttrQ=,7poLABtmTPToC0T6iAgoSNP5F7s=
-70,-55,DjLXj1nM/GBbxcTIwewrHH82N/k=,0qkGa5VKuEynid52kALnZFCKZIk=
-74,-51,DjLXj1nM/GBbxcTIwewrHH82N/k=,UFUTwZRLAhMAzZZhlN/rERaO1hQ=
-72,-54,DjLXj1nM/GBbxcTIwewrHH82N/k=,0qkGa5VKuEynid52kALnZFCKZIk=
-69,-55,tlTzswLDZjvomaR5YgadpubttrQ=,0qkGa5VKuEynid52kALnZFCKZIk=
-71,-54,2TFQydmuOGcJwfR7q0OSXA9Veuo=,0qkGa5VKuEynid52kALnZFCKZIk=
-73,-52,DjLXj1nM/GBbxcTIwewrHH82N/k=,UFUTwZRLAhMAzZZhlN/rERaO1hQ=
-72,-53,DjLXj1nM/GBbxcTIwewrHH82N/k=,0qkGa5VKuEynid52kALnZFCKZIk=
-71,-52,2TFQydmuOGcJwfR7q0OSXA9Veuo=,C8gDpMeM62yNkC5JU79tA1vHxmU=
-74,-52,2TFQydmuOGcJwfR7q0OSXA9Veuo=,UFUTwZRLAhMAzZZhlN/rERaO1hQ=
-74,-55,tlTzswLDZjvomaR5YgadpubttrQ=,7poLABtmTPToC0T6iAgoSNP5F7s=
-73,-51,DjLXj1nM/GBbxcTIwewrHH82N/k=,UFUTwZRLAhMAzZZhlN/rERaO1hQ=
-72,-51,DjLXj1nM/GBbxcTIwewrHH82N/k=,C8gDpMeM62yNkC5JU79tA1vHxmU=
-71,-55,tlTzswLDZjvomaR5YgadpubttrQ=,0qkGa5VKuEynid52kALnZFCKZIk=
-71,-51,DjLXj1nM/GBbxcTIwewrHH82N/k=,C8gDpMeM62yNkC5JU79tA1vHxmU=
-77,-53,2TFQydmuOGcJwfR7q0OSXA9Veuo=,1nBpdLvf8VyexmuUE0/brtkPFBI=
-78,-53,2TFQydmuOGcJwfR7q0OSXA9Veuo=,1nBpdLvf8VyexmuUE0/brtkPFBI=
-79,-53,zXnHJcjxWweEEcgLsdzbW2KrCCM=,1nBpdLvf8VyexmuUE0/brtkPFBI=
-65,-51,zXnHJcjxWweEEcgLsdzbW2KrCCM=,brN8TWttyvkXu4Cu0sD/dPGUZaE=
-65,-53,zXnHJcjxWweEEcgLsdzbW2KrCCM=,38wVTAdYrZw50J0bvDQGCiIYTsw=
-65,-50,zXnHJcjxWweEEcgLsdzbW2KrCCM=,brN8TWttyvkXu4Cu0sD/dPGUZaE=
-65,-52,zXnHJcjxWweEEcgLsdzbW2KrCCM=,brN8TWttyvkXu4Cu0sD/dPGUZaE=
-76,-53,2TFQydmuOGcJwfR7q0OSXA9Veuo=,7poLABtmTPToC0T6iAgoSNP5F7s=
-80,-53,zXnHJcjxWweEEcgLsdzbW2KrCCM=,1nBpdLvf8VyexmuUE0/brtkPFBI=
-79,-56,zXnHJcjxWweEEcgLsdzbW2KrCCM=,1nBpdLvf8VyexmuUE0/brtkPFBI=
-78,-56,tlTzswLDZjvomaR5YgadpubttrQ=,1nBpdLvf8VyexmuUE0/brtkPFBI=
-77,-56,tlTzswLDZjvomaR5YgadpubttrQ=,1nBpdLvf8VyexmuUE0/brtkPFBI=
-76,-56,tlTzswLDZjvomaR5YgadpubttrQ=,7poLABtmTPToC0T6iAgoSNP5F7s=
-80,-56,zXnHJcjxWweEEcgLsdzbW2KrCCM=,1nBpdLvf8VyexmuUE0/brtkPFBI=
-78,-52,2TFQydmuOGcJwfR7q0OSXA9Veuo=,7mCXPOuUCVMTrhQ7GiSSjA7D51c=
-77,-52,2TFQydmuOGcJwfR7q0OSXA9Veuo=,7mCXPOuUCVMTrhQ7GiSSjA7D51c=
-76,-51,2TFQydmuOGcJwfR7q0OSXA9Veuo=,UFUTwZRLAhMAzZZhlN/rERaO1hQ=
-72,-55,tlTzswLDZjvomaR5YgadpubttrQ=,0qkGa5VKuEynid52kALnZFCKZIk=
-79,-52,zXnHJcjxWweEEcgLsdzbW2KrCCM=,7mCXPOuUCVMTrhQ7GiSSjA7D51c=
-75,-50,zXnHJcjxWweEEcgLsdzbW2KrCCM=,UFUTwZRLAhMAzZZhlN/rERaO1hQ=
-77,-50,zXnHJcjxWweEEcgLsdzbW2KrCCM=,7mCXPOuUCVMTrhQ7GiSSjA7D51c=
-76,-52,2TFQydmuOGcJwfR7q0OSXA9Veuo=,UFUTwZRLAhMAzZZhlN/rERaO1hQ=
-78,-49,zXnHJcjxWweEEcgLsdzbW2KrCCM=,7mCXPOuUCVMTrhQ7GiSSjA7D51c=
-75,-54,2TFQydmuOGcJwfR7q0OSXA9Veuo=,7poLABtmTPToC0T6iAgoSNP5F7s=
-66,-49,zXnHJcjxWweEEcgLsdzbW2KrCCM=,brN8TWttyvkXu4Cu0sD/dPGUZaE=
-67,-49,zXnHJcjxWweEEcgLsdzbW2KrCCM=,brN8TWttyvkXu4Cu0sD/dPGUZaE=
-78,-50,zXnHJcjxWweEEcgLsdzbW2KrCCM=,7mCXPOuUCVMTrhQ7GiSSjA7D51c=
-80,-49,zXnHJcjxWweEEcgLsdzbW2KrCCM=,7mCXPOuUCVMTrhQ7GiSSjA7D51c=
-65,-49,zXnHJcjxWweEEcgLsdzbW2KrCCM=,brN8TWttyvkXu4Cu0sD/dPGUZaE=
-77,-51,2TFQydmuOGcJwfR7q0OSXA9Veuo=,7mCXPOuUCVMTrhQ7GiSSjA7D51c=
-78,-51,2TFQydmuOGcJwfR7q0OSXA9Veuo=,7mCXPOuUCVMTrhQ7GiSSjA7D51c=
-68,-50,zXnHJcjxWweEEcgLsdzbW2KrCCM=,brN8TWttyvkXu4Cu0sD/dPGUZaE=
-80,-52,zXnHJcjxWweEEcgLsdzbW2KrCCM=,7mCXPOuUCVMTrhQ7GiSSjA7D51c=
-69,-49,zXnHJcjxWweEEcgLsdzbW2KrCCM=,C8gDpMeM62yNkC5JU79tA1vHxmU=
-68,-49,zXnHJcjxWweEEcgLsdzbW2KrCCM=,brN8TWttyvkXu4Cu0sD/dPGUZaE=
-76,-50,zXnHJcjxWweEEcgLsdzbW2KrCCM=,UFUTwZRLAhMAzZZhlN/rERaO1hQ=
-70,-49,zXnHJcjxWweEEcgLsdzbW2KrCCM=,C8gDpMeM62yNkC5JU79tA1vHxmU=
-75,-49,zXnHJcjxWweEEcgLsdzbW2KrCCM=,UFUTwZRLAhMAzZZhlN/rERaO1hQ=
-73,-50,zXnHJcjxWweEEcgLsdzbW2KrCCM=,UFUTwZRLAhMAzZZhlN/rERaO1hQ=
-69,-50,zXnHJcjxWweEEcgLsdzbW2KrCCM=,C8gDpMeM62yNkC5JU79tA1vHxmU=
-75,-52,2TFQydmuOGcJwfR7q0OSXA9Veuo=,UFUTwZRLAhMAzZZhlN/rERaO1hQ=
-75,-51,2TFQydmuOGcJwfR7q0OSXA9Veuo=,UFUTwZRLAhMAzZZhlN/rERaO1hQ=
-75,-53,2TFQydmuOGcJwfR7q0OSXA9Veuo=,7poLABtmTPToC0T6iAgoSNP5F7s=
-79,-50,zXnHJcjxWweEEcgLsdzbW2KrCCM=,7mCXPOuUCVMTrhQ7GiSSjA7D51c=
-70,-50,zXnHJcjxWweEEcgLsdzbW2KrCCM=,C8gDpMeM62yNkC5JU79tA1vHxmU=
-77,-49,zXnHJcjxWweEEcgLsdzbW2KrCCM=,7mCXPOuUCVMTrhQ7GiSSjA7D51c=
-74,-50,zXnHJcjxWweEEcgLsdzbW2KrCCM=,UFUTwZRLAhMAzZZhlN/rERaO1hQ=
-76,-49,zXnHJcjxWweEEcgLsdzbW2KrCCM=,UFUTwZRLAhMAzZZhlN/rERaO1hQ=
-72,-49,zXnHJcjxWweEEcgLsdzbW2KrCCM=,C8gDpMeM62yNkC5JU79tA1vHxmU=
-71,-49,zXnHJcjxWweEEcgLsdzbW2KrCCM=,C8gDpMeM62yNkC5JU79tA1vHxmU=
-71,-50,zXnHJcjxWweEEcgLsdzbW2KrCCM=,C8gDpMeM62yNkC5JU79tA1vHxmU=
-72,-50,zXnHJcjxWweEEcgLsdzbW2KrCCM=,C8gDpMeM62yNkC5JU79tA1vHxmU=
-74,-49,zXnHJcjxWweEEcgLsdzbW2KrCCM=,UFUTwZRLAhMAzZZhlN/rERaO1hQ=
-80,-50,zXnHJcjxWweEEcgLsdzbW2KrCCM=,7mCXPOuUCVMTrhQ7GiSSjA7D51c=
-80,-51,zXnHJcjxWweEEcgLsdzbW2KrCCM=,7mCXPOuUCVMTrhQ7GiSSjA7D51c=
-73,-49,zXnHJcjxWweEEcgLsdzbW2KrCCM=,UFUTwZRLAhMAzZZhlN/rERaO1hQ=
-79,-51,zXnHJcjxWweEEcgLsdzbW2KrCCM=,7mCXPOuUCVMTrhQ7GiSSjA7D51c=
-79,-49,zXnHJcjxWweEEcgLsdzbW2KrCCM=,7mCXPOuUCVMTrhQ7GiSSjA7D51c=
-86,-55,u2xtuVw2bGQIRVkjQpzJHWFdb28=,5JNSrJJ4At69qiQDUzfGzL9UAWI=
-87,-54,u2xtuVw2bGQIRVkjQpzJHWFdb28=,5JNSrJJ4At69qiQDUzfGzL9UAWI=
-87,-55,u2xtuVw2bGQIRVkjQpzJHWFdb28=,5JNSrJJ4At69qiQDUzfGzL9UAWI=
-86,-54,etpJqQtYxhfhywJwG+E51hx3Wr4=,5JNSrJJ4At69qiQDUzfGzL9UAWI=
-86,-53,etpJqQtYxhfhywJwG+E51hx3Wr4=,5JNSrJJ4At69qiQDUzfGzL9UAWI=
-86,-50,etpJqQtYxhfhywJwG+E51hx3Wr4=,zOlG97e40/HJXxJHKCVduXdYpbU=
-87,-53,u2xtuVw2bGQIRVkjQpzJHWFdb28=,5JNSrJJ4At69qiQDUzfGzL9UAWI=
-87,-52,u2xtuVw2bGQIRVkjQpzJHWFdb28=,zOlG97e40/HJXxJHKCVduXdYpbU=
-86,-52,etpJqQtYxhfhywJwG+E51hx3Wr4=,zOlG97e40/HJXxJHKCVduXdYpbU=
-86,-51,etpJqQtYxhfhywJwG+E51hx3Wr4=,zOlG97e40/HJXxJHKCVduXdYpbU=
-87,-51,u2xtuVw2bGQIRVkjQpzJHWFdb28=,zOlG97e40/HJXxJHKCVduXdYpbU=
-87,-50,etpJqQtYxhfhywJwG+E51hx3Wr4=,zOlG97e40/HJXxJHKCVduXdYpbU=
-82,-55,u2xtuVw2bGQIRVkjQpzJHWFdb28=,P8xDuk6VVw9xivQ9FRTSTQjE2b4=
-83,-54,etpJqQtYxhfhywJwG+E51hx3Wr4=,P8xDuk6VVw9xivQ9FRTSTQjE2b4=
-84,-54,etpJqQtYxhfhywJwG+E51hx3Wr4=,P8xDuk6VVw9xivQ9FRTSTQjE2b4=
-85,-54,etpJqQtYxhfhywJwG+E51hx3Wr4=,5JNSrJJ4At69qiQDUzfGzL9UAWI=
-82,-54,etpJqQtYxhfhywJwG+E51hx3Wr4=,P8xDuk6VVw9xivQ9FRTSTQjE2b4=
-84,-55,u2xtuVw2bGQIRVkjQpzJHWFdb28=,P8xDuk6VVw9xivQ9FRTSTQjE2b4=
-83,-55,u2xtuVw2bGQIRVkjQpzJHWFdb28=,P8xDuk6VVw9xivQ9FRTSTQjE2b4=
-85,-55,u2xtuVw2bGQIRVkjQpzJHWFdb28=,5JNSrJJ4At69qiQDUzfGzL9UAWI=
-81,-55,u2xtuVw2bGQIRVkjQpzJHWFdb28=,P8xDuk6VVw9xivQ9FRTSTQjE2b4=
-81,-54,etpJqQtYxhfhywJwG+E51hx3Wr4=,P8xDuk6VVw9xivQ9FRTSTQjE2b4=
-86,-49,etpJqQtYxhfhywJwG+E51hx3Wr4=,zOlG97e40/HJXxJHKCVduXdYpbU=
-87,-49,etpJqQtYxhfhywJwG+E51hx3Wr4=,zOlG97e40/HJXxJHKCVduXdYpbU=
-88,-50,etpJqQtYxhfhywJwG+E51hx3Wr4=,zOlG97e40/HJXxJHKCVduXdYpbU=
-88,-54,u2xtuVw2bGQIRVkjQpzJHWFdb28=,5JNSrJJ4At69qiQDUzfGzL9UAWI=
-88,-52,u2xtuVw2bGQIRVkjQpzJHWFdb28=,zOlG97e40/HJXxJHKCVduXdYpbU=
-88,-55,u2xtuVw2bGQIRVkjQpzJHWFdb28=,5JNSrJJ4At69qiQDUzfGzL9UAWI=
-88,-53,u2xtuVw2bGQIRVkjQpzJHWFdb28=,5JNSrJJ4At69qiQDUzfGzL9UAWI=
-88,-49,etpJqQtYxhfhywJwG+E51hx3Wr4=,zOlG97e40/HJXxJHKCVduXdYpbU=
-82,-56,u2xtuVw2bGQIRVkjQpzJHWFdb28=,P8xDuk6VVw9xivQ9FRTSTQjE2b4=
-83,-56,u2xtuVw2bGQIRVkjQpzJHWFdb28=,P8xDuk6VVw9xivQ9FRTSTQjE2b4=
-84,-56,u2xtuVw2bGQIRVkjQpzJHWFdb28=,P8xDuk6VVw9xivQ9FRTSTQjE2b4=
-86,-56,u2xtuVw2bGQIRVkjQpzJHWFdb28=,5JNSrJJ4At69qiQDUzfGzL9UAWI=
-85,-56,u2xtuVw2bGQIRVkjQpzJHWFdb28=,5JNSrJJ4At69qiQDUzfGzL9UAWI=
-87,-56,u2xtuVw2bGQIRVkjQpzJHWFdb28=,5JNSrJJ4At69qiQDUzfGzL9UAWI=
-88,-56,etpJqQtYxhfhywJwG+E51hx3Wr4=,5JNSrJJ4At69qiQDUzfGzL9UAWI=
-81,-56,etpJqQtYxhfhywJwG+E51hx3Wr4=,P8xDuk6VVw9xivQ9FRTSTQjE2b4=
-88,-51,u2xtuVw2bGQIRVkjQpzJHWFdb28=,zOlG97e40/HJXxJHKCVduXdYpbU=
-84,-52,etpJqQtYxhfhywJwG+E51hx3Wr4=,tyslBPRdp1L4XF9HrCc40mtC4/Q=
-85,-52,etpJqQtYxhfhywJwG+E51hx3Wr4=,zOlG97e40/HJXxJHKCVduXdYpbU=
-85,-51,etpJqQtYxhfhywJwG+E51hx3Wr4=,zOlG97e40/HJXxJHKCVduXdYpbU=
-85,-50,etpJqQtYxhfhywJwG+E51hx3Wr4=,zOlG97e40/HJXxJHKCVduXdYpbU=
-83,-53,etpJqQtYxhfhywJwG+E51hx3Wr4=,P8xDuk6VVw9xivQ9FRTSTQjE2b4=
-82,-53,etpJqQtYxhfhywJwG+E51hx3Wr4=,P8xDuk6VVw9xivQ9FRTSTQjE2b4=
-85,-53,etpJqQtYxhfhywJwG+E51hx3Wr4=,5JNSrJJ4At69qiQDUzfGzL9UAWI=
-81,-53,etpJqQtYxhfhywJwG+E51hx3Wr4=,P8xDuk6VVw9xivQ9FRTSTQjE2b4=
-84,-51,etpJqQtYxhfhywJwG+E51hx3Wr4=,tyslBPRdp1L4XF9HrCc40mtC4/Q=
-84,-53,etpJqQtYxhfhywJwG+E51hx3Wr4=,P8xDuk6VVw9xivQ9FRTSTQjE2b4=
-85,-49,etpJqQtYxhfhywJwG+E51hx3Wr4=,zOlG97e40/HJXxJHKCVduXdYpbU=
-83,-49,etpJqQtYxhfhywJwG+E51hx3Wr4=,tyslBPRdp1L4XF9HrCc40mtC4/Q=
-83,-52,etpJqQtYxhfhywJwG+E51hx3Wr4=,tyslBPRdp1L4XF9HrCc40mtC4/Q=
-81,-50,etpJqQtYxhfhywJwG+E51hx3Wr4=,tyslBPRdp1L4XF9HrCc40mtC4/Q=
-82,-50,etpJqQtYxhfhywJwG+E51hx3Wr4=,tyslBPRdp1L4XF9HrCc40mtC4/Q=
-81,-52,etpJqQtYxhfhywJwG+E51hx3Wr4=,tyslBPRdp1L4XF9HrCc40mtC4/Q=
-83,-50,etpJqQtYxhfhywJwG+E51hx3Wr4=,tyslBPRdp1L4XF9HrCc40mtC4/Q=
-82,-49,etpJqQtYxhfhywJwG+E51hx3Wr4=,tyslBPRdp1L4XF9HrCc40mtC4/Q=
-84,-50,etpJqQtYxhfhywJwG+E51hx3Wr4=,tyslBPRdp1L4XF9HrCc40mtC4/Q=
-81,-49,etpJqQtYxhfhywJwG+E51hx3Wr4=,tyslBPRdp1L4XF9HrCc40mtC4/Q=
-83,-51,etpJqQtYxhfhywJwG+E51hx3Wr4=,tyslBPRdp1L4XF9HrCc40mtC4/Q=
-84,-49,etpJqQtYxhfhywJwG+E51hx3Wr4=,tyslBPRdp1L4XF9HrCc40mtC4/Q=
-82,-51,etpJqQtYxhfhywJwG+E51hx3Wr4=,tyslBPRdp1L4XF9HrCc40mtC4/Q=
-82,-52,etpJqQtYxhfhywJwG+E51hx3Wr4=,tyslBPRdp1L4XF9HrCc40mtC4/Q=
-81,-51,etpJqQtYxhfhywJwG+E51hx3Wr4=,tyslBPRdp1L4XF9HrCc40mtC4/Q=
-95,-40,0UbvzgJ7uj0eUn99eYxpviUo+Do=,iFBzEQ9wmQ//a0SzVIBMMasINt0=
-94,-40,0UbvzgJ7uj0eUn99eYxpviUo+Do=,iFBzEQ9wmQ//a0SzVIBMMasINt0=
-95,-39,0UbvzgJ7uj0eUn99eYxpviUo+Do=,iFBzEQ9wmQ//a0SzVIBMMasINt0=
-94,-39,0UbvzgJ7uj0eUn99eYxpviUo+Do=,iFBzEQ9wmQ//a0SzVIBMMasINt0=
-88,-39,ozbQiEBaEvmWTCrdsTfWf7GfDyc=,9EcAnSVZQS2u6D9Qb+GlCnuhXRI=
-87,-38,B/xUpJ4rJhLMMdkIbwtlmEElP1c=,9EcAnSVZQS2u6D9Qb+GlCnuhXRI=
-86,-38,B/xUpJ4rJhLMMdkIbwtlmEElP1c=,9EcAnSVZQS2u6D9Qb+GlCnuhXRI=
-88,-38,ozbQiEBaEvmWTCrdsTfWf7GfDyc=,9EcAnSVZQS2u6D9Qb+GlCnuhXRI=
-86,-39,B/xUpJ4rJhLMMdkIbwtlmEElP1c=,9EcAnSVZQS2u6D9Qb+GlCnuhXRI=
-87,-39,B/xUpJ4rJhLMMdkIbwtlmEElP1c=,9EcAnSVZQS2u6D9Qb+GlCnuhXRI=
-85,-39,kQrubN1Cy0ZydubzisWTU/ysyKo=,9EcAnSVZQS2u6D9Qb+GlCnuhXRI=
-83,-38,B/xUpJ4rJhLMMdkIbwtlmEElP1c=,IVrioD97Zt+IYM98jZCBJ/9yLrw=
-85,-38,aFh04iy+nyleWRJxW/AT2UJEX3E=,9EcAnSVZQS2u6D9Qb+GlCnuhXRI=
-83,-39,WiTmn/z+P4SjJJ3+TDVo44fnmtk=,IVrioD97Zt+IYM98jZCBJ/9yLrw=
-82,-38,kQrubN1Cy0ZydubzisWTU/ysyKo=,IVrioD97Zt+IYM98jZCBJ/9yLrw=
-84,-38,B/xUpJ4rJhLMMdkIbwtlmEElP1c=,IVrioD97Zt+IYM98jZCBJ/9yLrw=
-82,-39,6rHBmSVK9xXrhwocvKCbNnc7Iys=,IVrioD97Zt+IYM98jZCBJ/9yLrw=
-84,-39,kQrubN1Cy0ZydubzisWTU/ysyKo=,IVrioD97Zt+IYM98jZCBJ/9yLrw=
-88,-36,F6caFZGsnU6dViF/mUdnJk/MtT0=,nrPhttlIaAYsgnjqbsmlEeR8jIM=
-86,-34,F6caFZGsnU6dViF/mUdnJk/MtT0=,nrPhttlIaAYsgnjqbsmlEeR8jIM=
-87,-34,F6caFZGsnU6dViF/mUdnJk/MtT0=,nrPhttlIaAYsgnjqbsmlEeR8jIM=
-86,-37,B/xUpJ4rJhLMMdkIbwtlmEElP1c=,9EcAnSVZQS2u6D9Qb+GlCnuhXRI=
-88,-34,F6caFZGsnU6dViF/mUdnJk/MtT0=,nrPhttlIaAYsgnjqbsmlEeR8jIM=
-87,-37,B/xUpJ4rJhLMMdkIbwtlmEElP1c=,9EcAnSVZQS2u6D9Qb+GlCnuhXRI=
-88,-37,ozbQiEBaEvmWTCrdsTfWf7GfDyc=,9EcAnSVZQS2u6D9Qb+GlCnuhXRI=
-86,-35,F6caFZGsnU6dViF/mUdnJk/MtT0=,nrPhttlIaAYsgnjqbsmlEeR8jIM=
-87,-35,F6caFZGsnU6dViF/mUdnJk/MtT0=,nrPhttlIaAYsgnjqbsmlEeR8jIM=
-88,-35,F6caFZGsnU6dViF/mUdnJk/MtT0=,nrPhttlIaAYsgnjqbsmlEeR8jIM=
-86,-36,F6caFZGsnU6dViF/mUdnJk/MtT0=,nrPhttlIaAYsgnjqbsmlEeR8jIM=
-89,-34,0UbvzgJ7uj0eUn99eYxpviUo+Do=,scRXSnO9bdSAuJef0fyauXgI4mI=
-87,-36,F6caFZGsnU6dViF/mUdnJk/MtT0=,nrPhttlIaAYsgnjqbsmlEeR8jIM=
-89,-38,0UbvzgJ7uj0eUn99eYxpviUo+Do=,IEtz61/KW/kYYF2zp15Bi0N6hKE=
-87,-43,B/xUpJ4rJhLMMdkIbwtlmEElP1c=,R8vZjMo2IyV7+k4a/hSfqJzyoIE=
-86,-43,Bvz240AaiHcJi/3NeXEA7HYEd6c=,R8vZjMo2IyV7+k4a/hSfqJzyoIE=
-87,-42,B/xUpJ4rJhLMMdkIbwtlmEElP1c=,R8vZjMo2IyV7+k4a/hSfqJzyoIE=
-86,-42,Bvz240AaiHcJi/3NeXEA7HYEd6c=,R8vZjMo2IyV7+k4a/hSfqJzyoIE=
-87,-41,B/xUpJ4rJhLMMdkIbwtlmEElP1c=,R8vZjMo2IyV7+k4a/hSfqJzyoIE=
-86,-41,kQrubN1Cy0ZydubzisWTU/ysyKo=,R8vZjMo2IyV7+k4a/hSfqJzyoIE=
-87,-40,B/xUpJ4rJhLMMdkIbwtlmEElP1c=,9EcAnSVZQS2u6D9Qb+GlCnuhXRI=
-86,-40,B/xUpJ4rJhLMMdkIbwtlmEElP1c=,9EcAnSVZQS2u6D9Qb+GlCnuhXRI=
-90,-38,0UbvzgJ7uj0eUn99eYxpviUo+Do=,IEtz61/KW/kYYF2zp15Bi0N6hKE=
-94,-37,0UbvzgJ7uj0eUn99eYxpviUo+Do=,iFBzEQ9wmQ//a0SzVIBMMasINt0=
-89,-35,0UbvzgJ7uj0eUn99eYxpviUo+Do=,scRXSnO9bdSAuJef0fyauXgI4mI=
-93,-37,0UbvzgJ7uj0eUn99eYxpviUo+Do=,iFBzEQ9wmQ//a0SzVIBMMasINt0=
-93,-38,0UbvzgJ7uj0eUn99eYxpviUo+Do=,iFBzEQ9wmQ//a0SzVIBMMasINt0=
-89,-37,0UbvzgJ7uj0eUn99eYxpviUo+Do=,IEtz61/KW/kYYF2zp15Bi0N6hKE=
-90,-36,0UbvzgJ7uj0eUn99eYxpviUo+Do=,scRXSnO9bdSAuJef0fyauXgI4mI=
-89,-36,0UbvzgJ7uj0eUn99eYxpviUo+Do=,scRXSnO9bdSAuJef0fyauXgI4mI=
-90,-35,0UbvzgJ7uj0eUn99eYxpviUo+Do=,scRXSnO9bdSAuJef0fyauXgI4mI=
-92,-38,0UbvzgJ7uj0eUn99eYxpviUo+Do=,IEtz61/KW/kYYF2zp15Bi0N6hKE=
-91,-35,0UbvzgJ7uj0eUn99eYxpviUo+Do=,scRXSnO9bdSAuJef0fyauXgI4mI=
-94,-38,0UbvzgJ7uj0eUn99eYxpviUo+Do=,iFBzEQ9wmQ//a0SzVIBMMasINt0=
-92,-37,0UbvzgJ7uj0eUn99eYxpviUo+Do=,IEtz61/KW/kYYF2zp15Bi0N6hKE=
-87,-46,B/xUpJ4rJhLMMdkIbwtlmEElP1c=,1atbKKekBSqrGKvTyI7gR/d9rHo=
-86,-46,Bvz240AaiHcJi/3NeXEA7HYEd6c=,1atbKKekBSqrGKvTyI7gR/d9rHo=
-87,-45,B/xUpJ4rJhLMMdkIbwtlmEElP1c=,1atbKKekBSqrGKvTyI7gR/d9rHo=
-86,-45,Bvz240AaiHcJi/3NeXEA7HYEd6c=,1atbKKekBSqrGKvTyI7gR/d9rHo=
-87,-47,ozbQiEBaEvmWTCrdsTfWf7GfDyc=,1atbKKekBSqrGKvTyI7gR/d9rHo=
-86,-47,ozbQiEBaEvmWTCrdsTfWf7GfDyc=,1atbKKekBSqrGKvTyI7gR/d9rHo=
-87,-44,B/xUpJ4rJhLMMdkIbwtlmEElP1c=,R8vZjMo2IyV7+k4a/hSfqJzyoIE=
-86,-44,ozbQiEBaEvmWTCrdsTfWf7GfDyc=,R8vZjMo2IyV7+k4a/hSfqJzyoIE=
-84,-40,ozbQiEBaEvmWTCrdsTfWf7GfDyc=,IVrioD97Zt+IYM98jZCBJ/9yLrw=
-84,-41,ozbQiEBaEvmWTCrdsTfWf7GfDyc=,xMylCcIeEfhmpZ142K6ePSamD8M=
-83,-40,Bvz240AaiHcJi/3NeXEA7HYEd6c=,IVrioD97Zt+IYM98jZCBJ/9yLrw=
-82,-40,ozbQiEBaEvmWTCrdsTfWf7GfDyc=,IVrioD97Zt+IYM98jZCBJ/9yLrw=
-85,-40,Bvz240AaiHcJi/3NeXEA7HYEd6c=,9EcAnSVZQS2u6D9Qb+GlCnuhXRI=
-82,-42,Bvz240AaiHcJi/3NeXEA7HYEd6c=,xMylCcIeEfhmpZ142K6ePSamD8M=
-85,-41,Bvz240AaiHcJi/3NeXEA7HYEd6c=,R8vZjMo2IyV7+k4a/hSfqJzyoIE=
-83,-43,B/xUpJ4rJhLMMdkIbwtlmEElP1c=,xMylCcIeEfhmpZ142K6ePSamD8M=
-83,-42,kQrubN1Cy0ZydubzisWTU/ysyKo=,xMylCcIeEfhmpZ142K6ePSamD8M=
-85,-42,Bvz240AaiHcJi/3NeXEA7HYEd6c=,R8vZjMo2IyV7+k4a/hSfqJzyoIE=
-84,-42,kQrubN1Cy0ZydubzisWTU/ysyKo=,xMylCcIeEfhmpZ142K6ePSamD8M=
-82,-41,ozbQiEBaEvmWTCrdsTfWf7GfDyc=,xMylCcIeEfhmpZ142K6ePSamD8M=
-85,-43,Bvz240AaiHcJi/3NeXEA7HYEd6c=,R8vZjMo2IyV7+k4a/hSfqJzyoIE=
-83,-41,Bvz240AaiHcJi/3NeXEA7HYEd6c=,xMylCcIeEfhmpZ142K6ePSamD8M=
-84,-43,6rHBmSVK9xXrhwocvKCbNnc7Iys=,xMylCcIeEfhmpZ142K6ePSamD8M=
-92,-35,0UbvzgJ7uj0eUn99eYxpviUo+Do=,scRXSnO9bdSAuJef0fyauXgI4mI=
-90,-37,0UbvzgJ7uj0eUn99eYxpviUo+Do=,IEtz61/KW/kYYF2zp15Bi0N6hKE=
-91,-36,0UbvzgJ7uj0eUn99eYxpviUo+Do=,scRXSnO9bdSAuJef0fyauXgI4mI=
-93,-36,0UbvzgJ7uj0eUn99eYxpviUo+Do=,hy9/UuZ6DhiJ4EBUx4adX5WwKoo=
-91,-38,0UbvzgJ7uj0eUn99eYxpviUo+Do=,IEtz61/KW/kYYF2zp15Bi0N6hKE=
-92,-36,0UbvzgJ7uj0eUn99eYxpviUo+Do=,scRXSnO9bdSAuJef0fyauXgI4mI=
-91,-37,0UbvzgJ7uj0eUn99eYxpviUo+Do=,IEtz61/KW/kYYF2zp15Bi0N6hKE=
-93,-35,0UbvzgJ7uj0eUn99eYxpviUo+Do=,hy9/UuZ6DhiJ4EBUx4adX5WwKoo=
-94,-36,0UbvzgJ7uj0eUn99eYxpviUo+Do=,hy9/UuZ6DhiJ4EBUx4adX5WwKoo=
-94,-35,0UbvzgJ7uj0eUn99eYxpviUo+Do=,hy9/UuZ6DhiJ4EBUx4adX5WwKoo=
-84,-37,kQrubN1Cy0ZydubzisWTU/ysyKo=,IVrioD97Zt+IYM98jZCBJ/9yLrw=
-85,-35,F6caFZGsnU6dViF/mUdnJk/MtT0=,nrPhttlIaAYsgnjqbsmlEeR8jIM=
-83,-36,B/xUpJ4rJhLMMdkIbwtlmEElP1c=,IxpXb+9w1zUAg9ZvB/QqUQcNrM4=
-85,-36,F6caFZGsnU6dViF/mUdnJk/MtT0=,nrPhttlIaAYsgnjqbsmlEeR8jIM=
-82,-37,B/xUpJ4rJhLMMdkIbwtlmEElP1c=,IVrioD97Zt+IYM98jZCBJ/9yLrw=
-84,-35,B/xUpJ4rJhLMMdkIbwtlmEElP1c=,IxpXb+9w1zUAg9ZvB/QqUQcNrM4=
-83,-37,kQrubN1Cy0ZydubzisWTU/ysyKo=,IVrioD97Zt+IYM98jZCBJ/9yLrw=
-84,-36,B/xUpJ4rJhLMMdkIbwtlmEElP1c=,IxpXb+9w1zUAg9ZvB/QqUQcNrM4=
-85,-34,F6caFZGsnU6dViF/mUdnJk/MtT0=,nrPhttlIaAYsgnjqbsmlEeR8jIM=
-85,-37,6rHBmSVK9xXrhwocvKCbNnc7Iys=,9EcAnSVZQS2u6D9Qb+GlCnuhXRI=
-83,-35,B/xUpJ4rJhLMMdkIbwtlmEElP1c=,IxpXb+9w1zUAg9ZvB/QqUQcNrM4=
-85,-46,Bvz240AaiHcJi/3NeXEA7HYEd6c=,1atbKKekBSqrGKvTyI7gR/d9rHo=
-85,-44,Bvz240AaiHcJi/3NeXEA7HYEd6c=,R8vZjMo2IyV7+k4a/hSfqJzyoIE=
-88,-46,B/xUpJ4rJhLMMdkIbwtlmEElP1c=,1atbKKekBSqrGKvTyI7gR/d9rHo=
-88,-47,B/xUpJ4rJhLMMdkIbwtlmEElP1c=,1atbKKekBSqrGKvTyI7gR/d9rHo=
-86,-48,ozbQiEBaEvmWTCrdsTfWf7GfDyc=,1atbKKekBSqrGKvTyI7gR/d9rHo=
-87,-48,ozbQiEBaEvmWTCrdsTfWf7GfDyc=,1atbKKekBSqrGKvTyI7gR/d9rHo=
-88,-48,ozbQiEBaEvmWTCrdsTfWf7GfDyc=,1atbKKekBSqrGKvTyI7gR/d9rHo=
-88,-43,B/xUpJ4rJhLMMdkIbwtlmEElP1c=,R8vZjMo2IyV7+k4a/hSfqJzyoIE=
-88,-45,B/xUpJ4rJhLMMdkIbwtlmEElP1c=,1atbKKekBSqrGKvTyI7gR/d9rHo=
-88,-42,B/xUpJ4rJhLMMdkIbwtlmEElP1c=,R8vZjMo2IyV7+k4a/hSfqJzyoIE=
-88,-41,ozbQiEBaEvmWTCrdsTfWf7GfDyc=,R8vZjMo2IyV7+k4a/hSfqJzyoIE=
-85,-45,Bvz240AaiHcJi/3NeXEA7HYEd6c=,1atbKKekBSqrGKvTyI7gR/d9rHo=
-89,-40,0UbvzgJ7uj0eUn99eYxpviUo+Do=,IEtz61/KW/kYYF2zp15Bi0N6hKE=
-90,-40,0UbvzgJ7uj0eUn99eYxpviUo+Do=,IEtz61/KW/kYYF2zp15Bi0N6hKE=
-88,-40,ozbQiEBaEvmWTCrdsTfWf7GfDyc=,9EcAnSVZQS2u6D9Qb+GlCnuhXRI=
-91,-40,0UbvzgJ7uj0eUn99eYxpviUo+Do=,IEtz61/KW/kYYF2zp15Bi0N6hKE=
-92,-40,0UbvzgJ7uj0eUn99eYxpviUo+Do=,IEtz61/KW/kYYF2zp15Bi0N6hKE=
-93,-40,0UbvzgJ7uj0eUn99eYxpviUo+Do=,iFBzEQ9wmQ//a0SzVIBMMasINt0=
-88,-44,B/xUpJ4rJhLMMdkIbwtlmEElP1c=,R8vZjMo2IyV7+k4a/hSfqJzyoIE=
-93,-39,0UbvzgJ7uj0eUn99eYxpviUo+Do=,iFBzEQ9wmQ//a0SzVIBMMasINt0=
-85,-48,ozbQiEBaEvmWTCrdsTfWf7GfDyc=,1atbKKekBSqrGKvTyI7gR/d9rHo=
-89,-39,0UbvzgJ7uj0eUn99eYxpviUo+Do=,IEtz61/KW/kYYF2zp15Bi0N6hKE=
-96,-39,0UbvzgJ7uj0eUn99eYxpviUo+Do=,iFBzEQ9wmQ//a0SzVIBMMasINt0=
-96,-38,0UbvzgJ7uj0eUn99eYxpviUo+Do=,iFBzEQ9wmQ//a0SzVIBMMasINt0=
-96,-40,0UbvzgJ7uj0eUn99eYxpviUo+Do=,iFBzEQ9wmQ//a0SzVIBMMasINt0=
-82,-43,Bvz240AaiHcJi/3NeXEA7HYEd6c=,xMylCcIeEfhmpZ142K6ePSamD8M=
-81,-38,kQrubN1Cy0ZydubzisWTU/ysyKo=,IVrioD97Zt+IYM98jZCBJ/9yLrw=
-81,-40,ozbQiEBaEvmWTCrdsTfWf7GfDyc=,IVrioD97Zt+IYM98jZCBJ/9yLrw=
-81,-39,kQrubN1Cy0ZydubzisWTU/ysyKo=,IVrioD97Zt+IYM98jZCBJ/9yLrw=
-90,-39,0UbvzgJ7uj0eUn99eYxpviUo+Do=,IEtz61/KW/kYYF2zp15Bi0N6hKE=
-92,-39,0UbvzgJ7uj0eUn99eYxpviUo+Do=,IEtz61/KW/kYYF2zp15Bi0N6hKE=
-81,-36,ozbQiEBaEvmWTCrdsTfWf7GfDyc=,IxpXb+9w1zUAg9ZvB/QqUQcNrM4=
-81,-37,ozbQiEBaEvmWTCrdsTfWf7GfDyc=,IVrioD97Zt+IYM98jZCBJ/9yLrw=
-91,-39,0UbvzgJ7uj0eUn99eYxpviUo+Do=,IEtz61/KW/kYYF2zp15Bi0N6hKE=
-82,-36,kQrubN1Cy0ZydubzisWTU/ysyKo=,IxpXb+9w1zUAg9ZvB/QqUQcNrM4=
-81,-41,ozbQiEBaEvmWTCrdsTfWf7GfDyc=,xMylCcIeEfhmpZ142K6ePSamD8M=
-83,-44,ozbQiEBaEvmWTCrdsTfWf7GfDyc=,xMylCcIeEfhmpZ142K6ePSamD8M=
-82,-44,ozbQiEBaEvmWTCrdsTfWf7GfDyc=,xMylCcIeEfhmpZ142K6ePSamD8M=
-84,-44,ozbQiEBaEvmWTCrdsTfWf7GfDyc=,xMylCcIeEfhmpZ142K6ePSamD8M=
-81,-43,Bvz240AaiHcJi/3NeXEA7HYEd6c=,xMylCcIeEfhmpZ142K6ePSamD8M=
-85,-47,ozbQiEBaEvmWTCrdsTfWf7GfDyc=,1atbKKekBSqrGKvTyI7gR/d9rHo=
-95,-38,0UbvzgJ7uj0eUn99eYxpviUo+Do=,iFBzEQ9wmQ//a0SzVIBMMasINt0=
-95,-37,0UbvzgJ7uj0eUn99eYxpviUo+Do=,iFBzEQ9wmQ//a0SzVIBMMasINt0=
-81,-44,ozbQiEBaEvmWTCrdsTfWf7GfDyc=,xMylCcIeEfhmpZ142K6ePSamD8M=
-81,-42,Bvz240AaiHcJi/3NeXEA7HYEd6c=,xMylCcIeEfhmpZ142K6ePSamD8M=
-96,-35,0UbvzgJ7uj0eUn99eYxpviUo+Do=,hy9/UuZ6DhiJ4EBUx4adX5WwKoo=
-82,-35,B/xUpJ4rJhLMMdkIbwtlmEElP1c=,IxpXb+9w1zUAg9ZvB/QqUQcNrM4=
-82,-45,ozbQiEBaEvmWTCrdsTfWf7GfDyc=,nAsRiRBdv44Y+FTW1Vkc3GpI1t0=
-81,-35,ozbQiEBaEvmWTCrdsTfWf7GfDyc=,IxpXb+9w1zUAg9ZvB/QqUQcNrM4=
-96,-36,0UbvzgJ7uj0eUn99eYxpviUo+Do=,hy9/UuZ6DhiJ4EBUx4adX5WwKoo=
-95,-36,0UbvzgJ7uj0eUn99eYxpviUo+Do=,hy9/UuZ6DhiJ4EBUx4adX5WwKoo=
-96,-37,0UbvzgJ7uj0eUn99eYxpviUo+Do=,iFBzEQ9wmQ//a0SzVIBMMasINt0=
-95,-35,0UbvzgJ7uj0eUn99eYxpviUo+Do=,hy9/UuZ6DhiJ4EBUx4adX5WwKoo=
-89,-33,0UbvzgJ7uj0eUn99eYxpviUo+Do=,scRXSnO9bdSAuJef0fyauXgI4mI=
-88,-33,Q0Xn8nGdR30koJiSvrFNGARwd8U=,nrPhttlIaAYsgnjqbsmlEeR8jIM=
-84,-45,ozbQiEBaEvmWTCrdsTfWf7GfDyc=,nAsRiRBdv44Y+FTW1Vkc3GpI1t0=
-87,-33,Q0Xn8nGdR30koJiSvrFNGARwd8U=,nrPhttlIaAYsgnjqbsmlEeR8jIM=
-84,-46,ozbQiEBaEvmWTCrdsTfWf7GfDyc=,nAsRiRBdv44Y+FTW1Vkc3GpI1t0=
-81,-45,ozbQiEBaEvmWTCrdsTfWf7GfDyc=,nAsRiRBdv44Y+FTW1Vkc3GpI1t0=
-90,-33,0UbvzgJ7uj0eUn99eYxpviUo+Do=,scRXSnO9bdSAuJef0fyauXgI4mI=
-83,-48,ozbQiEBaEvmWTCrdsTfWf7GfDyc=,nAsRiRBdv44Y+FTW1Vkc3GpI1t0=
-90,-34,0UbvzgJ7uj0eUn99eYxpviUo+Do=,scRXSnO9bdSAuJef0fyauXgI4mI=
-92,-34,0UbvzgJ7uj0eUn99eYxpviUo+Do=,scRXSnO9bdSAuJef0fyauXgI4mI=
-84,-34,B/xUpJ4rJhLMMdkIbwtlmEElP1c=,IxpXb+9w1zUAg9ZvB/QqUQcNrM4=
-96,-33,0UbvzgJ7uj0eUn99eYxpviUo+Do=,hy9/UuZ6DhiJ4EBUx4adX5WwKoo=
-82,-34,B/xUpJ4rJhLMMdkIbwtlmEElP1c=,IxpXb+9w1zUAg9ZvB/QqUQcNrM4=
-85,-33,Q0Xn8nGdR30koJiSvrFNGARwd8U=,nrPhttlIaAYsgnjqbsmlEeR8jIM=
-84,-33,Bvz240AaiHcJi/3NeXEA7HYEd6c=,IxpXb+9w1zUAg9ZvB/QqUQcNrM4=
-82,-33,kQrubN1Cy0ZydubzisWTU/ysyKo=,IxpXb+9w1zUAg9ZvB/QqUQcNrM4=
-84,-47,ozbQiEBaEvmWTCrdsTfWf7GfDyc=,nAsRiRBdv44Y+FTW1Vkc3GpI1t0=
-82,-47,ozbQiEBaEvmWTCrdsTfWf7GfDyc=,nAsRiRBdv44Y+FTW1Vkc3GpI1t0=
-94,-33,0UbvzgJ7uj0eUn99eYxpviUo+Do=,hy9/UuZ6DhiJ4EBUx4adX5WwKoo=
-86,-33,Q0Xn8nGdR30koJiSvrFNGARwd8U=,nrPhttlIaAYsgnjqbsmlEeR8jIM=
-91,-34,0UbvzgJ7uj0eUn99eYxpviUo+Do=,scRXSnO9bdSAuJef0fyauXgI4mI=
-83,-46,ozbQiEBaEvmWTCrdsTfWf7GfDyc=,nAsRiRBdv44Y+FTW1Vkc3GpI1t0=
-92,-33,0UbvzgJ7uj0eUn99eYxpviUo+Do=,scRXSnO9bdSAuJef0fyauXgI4mI=
-83,-47,ozbQiEBaEvmWTCrdsTfWf7GfDyc=,nAsRiRBdv44Y+FTW1Vkc3GpI1t0=
-84,-48,ozbQiEBaEvmWTCrdsTfWf7GfDyc=,nAsRiRBdv44Y+FTW1Vkc3GpI1t0=
-83,-45,ozbQiEBaEvmWTCrdsTfWf7GfDyc=,nAsRiRBdv44Y+FTW1Vkc3GpI1t0=
-82,-46,ozbQiEBaEvmWTCrdsTfWf7GfDyc=,nAsRiRBdv44Y+FTW1Vkc3GpI1t0=
-81,-47,ozbQiEBaEvmWTCrdsTfWf7GfDyc=,nAsRiRBdv44Y+FTW1Vkc3GpI1t0=
-81,-33,ozbQiEBaEvmWTCrdsTfWf7GfDyc=,IxpXb+9w1zUAg9ZvB/QqUQcNrM4=
-93,-34,0UbvzgJ7uj0eUn99eYxpviUo+Do=,hy9/UuZ6DhiJ4EBUx4adX5WwKoo=
-91,-33,0UbvzgJ7uj0eUn99eYxpviUo+Do=,scRXSnO9bdSAuJef0fyauXgI4mI=
-83,-33,kQrubN1Cy0ZydubzisWTU/ysyKo=,IxpXb+9w1zUAg9ZvB/QqUQcNrM4=
-83,-34,B/xUpJ4rJhLMMdkIbwtlmEElP1c=,IxpXb+9w1zUAg9ZvB/QqUQcNrM4=
-82,-48,ozbQiEBaEvmWTCrdsTfWf7GfDyc=,nAsRiRBdv44Y+FTW1Vkc3GpI1t0=
-81,-48,ozbQiEBaEvmWTCrdsTfWf7GfDyc=,nAsRiRBdv44Y+FTW1Vkc3GpI1t0=
-81,-34,ozbQiEBaEvmWTCrdsTfWf7GfDyc=,IxpXb+9w1zUAg9ZvB/QqUQcNrM4=
-95,-33,0UbvzgJ7uj0eUn99eYxpviUo+Do=,hy9/UuZ6DhiJ4EBUx4adX5WwKoo=
-81,-46,ozbQiEBaEvmWTCrdsTfWf7GfDyc=,nAsRiRBdv44Y+FTW1Vkc3GpI1t0=
-93,-33,0UbvzgJ7uj0eUn99eYxpviUo+Do=,hy9/UuZ6DhiJ4EBUx4adX5WwKoo=
-96,-34,0UbvzgJ7uj0eUn99eYxpviUo+Do=,hy9/UuZ6DhiJ4EBUx4adX5WwKoo=
-95,-34,0UbvzgJ7uj0eUn99eYxpviUo+Do=,hy9/UuZ6DhiJ4EBUx4adX5WwKoo=
-94,-34,0UbvzgJ7uj0eUn99eYxpviUo+Do=,hy9/UuZ6DhiJ4EBUx4adX5WwKoo=
-69,-57,DjLXj1nM/GBbxcTIwewrHH82N/k=,UtdLDqMUP3OBMQOFeEA4hC8tjtc=
-67,-58,DjLXj1nM/GBbxcTIwewrHH82N/k=,pwSNuEPu6t4F2bv5Tp31JR5KmWA=
-68,-58,DjLXj1nM/GBbxcTIwewrHH82N/k=,pwSNuEPu6t4F2bv5Tp31JR5KmWA=
-70,-58,DjLXj1nM/GBbxcTIwewrHH82N/k=,UtdLDqMUP3OBMQOFeEA4hC8tjtc=
-77,-58,tlTzswLDZjvomaR5YgadpubttrQ=,SZoeFLsTVmESaQCl8DrRTWflEtY=
-70,-57,tlTzswLDZjvomaR5YgadpubttrQ=,UtdLDqMUP3OBMQOFeEA4hC8tjtc=
-69,-58,tlTzswLDZjvomaR5YgadpubttrQ=,UtdLDqMUP3OBMQOFeEA4hC8tjtc=
-74,-57,tlTzswLDZjvomaR5YgadpubttrQ=,+a43PeHfVpkb+NJ5d4ZtZmTX2Ug=
-68,-57,tlTzswLDZjvomaR5YgadpubttrQ=,pwSNuEPu6t4F2bv5Tp31JR5KmWA=
-77,-57,tlTzswLDZjvomaR5YgadpubttrQ=,SZoeFLsTVmESaQCl8DrRTWflEtY=
-67,-57,tlTzswLDZjvomaR5YgadpubttrQ=,pwSNuEPu6t4F2bv5Tp31JR5KmWA=
-73,-57,tlTzswLDZjvomaR5YgadpubttrQ=,+a43PeHfVpkb+NJ5d4ZtZmTX2Ug=
-73,-58,tlTzswLDZjvomaR5YgadpubttrQ=,+a43PeHfVpkb+NJ5d4ZtZmTX2Ug=
-78,-58,tlTzswLDZjvomaR5YgadpubttrQ=,SZoeFLsTVmESaQCl8DrRTWflEtY=
-71,-58,tlTzswLDZjvomaR5YgadpubttrQ=,UtdLDqMUP3OBMQOFeEA4hC8tjtc=
-76,-57,tlTzswLDZjvomaR5YgadpubttrQ=,+a43PeHfVpkb+NJ5d4ZtZmTX2Ug=
-74,-58,tlTzswLDZjvomaR5YgadpubttrQ=,+a43PeHfVpkb+NJ5d4ZtZmTX2Ug=
-75,-58,tlTzswLDZjvomaR5YgadpubttrQ=,+a43PeHfVpkb+NJ5d4ZtZmTX2Ug=
-72,-58,tlTzswLDZjvomaR5YgadpubttrQ=,UtdLDqMUP3OBMQOFeEA4hC8tjtc=
-75,-57,tlTzswLDZjvomaR5YgadpubttrQ=,+a43PeHfVpkb+NJ5d4ZtZmTX2Ug=
-76,-58,tlTzswLDZjvomaR5YgadpubttrQ=,+a43PeHfVpkb+NJ5d4ZtZmTX2Ug=
-71,-57,tlTzswLDZjvomaR5YgadpubttrQ=,UtdLDqMUP3OBMQOFeEA4hC8tjtc=
-78,-57,tlTzswLDZjvomaR5YgadpubttrQ=,SZoeFLsTVmESaQCl8DrRTWflEtY=
-72,-57,tlTzswLDZjvomaR5YgadpubttrQ=,UtdLDqMUP3OBMQOFeEA4hC8tjtc=
-75,-60,tlTzswLDZjvomaR5YgadpubttrQ=,+a43PeHfVpkb+NJ5d4ZtZmTX2Ug=
-76,-62,tlTzswLDZjvomaR5YgadpubttrQ=,jbNRZfenEvFmGxqDiVUtdlUousg=
-72,-61,tlTzswLDZjvomaR5YgadpubttrQ=,Uoskh7pidHUugPbBCqEjuV1c0ns=
-67,-59,tlTzswLDZjvomaR5YgadpubttrQ=,pwSNuEPu6t4F2bv5Tp31JR5KmWA=
-74,-61,tlTzswLDZjvomaR5YgadpubttrQ=,jbNRZfenEvFmGxqDiVUtdlUousg=
-76,-61,tlTzswLDZjvomaR5YgadpubttrQ=,jbNRZfenEvFmGxqDiVUtdlUousg=
-76,-59,zXnHJcjxWweEEcgLsdzbW2KrCCM=,+a43PeHfVpkb+NJ5d4ZtZmTX2Ug=
-72,-63,zXnHJcjxWweEEcgLsdzbW2KrCCM=,Uoskh7pidHUugPbBCqEjuV1c0ns=
-71,-63,zXnHJcjxWweEEcgLsdzbW2KrCCM=,Uoskh7pidHUugPbBCqEjuV1c0ns=
-75,-59,zXnHJcjxWweEEcgLsdzbW2KrCCM=,+a43PeHfVpkb+NJ5d4ZtZmTX2Ug=
-72,-59,zXnHJcjxWweEEcgLsdzbW2KrCCM=,UtdLDqMUP3OBMQOFeEA4hC8tjtc=
-77,-60,zXnHJcjxWweEEcgLsdzbW2KrCCM=,SZoeFLsTVmESaQCl8DrRTWflEtY=
-78,-61,zXnHJcjxWweEEcgLsdzbW2KrCCM=,yEHVp8uBP683aPT7JPGQiSjZsio=
-68,-60,zXnHJcjxWweEEcgLsdzbW2KrCCM=,pwSNuEPu6t4F2bv5Tp31JR5KmWA=
-75,-61,zXnHJcjxWweEEcgLsdzbW2KrCCM=,jbNRZfenEvFmGxqDiVUtdlUousg=
-68,-59,zXnHJcjxWweEEcgLsdzbW2KrCCM=,pwSNuEPu6t4F2bv5Tp31JR5KmWA=
-77,-61,zXnHJcjxWweEEcgLsdzbW2KrCCM=,yEHVp8uBP683aPT7JPGQiSjZsio=
-76,-60,zXnHJcjxWweEEcgLsdzbW2KrCCM=,+a43PeHfVpkb+NJ5d4ZtZmTX2Ug=
-73,-59,zXnHJcjxWweEEcgLsdzbW2KrCCM=,+a43PeHfVpkb+NJ5d4ZtZmTX2Ug=
-74,-59,zXnHJcjxWweEEcgLsdzbW2KrCCM=,+a43PeHfVpkb+NJ5d4ZtZmTX2Ug=
-75,-62,zXnHJcjxWweEEcgLsdzbW2KrCCM=,jbNRZfenEvFmGxqDiVUtdlUousg=
-67,-60,zXnHJcjxWweEEcgLsdzbW2KrCCM=,pwSNuEPu6t4F2bv5Tp31JR5KmWA=
-68,-61,zXnHJcjxWweEEcgLsdzbW2KrCCM=,xxXuO7FtUa/96pg9N8flBfWUej0=
-68,-62,zXnHJcjxWweEEcgLsdzbW2KrCCM=,xxXuO7FtUa/96pg9N8flBfWUej0=
-71,-59,zXnHJcjxWweEEcgLsdzbW2KrCCM=,UtdLDqMUP3OBMQOFeEA4hC8tjtc=
-74,-64,zXnHJcjxWweEEcgLsdzbW2KrCCM=,jbNRZfenEvFmGxqDiVUtdlUousg=
-72,-62,zXnHJcjxWweEEcgLsdzbW2KrCCM=,Uoskh7pidHUugPbBCqEjuV1c0ns=
-69,-61,zXnHJcjxWweEEcgLsdzbW2KrCCM=,Uoskh7pidHUugPbBCqEjuV1c0ns=
-78,-60,zXnHJcjxWweEEcgLsdzbW2KrCCM=,SZoeFLsTVmESaQCl8DrRTWflEtY=
-73,-64,zXnHJcjxWweEEcgLsdzbW2KrCCM=,jbNRZfenEvFmGxqDiVUtdlUousg=
-73,-60,zXnHJcjxWweEEcgLsdzbW2KrCCM=,+a43PeHfVpkb+NJ5d4ZtZmTX2Ug=
-72,-60,zXnHJcjxWweEEcgLsdzbW2KrCCM=,UtdLDqMUP3OBMQOFeEA4hC8tjtc=
-74,-60,zXnHJcjxWweEEcgLsdzbW2KrCCM=,+a43PeHfVpkb+NJ5d4ZtZmTX2Ug=
-77,-59,zXnHJcjxWweEEcgLsdzbW2KrCCM=,SZoeFLsTVmESaQCl8DrRTWflEtY=
-71,-60,zXnHJcjxWweEEcgLsdzbW2KrCCM=,UtdLDqMUP3OBMQOFeEA4hC8tjtc=
-67,-61,zXnHJcjxWweEEcgLsdzbW2KrCCM=,xxXuO7FtUa/96pg9N8flBfWUej0=
-69,-60,zXnHJcjxWweEEcgLsdzbW2KrCCM=,UtdLDqMUP3OBMQOFeEA4hC8tjtc=
-71,-61,zXnHJcjxWweEEcgLsdzbW2KrCCM=,Uoskh7pidHUugPbBCqEjuV1c0ns=
-73,-61,zXnHJcjxWweEEcgLsdzbW2KrCCM=,jbNRZfenEvFmGxqDiVUtdlUousg=
-73,-63,zXnHJcjxWweEEcgLsdzbW2KrCCM=,jbNRZfenEvFmGxqDiVUtdlUousg=
-73,-62,zXnHJcjxWweEEcgLsdzbW2KrCCM=,jbNRZfenEvFmGxqDiVUtdlUousg=
-78,-59,zXnHJcjxWweEEcgLsdzbW2KrCCM=,SZoeFLsTVmESaQCl8DrRTWflEtY=
-67,-62,zXnHJcjxWweEEcgLsdzbW2KrCCM=,xxXuO7FtUa/96pg9N8flBfWUej0=
-69,-59,zXnHJcjxWweEEcgLsdzbW2KrCCM=,UtdLDqMUP3OBMQOFeEA4hC8tjtc=
-71,-62,zXnHJcjxWweEEcgLsdzbW2KrCCM=,Uoskh7pidHUugPbBCqEjuV1c0ns=
-74,-63,zXnHJcjxWweEEcgLsdzbW2KrCCM=,jbNRZfenEvFmGxqDiVUtdlUousg=
-74,-62,zXnHJcjxWweEEcgLsdzbW2KrCCM=,jbNRZfenEvFmGxqDiVUtdlUousg=
-70,-60,zXnHJcjxWweEEcgLsdzbW2KrCCM=,UtdLDqMUP3OBMQOFeEA4hC8tjtc=
-72,-64,zXnHJcjxWweEEcgLsdzbW2KrCCM=,Uoskh7pidHUugPbBCqEjuV1c0ns=
-77,-62,zXnHJcjxWweEEcgLsdzbW2KrCCM=,yEHVp8uBP683aPT7JPGQiSjZsio=
-70,-61,zXnHJcjxWweEEcgLsdzbW2KrCCM=,Uoskh7pidHUugPbBCqEjuV1c0ns=
-69,-62,zXnHJcjxWweEEcgLsdzbW2KrCCM=,Uoskh7pidHUugPbBCqEjuV1c0ns=
-70,-62,zXnHJcjxWweEEcgLsdzbW2KrCCM=,Uoskh7pidHUugPbBCqEjuV1c0ns=
-65,-60,zXnHJcjxWweEEcgLsdzbW2KrCCM=,pwSNuEPu6t4F2bv5Tp31JR5KmWA=
-68,-63,zXnHJcjxWweEEcgLsdzbW2KrCCM=,xxXuO7FtUa/96pg9N8flBfWUej0=
-66,-59,zXnHJcjxWweEEcgLsdzbW2KrCCM=,pwSNuEPu6t4F2bv5Tp31JR5KmWA=
-70,-59,zXnHJcjxWweEEcgLsdzbW2KrCCM=,UtdLDqMUP3OBMQOFeEA4hC8tjtc=
-78,-62,zXnHJcjxWweEEcgLsdzbW2KrCCM=,yEHVp8uBP683aPT7JPGQiSjZsio=
-65,-58,zXnHJcjxWweEEcgLsdzbW2KrCCM=,pwSNuEPu6t4F2bv5Tp31JR5KmWA=
-67,-63,zXnHJcjxWweEEcgLsdzbW2KrCCM=,xxXuO7FtUa/96pg9N8flBfWUej0=
-69,-64,zXnHJcjxWweEEcgLsdzbW2KrCCM=,Uoskh7pidHUugPbBCqEjuV1c0ns=
-68,-64,zXnHJcjxWweEEcgLsdzbW2KrCCM=,xxXuO7FtUa/96pg9N8flBfWUej0=
-69,-63,zXnHJcjxWweEEcgLsdzbW2KrCCM=,Uoskh7pidHUugPbBCqEjuV1c0ns=
-71,-64,zXnHJcjxWweEEcgLsdzbW2KrCCM=,Uoskh7pidHUugPbBCqEjuV1c0ns=
-79,-57,zXnHJcjxWweEEcgLsdzbW2KrCCM=,SZoeFLsTVmESaQCl8DrRTWflEtY=
-67,-64,zXnHJcjxWweEEcgLsdzbW2KrCCM=,xxXuO7FtUa/96pg9N8flBfWUej0=
-70,-64,zXnHJcjxWweEEcgLsdzbW2KrCCM=,Uoskh7pidHUugPbBCqEjuV1c0ns=
-70,-63,zXnHJcjxWweEEcgLsdzbW2KrCCM=,Uoskh7pidHUugPbBCqEjuV1c0ns=
-66,-62,zXnHJcjxWweEEcgLsdzbW2KrCCM=,xxXuO7FtUa/96pg9N8flBfWUej0=
-80,-57,zXnHJcjxWweEEcgLsdzbW2KrCCM=,SZoeFLsTVmESaQCl8DrRTWflEtY=
-79,-58,zXnHJcjxWweEEcgLsdzbW2KrCCM=,SZoeFLsTVmESaQCl8DrRTWflEtY=
-80,-60,zXnHJcjxWweEEcgLsdzbW2KrCCM=,SZoeFLsTVmESaQCl8DrRTWflEtY=
-66,-61,zXnHJcjxWweEEcgLsdzbW2KrCCM=,xxXuO7FtUa/96pg9N8flBfWUej0=
-66,-57,zXnHJcjxWweEEcgLsdzbW2KrCCM=,pwSNuEPu6t4F2bv5Tp31JR5KmWA=
-65,-57,zXnHJcjxWweEEcgLsdzbW2KrCCM=,pwSNuEPu6t4F2bv5Tp31JR5KmWA=
-65,-59,zXnHJcjxWweEEcgLsdzbW2KrCCM=,pwSNuEPu6t4F2bv5Tp31JR5KmWA=
-66,-60,zXnHJcjxWweEEcgLsdzbW2KrCCM=,pwSNuEPu6t4F2bv5Tp31JR5KmWA=
-80,-58,zXnHJcjxWweEEcgLsdzbW2KrCCM=,SZoeFLsTVmESaQCl8DrRTWflEtY=
-65,-62,zXnHJcjxWweEEcgLsdzbW2KrCCM=,xxXuO7FtUa/96pg9N8flBfWUej0=
-66,-58,zXnHJcjxWweEEcgLsdzbW2KrCCM=,pwSNuEPu6t4F2bv5Tp31JR5KmWA=
-79,-59,zXnHJcjxWweEEcgLsdzbW2KrCCM=,SZoeFLsTVmESaQCl8DrRTWflEtY=
-65,-61,zXnHJcjxWweEEcgLsdzbW2KrCCM=,xxXuO7FtUa/96pg9N8flBfWUej0=
-80,-62,zXnHJcjxWweEEcgLsdzbW2KrCCM=,yEHVp8uBP683aPT7JPGQiSjZsio=
-79,-60,zXnHJcjxWweEEcgLsdzbW2KrCCM=,SZoeFLsTVmESaQCl8DrRTWflEtY=
-76,-64,zXnHJcjxWweEEcgLsdzbW2KrCCM=,jbNRZfenEvFmGxqDiVUtdlUousg=
-79,-61,zXnHJcjxWweEEcgLsdzbW2KrCCM=,yEHVp8uBP683aPT7JPGQiSjZsio=
-80,-61,zXnHJcjxWweEEcgLsdzbW2KrCCM=,yEHVp8uBP683aPT7JPGQiSjZsio=
-76,-63,zXnHJcjxWweEEcgLsdzbW2KrCCM=,jbNRZfenEvFmGxqDiVUtdlUousg=
-80,-59,zXnHJcjxWweEEcgLsdzbW2KrCCM=,SZoeFLsTVmESaQCl8DrRTWflEtY=
-78,-64,zXnHJcjxWweEEcgLsdzbW2KrCCM=,yEHVp8uBP683aPT7JPGQiSjZsio=
-79,-62,zXnHJcjxWweEEcgLsdzbW2KrCCM=,yEHVp8uBP683aPT7JPGQiSjZsio=
-75,-64,zXnHJcjxWweEEcgLsdzbW2KrCCM=,jbNRZfenEvFmGxqDiVUtdlUousg=
-65,-64,zXnHJcjxWweEEcgLsdzbW2KrCCM=,xxXuO7FtUa/96pg9N8flBfWUej0=
-66,-64,zXnHJcjxWweEEcgLsdzbW2KrCCM=,xxXuO7FtUa/96pg9N8flBfWUej0=
-77,-64,zXnHJcjxWweEEcgLsdzbW2KrCCM=,yEHVp8uBP683aPT7JPGQiSjZsio=
-79,-63,zXnHJcjxWweEEcgLsdzbW2KrCCM=,yEHVp8uBP683aPT7JPGQiSjZsio=
-77,-63,zXnHJcjxWweEEcgLsdzbW2KrCCM=,yEHVp8uBP683aPT7JPGQiSjZsio=
-80,-63,zXnHJcjxWweEEcgLsdzbW2KrCCM=,yEHVp8uBP683aPT7JPGQiSjZsio=
-78,-63,zXnHJcjxWweEEcgLsdzbW2KrCCM=,yEHVp8uBP683aPT7JPGQiSjZsio=
-75,-63,zXnHJcjxWweEEcgLsdzbW2KrCCM=,jbNRZfenEvFmGxqDiVUtdlUousg=
-79,-64,zXnHJcjxWweEEcgLsdzbW2KrCCM=,yEHVp8uBP683aPT7JPGQiSjZsio=
-80,-64,zXnHJcjxWweEEcgLsdzbW2KrCCM=,yEHVp8uBP683aPT7JPGQiSjZsio=
-66,-63,zXnHJcjxWweEEcgLsdzbW2KrCCM=,xxXuO7FtUa/96pg9N8flBfWUej0=
-65,-63,zXnHJcjxWweEEcgLsdzbW2KrCCM=,xxXuO7FtUa/96pg9N8flBfWUej0=
-95,-55,u2xtuVw2bGQIRVkjQpzJHWFdb28=,cH365gxgzMN8eGk6FFu+MeV5b3w=
-94,-55,u2xtuVw2bGQIRVkjQpzJHWFdb28=,cH365gxgzMN8eGk6FFu+MeV5b3w=
-94,-54,u2xtuVw2bGQIRVkjQpzJHWFdb28=,cH365gxgzMN8eGk6FFu+MeV5b3w=
-95,-54,u2xtuVw2bGQIRVkjQpzJHWFdb28=,cH365gxgzMN8eGk6FFu+MeV5b3w=
-93,-55,u2xtuVw2bGQIRVkjQpzJHWFdb28=,cH365gxgzMN8eGk6FFu+MeV5b3w=
-93,-54,u2xtuVw2bGQIRVkjQpzJHWFdb28=,cH365gxgzMN8eGk6FFu+MeV5b3w=
-90,-54,u2xtuVw2bGQIRVkjQpzJHWFdb28=,M0z8jG8ZX1FbvJv3Q6hV9g6JfzA=
-92,-54,u2xtuVw2bGQIRVkjQpzJHWFdb28=,M0z8jG8ZX1FbvJv3Q6hV9g6JfzA=
-91,-54,u2xtuVw2bGQIRVkjQpzJHWFdb28=,M0z8jG8ZX1FbvJv3Q6hV9g6JfzA=
-90,-55,u2xtuVw2bGQIRVkjQpzJHWFdb28=,M0z8jG8ZX1FbvJv3Q6hV9g6JfzA=
-91,-55,u2xtuVw2bGQIRVkjQpzJHWFdb28=,M0z8jG8ZX1FbvJv3Q6hV9g6JfzA=
-92,-55,u2xtuVw2bGQIRVkjQpzJHWFdb28=,M0z8jG8ZX1FbvJv3Q6hV9g6JfzA=
-87,-58,u2xtuVw2bGQIRVkjQpzJHWFdb28=,g5AQIajj+1XtnogLMw39y/66PWM=
-86,-58,u2xtuVw2bGQIRVkjQpzJHWFdb28=,g5AQIajj+1XtnogLMw39y/66PWM=
-91,-50,u2xtuVw2bGQIRVkjQpzJHWFdb28=,bwtJdLHx4OAYR2YSlmi+QVC8XWk=
-90,-50,u2xtuVw2bGQIRVkjQpzJHWFdb28=,bwtJdLHx4OAYR2YSlmi+QVC8XWk=
-91,-53,u2xtuVw2bGQIRVkjQpzJHWFdb28=,M0z8jG8ZX1FbvJv3Q6hV9g6JfzA=
-91,-52,u2xtuVw2bGQIRVkjQpzJHWFdb28=,bwtJdLHx4OAYR2YSlmi+QVC8XWk=
-90,-53,u2xtuVw2bGQIRVkjQpzJHWFdb28=,M0z8jG8ZX1FbvJv3Q6hV9g6JfzA=
-90,-52,u2xtuVw2bGQIRVkjQpzJHWFdb28=,bwtJdLHx4OAYR2YSlmi+QVC8XWk=
-90,-51,u2xtuVw2bGQIRVkjQpzJHWFdb28=,bwtJdLHx4OAYR2YSlmi+QVC8XWk=
-91,-51,u2xtuVw2bGQIRVkjQpzJHWFdb28=,bwtJdLHx4OAYR2YSlmi+QVC8XWk=
-86,-59,u2xtuVw2bGQIRVkjQpzJHWFdb28=,g5AQIajj+1XtnogLMw39y/66PWM=
-87,-59,u2xtuVw2bGQIRVkjQpzJHWFdb28=,g5AQIajj+1XtnogLMw39y/66PWM=
-87,-57,u2xtuVw2bGQIRVkjQpzJHWFdb28=,g5AQIajj+1XtnogLMw39y/66PWM=
-86,-57,u2xtuVw2bGQIRVkjQpzJHWFdb28=,g5AQIajj+1XtnogLMw39y/66PWM=
-89,-55,u2xtuVw2bGQIRVkjQpzJHWFdb28=,M0z8jG8ZX1FbvJv3Q6hV9g6JfzA=
-85,-58,u2xtuVw2bGQIRVkjQpzJHWFdb28=,g5AQIajj+1XtnogLMw39y/66PWM=
-82,-59,u2xtuVw2bGQIRVkjQpzJHWFdb28=,mwZGl1pui4k880aWGM54XhH3GLU=
-85,-59,u2xtuVw2bGQIRVkjQpzJHWFdb28=,g5AQIajj+1XtnogLMw39y/66PWM=
-82,-58,u2xtuVw2bGQIRVkjQpzJHWFdb28=,mwZGl1pui4k880aWGM54XhH3GLU=
-83,-58,u2xtuVw2bGQIRVkjQpzJHWFdb28=,mwZGl1pui4k880aWGM54XhH3GLU=
-83,-59,u2xtuVw2bGQIRVkjQpzJHWFdb28=,mwZGl1pui4k880aWGM54XhH3GLU=
-84,-58,u2xtuVw2bGQIRVkjQpzJHWFdb28=,mwZGl1pui4k880aWGM54XhH3GLU=
-84,-59,u2xtuVw2bGQIRVkjQpzJHWFdb28=,mwZGl1pui4k880aWGM54XhH3GLU=
-89,-54,u2xtuVw2bGQIRVkjQpzJHWFdb28=,M0z8jG8ZX1FbvJv3Q6hV9g6JfzA=
-83,-61,u2xtuVw2bGQIRVkjQpzJHWFdb28=,y7sh0y0/iJ7zbSjnBD0BSij/IcQ=
-82,-60,u2xtuVw2bGQIRVkjQpzJHWFdb28=,mwZGl1pui4k880aWGM54XhH3GLU=
-82,-61,u2xtuVw2bGQIRVkjQpzJHWFdb28=,y7sh0y0/iJ7zbSjnBD0BSij/IcQ=
-83,-63,u2xtuVw2bGQIRVkjQpzJHWFdb28=,y7sh0y0/iJ7zbSjnBD0BSij/IcQ=
-82,-62,u2xtuVw2bGQIRVkjQpzJHWFdb28=,y7sh0y0/iJ7zbSjnBD0BSij/IcQ=
-83,-60,u2xtuVw2bGQIRVkjQpzJHWFdb28=,mwZGl1pui4k880aWGM54XhH3GLU=
-83,-62,u2xtuVw2bGQIRVkjQpzJHWFdb28=,y7sh0y0/iJ7zbSjnBD0BSij/IcQ=
-82,-63,u2xtuVw2bGQIRVkjQpzJHWFdb28=,y7sh0y0/iJ7zbSjnBD0BSij/IcQ=
-84,-61,u2xtuVw2bGQIRVkjQpzJHWFdb28=,y7sh0y0/iJ7zbSjnBD0BSij/IcQ=
-87,-60,u2xtuVw2bGQIRVkjQpzJHWFdb28=,g5AQIajj+1XtnogLMw39y/66PWM=
-86,-60,u2xtuVw2bGQIRVkjQpzJHWFdb28=,g5AQIajj+1XtnogLMw39y/66PWM=
-85,-60,u2xtuVw2bGQIRVkjQpzJHWFdb28=,g5AQIajj+1XtnogLMw39y/66PWM=
-84,-63,u2xtuVw2bGQIRVkjQpzJHWFdb28=,y7sh0y0/iJ7zbSjnBD0BSij/IcQ=
-84,-60,u2xtuVw2bGQIRVkjQpzJHWFdb28=,mwZGl1pui4k880aWGM54XhH3GLU=
-84,-62,u2xtuVw2bGQIRVkjQpzJHWFdb28=,y7sh0y0/iJ7zbSjnBD0BSij/IcQ=
-89,-53,u2xtuVw2bGQIRVkjQpzJHWFdb28=,M0z8jG8ZX1FbvJv3Q6hV9g6JfzA=
-89,-52,u2xtuVw2bGQIRVkjQpzJHWFdb28=,bwtJdLHx4OAYR2YSlmi+QVC8XWk=
-89,-51,u2xtuVw2bGQIRVkjQpzJHWFdb28=,bwtJdLHx4OAYR2YSlmi+QVC8XWk=
-84,-57,u2xtuVw2bGQIRVkjQpzJHWFdb28=,mwZGl1pui4k880aWGM54XhH3GLU=
-83,-57,u2xtuVw2bGQIRVkjQpzJHWFdb28=,mwZGl1pui4k880aWGM54XhH3GLU=
-82,-57,u2xtuVw2bGQIRVkjQpzJHWFdb28=,mwZGl1pui4k880aWGM54XhH3GLU=
-85,-57,u2xtuVw2bGQIRVkjQpzJHWFdb28=,g5AQIajj+1XtnogLMw39y/66PWM=
-81,-59,etpJqQtYxhfhywJwG+E51hx3Wr4=,mwZGl1pui4k880aWGM54XhH3GLU=
-81,-57,etpJqQtYxhfhywJwG+E51hx3Wr4=,mwZGl1pui4k880aWGM54XhH3GLU=
-81,-58,etpJqQtYxhfhywJwG+E51hx3Wr4=,mwZGl1pui4k880aWGM54XhH3GLU=
-84,-64,etpJqQtYxhfhywJwG+E51hx3Wr4=,y7sh0y0/iJ7zbSjnBD0BSij/IcQ=
-82,-64,etpJqQtYxhfhywJwG+E51hx3Wr4=,y7sh0y0/iJ7zbSjnBD0BSij/IcQ=
-83,-64,etpJqQtYxhfhywJwG+E51hx3Wr4=,y7sh0y0/iJ7zbSjnBD0BSij/IcQ=
-81,-60,etpJqQtYxhfhywJwG+E51hx3Wr4=,mwZGl1pui4k880aWGM54XhH3GLU=
-81,-61,etpJqQtYxhfhywJwG+E51hx3Wr4=,y7sh0y0/iJ7zbSjnBD0BSij/IcQ=
-81,-63,etpJqQtYxhfhywJwG+E51hx3Wr4=,y7sh0y0/iJ7zbSjnBD0BSij/IcQ=
-81,-62,etpJqQtYxhfhywJwG+E51hx3Wr4=,y7sh0y0/iJ7zbSjnBD0BSij/IcQ=
-81,-64,etpJqQtYxhfhywJwG+E51hx3Wr4=,y7sh0y0/iJ7zbSjnBD0BSij/IcQ=
-96,-55,etpJqQtYxhfhywJwG+E51hx3Wr4=,cH365gxgzMN8eGk6FFu+MeV5b3w=
-96,-54,etpJqQtYxhfhywJwG+E51hx3Wr4=,cH365gxgzMN8eGk6FFu+MeV5b3w=
-92,-50,etpJqQtYxhfhywJwG+E51hx3Wr4=,bwtJdLHx4OAYR2YSlmi+QVC8XWk=
-95,-53,etpJqQtYxhfhywJwG+E51hx3Wr4=,cH365gxgzMN8eGk6FFu+MeV5b3w=
-92,-53,etpJqQtYxhfhywJwG+E51hx3Wr4=,M0z8jG8ZX1FbvJv3Q6hV9g6JfzA=
-94,-53,etpJqQtYxhfhywJwG+E51hx3Wr4=,cH365gxgzMN8eGk6FFu+MeV5b3w=
-93,-53,etpJqQtYxhfhywJwG+E51hx3Wr4=,cH365gxgzMN8eGk6FFu+MeV5b3w=
-92,-52,etpJqQtYxhfhywJwG+E51hx3Wr4=,bwtJdLHx4OAYR2YSlmi+QVC8XWk=
-92,-51,etpJqQtYxhfhywJwG+E51hx3Wr4=,bwtJdLHx4OAYR2YSlmi+QVC8XWk=
-92,-49,etpJqQtYxhfhywJwG+E51hx3Wr4=,bwtJdLHx4OAYR2YSlmi+QVC8XWk=
-96,-53,etpJqQtYxhfhywJwG+E51hx3Wr4=,cH365gxgzMN8eGk6FFu+MeV5b3w=
-90,-49,etpJqQtYxhfhywJwG+E51hx3Wr4=,bwtJdLHx4OAYR2YSlmi+QVC8XWk=
-91,-49,etpJqQtYxhfhywJwG+E51hx3Wr4=,bwtJdLHx4OAYR2YSlmi+QVC8XWk=
-89,-49,etpJqQtYxhfhywJwG+E51hx3Wr4=,bwtJdLHx4OAYR2YSlmi+QVC8XWk=
-96,-60,etpJqQtYxhfhywJwG+E51hx3Wr4=,d5mLHqzlDlWWVz6GGqq2+DHW8JM=
-95,-60,etpJqQtYxhfhywJwG+E51hx3Wr4=,d5mLHqzlDlWWVz6GGqq2+DHW8JM=
-94,-60,etpJqQtYxhfhywJwG+E51hx3Wr4=,d5mLHqzlDlWWVz6GGqq2+DHW8JM=
-96,-59,etpJqQtYxhfhywJwG+E51hx3Wr4=,d5mLHqzlDlWWVz6GGqq2+DHW8JM=
-95,-59,etpJqQtYxhfhywJwG+E51hx3Wr4=,d5mLHqzlDlWWVz6GGqq2+DHW8JM=
-94,-59,etpJqQtYxhfhywJwG+E51hx3Wr4=,d5mLHqzlDlWWVz6GGqq2+DHW8JM=
-96,-56,etpJqQtYxhfhywJwG+E51hx3Wr4=,cH365gxgzMN8eGk6FFu+MeV5b3w=
-89,-50,etpJqQtYxhfhywJwG+E51hx3Wr4=,bwtJdLHx4OAYR2YSlmi+QVC8XWk=
-88,-58,etpJqQtYxhfhywJwG+E51hx3Wr4=,g5AQIajj+1XtnogLMw39y/66PWM=
-89,-59,etpJqQtYxhfhywJwG+E51hx3Wr4=,2qzVGF48HoLLez2AT4yTpgT+5R4=
-93,-56,etpJqQtYxhfhywJwG+E51hx3Wr4=,cH365gxgzMN8eGk6FFu+MeV5b3w=
-89,-60,etpJqQtYxhfhywJwG+E51hx3Wr4=,2qzVGF48HoLLez2AT4yTpgT+5R4=
-93,-60,etpJqQtYxhfhywJwG+E51hx3Wr4=,d5mLHqzlDlWWVz6GGqq2+DHW8JM=
-90,-60,etpJqQtYxhfhywJwG+E51hx3Wr4=,2qzVGF48HoLLez2AT4yTpgT+5R4=
-91,-60,etpJqQtYxhfhywJwG+E51hx3Wr4=,2qzVGF48HoLLez2AT4yTpgT+5R4=
-91,-56,etpJqQtYxhfhywJwG+E51hx3Wr4=,M0z8jG8ZX1FbvJv3Q6hV9g6JfzA=
-93,-59,etpJqQtYxhfhywJwG+E51hx3Wr4=,d5mLHqzlDlWWVz6GGqq2+DHW8JM=
-88,-59,etpJqQtYxhfhywJwG+E51hx3Wr4=,g5AQIajj+1XtnogLMw39y/66PWM=
-92,-56,etpJqQtYxhfhywJwG+E51hx3Wr4=,M0z8jG8ZX1FbvJv3Q6hV9g6JfzA=
-92,-60,etpJqQtYxhfhywJwG+E51hx3Wr4=,2qzVGF48HoLLez2AT4yTpgT+5R4=
-88,-60,etpJqQtYxhfhywJwG+E51hx3Wr4=,g5AQIajj+1XtnogLMw39y/66PWM=
-88,-57,etpJqQtYxhfhywJwG+E51hx3Wr4=,g5AQIajj+1XtnogLMw39y/66PWM=
-89,-58,etpJqQtYxhfhywJwG+E51hx3Wr4=,2qzVGF48HoLLez2AT4yTpgT+5R4=
-90,-57,etpJqQtYxhfhywJwG+E51hx3Wr4=,2qzVGF48HoLLez2AT4yTpgT+5R4=
-94,-58,etpJqQtYxhfhywJwG+E51hx3Wr4=,d5mLHqzlDlWWVz6GGqq2+DHW8JM=
-90,-59,etpJqQtYxhfhywJwG+E51hx3Wr4=,2qzVGF48HoLLez2AT4yTpgT+5R4=
-91,-59,etpJqQtYxhfhywJwG+E51hx3Wr4=,2qzVGF48HoLLez2AT4yTpgT+5R4=
-92,-57,etpJqQtYxhfhywJwG+E51hx3Wr4=,2qzVGF48HoLLez2AT4yTpgT+5R4=
-91,-57,etpJqQtYxhfhywJwG+E51hx3Wr4=,2qzVGF48HoLLez2AT4yTpgT+5R4=
-94,-56,etpJqQtYxhfhywJwG+E51hx3Wr4=,cH365gxgzMN8eGk6FFu+MeV5b3w=
-94,-57,etpJqQtYxhfhywJwG+E51hx3Wr4=,d5mLHqzlDlWWVz6GGqq2+DHW8JM=
-91,-58,etpJqQtYxhfhywJwG+E51hx3Wr4=,2qzVGF48HoLLez2AT4yTpgT+5R4=
-89,-57,etpJqQtYxhfhywJwG+E51hx3Wr4=,2qzVGF48HoLLez2AT4yTpgT+5R4=
-93,-58,etpJqQtYxhfhywJwG+E51hx3Wr4=,d5mLHqzlDlWWVz6GGqq2+DHW8JM=
-90,-58,etpJqQtYxhfhywJwG+E51hx3Wr4=,2qzVGF48HoLLez2AT4yTpgT+5R4=
-95,-56,etpJqQtYxhfhywJwG+E51hx3Wr4=,cH365gxgzMN8eGk6FFu+MeV5b3w=
-96,-58,etpJqQtYxhfhywJwG+E51hx3Wr4=,d5mLHqzlDlWWVz6GGqq2+DHW8JM=
-95,-58,etpJqQtYxhfhywJwG+E51hx3Wr4=,d5mLHqzlDlWWVz6GGqq2+DHW8JM=
-95,-57,etpJqQtYxhfhywJwG+E51hx3Wr4=,d5mLHqzlDlWWVz6GGqq2+DHW8JM=
-92,-59,etpJqQtYxhfhywJwG+E51hx3Wr4=,2qzVGF48HoLLez2AT4yTpgT+5R4=
-96,-57,etpJqQtYxhfhywJwG+E51hx3Wr4=,d5mLHqzlDlWWVz6GGqq2+DHW8JM=
-90,-56,etpJqQtYxhfhywJwG+E51hx3Wr4=,M0z8jG8ZX1FbvJv3Q6hV9g6JfzA=
-92,-58,etpJqQtYxhfhywJwG+E51hx3Wr4=,2qzVGF48HoLLez2AT4yTpgT+5R4=
-89,-56,etpJqQtYxhfhywJwG+E51hx3Wr4=,M0z8jG8ZX1FbvJv3Q6hV9g6JfzA=
-93,-57,etpJqQtYxhfhywJwG+E51hx3Wr4=,d5mLHqzlDlWWVz6GGqq2+DHW8JM=
-91,-46,etpJqQtYxhfhywJwG+E51hx3Wr4=,mUyQHhX05jx79vZTJmP72cxiUkE=
-90,-47,etpJqQtYxhfhywJwG+E51hx3Wr4=,mUyQHhX05jx79vZTJmP72cxiUkE=
-91,-47,etpJqQtYxhfhywJwG+E51hx3Wr4=,mUyQHhX05jx79vZTJmP72cxiUkE=
-90,-46,etpJqQtYxhfhywJwG+E51hx3Wr4=,mUyQHhX05jx79vZTJmP72cxiUkE=
-90,-42,etpJqQtYxhfhywJwG+E51hx3Wr4=,kJ0N+bAFV32uLMdeUV7aEaln/hA=
-91,-43,etpJqQtYxhfhywJwG+E51hx3Wr4=,kJ0N+bAFV32uLMdeUV7aEaln/hA=
-91,-42,etpJqQtYxhfhywJwG+E51hx3Wr4=,kJ0N+bAFV32uLMdeUV7aEaln/hA=
-90,-45,etpJqQtYxhfhywJwG+E51hx3Wr4=,mUyQHhX05jx79vZTJmP72cxiUkE=
-91,-45,etpJqQtYxhfhywJwG+E51hx3Wr4=,mUyQHhX05jx79vZTJmP72cxiUkE=
-90,-44,etpJqQtYxhfhywJwG+E51hx3Wr4=,kJ0N+bAFV32uLMdeUV7aEaln/hA=
-91,-44,etpJqQtYxhfhywJwG+E51hx3Wr4=,kJ0N+bAFV32uLMdeUV7aEaln/hA=
-90,-43,etpJqQtYxhfhywJwG+E51hx3Wr4=,kJ0N+bAFV32uLMdeUV7aEaln/hA=
-89,-42,B/xUpJ4rJhLMMdkIbwtlmEElP1c=,kJ0N+bAFV32uLMdeUV7aEaln/hA=
-89,-43,B/xUpJ4rJhLMMdkIbwtlmEElP1c=,kJ0N+bAFV32uLMdeUV7aEaln/hA=
-89,-46,B/xUpJ4rJhLMMdkIbwtlmEElP1c=,mUyQHhX05jx79vZTJmP72cxiUkE=
-89,-44,B/xUpJ4rJhLMMdkIbwtlmEElP1c=,kJ0N+bAFV32uLMdeUV7aEaln/hA=
-89,-47,B/xUpJ4rJhLMMdkIbwtlmEElP1c=,mUyQHhX05jx79vZTJmP72cxiUkE=
-89,-45,B/xUpJ4rJhLMMdkIbwtlmEElP1c=,mUyQHhX05jx79vZTJmP72cxiUkE=
-91,-48,ozbQiEBaEvmWTCrdsTfWf7GfDyc=,mUyQHhX05jx79vZTJmP72cxiUkE=
-90,-48,ozbQiEBaEvmWTCrdsTfWf7GfDyc=,mUyQHhX05jx79vZTJmP72cxiUkE=
-89,-48,ozbQiEBaEvmWTCrdsTfWf7GfDyc=,mUyQHhX05jx79vZTJmP72cxiUkE=
-91,-41,ozbQiEBaEvmWTCrdsTfWf7GfDyc=,kJ0N+bAFV32uLMdeUV7aEaln/hA=
-90,-41,ozbQiEBaEvmWTCrdsTfWf7GfDyc=,kJ0N+bAFV32uLMdeUV7aEaln/hA=
-89,-41,ozbQiEBaEvmWTCrdsTfWf7GfDyc=,kJ0N+bAFV32uLMdeUV7aEaln/hA=
-92,-46,ozbQiEBaEvmWTCrdsTfWf7GfDyc=,mUyQHhX05jx79vZTJmP72cxiUkE=
-96,-47,ozbQiEBaEvmWTCrdsTfWf7GfDyc=,PJtkl/yJF3We0+sJUtgMQrVqYn0=
-95,-47,ozbQiEBaEvmWTCrdsTfWf7GfDyc=,PJtkl/yJF3We0+sJUtgMQrVqYn0=
-92,-47,ozbQiEBaEvmWTCrdsTfWf7GfDyc=,mUyQHhX05jx79vZTJmP72cxiUkE=
-94,-47,ozbQiEBaEvmWTCrdsTfWf7GfDyc=,PJtkl/yJF3We0+sJUtgMQrVqYn0=
-93,-47,ozbQiEBaEvmWTCrdsTfWf7GfDyc=,PJtkl/yJF3We0+sJUtgMQrVqYn0=
-96,-46,ozbQiEBaEvmWTCrdsTfWf7GfDyc=,PJtkl/yJF3We0+sJUtgMQrVqYn0=
-95,-46,ozbQiEBaEvmWTCrdsTfWf7GfDyc=,PJtkl/yJF3We0+sJUtgMQrVqYn0=
-94,-46,ozbQiEBaEvmWTCrdsTfWf7GfDyc=,PJtkl/yJF3We0+sJUtgMQrVqYn0=
-92,-48,ozbQiEBaEvmWTCrdsTfWf7GfDyc=,mUyQHhX05jx79vZTJmP72cxiUkE=
-93,-46,ozbQiEBaEvmWTCrdsTfWf7GfDyc=,PJtkl/yJF3We0+sJUtgMQrVqYn0=
-96,-48,ozbQiEBaEvmWTCrdsTfWf7GfDyc=,PJtkl/yJF3We0+sJUtgMQrVqYn0=
-96,-42,ozbQiEBaEvmWTCrdsTfWf7GfDyc=,RA4wK0zAtduKGwGoGAXIFXrCqZI=
-95,-42,ozbQiEBaEvmWTCrdsTfWf7GfDyc=,RA4wK0zAtduKGwGoGAXIFXrCqZI=
-94,-42,ozbQiEBaEvmWTCrdsTfWf7GfDyc=,RA4wK0zAtduKGwGoGAXIFXrCqZI=
-93,-42,ozbQiEBaEvmWTCrdsTfWf7GfDyc=,RA4wK0zAtduKGwGoGAXIFXrCqZI=
-96,-41,ozbQiEBaEvmWTCrdsTfWf7GfDyc=,RA4wK0zAtduKGwGoGAXIFXrCqZI=
-95,-41,ozbQiEBaEvmWTCrdsTfWf7GfDyc=,RA4wK0zAtduKGwGoGAXIFXrCqZI=
-92,-41,ozbQiEBaEvmWTCrdsTfWf7GfDyc=,kJ0N+bAFV32uLMdeUV7aEaln/hA=
-94,-41,ozbQiEBaEvmWTCrdsTfWf7GfDyc=,RA4wK0zAtduKGwGoGAXIFXrCqZI=
-93,-41,ozbQiEBaEvmWTCrdsTfWf7GfDyc=,RA4wK0zAtduKGwGoGAXIFXrCqZI=
-96,-45,ozbQiEBaEvmWTCrdsTfWf7GfDyc=,PJtkl/yJF3We0+sJUtgMQrVqYn0=
-93,-43,ozbQiEBaEvmWTCrdsTfWf7GfDyc=,RA4wK0zAtduKGwGoGAXIFXrCqZI=
-94,-43,ozbQiEBaEvmWTCrdsTfWf7GfDyc=,RA4wK0zAtduKGwGoGAXIFXrCqZI=
-95,-43,ozbQiEBaEvmWTCrdsTfWf7GfDyc=,RA4wK0zAtduKGwGoGAXIFXrCqZI=
-96,-43,ozbQiEBaEvmWTCrdsTfWf7GfDyc=,RA4wK0zAtduKGwGoGAXIFXrCqZI=
-94,-44,ozbQiEBaEvmWTCrdsTfWf7GfDyc=,RA4wK0zAtduKGwGoGAXIFXrCqZI=
-95,-44,ozbQiEBaEvmWTCrdsTfWf7GfDyc=,RA4wK0zAtduKGwGoGAXIFXrCqZI=
-96,-44,ozbQiEBaEvmWTCrdsTfWf7GfDyc=,RA4wK0zAtduKGwGoGAXIFXrCqZI=
-94,-45,ozbQiEBaEvmWTCrdsTfWf7GfDyc=,PJtkl/yJF3We0+sJUtgMQrVqYn0=
-95,-45,ozbQiEBaEvmWTCrdsTfWf7GfDyc=,PJtkl/yJF3We0+sJUtgMQrVqYn0=
-92,-43,ozbQiEBaEvmWTCrdsTfWf7GfDyc=,kJ0N+bAFV32uLMdeUV7aEaln/hA=
-92,-42,ozbQiEBaEvmWTCrdsTfWf7GfDyc=,kJ0N+bAFV32uLMdeUV7aEaln/hA=
-93,-48,ozbQiEBaEvmWTCrdsTfWf7GfDyc=,PJtkl/yJF3We0+sJUtgMQrVqYn0=
-94,-48,ozbQiEBaEvmWTCrdsTfWf7GfDyc=,PJtkl/yJF3We0+sJUtgMQrVqYn0=
-95,-48,ozbQiEBaEvmWTCrdsTfWf7GfDyc=,PJtkl/yJF3We0+sJUtgMQrVqYn0=
-93,-45,ozbQiEBaEvmWTCrdsTfWf7GfDyc=,PJtkl/yJF3We0+sJUtgMQrVqYn0=
-92,-45,ozbQiEBaEvmWTCrdsTfWf7GfDyc=,mUyQHhX05jx79vZTJmP72cxiUkE=
-93,-44,ozbQiEBaEvmWTCrdsTfWf7GfDyc=,RA4wK0zAtduKGwGoGAXIFXrCqZI=
-92,-44,ozbQiEBaEvmWTCrdsTfWf7GfDyc=,kJ0N+bAFV32uLMdeUV7aEaln/hA=
