38,37,bpYk5rqAcFLNLMyE/kgTlhL/ajw=,v66iykTewHB1X+4ui3KMi/goZjg=
37,37,bpYk5rqAcFLNLMyE/kgTlhL/ajw=,v66iykTewHB1X+4ui3KMi/goZjg=
36,37,bpYk5rqAcFLNLMyE/kgTlhL/ajw=,v66iykTewHB1X+4ui3KMi/goZjg=
37,36,iZTtOONg3ZVcbKA4kZpbo1lzhA0=,v66iykTewHB1X+4ui3KMi/goZjg=
35,37,bpYk5rqAcFLNLMyE/kgTlhL/ajw=,v66iykTewHB1X+4ui3KMi/goZjg=
34,37,bpYk5rqAcFLNLMyE/kgTlhL/ajw=,v66iykTewHB1X+4ui3KMi/goZjg=
33,37,bpYk5rqAcFLNLMyE/kgTlhL/ajw=,v66iykTewHB1X+4ui3KMi/goZjg=
35,35,bpYk5rqAcFLNLMyE/kgTlhL/ajw=,v66iykTewHB1X+4ui3KMi/goZjg=
36,39,bpYk5rqAcFLNLMyE/kgTlhL/ajw=,v66iykTewHB1X+4ui3KMi/goZjg=
38,39,bpYk5rqAcFLNLMyE/kgTlhL/ajw=,v66iykTewHB1X+4ui3KMi/goZjg=
38,33,iZTtOONg3ZVcbKA4kZpbo1lzhA0=,v66iykTewHB1X+4ui3KMi/goZjg=
35,36,bpYk5rqAcFLNLMyE/kgTlhL/ajw=,v66iykTewHB1X+4ui3KMi/goZjg=
36,36,bpYk5rqAcFLNLMyE/kgTlhL/ajw=,v66iykTewHB1X+4ui3KMi/goZjg=
37,39,bpYk5rqAcFLNLMyE/kgTlhL/ajw=,v66iykTewHB1X+4ui3KMi/goZjg=
38,38,bpYk5rqAcFLNLMyE/kgTlhL/ajw=,v66iykTewHB1X+4ui3KMi/goZjg=
37,38,bpYk5rqAcFLNLMyE/kgTlhL/ajw=,v66iykTewHB1X+4ui3KMi/goZjg=
33,39,bpYk5rqAcFLNLMyE/kgTlhL/ajw=,v66iykTewHB1X+4ui3KMi/goZjg=
34,36,bpYk5rqAcFLNLMyE/kgTlhL/ajw=,v66iykTewHB1X+4ui3KMi/goZjg=
38,34,iZTtOONg3ZVcbKA4kZpbo1lzhA0=,v66iykTewHB1X+4ui3KMi/goZjg=
37,33,iZTtOONg3ZVcbKA4kZpbo1lzhA0=,v66iykTewHB1X+4ui3KMi/goZjg=
36,32,bpYk5rqAcFLNLMyE/kgTlhL/ajw=,v66iykTewHB1X+4ui3KMi/goZjg=
34,39,bpYk5rqAcFLNLMyE/kgTlhL/ajw=,v66iykTewHB1X+4ui3KMi/goZjg=
37,32,bpYk5rqAcFLNLMyE/kgTlhL/ajw=,v66iykTewHB1X+4ui3KMi/goZjg=
33,33,bpYk5rqAcFLNLMyE/kgTlhL/ajw=,v66iykTewHB1X+4ui3KMi/goZjg=
34,32,bpYk5rqAcFLNLMyE/kgTlhL/ajw=,v66iykTewHB1X+4ui3KMi/goZjg=
35,32,bpYk5rqAcFLNLMyE/kgTlhL/ajw=,v66iykTewHB1X+4ui3KMi/goZjg=
33,32,bpYk5rqAcFLNLMyE/kgTlhL/ajw=,v66iykTewHB1X+4ui3KMi/goZjg=
33,38,bpYk5rqAcFLNLMyE/kgTlhL/ajw=,v66iykTewHB1X+4ui3KMi/goZjg=
38,32,bpYk5rqAcFLNLMyE/kgTlhL/ajw=,v66iykTewHB1X+4ui3KMi/goZjg=
36,38,bpYk5rqAcFLNLMyE/kgTlhL/ajw=,v66iykTewHB1X+4ui3KMi/goZjg=
33,36,bpYk5rqAcFLNLMyE/kgTlhL/ajw=,v66iykTewHB1X+4ui3KMi/goZjg=
36,35,bpYk5rqAcFLNLMyE/kgTlhL/ajw=,v66iykTewHB1X+4ui3KMi/goZjg=
37,34,bpYk5rqAcFLNLMyE/kgTlhL/ajw=,v66iykTewHB1X+4ui3KMi/goZjg=
33,34,bpYk5rqAcFLNLMyE/kgTlhL/ajw=,v66iykTewHB1X+4ui3KMi/goZjg=
36,34,bpYk5rqAcFLNLMyE/kgTlhL/ajw=,v66iykTewHB1X+4ui3KMi/goZjg=
34,35,bpYk5rqAcFLNLMyE/kgTlhL/ajw=,v66iykTewHB1X+4ui3KMi/goZjg=
35,38,bpYk5rqAcFLNLMyE/kgTlhL/ajw=,v66iykTewHB1X+4ui3KMi/goZjg=
38,36,iZTtOONg3ZVcbKA4kZpbo1lzhA0=,v66iykTewHB1X+4ui3KMi/goZjg=
35,34,bpYk5rqAcFLNLMyE/kgTlhL/ajw=,v66iykTewHB1X+4ui3KMi/goZjg=
36,33,bpYk5rqAcFLNLMyE/kgTlhL/ajw=,v66iykTewHB1X+4ui3KMi/goZjg=
34,33,bpYk5rqAcFLNLMyE/kgTlhL/ajw=,v66iykTewHB1X+4ui3KMi/goZjg=
34,38,bpYk5rqAcFLNLMyE/kgTlhL/ajw=,v66iykTewHB1X+4ui3KMi/goZjg=
34,34,bpYk5rqAcFLNLMyE/kgTlhL/ajw=,v66iykTewHB1X+4ui3KMi/goZjg=
35,33,bpYk5rqAcFLNLMyE/kgTlhL/ajw=,v66iykTewHB1X+4ui3KMi/goZjg=
38,35,iZTtOONg3ZVcbKA4kZpbo1lzhA0=,v66iykTewHB1X+4ui3KMi/goZjg=
33,35,bpYk5rqAcFLNLMyE/kgTlhL/ajw=,v66iykTewHB1X+4ui3KMi/goZjg=
35,39,bpYk5rqAcFLNLMyE/kgTlhL/ajw=,v66iykTewHB1X+4ui3KMi/goZjg=
37,35,bpYk5rqAcFLNLMyE/kgTlhL/ajw=,v66iykTewHB1X+4ui3KMi/goZjg=
39,39,bpYk5rqAcFLNLMyE/kgTlhL/ajw=,v66iykTewHB1X+4ui3KMi/goZjg=
40,33,iZTtOONg3ZVcbKA4kZpbo1lzhA0=,nJ49NBYUKmlHqbQXpo8tO7cZEKs=
39,38,bpYk5rqAcFLNLMyE/kgTlhL/ajw=,v66iykTewHB1X+4ui3KMi/goZjg=
39,34,bpYk5rqAcFLNLMyE/kgTlhL/ajw=,v66iykTewHB1X+4ui3KMi/goZjg=
39,36,bpYk5rqAcFLNLMyE/kgTlhL/ajw=,v66iykTewHB1X+4ui3KMi/goZjg=
44,39,bpYk5rqAcFLNLMyE/kgTlhL/ajw=,nJ49NBYUKmlHqbQXpo8tO7cZEKs=
45,39,bpYk5rqAcFLNLMyE/kgTlhL/ajw=,nJ49NBYUKmlHqbQXpo8tO7cZEKs=
46,39,bpYk5rqAcFLNLMyE/kgTlhL/ajw=,nJ49NBYUKmlHqbQXpo8tO7cZEKs=
42,39,bpYk5rqAcFLNLMyE/kgTlhL/ajw=,nJ49NBYUKmlHqbQXpo8tO7cZEKs=
46,38,iZTtOONg3ZVcbKA4kZpbo1lzhA0=,nJ49NBYUKmlHqbQXpo8tO7cZEKs=
40,39,bpYk5rqAcFLNLMyE/kgTlhL/ajw=,nJ49NBYUKmlHqbQXpo8tO7cZEKs=
44,38,iZTtOONg3ZVcbKA4kZpbo1lzhA0=,nJ49NBYUKmlHqbQXpo8tO7cZEKs=
42,38,iZTtOONg3ZVcbKA4kZpbo1lzhA0=,nJ49NBYUKmlHqbQXpo8tO7cZEKs=
39,35,bpYk5rqAcFLNLMyE/kgTlhL/ajw=,v66iykTewHB1X+4ui3KMi/goZjg=
41,39,bpYk5rqAcFLNLMyE/kgTlhL/ajw=,nJ49NBYUKmlHqbQXpo8tO7cZEKs=
45,38,iZTtOONg3ZVcbKA4kZpbo1lzhA0=,nJ49NBYUKmlHqbQXpo8tO7cZEKs=
40,38,bpYk5rqAcFLNLMyE/kgTlhL/ajw=,nJ49NBYUKmlHqbQXpo8tO7cZEKs=
43,38,iZTtOONg3ZVcbKA4kZpbo1lzhA0=,nJ49NBYUKmlHqbQXpo8tO7cZEKs=
43,39,iZTtOONg3ZVcbKA4kZpbo1lzhA0=,nJ49NBYUKmlHqbQXpo8tO7cZEKs=
46,37,iZTtOONg3ZVcbKA4kZpbo1lzhA0=,nJ49NBYUKmlHqbQXpo8tO7cZEKs=
44,37,iZTtOONg3ZVcbKA4kZpbo1lzhA0=,nJ49NBYUKmlHqbQXpo8tO7cZEKs=
45,37,iZTtOONg3ZVcbKA4kZpbo1lzhA0=,nJ49NBYUKmlHqbQXpo8tO7cZEKs=
41,37,iZTtOONg3ZVcbKA4kZpbo1lzhA0=,nJ49NBYUKmlHqbQXpo8tO7cZEKs=
42,37,iZTtOONg3ZVcbKA4kZpbo1lzhA0=,nJ49NBYUKmlHqbQXpo8tO7cZEKs=
40,37,bpYk5rqAcFLNLMyE/kgTlhL/ajw=,nJ49NBYUKmlHqbQXpo8tO7cZEKs=
41,38,iZTtOONg3ZVcbKA4kZpbo1lzhA0=,nJ49NBYUKmlHqbQXpo8tO7cZEKs=
47,34,bpYk5rqAcFLNLMyE/kgTlhL/ajw=,nJ49NBYUKmlHqbQXpo8tO7cZEKs=
47,35,bpYk5rqAcFLNLMyE/kgTlhL/ajw=,nJ49NBYUKmlHqbQXpo8tO7cZEKs=
46,36,iZTtOONg3ZVcbKA4kZpbo1lzhA0=,nJ49NBYUKmlHqbQXpo8tO7cZEKs=
43,37,iZTtOONg3ZVcbKA4kZpbo1lzhA0=,nJ49NBYUKmlHqbQXpo8tO7cZEKs=
45,36,iZTtOONg3ZVcbKA4kZpbo1lzhA0=,nJ49NBYUKmlHqbQXpo8tO7cZEKs=
47,36,bpYk5rqAcFLNLMyE/kgTlhL/ajw=,nJ49NBYUKmlHqbQXpo8tO7cZEKs=
47,38,bpYk5rqAcFLNLMyE/kgTlhL/ajw=,nJ49NBYUKmlHqbQXpo8tO7cZEKs=
41,36,iZTtOONg3ZVcbKA4kZpbo1lzhA0=,nJ49NBYUKmlHqbQXpo8tO7cZEKs=
40,36,bpYk5rqAcFLNLMyE/kgTlhL/ajw=,nJ49NBYUKmlHqbQXpo8tO7cZEKs=
46,35,iZTtOONg3ZVcbKA4kZpbo1lzhA0=,nJ49NBYUKmlHqbQXpo8tO7cZEKs=
45,35,iZTtOONg3ZVcbKA4kZpbo1lzhA0=,nJ49NBYUKmlHqbQXpo8tO7cZEKs=
39,33,bpYk5rqAcFLNLMyE/kgTlhL/ajw=,v66iykTewHB1X+4ui3KMi/goZjg=
47,39,bpYk5rqAcFLNLMyE/kgTlhL/ajw=,nJ49NBYUKmlHqbQXpo8tO7cZEKs=
44,35,iZTtOONg3ZVcbKA4kZpbo1lzhA0=,nJ49NBYUKmlHqbQXpo8tO7cZEKs=
43,35,iZTtOONg3ZVcbKA4kZpbo1lzhA0=,nJ49NBYUKmlHqbQXpo8tO7cZEKs=
42,35,iZTtOONg3ZVcbKA4kZpbo1lzhA0=,nJ49NBYUKmlHqbQXpo8tO7cZEKs=
43,36,iZTtOONg3ZVcbKA4kZpbo1lzhA0=,nJ49NBYUKmlHqbQXpo8tO7cZEKs=
46,34,iZTtOONg3ZVcbKA4kZpbo1lzhA0=,nJ49NBYUKmlHqbQXpo8tO7cZEKs=
40,35,bpYk5rqAcFLNLMyE/kgTlhL/ajw=,nJ49NBYUKmlHqbQXpo8tO7cZEKs=
43,34,iZTtOONg3ZVcbKA4kZpbo1lzhA0=,nJ49NBYUKmlHqbQXpo8tO7cZEKs=
44,34,iZTtOONg3ZVcbKA4kZpbo1lzhA0=,nJ49NBYUKmlHqbQXpo8tO7cZEKs=
47,37,bpYk5rqAcFLNLMyE/kgTlhL/ajw=,nJ49NBYUKmlHqbQXpo8tO7cZEKs=
44,36,iZTtOONg3ZVcbKA4kZpbo1lzhA0=,nJ49NBYUKmlHqbQXpo8tO7cZEKs=
42,34,iZTtOONg3ZVcbKA4kZpbo1lzhA0=,nJ49NBYUKmlHqbQXpo8tO7cZEKs=
45,34,iZTtOONg3ZVcbKA4kZpbo1lzhA0=,nJ49NBYUKmlHqbQXpo8tO7cZEKs=
44,33,iZTtOONg3ZVcbKA4kZpbo1lzhA0=,nJ49NBYUKmlHqbQXpo8tO7cZEKs=
42,33,iZTtOONg3ZVcbKA4kZpbo1lzhA0=,nJ49NBYUKmlHqbQXpo8tO7cZEKs=
41,35,iZTtOONg3ZVcbKA4kZpbo1lzhA0=,nJ49NBYUKmlHqbQXpo8tO7cZEKs=
42,36,iZTtOONg3ZVcbKA4kZpbo1lzhA0=,nJ49NBYUKmlHqbQXpo8tO7cZEKs=
40,34,bpYk5rqAcFLNLMyE/kgTlhL/ajw=,nJ49NBYUKmlHqbQXpo8tO7cZEKs=
43,33,iZTtOONg3ZVcbKA4kZpbo1lzhA0=,nJ49NBYUKmlHqbQXpo8tO7cZEKs=
39,37,bpYk5rqAcFLNLMyE/kgTlhL/ajw=,v66iykTewHB1X+4ui3KMi/goZjg=
41,34,iZTtOONg3ZVcbKA4kZpbo1lzhA0=,nJ49NBYUKmlHqbQXpo8tO7cZEKs=
41,33,iZTtOONg3ZVcbKA4kZpbo1lzhA0=,nJ49NBYUKmlHqbQXpo8tO7cZEKs=
40,32,bpYk5rqAcFLNLMyE/kgTlhL/ajw=,nJ49NBYUKmlHqbQXpo8tO7cZEKs=
46,33,iZTtOONg3ZVcbKA4kZpbo1lzhA0=,nJ49NBYUKmlHqbQXpo8tO7cZEKs=
32,36,bpYk5rqAcFLNLMyE/kgTlhL/ajw=,v66iykTewHB1X+4ui3KMi/goZjg=
46,32,bpYk5rqAcFLNLMyE/kgTlhL/ajw=,nJ49NBYUKmlHqbQXpo8tO7cZEKs=
42,32,bpYk5rqAcFLNLMyE/kgTlhL/ajw=,nJ49NBYUKmlHqbQXpo8tO7cZEKs=
32,35,bpYk5rqAcFLNLMyE/kgTlhL/ajw=,v66iykTewHB1X+4ui3KMi/goZjg=
47,32,bpYk5rqAcFLNLMyE/kgTlhL/ajw=,nJ49NBYUKmlHqbQXpo8tO7cZEKs=
44,32,iZTtOONg3ZVcbKA4kZpbo1lzhA0=,nJ49NBYUKmlHqbQXpo8tO7cZEKs=
39,32,bpYk5rqAcFLNLMyE/kgTlhL/ajw=,v66iykTewHB1X+4ui3KMi/goZjg=
32,33,bpYk5rqAcFLNLMyE/kgTlhL/ajw=,v66iykTewHB1X+4ui3KMi/goZjg=
45,32,iZTtOONg3ZVcbKA4kZpbo1lzhA0=,nJ49NBYUKmlHqbQXpo8tO7cZEKs=
41,32,iZTtOONg3ZVcbKA4kZpbo1lzhA0=,nJ49NBYUKmlHqbQXpo8tO7cZEKs=
32,39,bpYk5rqAcFLNLMyE/kgTlhL/ajw=,v66iykTewHB1X+4ui3KMi/goZjg=
32,38,bpYk5rqAcFLNLMyE/kgTlhL/ajw=,v66iykTewHB1X+4ui3KMi/goZjg=
32,32,bpYk5rqAcFLNLMyE/kgTlhL/ajw=,v66iykTewHB1X+4ui3KMi/goZjg=
32,34,bpYk5rqAcFLNLMyE/kgTlhL/ajw=,v66iykTewHB1X+4ui3KMi/goZjg=
43,32,iZTtOONg3ZVcbKA4kZpbo1lzhA0=,nJ49NBYUKmlHqbQXpo8tO7cZEKs=
47,33,bpYk5rqAcFLNLMyE/kgTlhL/ajw=,nJ49NBYUKmlHqbQXpo8tO7cZEKs=
32,37,bpYk5rqAcFLNLMyE/kgTlhL/ajw=,v66iykTewHB1X+4ui3KMi/goZjg=
45,33,iZTtOONg3ZVcbKA4kZpbo1lzhA0=,nJ49NBYUKmlHqbQXpo8tO7cZEKs=
54,41,c8NyZQVVYe1Q+ITqucB2t0PqGLQ=,KnY6nWxiPy9iLemWZgaQzQRRq4A=
53,41,c8NyZQVVYe1Q+ITqucB2t0PqGLQ=,KnY6nWxiPy9iLemWZgaQzQRRq4A=
49,42,c8NyZQVVYe1Q+ITqucB2t0PqGLQ=,KnY6nWxiPy9iLemWZgaQzQRRq4A=
51,41,c8NyZQVVYe1Q+ITqucB2t0PqGLQ=,KnY6nWxiPy9iLemWZgaQzQRRq4A=
50,41,c8NyZQVVYe1Q+ITqucB2t0PqGLQ=,KnY6nWxiPy9iLemWZgaQzQRRq4A=
54,46,c8NyZQVVYe1Q+ITqucB2t0PqGLQ=,KnY6nWxiPy9iLemWZgaQzQRRq4A=
49,41,c8NyZQVVYe1Q+ITqucB2t0PqGLQ=,KnY6nWxiPy9iLemWZgaQzQRRq4A=
50,46,c8NyZQVVYe1Q+ITqucB2t0PqGLQ=,KnY6nWxiPy9iLemWZgaQzQRRq4A=
54,45,c8NyZQVVYe1Q+ITqucB2t0PqGLQ=,KnY6nWxiPy9iLemWZgaQzQRRq4A=
50,42,c8NyZQVVYe1Q+ITqucB2t0PqGLQ=,KnY6nWxiPy9iLemWZgaQzQRRq4A=
52,46,c8NyZQVVYe1Q+ITqucB2t0PqGLQ=,KnY6nWxiPy9iLemWZgaQzQRRq4A=
53,45,c8NyZQVVYe1Q+ITqucB2t0PqGLQ=,KnY6nWxiPy9iLemWZgaQzQRRq4A=
51,46,c8NyZQVVYe1Q+ITqucB2t0PqGLQ=,KnY6nWxiPy9iLemWZgaQzQRRq4A=
49,45,c8NyZQVVYe1Q+ITqucB2t0PqGLQ=,KnY6nWxiPy9iLemWZgaQzQRRq4A=
49,46,c8NyZQVVYe1Q+ITqucB2t0PqGLQ=,KnY6nWxiPy9iLemWZgaQzQRRq4A=
54,44,c8NyZQVVYe1Q+ITqucB2t0PqGLQ=,KnY6nWxiPy9iLemWZgaQzQRRq4A=
51,45,c8NyZQVVYe1Q+ITqucB2t0PqGLQ=,KnY6nWxiPy9iLemWZgaQzQRRq4A=
52,45,c8NyZQVVYe1Q+ITqucB2t0PqGLQ=,KnY6nWxiPy9iLemWZgaQzQRRq4A=
53,46,c8NyZQVVYe1Q+ITqucB2t0PqGLQ=,KnY6nWxiPy9iLemWZgaQzQRRq4A=
51,44,c8NyZQVVYe1Q+ITqucB2t0PqGLQ=,KnY6nWxiPy9iLemWZgaQzQRRq4A=
52,44,c8NyZQVVYe1Q+ITqucB2t0PqGLQ=,KnY6nWxiPy9iLemWZgaQzQRRq4A=
50,44,c8NyZQVVYe1Q+ITqucB2t0PqGLQ=,KnY6nWxiPy9iLemWZgaQzQRRq4A=
49,44,c8NyZQVVYe1Q+ITqucB2t0PqGLQ=,KnY6nWxiPy9iLemWZgaQzQRRq4A=
53,44,c8NyZQVVYe1Q+ITqucB2t0PqGLQ=,KnY6nWxiPy9iLemWZgaQzQRRq4A=
52,43,c8NyZQVVYe1Q+ITqucB2t0PqGLQ=,KnY6nWxiPy9iLemWZgaQzQRRq4A=
54,43,c8NyZQVVYe1Q+ITqucB2t0PqGLQ=,KnY6nWxiPy9iLemWZgaQzQRRq4A=
53,43,c8NyZQVVYe1Q+ITqucB2t0PqGLQ=,KnY6nWxiPy9iLemWZgaQzQRRq4A=
50,45,c8NyZQVVYe1Q+ITqucB2t0PqGLQ=,KnY6nWxiPy9iLemWZgaQzQRRq4A=
50,43,c8NyZQVVYe1Q+ITqucB2t0PqGLQ=,KnY6nWxiPy9iLemWZgaQzQRRq4A=
53,42,c8NyZQVVYe1Q+ITqucB2t0PqGLQ=,KnY6nWxiPy9iLemWZgaQzQRRq4A=
54,42,c8NyZQVVYe1Q+ITqucB2t0PqGLQ=,KnY6nWxiPy9iLemWZgaQzQRRq4A=
51,42,c8NyZQVVYe1Q+ITqucB2t0PqGLQ=,KnY6nWxiPy9iLemWZgaQzQRRq4A=
51,43,c8NyZQVVYe1Q+ITqucB2t0PqGLQ=,KnY6nWxiPy9iLemWZgaQzQRRq4A=
49,43,c8NyZQVVYe1Q+ITqucB2t0PqGLQ=,KnY6nWxiPy9iLemWZgaQzQRRq4A=
52,42,c8NyZQVVYe1Q+ITqucB2t0PqGLQ=,KnY6nWxiPy9iLemWZgaQzQRRq4A=
59,41,c8NyZQVVYe1Q+ITqucB2t0PqGLQ=,/fXuL4mCFax36g97KsNssxmGg+0=
55,41,c8NyZQVVYe1Q+ITqucB2t0PqGLQ=,KnY6nWxiPy9iLemWZgaQzQRRq4A=
56,42,c8NyZQVVYe1Q+ITqucB2t0PqGLQ=,/fXuL4mCFax36g97KsNssxmGg+0=
58,41,c8NyZQVVYe1Q+ITqucB2t0PqGLQ=,/fXuL4mCFax36g97KsNssxmGg+0=
57,42,c8NyZQVVYe1Q+ITqucB2t0PqGLQ=,/fXuL4mCFax36g97KsNssxmGg+0=
57,41,c8NyZQVVYe1Q+ITqucB2t0PqGLQ=,/fXuL4mCFax36g97KsNssxmGg+0=
58,42,c8NyZQVVYe1Q+ITqucB2t0PqGLQ=,/fXuL4mCFax36g97KsNssxmGg+0=
56,41,c8NyZQVVYe1Q+ITqucB2t0PqGLQ=,/fXuL4mCFax36g97KsNssxmGg+0=
55,46,c8NyZQVVYe1Q+ITqucB2t0PqGLQ=,KnY6nWxiPy9iLemWZgaQzQRRq4A=
59,42,c8NyZQVVYe1Q+ITqucB2t0PqGLQ=,/fXuL4mCFax36g97KsNssxmGg+0=
55,45,c8NyZQVVYe1Q+ITqucB2t0PqGLQ=,KnY6nWxiPy9iLemWZgaQzQRRq4A=
60,42,c8NyZQVVYe1Q+ITqucB2t0PqGLQ=,/fXuL4mCFax36g97KsNssxmGg+0=
55,44,c8NyZQVVYe1Q+ITqucB2t0PqGLQ=,KnY6nWxiPy9iLemWZgaQzQRRq4A=
55,43,c8NyZQVVYe1Q+ITqucB2t0PqGLQ=,KnY6nWxiPy9iLemWZgaQzQRRq4A=
56,43,c8NyZQVVYe1Q+ITqucB2t0PqGLQ=,/fXuL4mCFax36g97KsNssxmGg+0=
57,43,c8NyZQVVYe1Q+ITqucB2t0PqGLQ=,/fXuL4mCFax36g97KsNssxmGg+0=
58,43,c8NyZQVVYe1Q+ITqucB2t0PqGLQ=,/fXuL4mCFax36g97KsNssxmGg+0=
59,43,c8NyZQVVYe1Q+ITqucB2t0PqGLQ=,/fXuL4mCFax36g97KsNssxmGg+0=
60,43,c8NyZQVVYe1Q+ITqucB2t0PqGLQ=,/fXuL4mCFax36g97KsNssxmGg+0=
61,46,c8NyZQVVYe1Q+ITqucB2t0PqGLQ=,/fXuL4mCFax36g97KsNssxmGg+0=
62,46,c8NyZQVVYe1Q+ITqucB2t0PqGLQ=,/fXuL4mCFax36g97KsNssxmGg+0=
58,46,c8NyZQVVYe1Q+ITqucB2t0PqGLQ=,/fXuL4mCFax36g97KsNssxmGg+0=
56,46,c8NyZQVVYe1Q+ITqucB2t0PqGLQ=,/fXuL4mCFax36g97KsNssxmGg+0=
61,45,c8NyZQVVYe1Q+ITqucB2t0PqGLQ=,/fXuL4mCFax36g97KsNssxmGg+0=
62,45,c8NyZQVVYe1Q+ITqucB2t0PqGLQ=,/fXuL4mCFax36g97KsNssxmGg+0=
60,46,c8NyZQVVYe1Q+ITqucB2t0PqGLQ=,/fXuL4mCFax36g97KsNssxmGg+0=
59,45,c8NyZQVVYe1Q+ITqucB2t0PqGLQ=,/fXuL4mCFax36g97KsNssxmGg+0=
55,42,c8NyZQVVYe1Q+ITqucB2t0PqGLQ=,KnY6nWxiPy9iLemWZgaQzQRRq4A=
58,45,c8NyZQVVYe1Q+ITqucB2t0PqGLQ=,/fXuL4mCFax36g97KsNssxmGg+0=
60,45,c8NyZQVVYe1Q+ITqucB2t0PqGLQ=,/fXuL4mCFax36g97KsNssxmGg+0=
57,45,c8NyZQVVYe1Q+ITqucB2t0PqGLQ=,/fXuL4mCFax36g97KsNssxmGg+0=
57,46,c8NyZQVVYe1Q+ITqucB2t0PqGLQ=,/fXuL4mCFax36g97KsNssxmGg+0=
56,45,c8NyZQVVYe1Q+ITqucB2t0PqGLQ=,/fXuL4mCFax36g97KsNssxmGg+0=
62,44,c8NyZQVVYe1Q+ITqucB2t0PqGLQ=,/fXuL4mCFax36g97KsNssxmGg+0=
61,44,c8NyZQVVYe1Q+ITqucB2t0PqGLQ=,/fXuL4mCFax36g97KsNssxmGg+0=
59,46,c8NyZQVVYe1Q+ITqucB2t0PqGLQ=,/fXuL4mCFax36g97KsNssxmGg+0=
60,44,c8NyZQVVYe1Q+ITqucB2t0PqGLQ=,/fXuL4mCFax36g97KsNssxmGg+0=
58,44,c8NyZQVVYe1Q+ITqucB2t0PqGLQ=,/fXuL4mCFax36g97KsNssxmGg+0=
59,44,c8NyZQVVYe1Q+ITqucB2t0PqGLQ=,/fXuL4mCFax36g97KsNssxmGg+0=
57,44,c8NyZQVVYe1Q+ITqucB2t0PqGLQ=,/fXuL4mCFax36g97KsNssxmGg+0=
61,43,c8NyZQVVYe1Q+ITqucB2t0PqGLQ=,/fXuL4mCFax36g97KsNssxmGg+0=
56,44,c8NyZQVVYe1Q+ITqucB2t0PqGLQ=,/fXuL4mCFax36g97KsNssxmGg+0=
62,43,c8NyZQVVYe1Q+ITqucB2t0PqGLQ=,/fXuL4mCFax36g97KsNssxmGg+0=
54,40,c8NyZQVVYe1Q+ITqucB2t0PqGLQ=,KnY6nWxiPy9iLemWZgaQzQRRq4A=
49,37,c8NyZQVVYe1Q+ITqucB2t0PqGLQ=,DzOKsHMASVjqj1paXIcXpw17+j0=
50,37,c8NyZQVVYe1Q+ITqucB2t0PqGLQ=,DzOKsHMASVjqj1paXIcXpw17+j0=
53,40,c8NyZQVVYe1Q+ITqucB2t0PqGLQ=,KnY6nWxiPy9iLemWZgaQzQRRq4A=
51,37,c8NyZQVVYe1Q+ITqucB2t0PqGLQ=,DzOKsHMASVjqj1paXIcXpw17+j0=
49,34,c8NyZQVVYe1Q+ITqucB2t0PqGLQ=,DzOKsHMASVjqj1paXIcXpw17+j0=
49,36,c8NyZQVVYe1Q+ITqucB2t0PqGLQ=,DzOKsHMASVjqj1paXIcXpw17+j0=
49,40,c8NyZQVVYe1Q+ITqucB2t0PqGLQ=,KnY6nWxiPy9iLemWZgaQzQRRq4A=
54,39,c8NyZQVVYe1Q+ITqucB2t0PqGLQ=,DzOKsHMASVjqj1paXIcXpw17+j0=
50,36,c8NyZQVVYe1Q+ITqucB2t0PqGLQ=,DzOKsHMASVjqj1paXIcXpw17+j0=
53,39,c8NyZQVVYe1Q+ITqucB2t0PqGLQ=,DzOKsHMASVjqj1paXIcXpw17+j0=
53,36,c8NyZQVVYe1Q+ITqucB2t0PqGLQ=,DzOKsHMASVjqj1paXIcXpw17+j0=
49,35,c8NyZQVVYe1Q+ITqucB2t0PqGLQ=,DzOKsHMASVjqj1paXIcXpw17+j0=
52,37,c8NyZQVVYe1Q+ITqucB2t0PqGLQ=,DzOKsHMASVjqj1paXIcXpw17+j0=
52,36,c8NyZQVVYe1Q+ITqucB2t0PqGLQ=,DzOKsHMASVjqj1paXIcXpw17+j0=
49,39,c8NyZQVVYe1Q+ITqucB2t0PqGLQ=,DzOKsHMASVjqj1paXIcXpw17+j0=
53,37,c8NyZQVVYe1Q+ITqucB2t0PqGLQ=,DzOKsHMASVjqj1paXIcXpw17+j0=
54,37,c8NyZQVVYe1Q+ITqucB2t0PqGLQ=,DzOKsHMASVjqj1paXIcXpw17+j0=
51,36,c8NyZQVVYe1Q+ITqucB2t0PqGLQ=,DzOKsHMASVjqj1paXIcXpw17+j0=
49,38,c8NyZQVVYe1Q+ITqucB2t0PqGLQ=,DzOKsHMASVjqj1paXIcXpw17+j0=
50,34,c8NyZQVVYe1Q+ITqucB2t0PqGLQ=,DzOKsHMASVjqj1paXIcXpw17+j0=
52,38,c8NyZQVVYe1Q+ITqucB2t0PqGLQ=,DzOKsHMASVjqj1paXIcXpw17+j0=
51,38,c8NyZQVVYe1Q+ITqucB2t0PqGLQ=,DzOKsHMASVjqj1paXIcXpw17+j0=
50,35,c8NyZQVVYe1Q+ITqucB2t0PqGLQ=,DzOKsHMASVjqj1paXIcXpw17+j0=
54,38,c8NyZQVVYe1Q+ITqucB2t0PqGLQ=,DzOKsHMASVjqj1paXIcXpw17+j0=
50,38,c8NyZQVVYe1Q+ITqucB2t0PqGLQ=,DzOKsHMASVjqj1paXIcXpw17+j0=
53,38,c8NyZQVVYe1Q+ITqucB2t0PqGLQ=,DzOKsHMASVjqj1paXIcXpw17+j0=
52,35,c8NyZQVVYe1Q+ITqucB2t0PqGLQ=,DzOKsHMASVjqj1paXIcXpw17+j0=
51,35,c8NyZQVVYe1Q+ITqucB2t0PqGLQ=,DzOKsHMASVjqj1paXIcXpw17+j0=
56,38,c8NyZQVVYe1Q+ITqucB2t0PqGLQ=,arStqR1pHQYyCFcyQeqzhG959zs=
56,40,c8NyZQVVYe1Q+ITqucB2t0PqGLQ=,/fXuL4mCFax36g97KsNssxmGg+0=
56,39,c8NyZQVVYe1Q+ITqucB2t0PqGLQ=,arStqR1pHQYyCFcyQeqzhG959zs=
58,40,c8NyZQVVYe1Q+ITqucB2t0PqGLQ=,/fXuL4mCFax36g97KsNssxmGg+0=
55,39,c8NyZQVVYe1Q+ITqucB2t0PqGLQ=,DzOKsHMASVjqj1paXIcXpw17+j0=
57,39,c8NyZQVVYe1Q+ITqucB2t0PqGLQ=,arStqR1pHQYyCFcyQeqzhG959zs=
57,40,c8NyZQVVYe1Q+ITqucB2t0PqGLQ=,/fXuL4mCFax36g97KsNssxmGg+0=
55,40,c8NyZQVVYe1Q+ITqucB2t0PqGLQ=,KnY6nWxiPy9iLemWZgaQzQRRq4A=
52,41,c8NyZQVVYe1Q+ITqucB2t0PqGLQ=,KnY6nWxiPy9iLemWZgaQzQRRq4A=
59,40,c8NyZQVVYe1Q+ITqucB2t0PqGLQ=,/fXuL4mCFax36g97KsNssxmGg+0=
48,42,c8NyZQVVYe1Q+ITqucB2t0PqGLQ=,KnY6nWxiPy9iLemWZgaQzQRRq4A=
55,38,c8NyZQVVYe1Q+ITqucB2t0PqGLQ=,DzOKsHMASVjqj1paXIcXpw17+j0=
52,40,c8NyZQVVYe1Q+ITqucB2t0PqGLQ=,KnY6nWxiPy9iLemWZgaQzQRRq4A=
48,43,c8NyZQVVYe1Q+ITqucB2t0PqGLQ=,KnY6nWxiPy9iLemWZgaQzQRRq4A=
54,36,c8NyZQVVYe1Q+ITqucB2t0PqGLQ=,DzOKsHMASVjqj1paXIcXpw17+j0=
52,39,c8NyZQVVYe1Q+ITqucB2t0PqGLQ=,DzOKsHMASVjqj1paXIcXpw17+j0=
55,37,c8NyZQVVYe1Q+ITqucB2t0PqGLQ=,DzOKsHMASVjqj1paXIcXpw17+j0=
59,39,c8NyZQVVYe1Q+ITqucB2t0PqGLQ=,arStqR1pHQYyCFcyQeqzhG959zs=
59,38,c8NyZQVVYe1Q+ITqucB2t0PqGLQ=,arStqR1pHQYyCFcyQeqzhG959zs=
58,38,c8NyZQVVYe1Q+ITqucB2t0PqGLQ=,arStqR1pHQYyCFcyQeqzhG959zs=
48,40,c8NyZQVVYe1Q+ITqucB2t0PqGLQ=,KnY6nWxiPy9iLemWZgaQzQRRq4A=
57,38,c8NyZQVVYe1Q+ITqucB2t0PqGLQ=,arStqR1pHQYyCFcyQeqzhG959zs=
48,44,c8NyZQVVYe1Q+ITqucB2t0PqGLQ=,KnY6nWxiPy9iLemWZgaQzQRRq4A=
48,37,c8NyZQVVYe1Q+ITqucB2t0PqGLQ=,DzOKsHMASVjqj1paXIcXpw17+j0=
55,36,c8NyZQVVYe1Q+ITqucB2t0PqGLQ=,DzOKsHMASVjqj1paXIcXpw17+j0=
48,45,c8NyZQVVYe1Q+ITqucB2t0PqGLQ=,KnY6nWxiPy9iLemWZgaQzQRRq4A=
59,37,c8NyZQVVYe1Q+ITqucB2t0PqGLQ=,arStqR1pHQYyCFcyQeqzhG959zs=
48,39,c8NyZQVVYe1Q+ITqucB2t0PqGLQ=,DzOKsHMASVjqj1paXIcXpw17+j0=
48,34,c8NyZQVVYe1Q+ITqucB2t0PqGLQ=,DzOKsHMASVjqj1paXIcXpw17+j0=
50,39,c8NyZQVVYe1Q+ITqucB2t0PqGLQ=,DzOKsHMASVjqj1paXIcXpw17+j0=
56,37,c8NyZQVVYe1Q+ITqucB2t0PqGLQ=,arStqR1pHQYyCFcyQeqzhG959zs=
58,39,c8NyZQVVYe1Q+ITqucB2t0PqGLQ=,arStqR1pHQYyCFcyQeqzhG959zs=
58,37,c8NyZQVVYe1Q+ITqucB2t0PqGLQ=,arStqR1pHQYyCFcyQeqzhG959zs=
48,36,c8NyZQVVYe1Q+ITqucB2t0PqGLQ=,DzOKsHMASVjqj1paXIcXpw17+j0=
57,37,c8NyZQVVYe1Q+ITqucB2t0PqGLQ=,arStqR1pHQYyCFcyQeqzhG959zs=
51,39,c8NyZQVVYe1Q+ITqucB2t0PqGLQ=,DzOKsHMASVjqj1paXIcXpw17+j0=
59,36,c8NyZQVVYe1Q+ITqucB2t0PqGLQ=,arStqR1pHQYyCFcyQeqzhG959zs=
48,38,c8NyZQVVYe1Q+ITqucB2t0PqGLQ=,DzOKsHMASVjqj1paXIcXpw17+j0=
48,35,c8NyZQVVYe1Q+ITqucB2t0PqGLQ=,DzOKsHMASVjqj1paXIcXpw17+j0=
58,36,c8NyZQVVYe1Q+ITqucB2t0PqGLQ=,arStqR1pHQYyCFcyQeqzhG959zs=
50,40,c8NyZQVVYe1Q+ITqucB2t0PqGLQ=,KnY6nWxiPy9iLemWZgaQzQRRq4A=
56,36,c8NyZQVVYe1Q+ITqucB2t0PqGLQ=,arStqR1pHQYyCFcyQeqzhG959zs=
51,40,c8NyZQVVYe1Q+ITqucB2t0PqGLQ=,KnY6nWxiPy9iLemWZgaQzQRRq4A=
48,46,c8NyZQVVYe1Q+ITqucB2t0PqGLQ=,KnY6nWxiPy9iLemWZgaQzQRRq4A=
48,41,c8NyZQVVYe1Q+ITqucB2t0PqGLQ=,KnY6nWxiPy9iLemWZgaQzQRRq4A=
57,36,c8NyZQVVYe1Q+ITqucB2t0PqGLQ=,arStqR1pHQYyCFcyQeqzhG959zs=
49,47,c8NyZQVVYe1Q+ITqucB2t0PqGLQ=,KnY6nWxiPy9iLemWZgaQzQRRq4A=
55,32,c8NyZQVVYe1Q+ITqucB2t0PqGLQ=,DzOKsHMASVjqj1paXIcXpw17+j0=
54,32,c8NyZQVVYe1Q+ITqucB2t0PqGLQ=,DzOKsHMASVjqj1paXIcXpw17+j0=
53,35,c8NyZQVVYe1Q+ITqucB2t0PqGLQ=,DzOKsHMASVjqj1paXIcXpw17+j0=
53,32,c8NyZQVVYe1Q+ITqucB2t0PqGLQ=,DzOKsHMASVjqj1paXIcXpw17+j0=
50,47,c8NyZQVVYe1Q+ITqucB2t0PqGLQ=,KnY6nWxiPy9iLemWZgaQzQRRq4A=
54,35,c8NyZQVVYe1Q+ITqucB2t0PqGLQ=,DzOKsHMASVjqj1paXIcXpw17+j0=
54,34,c8NyZQVVYe1Q+ITqucB2t0PqGLQ=,DzOKsHMASVjqj1paXIcXpw17+j0=
54,33,c8NyZQVVYe1Q+ITqucB2t0PqGLQ=,DzOKsHMASVjqj1paXIcXpw17+j0=
56,47,c8NyZQVVYe1Q+ITqucB2t0PqGLQ=,/fXuL4mCFax36g97KsNssxmGg+0=
51,47,c8NyZQVVYe1Q+ITqucB2t0PqGLQ=,KnY6nWxiPy9iLemWZgaQzQRRq4A=
57,47,c8NyZQVVYe1Q+ITqucB2t0PqGLQ=,/fXuL4mCFax36g97KsNssxmGg+0=
52,32,c8NyZQVVYe1Q+ITqucB2t0PqGLQ=,DzOKsHMASVjqj1paXIcXpw17+j0=
53,34,c8NyZQVVYe1Q+ITqucB2t0PqGLQ=,DzOKsHMASVjqj1paXIcXpw17+j0=
53,33,c8NyZQVVYe1Q+ITqucB2t0PqGLQ=,DzOKsHMASVjqj1paXIcXpw17+j0=
54,47,c8NyZQVVYe1Q+ITqucB2t0PqGLQ=,KnY6nWxiPy9iLemWZgaQzQRRq4A=
53,47,c8NyZQVVYe1Q+ITqucB2t0PqGLQ=,KnY6nWxiPy9iLemWZgaQzQRRq4A=
52,33,c8NyZQVVYe1Q+ITqucB2t0PqGLQ=,DzOKsHMASVjqj1paXIcXpw17+j0=
57,32,c8NyZQVVYe1Q+ITqucB2t0PqGLQ=,arStqR1pHQYyCFcyQeqzhG959zs=
48,47,c8NyZQVVYe1Q+ITqucB2t0PqGLQ=,KnY6nWxiPy9iLemWZgaQzQRRq4A=
52,34,c8NyZQVVYe1Q+ITqucB2t0PqGLQ=,DzOKsHMASVjqj1paXIcXpw17+j0=
56,32,c8NyZQVVYe1Q+ITqucB2t0PqGLQ=,arStqR1pHQYyCFcyQeqzhG959zs=
58,32,c8NyZQVVYe1Q+ITqucB2t0PqGLQ=,arStqR1pHQYyCFcyQeqzhG959zs=
55,47,c8NyZQVVYe1Q+ITqucB2t0PqGLQ=,KnY6nWxiPy9iLemWZgaQzQRRq4A=
59,32,c8NyZQVVYe1Q+ITqucB2t0PqGLQ=,arStqR1pHQYyCFcyQeqzhG959zs=
55,35,c8NyZQVVYe1Q+ITqucB2t0PqGLQ=,DzOKsHMASVjqj1paXIcXpw17+j0=
62,47,c8NyZQVVYe1Q+ITqucB2t0PqGLQ=,/fXuL4mCFax36g97KsNssxmGg+0=
55,34,c8NyZQVVYe1Q+ITqucB2t0PqGLQ=,DzOKsHMASVjqj1paXIcXpw17+j0=
58,33,c8NyZQVVYe1Q+ITqucB2t0PqGLQ=,arStqR1pHQYyCFcyQeqzhG959zs=
56,35,c8NyZQVVYe1Q+ITqucB2t0PqGLQ=,arStqR1pHQYyCFcyQeqzhG959zs=
61,47,c8NyZQVVYe1Q+ITqucB2t0PqGLQ=,/fXuL4mCFax36g97KsNssxmGg+0=
59,47,c8NyZQVVYe1Q+ITqucB2t0PqGLQ=,/fXuL4mCFax36g97KsNssxmGg+0=
60,47,c8NyZQVVYe1Q+ITqucB2t0PqGLQ=,/fXuL4mCFax36g97KsNssxmGg+0=
59,33,c8NyZQVVYe1Q+ITqucB2t0PqGLQ=,arStqR1pHQYyCFcyQeqzhG959zs=
58,47,c8NyZQVVYe1Q+ITqucB2t0PqGLQ=,/fXuL4mCFax36g97KsNssxmGg+0=
55,33,c8NyZQVVYe1Q+ITqucB2t0PqGLQ=,DzOKsHMASVjqj1paXIcXpw17+j0=
57,35,c8NyZQVVYe1Q+ITqucB2t0PqGLQ=,arStqR1pHQYyCFcyQeqzhG959zs=
56,33,c8NyZQVVYe1Q+ITqucB2t0PqGLQ=,arStqR1pHQYyCFcyQeqzhG959zs=
57,34,c8NyZQVVYe1Q+ITqucB2t0PqGLQ=,arStqR1pHQYyCFcyQeqzhG959zs=
58,34,c8NyZQVVYe1Q+ITqucB2t0PqGLQ=,arStqR1pHQYyCFcyQeqzhG959zs=
59,35,c8NyZQVVYe1Q+ITqucB2t0PqGLQ=,arStqR1pHQYyCFcyQeqzhG959zs=
57,33,c8NyZQVVYe1Q+ITqucB2t0PqGLQ=,arStqR1pHQYyCFcyQeqzhG959zs=
58,35,c8NyZQVVYe1Q+ITqucB2t0PqGLQ=,arStqR1pHQYyCFcyQeqzhG959zs=
52,47,c8NyZQVVYe1Q+ITqucB2t0PqGLQ=,KnY6nWxiPy9iLemWZgaQzQRRq4A=
56,34,c8NyZQVVYe1Q+ITqucB2t0PqGLQ=,arStqR1pHQYyCFcyQeqzhG959zs=
59,34,c8NyZQVVYe1Q+ITqucB2t0PqGLQ=,arStqR1pHQYyCFcyQeqzhG959zs=
63,34,c8NyZQVVYe1Q+ITqucB2t0PqGLQ=,arStqR1pHQYyCFcyQeqzhG959zs=
60,32,c8NyZQVVYe1Q+ITqucB2t0PqGLQ=,arStqR1pHQYyCFcyQeqzhG959zs=
63,32,c8NyZQVVYe1Q+ITqucB2t0PqGLQ=,arStqR1pHQYyCFcyQeqzhG959zs=
62,34,c8NyZQVVYe1Q+ITqucB2t0PqGLQ=,arStqR1pHQYyCFcyQeqzhG959zs=
62,32,c8NyZQVVYe1Q+ITqucB2t0PqGLQ=,arStqR1pHQYyCFcyQeqzhG959zs=
63,35,c8NyZQVVYe1Q+ITqucB2t0PqGLQ=,arStqR1pHQYyCFcyQeqzhG959zs=
61,32,c8NyZQVVYe1Q+ITqucB2t0PqGLQ=,arStqR1pHQYyCFcyQeqzhG959zs=
61,35,c8NyZQVVYe1Q+ITqucB2t0PqGLQ=,arStqR1pHQYyCFcyQeqzhG959zs=
62,35,c8NyZQVVYe1Q+ITqucB2t0PqGLQ=,arStqR1pHQYyCFcyQeqzhG959zs=
60,33,c8NyZQVVYe1Q+ITqucB2t0PqGLQ=,arStqR1pHQYyCFcyQeqzhG959zs=
63,47,c8NyZQVVYe1Q+ITqucB2t0PqGLQ=,/fXuL4mCFax36g97KsNssxmGg+0=
60,35,c8NyZQVVYe1Q+ITqucB2t0PqGLQ=,arStqR1pHQYyCFcyQeqzhG959zs=
62,33,c8NyZQVVYe1Q+ITqucB2t0PqGLQ=,arStqR1pHQYyCFcyQeqzhG959zs=
61,34,c8NyZQVVYe1Q+ITqucB2t0PqGLQ=,arStqR1pHQYyCFcyQeqzhG959zs=
63,40,c8NyZQVVYe1Q+ITqucB2t0PqGLQ=,/fXuL4mCFax36g97KsNssxmGg+0=
63,46,c8NyZQVVYe1Q+ITqucB2t0PqGLQ=,/fXuL4mCFax36g97KsNssxmGg+0=
60,41,c8NyZQVVYe1Q+ITqucB2t0PqGLQ=,/fXuL4mCFax36g97KsNssxmGg+0=
63,39,c8NyZQVVYe1Q+ITqucB2t0PqGLQ=,arStqR1pHQYyCFcyQeqzhG959zs=
61,33,c8NyZQVVYe1Q+ITqucB2t0PqGLQ=,arStqR1pHQYyCFcyQeqzhG959zs=
60,38,c8NyZQVVYe1Q+ITqucB2t0PqGLQ=,arStqR1pHQYyCFcyQeqzhG959zs=
63,33,c8NyZQVVYe1Q+ITqucB2t0PqGLQ=,arStqR1pHQYyCFcyQeqzhG959zs=
60,34,c8NyZQVVYe1Q+ITqucB2t0PqGLQ=,arStqR1pHQYyCFcyQeqzhG959zs=
63,45,c8NyZQVVYe1Q+ITqucB2t0PqGLQ=,/fXuL4mCFax36g97KsNssxmGg+0=
61,38,c8NyZQVVYe1Q+ITqucB2t0PqGLQ=,arStqR1pHQYyCFcyQeqzhG959zs=
61,41,c8NyZQVVYe1Q+ITqucB2t0PqGLQ=,/fXuL4mCFax36g97KsNssxmGg+0=
62,39,c8NyZQVVYe1Q+ITqucB2t0PqGLQ=,arStqR1pHQYyCFcyQeqzhG959zs=
63,44,c8NyZQVVYe1Q+ITqucB2t0PqGLQ=,/fXuL4mCFax36g97KsNssxmGg+0=
62,38,c8NyZQVVYe1Q+ITqucB2t0PqGLQ=,arStqR1pHQYyCFcyQeqzhG959zs=
61,42,c8NyZQVVYe1Q+ITqucB2t0PqGLQ=,/fXuL4mCFax36g97KsNssxmGg+0=
63,43,c8NyZQVVYe1Q+ITqucB2t0PqGLQ=,/fXuL4mCFax36g97KsNssxmGg+0=
62,37,c8NyZQVVYe1Q+ITqucB2t0PqGLQ=,arStqR1pHQYyCFcyQeqzhG959zs=
62,40,c8NyZQVVYe1Q+ITqucB2t0PqGLQ=,/fXuL4mCFax36g97KsNssxmGg+0=
61,39,c8NyZQVVYe1Q+ITqucB2t0PqGLQ=,arStqR1pHQYyCFcyQeqzhG959zs=
63,37,c8NyZQVVYe1Q+ITqucB2t0PqGLQ=,arStqR1pHQYyCFcyQeqzhG959zs=
62,42,c8NyZQVVYe1Q+ITqucB2t0PqGLQ=,/fXuL4mCFax36g97KsNssxmGg+0=
48,32,c8NyZQVVYe1Q+ITqucB2t0PqGLQ=,DzOKsHMASVjqj1paXIcXpw17+j0=
60,39,c8NyZQVVYe1Q+ITqucB2t0PqGLQ=,arStqR1pHQYyCFcyQeqzhG959zs=
63,42,c8NyZQVVYe1Q+ITqucB2t0PqGLQ=,/fXuL4mCFax36g97KsNssxmGg+0=
62,41,c8NyZQVVYe1Q+ITqucB2t0PqGLQ=,/fXuL4mCFax36g97KsNssxmGg+0=
61,40,c8NyZQVVYe1Q+ITqucB2t0PqGLQ=,/fXuL4mCFax36g97KsNssxmGg+0=
49,33,c8NyZQVVYe1Q+ITqucB2t0PqGLQ=,DzOKsHMASVjqj1paXIcXpw17+j0=
61,37,c8NyZQVVYe1Q+ITqucB2t0PqGLQ=,arStqR1pHQYyCFcyQeqzhG959zs=
51,32,c8NyZQVVYe1Q+ITqucB2t0PqGLQ=,DzOKsHMASVjqj1paXIcXpw17+j0=
63,38,c8NyZQVVYe1Q+ITqucB2t0PqGLQ=,arStqR1pHQYyCFcyQeqzhG959zs=
60,40,c8NyZQVVYe1Q+ITqucB2t0PqGLQ=,/fXuL4mCFax36g97KsNssxmGg+0=
49,32,c8NyZQVVYe1Q+ITqucB2t0PqGLQ=,DzOKsHMASVjqj1paXIcXpw17+j0=
60,36,c8NyZQVVYe1Q+ITqucB2t0PqGLQ=,arStqR1pHQYyCFcyQeqzhG959zs=
63,36,c8NyZQVVYe1Q+ITqucB2t0PqGLQ=,arStqR1pHQYyCFcyQeqzhG959zs=
63,41,c8NyZQVVYe1Q+ITqucB2t0PqGLQ=,/fXuL4mCFax36g97KsNssxmGg+0=
51,33,c8NyZQVVYe1Q+ITqucB2t0PqGLQ=,DzOKsHMASVjqj1paXIcXpw17+j0=
50,33,c8NyZQVVYe1Q+ITqucB2t0PqGLQ=,DzOKsHMASVjqj1paXIcXpw17+j0=
60,37,c8NyZQVVYe1Q+ITqucB2t0PqGLQ=,arStqR1pHQYyCFcyQeqzhG959zs=
50,32,c8NyZQVVYe1Q+ITqucB2t0PqGLQ=,DzOKsHMASVjqj1paXIcXpw17+j0=
62,36,c8NyZQVVYe1Q+ITqucB2t0PqGLQ=,arStqR1pHQYyCFcyQeqzhG959zs=
48,33,c8NyZQVVYe1Q+ITqucB2t0PqGLQ=,DzOKsHMASVjqj1paXIcXpw17+j0=
61,36,c8NyZQVVYe1Q+ITqucB2t0PqGLQ=,arStqR1pHQYyCFcyQeqzhG959zs=
51,34,c8NyZQVVYe1Q+ITqucB2t0PqGLQ=,DzOKsHMASVjqj1paXIcXpw17+j0=
62,51,T8iYSz3rBEzHcpBRWBeHN50hBwU=,jbkwNEjutSNRT0RsEiJafV1VblY=
61,50,T8iYSz3rBEzHcpBRWBeHN50hBwU=,jbkwNEjutSNRT0RsEiJafV1VblY=
60,51,T8iYSz3rBEzHcpBRWBeHN50hBwU=,jbkwNEjutSNRT0RsEiJafV1VblY=
56,49,T8iYSz3rBEzHcpBRWBeHN50hBwU=,jbkwNEjutSNRT0RsEiJafV1VblY=
61,51,T8iYSz3rBEzHcpBRWBeHN50hBwU=,jbkwNEjutSNRT0RsEiJafV1VblY=
56,52,T8iYSz3rBEzHcpBRWBeHN50hBwU=,jbkwNEjutSNRT0RsEiJafV1VblY=
59,51,T8iYSz3rBEzHcpBRWBeHN50hBwU=,jbkwNEjutSNRT0RsEiJafV1VblY=
57,52,T8iYSz3rBEzHcpBRWBeHN50hBwU=,jbkwNEjutSNRT0RsEiJafV1VblY=
58,52,T8iYSz3rBEzHcpBRWBeHN50hBwU=,jbkwNEjutSNRT0RsEiJafV1VblY=
60,50,T8iYSz3rBEzHcpBRWBeHN50hBwU=,jbkwNEjutSNRT0RsEiJafV1VblY=
57,49,T8iYSz3rBEzHcpBRWBeHN50hBwU=,jbkwNEjutSNRT0RsEiJafV1VblY=
61,49,T8iYSz3rBEzHcpBRWBeHN50hBwU=,jbkwNEjutSNRT0RsEiJafV1VblY=
62,49,T8iYSz3rBEzHcpBRWBeHN50hBwU=,jbkwNEjutSNRT0RsEiJafV1VblY=
60,49,T8iYSz3rBEzHcpBRWBeHN50hBwU=,jbkwNEjutSNRT0RsEiJafV1VblY=
62,48,T8iYSz3rBEzHcpBRWBeHN50hBwU=,jbkwNEjutSNRT0RsEiJafV1VblY=
58,49,T8iYSz3rBEzHcpBRWBeHN50hBwU=,jbkwNEjutSNRT0RsEiJafV1VblY=
58,51,T8iYSz3rBEzHcpBRWBeHN50hBwU=,jbkwNEjutSNRT0RsEiJafV1VblY=
58,50,T8iYSz3rBEzHcpBRWBeHN50hBwU=,jbkwNEjutSNRT0RsEiJafV1VblY=
59,50,T8iYSz3rBEzHcpBRWBeHN50hBwU=,jbkwNEjutSNRT0RsEiJafV1VblY=
59,52,T8iYSz3rBEzHcpBRWBeHN50hBwU=,jbkwNEjutSNRT0RsEiJafV1VblY=
62,55,T8iYSz3rBEzHcpBRWBeHN50hBwU=,jbkwNEjutSNRT0RsEiJafV1VblY=
57,51,T8iYSz3rBEzHcpBRWBeHN50hBwU=,jbkwNEjutSNRT0RsEiJafV1VblY=
60,52,T8iYSz3rBEzHcpBRWBeHN50hBwU=,jbkwNEjutSNRT0RsEiJafV1VblY=
60,48,T8iYSz3rBEzHcpBRWBeHN50hBwU=,jbkwNEjutSNRT0RsEiJafV1VblY=
61,52,T8iYSz3rBEzHcpBRWBeHN50hBwU=,jbkwNEjutSNRT0RsEiJafV1VblY=
57,48,T8iYSz3rBEzHcpBRWBeHN50hBwU=,jbkwNEjutSNRT0RsEiJafV1VblY=
57,50,T8iYSz3rBEzHcpBRWBeHN50hBwU=,jbkwNEjutSNRT0RsEiJafV1VblY=
61,55,T8iYSz3rBEzHcpBRWBeHN50hBwU=,jbkwNEjutSNRT0RsEiJafV1VblY=
58,48,T8iYSz3rBEzHcpBRWBeHN50hBwU=,jbkwNEjutSNRT0RsEiJafV1VblY=
60,55,T8iYSz3rBEzHcpBRWBeHN50hBwU=,jbkwNEjutSNRT0RsEiJafV1VblY=
62,52,T8iYSz3rBEzHcpBRWBeHN50hBwU=,jbkwNEjutSNRT0RsEiJafV1VblY=
61,48,T8iYSz3rBEzHcpBRWBeHN50hBwU=,jbkwNEjutSNRT0RsEiJafV1VblY=
59,48,T8iYSz3rBEzHcpBRWBeHN50hBwU=,jbkwNEjutSNRT0RsEiJafV1VblY=
56,48,T8iYSz3rBEzHcpBRWBeHN50hBwU=,jbkwNEjutSNRT0RsEiJafV1VblY=
59,55,T8iYSz3rBEzHcpBRWBeHN50hBwU=,jbkwNEjutSNRT0RsEiJafV1VblY=
56,53,T8iYSz3rBEzHcpBRWBeHN50hBwU=,jbkwNEjutSNRT0RsEiJafV1VblY=
62,54,T8iYSz3rBEzHcpBRWBeHN50hBwU=,jbkwNEjutSNRT0RsEiJafV1VblY=
56,50,T8iYSz3rBEzHcpBRWBeHN50hBwU=,jbkwNEjutSNRT0RsEiJafV1VblY=
58,55,T8iYSz3rBEzHcpBRWBeHN50hBwU=,jbkwNEjutSNRT0RsEiJafV1VblY=
56,55,T8iYSz3rBEzHcpBRWBeHN50hBwU=,jbkwNEjutSNRT0RsEiJafV1VblY=
59,54,T8iYSz3rBEzHcpBRWBeHN50hBwU=,jbkwNEjutSNRT0RsEiJafV1VblY=
58,54,T8iYSz3rBEzHcpBRWBeHN50hBwU=,jbkwNEjutSNRT0RsEiJafV1VblY=
60,54,T8iYSz3rBEzHcpBRWBeHN50hBwU=,jbkwNEjutSNRT0RsEiJafV1VblY=
57,54,T8iYSz3rBEzHcpBRWBeHN50hBwU=,jbkwNEjutSNRT0RsEiJafV1VblY=
61,54,T8iYSz3rBEzHcpBRWBeHN50hBwU=,jbkwNEjutSNRT0RsEiJafV1VblY=
62,53,T8iYSz3rBEzHcpBRWBeHN50hBwU=,jbkwNEjutSNRT0RsEiJafV1VblY=
59,49,T8iYSz3rBEzHcpBRWBeHN50hBwU=,jbkwNEjutSNRT0RsEiJafV1VblY=
56,51,T8iYSz3rBEzHcpBRWBeHN50hBwU=,jbkwNEjutSNRT0RsEiJafV1VblY=
56,54,T8iYSz3rBEzHcpBRWBeHN50hBwU=,jbkwNEjutSNRT0RsEiJafV1VblY=
57,55,T8iYSz3rBEzHcpBRWBeHN50hBwU=,jbkwNEjutSNRT0RsEiJafV1VblY=
57,53,T8iYSz3rBEzHcpBRWBeHN50hBwU=,jbkwNEjutSNRT0RsEiJafV1VblY=
58,53,T8iYSz3rBEzHcpBRWBeHN50hBwU=,jbkwNEjutSNRT0RsEiJafV1VblY=
59,53,T8iYSz3rBEzHcpBRWBeHN50hBwU=,jbkwNEjutSNRT0RsEiJafV1VblY=
60,53,T8iYSz3rBEzHcpBRWBeHN50hBwU=,jbkwNEjutSNRT0RsEiJafV1VblY=
61,53,T8iYSz3rBEzHcpBRWBeHN50hBwU=,jbkwNEjutSNRT0RsEiJafV1VblY=
62,50,T8iYSz3rBEzHcpBRWBeHN50hBwU=,jbkwNEjutSNRT0RsEiJafV1VblY=
63,50,T8iYSz3rBEzHcpBRWBeHN50hBwU=,jbkwNEjutSNRT0RsEiJafV1VblY=
63,48,T8iYSz3rBEzHcpBRWBeHN50hBwU=,jbkwNEjutSNRT0RsEiJafV1VblY=
63,55,T8iYSz3rBEzHcpBRWBeHN50hBwU=,jbkwNEjutSNRT0RsEiJafV1VblY=
63,53,T8iYSz3rBEzHcpBRWBeHN50hBwU=,jbkwNEjutSNRT0RsEiJafV1VblY=
63,52,T8iYSz3rBEzHcpBRWBeHN50hBwU=,jbkwNEjutSNRT0RsEiJafV1VblY=
63,49,T8iYSz3rBEzHcpBRWBeHN50hBwU=,jbkwNEjutSNRT0RsEiJafV1VblY=
63,54,T8iYSz3rBEzHcpBRWBeHN50hBwU=,jbkwNEjutSNRT0RsEiJafV1VblY=
63,51,T8iYSz3rBEzHcpBRWBeHN50hBwU=,jbkwNEjutSNRT0RsEiJafV1VblY=
46,40,bpYk5rqAcFLNLMyE/kgTlhL/ajw=,6mbRo8kpREV9YjO/0fgfvNLwj9U=
46,41,bpYk5rqAcFLNLMyE/kgTlhL/ajw=,6mbRo8kpREV9YjO/0fgfvNLwj9U=
45,41,iZTtOONg3ZVcbKA4kZpbo1lzhA0=,6mbRo8kpREV9YjO/0fgfvNLwj9U=
44,40,bpYk5rqAcFLNLMyE/kgTlhL/ajw=,6mbRo8kpREV9YjO/0fgfvNLwj9U=
33,46,bpYk5rqAcFLNLMyE/kgTlhL/ajw=,11qEU/U9TglP7aVqzlEizp62zOc=
45,40,bpYk5rqAcFLNLMyE/kgTlhL/ajw=,6mbRo8kpREV9YjO/0fgfvNLwj9U=
40,42,bpYk5rqAcFLNLMyE/kgTlhL/ajw=,6mbRo8kpREV9YjO/0fgfvNLwj9U=
43,43,bpYk5rqAcFLNLMyE/kgTlhL/ajw=,6mbRo8kpREV9YjO/0fgfvNLwj9U=
34,46,bpYk5rqAcFLNLMyE/kgTlhL/ajw=,11qEU/U9TglP7aVqzlEizp62zOc=
41,40,bpYk5rqAcFLNLMyE/kgTlhL/ajw=,6mbRo8kpREV9YjO/0fgfvNLwj9U=
43,42,bpYk5rqAcFLNLMyE/kgTlhL/ajw=,6mbRo8kpREV9YjO/0fgfvNLwj9U=
41,43,bpYk5rqAcFLNLMyE/kgTlhL/ajw=,6mbRo8kpREV9YjO/0fgfvNLwj9U=
42,43,bpYk5rqAcFLNLMyE/kgTlhL/ajw=,6mbRo8kpREV9YjO/0fgfvNLwj9U=
36,42,bpYk5rqAcFLNLMyE/kgTlhL/ajw=,11qEU/U9TglP7aVqzlEizp62zOc=
38,41,bpYk5rqAcFLNLMyE/kgTlhL/ajw=,11qEU/U9TglP7aVqzlEizp62zOc=
42,42,iZTtOONg3ZVcbKA4kZpbo1lzhA0=,6mbRo8kpREV9YjO/0fgfvNLwj9U=
40,43,bpYk5rqAcFLNLMyE/kgTlhL/ajw=,6mbRo8kpREV9YjO/0fgfvNLwj9U=
42,40,bpYk5rqAcFLNLMyE/kgTlhL/ajw=,6mbRo8kpREV9YjO/0fgfvNLwj9U=
37,42,bpYk5rqAcFLNLMyE/kgTlhL/ajw=,11qEU/U9TglP7aVqzlEizp62zOc=
39,41,bpYk5rqAcFLNLMyE/kgTlhL/ajw=,11qEU/U9TglP7aVqzlEizp62zOc=
36,41,bpYk5rqAcFLNLMyE/kgTlhL/ajw=,11qEU/U9TglP7aVqzlEizp62zOc=
37,41,bpYk5rqAcFLNLMyE/kgTlhL/ajw=,11qEU/U9TglP7aVqzlEizp62zOc=
43,40,bpYk5rqAcFLNLMyE/kgTlhL/ajw=,6mbRo8kpREV9YjO/0fgfvNLwj9U=
37,43,bpYk5rqAcFLNLMyE/kgTlhL/ajw=,11qEU/U9TglP7aVqzlEizp62zOc=
47,40,bpYk5rqAcFLNLMyE/kgTlhL/ajw=,6mbRo8kpREV9YjO/0fgfvNLwj9U=
41,42,iZTtOONg3ZVcbKA4kZpbo1lzhA0=,6mbRo8kpREV9YjO/0fgfvNLwj9U=
32,45,bpYk5rqAcFLNLMyE/kgTlhL/ajw=,11qEU/U9TglP7aVqzlEizp62zOc=
47,43,bpYk5rqAcFLNLMyE/kgTlhL/ajw=,6mbRo8kpREV9YjO/0fgfvNLwj9U=
43,41,bpYk5rqAcFLNLMyE/kgTlhL/ajw=,6mbRo8kpREV9YjO/0fgfvNLwj9U=
38,43,bpYk5rqAcFLNLMyE/kgTlhL/ajw=,11qEU/U9TglP7aVqzlEizp62zOc=
33,47,bpYk5rqAcFLNLMyE/kgTlhL/ajw=,11qEU/U9TglP7aVqzlEizp62zOc=
41,41,bpYk5rqAcFLNLMyE/kgTlhL/ajw=,6mbRo8kpREV9YjO/0fgfvNLwj9U=
36,43,bpYk5rqAcFLNLMyE/kgTlhL/ajw=,11qEU/U9TglP7aVqzlEizp62zOc=
47,41,bpYk5rqAcFLNLMyE/kgTlhL/ajw=,6mbRo8kpREV9YjO/0fgfvNLwj9U=
32,46,bpYk5rqAcFLNLMyE/kgTlhL/ajw=,11qEU/U9TglP7aVqzlEizp62zOc=
39,43,bpYk5rqAcFLNLMyE/kgTlhL/ajw=,11qEU/U9TglP7aVqzlEizp62zOc=
42,41,bpYk5rqAcFLNLMyE/kgTlhL/ajw=,6mbRo8kpREV9YjO/0fgfvNLwj9U=
45,43,bpYk5rqAcFLNLMyE/kgTlhL/ajw=,6mbRo8kpREV9YjO/0fgfvNLwj9U=
44,43,bpYk5rqAcFLNLMyE/kgTlhL/ajw=,6mbRo8kpREV9YjO/0fgfvNLwj9U=
35,47,bpYk5rqAcFLNLMyE/kgTlhL/ajw=,11qEU/U9TglP7aVqzlEizp62zOc=
34,47,bpYk5rqAcFLNLMyE/kgTlhL/ajw=,11qEU/U9TglP7aVqzlEizp62zOc=
40,41,bpYk5rqAcFLNLMyE/kgTlhL/ajw=,6mbRo8kpREV9YjO/0fgfvNLwj9U=
39,42,bpYk5rqAcFLNLMyE/kgTlhL/ajw=,11qEU/U9TglP7aVqzlEizp62zOc=
44,41,iZTtOONg3ZVcbKA4kZpbo1lzhA0=,6mbRo8kpREV9YjO/0fgfvNLwj9U=
39,40,bpYk5rqAcFLNLMyE/kgTlhL/ajw=,11qEU/U9TglP7aVqzlEizp62zOc=
38,40,bpYk5rqAcFLNLMyE/kgTlhL/ajw=,11qEU/U9TglP7aVqzlEizp62zOc=
46,43,bpYk5rqAcFLNLMyE/kgTlhL/ajw=,6mbRo8kpREV9YjO/0fgfvNLwj9U=
40,40,bpYk5rqAcFLNLMyE/kgTlhL/ajw=,6mbRo8kpREV9YjO/0fgfvNLwj9U=
38,42,bpYk5rqAcFLNLMyE/kgTlhL/ajw=,11qEU/U9TglP7aVqzlEizp62zOc=
47,42,bpYk5rqAcFLNLMyE/kgTlhL/ajw=,6mbRo8kpREV9YjO/0fgfvNLwj9U=
37,40,bpYk5rqAcFLNLMyE/kgTlhL/ajw=,11qEU/U9TglP7aVqzlEizp62zOc=
44,42,iZTtOONg3ZVcbKA4kZpbo1lzhA0=,6mbRo8kpREV9YjO/0fgfvNLwj9U=
45,42,bpYk5rqAcFLNLMyE/kgTlhL/ajw=,6mbRo8kpREV9YjO/0fgfvNLwj9U=
46,42,bpYk5rqAcFLNLMyE/kgTlhL/ajw=,6mbRo8kpREV9YjO/0fgfvNLwj9U=
32,47,bpYk5rqAcFLNLMyE/kgTlhL/ajw=,11qEU/U9TglP7aVqzlEizp62zOc=
39,47,bpYk5rqAcFLNLMyE/kgTlhL/ajw=,11qEU/U9TglP7aVqzlEizp62zOc=
34,45,bpYk5rqAcFLNLMyE/kgTlhL/ajw=,11qEU/U9TglP7aVqzlEizp62zOc=
32,44,bpYk5rqAcFLNLMyE/kgTlhL/ajw=,11qEU/U9TglP7aVqzlEizp62zOc=
35,45,bpYk5rqAcFLNLMyE/kgTlhL/ajw=,11qEU/U9TglP7aVqzlEizp62zOc=
33,45,bpYk5rqAcFLNLMyE/kgTlhL/ajw=,11qEU/U9TglP7aVqzlEizp62zOc=
35,44,bpYk5rqAcFLNLMyE/kgTlhL/ajw=,11qEU/U9TglP7aVqzlEizp62zOc=
36,40,bpYk5rqAcFLNLMyE/kgTlhL/ajw=,11qEU/U9TglP7aVqzlEizp62zOc=
35,46,bpYk5rqAcFLNLMyE/kgTlhL/ajw=,11qEU/U9TglP7aVqzlEizp62zOc=
36,47,bpYk5rqAcFLNLMyE/kgTlhL/ajw=,11qEU/U9TglP7aVqzlEizp62zOc=
33,44,bpYk5rqAcFLNLMyE/kgTlhL/ajw=,11qEU/U9TglP7aVqzlEizp62zOc=
32,40,bpYk5rqAcFLNLMyE/kgTlhL/ajw=,11qEU/U9TglP7aVqzlEizp62zOc=
43,47,bpYk5rqAcFLNLMyE/kgTlhL/ajw=,6mbRo8kpREV9YjO/0fgfvNLwj9U=
37,47,bpYk5rqAcFLNLMyE/kgTlhL/ajw=,11qEU/U9TglP7aVqzlEizp62zOc=
34,44,bpYk5rqAcFLNLMyE/kgTlhL/ajw=,11qEU/U9TglP7aVqzlEizp62zOc=
39,45,bpYk5rqAcFLNLMyE/kgTlhL/ajw=,11qEU/U9TglP7aVqzlEizp62zOc=
44,47,bpYk5rqAcFLNLMyE/kgTlhL/ajw=,6mbRo8kpREV9YjO/0fgfvNLwj9U=
37,45,bpYk5rqAcFLNLMyE/kgTlhL/ajw=,11qEU/U9TglP7aVqzlEizp62zOc=
41,44,bpYk5rqAcFLNLMyE/kgTlhL/ajw=,6mbRo8kpREV9YjO/0fgfvNLwj9U=
38,45,bpYk5rqAcFLNLMyE/kgTlhL/ajw=,11qEU/U9TglP7aVqzlEizp62zOc=
36,45,bpYk5rqAcFLNLMyE/kgTlhL/ajw=,11qEU/U9TglP7aVqzlEizp62zOc=
42,44,bpYk5rqAcFLNLMyE/kgTlhL/ajw=,6mbRo8kpREV9YjO/0fgfvNLwj9U=
43,44,bpYk5rqAcFLNLMyE/kgTlhL/ajw=,6mbRo8kpREV9YjO/0fgfvNLwj9U=
36,44,bpYk5rqAcFLNLMyE/kgTlhL/ajw=,11qEU/U9TglP7aVqzlEizp62zOc=
37,44,bpYk5rqAcFLNLMyE/kgTlhL/ajw=,11qEU/U9TglP7aVqzlEizp62zOc=
37,46,bpYk5rqAcFLNLMyE/kgTlhL/ajw=,11qEU/U9TglP7aVqzlEizp62zOc=
38,46,bpYk5rqAcFLNLMyE/kgTlhL/ajw=,11qEU/U9TglP7aVqzlEizp62zOc=
46,46,bpYk5rqAcFLNLMyE/kgTlhL/ajw=,6mbRo8kpREV9YjO/0fgfvNLwj9U=
45,46,bpYk5rqAcFLNLMyE/kgTlhL/ajw=,6mbRo8kpREV9YjO/0fgfvNLwj9U=
46,44,bpYk5rqAcFLNLMyE/kgTlhL/ajw=,6mbRo8kpREV9YjO/0fgfvNLwj9U=
36,46,bpYk5rqAcFLNLMyE/kgTlhL/ajw=,11qEU/U9TglP7aVqzlEizp62zOc=
44,44,bpYk5rqAcFLNLMyE/kgTlhL/ajw=,6mbRo8kpREV9YjO/0fgfvNLwj9U=
38,47,bpYk5rqAcFLNLMyE/kgTlhL/ajw=,11qEU/U9TglP7aVqzlEizp62zOc=
46,45,bpYk5rqAcFLNLMyE/kgTlhL/ajw=,6mbRo8kpREV9YjO/0fgfvNLwj9U=
43,45,bpYk5rqAcFLNLMyE/kgTlhL/ajw=,6mbRo8kpREV9YjO/0fgfvNLwj9U=
43,46,bpYk5rqAcFLNLMyE/kgTlhL/ajw=,6mbRo8kpREV9YjO/0fgfvNLwj9U=
45,44,bpYk5rqAcFLNLMyE/kgTlhL/ajw=,6mbRo8kpREV9YjO/0fgfvNLwj9U=
42,45,bpYk5rqAcFLNLMyE/kgTlhL/ajw=,6mbRo8kpREV9YjO/0fgfvNLwj9U=
44,45,bpYk5rqAcFLNLMyE/kgTlhL/ajw=,6mbRo8kpREV9YjO/0fgfvNLwj9U=
39,46,bpYk5rqAcFLNLMyE/kgTlhL/ajw=,11qEU/U9TglP7aVqzlEizp62zOc=
40,44,bpYk5rqAcFLNLMyE/kgTlhL/ajw=,6mbRo8kpREV9YjO/0fgfvNLwj9U=
42,46,bpYk5rqAcFLNLMyE/kgTlhL/ajw=,6mbRo8kpREV9YjO/0fgfvNLwj9U=
44,46,bpYk5rqAcFLNLMyE/kgTlhL/ajw=,6mbRo8kpREV9YjO/0fgfvNLwj9U=
47,46,bpYk5rqAcFLNLMyE/kgTlhL/ajw=,6mbRo8kpREV9YjO/0fgfvNLwj9U=
41,45,bpYk5rqAcFLNLMyE/kgTlhL/ajw=,6mbRo8kpREV9YjO/0fgfvNLwj9U=
47,44,bpYk5rqAcFLNLMyE/kgTlhL/ajw=,6mbRo8kpREV9YjO/0fgfvNLwj9U=
38,44,bpYk5rqAcFLNLMyE/kgTlhL/ajw=,11qEU/U9TglP7aVqzlEizp62zOc=
40,45,bpYk5rqAcFLNLMyE/kgTlhL/ajw=,6mbRo8kpREV9YjO/0fgfvNLwj9U=
40,46,bpYk5rqAcFLNLMyE/kgTlhL/ajw=,6mbRo8kpREV9YjO/0fgfvNLwj9U=
46,47,bpYk5rqAcFLNLMyE/kgTlhL/ajw=,6mbRo8kpREV9YjO/0fgfvNLwj9U=
41,47,bpYk5rqAcFLNLMyE/kgTlhL/ajw=,6mbRo8kpREV9YjO/0fgfvNLwj9U=
45,45,bpYk5rqAcFLNLMyE/kgTlhL/ajw=,6mbRo8kpREV9YjO/0fgfvNLwj9U=
41,46,bpYk5rqAcFLNLMyE/kgTlhL/ajw=,6mbRo8kpREV9YjO/0fgfvNLwj9U=
45,47,bpYk5rqAcFLNLMyE/kgTlhL/ajw=,6mbRo8kpREV9YjO/0fgfvNLwj9U=
42,47,bpYk5rqAcFLNLMyE/kgTlhL/ajw=,6mbRo8kpREV9YjO/0fgfvNLwj9U=
39,44,bpYk5rqAcFLNLMyE/kgTlhL/ajw=,11qEU/U9TglP7aVqzlEizp62zOc=
47,47,bpYk5rqAcFLNLMyE/kgTlhL/ajw=,6mbRo8kpREV9YjO/0fgfvNLwj9U=
47,45,bpYk5rqAcFLNLMyE/kgTlhL/ajw=,6mbRo8kpREV9YjO/0fgfvNLwj9U=
34,43,bpYk5rqAcFLNLMyE/kgTlhL/ajw=,11qEU/U9TglP7aVqzlEizp62zOc=
35,42,bpYk5rqAcFLNLMyE/kgTlhL/ajw=,11qEU/U9TglP7aVqzlEizp62zOc=
35,43,bpYk5rqAcFLNLMyE/kgTlhL/ajw=,11qEU/U9TglP7aVqzlEizp62zOc=
34,42,bpYk5rqAcFLNLMyE/kgTlhL/ajw=,11qEU/U9TglP7aVqzlEizp62zOc=
40,47,bpYk5rqAcFLNLMyE/kgTlhL/ajw=,6mbRo8kpREV9YjO/0fgfvNLwj9U=
32,41,bpYk5rqAcFLNLMyE/kgTlhL/ajw=,11qEU/U9TglP7aVqzlEizp62zOc=
34,41,bpYk5rqAcFLNLMyE/kgTlhL/ajw=,11qEU/U9TglP7aVqzlEizp62zOc=
34,40,bpYk5rqAcFLNLMyE/kgTlhL/ajw=,11qEU/U9TglP7aVqzlEizp62zOc=
35,41,bpYk5rqAcFLNLMyE/kgTlhL/ajw=,11qEU/U9TglP7aVqzlEizp62zOc=
35,40,bpYk5rqAcFLNLMyE/kgTlhL/ajw=,11qEU/U9TglP7aVqzlEizp62zOc=
33,42,iZTtOONg3ZVcbKA4kZpbo1lzhA0=,11qEU/U9TglP7aVqzlEizp62zOc=
33,41,bpYk5rqAcFLNLMyE/kgTlhL/ajw=,11qEU/U9TglP7aVqzlEizp62zOc=
33,40,bpYk5rqAcFLNLMyE/kgTlhL/ajw=,11qEU/U9TglP7aVqzlEizp62zOc=
33,43,bpYk5rqAcFLNLMyE/kgTlhL/ajw=,11qEU/U9TglP7aVqzlEizp62zOc=
32,43,bpYk5rqAcFLNLMyE/kgTlhL/ajw=,11qEU/U9TglP7aVqzlEizp62zOc=
32,42,bpYk5rqAcFLNLMyE/kgTlhL/ajw=,11qEU/U9TglP7aVqzlEizp62zOc=
33,57,m5iWfowZDjF8Kk+lSEVmAtSFrNk=,a3q6qb5lYwLigdAvoFAQAe9YWc4=
35,62,m5iWfowZDjF8Kk+lSEVmAtSFrNk=,a3q6qb5lYwLigdAvoFAQAe9YWc4=
37,62,m5iWfowZDjF8Kk+lSEVmAtSFrNk=,a3q6qb5lYwLigdAvoFAQAe9YWc4=
34,62,m5iWfowZDjF8Kk+lSEVmAtSFrNk=,a3q6qb5lYwLigdAvoFAQAe9YWc4=
34,57,m5iWfowZDjF8Kk+lSEVmAtSFrNk=,a3q6qb5lYwLigdAvoFAQAe9YWc4=
33,62,m5iWfowZDjF8Kk+lSEVmAtSFrNk=,a3q6qb5lYwLigdAvoFAQAe9YWc4=
36,62,m5iWfowZDjF8Kk+lSEVmAtSFrNk=,a3q6qb5lYwLigdAvoFAQAe9YWc4=
38,62,m5iWfowZDjF8Kk+lSEVmAtSFrNk=,a3q6qb5lYwLigdAvoFAQAe9YWc4=
38,61,m5iWfowZDjF8Kk+lSEVmAtSFrNk=,a3q6qb5lYwLigdAvoFAQAe9YWc4=
36,61,m5iWfowZDjF8Kk+lSEVmAtSFrNk=,a3q6qb5lYwLigdAvoFAQAe9YWc4=
37,61,m5iWfowZDjF8Kk+lSEVmAtSFrNk=,a3q6qb5lYwLigdAvoFAQAe9YWc4=
35,61,m5iWfowZDjF8Kk+lSEVmAtSFrNk=,a3q6qb5lYwLigdAvoFAQAe9YWc4=
33,61,m5iWfowZDjF8Kk+lSEVmAtSFrNk=,a3q6qb5lYwLigdAvoFAQAe9YWc4=
35,57,m5iWfowZDjF8Kk+lSEVmAtSFrNk=,a3q6qb5lYwLigdAvoFAQAe9YWc4=
38,60,m5iWfowZDjF8Kk+lSEVmAtSFrNk=,a3q6qb5lYwLigdAvoFAQAe9YWc4=
36,60,m5iWfowZDjF8Kk+lSEVmAtSFrNk=,a3q6qb5lYwLigdAvoFAQAe9YWc4=
36,57,m5iWfowZDjF8Kk+lSEVmAtSFrNk=,a3q6qb5lYwLigdAvoFAQAe9YWc4=
34,61,m5iWfowZDjF8Kk+lSEVmAtSFrNk=,a3q6qb5lYwLigdAvoFAQAe9YWc4=
34,60,m5iWfowZDjF8Kk+lSEVmAtSFrNk=,a3q6qb5lYwLigdAvoFAQAe9YWc4=
33,60,m5iWfowZDjF8Kk+lSEVmAtSFrNk=,a3q6qb5lYwLigdAvoFAQAe9YWc4=
35,60,m5iWfowZDjF8Kk+lSEVmAtSFrNk=,a3q6qb5lYwLigdAvoFAQAe9YWc4=
37,59,m5iWfowZDjF8Kk+lSEVmAtSFrNk=,a3q6qb5lYwLigdAvoFAQAe9YWc4=
37,60,m5iWfowZDjF8Kk+lSEVmAtSFrNk=,a3q6qb5lYwLigdAvoFAQAe9YWc4=
34,59,m5iWfowZDjF8Kk+lSEVmAtSFrNk=,a3q6qb5lYwLigdAvoFAQAe9YWc4=
37,57,m5iWfowZDjF8Kk+lSEVmAtSFrNk=,a3q6qb5lYwLigdAvoFAQAe9YWc4=
35,59,m5iWfowZDjF8Kk+lSEVmAtSFrNk=,a3q6qb5lYwLigdAvoFAQAe9YWc4=
38,59,m5iWfowZDjF8Kk+lSEVmAtSFrNk=,a3q6qb5lYwLigdAvoFAQAe9YWc4=
36,59,m5iWfowZDjF8Kk+lSEVmAtSFrNk=,a3q6qb5lYwLigdAvoFAQAe9YWc4=
38,58,m5iWfowZDjF8Kk+lSEVmAtSFrNk=,a3q6qb5lYwLigdAvoFAQAe9YWc4=
33,59,m5iWfowZDjF8Kk+lSEVmAtSFrNk=,a3q6qb5lYwLigdAvoFAQAe9YWc4=
36,58,m5iWfowZDjF8Kk+lSEVmAtSFrNk=,a3q6qb5lYwLigdAvoFAQAe9YWc4=
33,58,m5iWfowZDjF8Kk+lSEVmAtSFrNk=,a3q6qb5lYwLigdAvoFAQAe9YWc4=
38,57,m5iWfowZDjF8Kk+lSEVmAtSFrNk=,a3q6qb5lYwLigdAvoFAQAe9YWc4=
37,58,m5iWfowZDjF8Kk+lSEVmAtSFrNk=,a3q6qb5lYwLigdAvoFAQAe9YWc4=
35,58,m5iWfowZDjF8Kk+lSEVmAtSFrNk=,a3q6qb5lYwLigdAvoFAQAe9YWc4=
34,58,m5iWfowZDjF8Kk+lSEVmAtSFrNk=,a3q6qb5lYwLigdAvoFAQAe9YWc4=
38,53,m5iWfowZDjF8Kk+lSEVmAtSFrNk=,Q0HENlQ5nJYjuslZV/rWpyQXz4I=
34,51,m5iWfowZDjF8Kk+lSEVmAtSFrNk=,Q0HENlQ5nJYjuslZV/rWpyQXz4I=
34,52,m5iWfowZDjF8Kk+lSEVmAtSFrNk=,Q0HENlQ5nJYjuslZV/rWpyQXz4I=
35,51,m5iWfowZDjF8Kk+lSEVmAtSFrNk=,Q0HENlQ5nJYjuslZV/rWpyQXz4I=
37,52,bpYk5rqAcFLNLMyE/kgTlhL/ajw=,Q0HENlQ5nJYjuslZV/rWpyQXz4I=
33,51,m5iWfowZDjF8Kk+lSEVmAtSFrNk=,Q0HENlQ5nJYjuslZV/rWpyQXz4I=
36,52,bpYk5rqAcFLNLMyE/kgTlhL/ajw=,Q0HENlQ5nJYjuslZV/rWpyQXz4I=
35,52,m5iWfowZDjF8Kk+lSEVmAtSFrNk=,Q0HENlQ5nJYjuslZV/rWpyQXz4I=
36,53,m5iWfowZDjF8Kk+lSEVmAtSFrNk=,Q0HENlQ5nJYjuslZV/rWpyQXz4I=
37,53,m5iWfowZDjF8Kk+lSEVmAtSFrNk=,Q0HENlQ5nJYjuslZV/rWpyQXz4I=
33,50,m5iWfowZDjF8Kk+lSEVmAtSFrNk=,Q0HENlQ5nJYjuslZV/rWpyQXz4I=
35,54,m5iWfowZDjF8Kk+lSEVmAtSFrNk=,Q0HENlQ5nJYjuslZV/rWpyQXz4I=
33,54,m5iWfowZDjF8Kk+lSEVmAtSFrNk=,Q0HENlQ5nJYjuslZV/rWpyQXz4I=
38,55,m5iWfowZDjF8Kk+lSEVmAtSFrNk=,Q0HENlQ5nJYjuslZV/rWpyQXz4I=
33,52,m5iWfowZDjF8Kk+lSEVmAtSFrNk=,Q0HENlQ5nJYjuslZV/rWpyQXz4I=
33,56,m5iWfowZDjF8Kk+lSEVmAtSFrNk=,a3q6qb5lYwLigdAvoFAQAe9YWc4=
38,51,m5iWfowZDjF8Kk+lSEVmAtSFrNk=,Q0HENlQ5nJYjuslZV/rWpyQXz4I=
36,54,bpYk5rqAcFLNLMyE/kgTlhL/ajw=,Q0HENlQ5nJYjuslZV/rWpyQXz4I=
34,54,m5iWfowZDjF8Kk+lSEVmAtSFrNk=,Q0HENlQ5nJYjuslZV/rWpyQXz4I=
37,55,m5iWfowZDjF8Kk+lSEVmAtSFrNk=,Q0HENlQ5nJYjuslZV/rWpyQXz4I=
37,49,m5iWfowZDjF8Kk+lSEVmAtSFrNk=,Q0HENlQ5nJYjuslZV/rWpyQXz4I=
37,54,bpYk5rqAcFLNLMyE/kgTlhL/ajw=,Q0HENlQ5nJYjuslZV/rWpyQXz4I=
37,51,m5iWfowZDjF8Kk+lSEVmAtSFrNk=,Q0HENlQ5nJYjuslZV/rWpyQXz4I=
42,57,m5iWfowZDjF8Kk+lSEVmAtSFrNk=,dgHij4NVsTXqt9QjAuejzwSW3JQ=
35,55,m5iWfowZDjF8Kk+lSEVmAtSFrNk=,Q0HENlQ5nJYjuslZV/rWpyQXz4I=
34,50,m5iWfowZDjF8Kk+lSEVmAtSFrNk=,Q0HENlQ5nJYjuslZV/rWpyQXz4I=
44,57,m5iWfowZDjF8Kk+lSEVmAtSFrNk=,dgHij4NVsTXqt9QjAuejzwSW3JQ=
41,57,m5iWfowZDjF8Kk+lSEVmAtSFrNk=,dgHij4NVsTXqt9QjAuejzwSW3JQ=
36,55,m5iWfowZDjF8Kk+lSEVmAtSFrNk=,Q0HENlQ5nJYjuslZV/rWpyQXz4I=
38,56,m5iWfowZDjF8Kk+lSEVmAtSFrNk=,a3q6qb5lYwLigdAvoFAQAe9YWc4=
40,57,m5iWfowZDjF8Kk+lSEVmAtSFrNk=,dgHij4NVsTXqt9QjAuejzwSW3JQ=
34,55,m5iWfowZDjF8Kk+lSEVmAtSFrNk=,Q0HENlQ5nJYjuslZV/rWpyQXz4I=
34,56,m5iWfowZDjF8Kk+lSEVmAtSFrNk=,a3q6qb5lYwLigdAvoFAQAe9YWc4=
33,55,m5iWfowZDjF8Kk+lSEVmAtSFrNk=,Q0HENlQ5nJYjuslZV/rWpyQXz4I=
37,50,m5iWfowZDjF8Kk+lSEVmAtSFrNk=,Q0HENlQ5nJYjuslZV/rWpyQXz4I=
38,50,m5iWfowZDjF8Kk+lSEVmAtSFrNk=,Q0HENlQ5nJYjuslZV/rWpyQXz4I=
36,50,m5iWfowZDjF8Kk+lSEVmAtSFrNk=,Q0HENlQ5nJYjuslZV/rWpyQXz4I=
39,57,m5iWfowZDjF8Kk+lSEVmAtSFrNk=,a3q6qb5lYwLigdAvoFAQAe9YWc4=
46,62,m5iWfowZDjF8Kk+lSEVmAtSFrNk=,dgHij4NVsTXqt9QjAuejzwSW3JQ=
33,49,m5iWfowZDjF8Kk+lSEVmAtSFrNk=,Q0HENlQ5nJYjuslZV/rWpyQXz4I=
43,57,m5iWfowZDjF8Kk+lSEVmAtSFrNk=,dgHij4NVsTXqt9QjAuejzwSW3JQ=
39,62,m5iWfowZDjF8Kk+lSEVmAtSFrNk=,a3q6qb5lYwLigdAvoFAQAe9YWc4=
45,62,m5iWfowZDjF8Kk+lSEVmAtSFrNk=,dgHij4NVsTXqt9QjAuejzwSW3JQ=
39,61,m5iWfowZDjF8Kk+lSEVmAtSFrNk=,a3q6qb5lYwLigdAvoFAQAe9YWc4=
45,57,m5iWfowZDjF8Kk+lSEVmAtSFrNk=,dgHij4NVsTXqt9QjAuejzwSW3JQ=
38,54,bpYk5rqAcFLNLMyE/kgTlhL/ajw=,Q0HENlQ5nJYjuslZV/rWpyQXz4I=
43,62,m5iWfowZDjF8Kk+lSEVmAtSFrNk=,dgHij4NVsTXqt9QjAuejzwSW3JQ=
36,49,m5iWfowZDjF8Kk+lSEVmAtSFrNk=,Q0HENlQ5nJYjuslZV/rWpyQXz4I=
46,57,m5iWfowZDjF8Kk+lSEVmAtSFrNk=,dgHij4NVsTXqt9QjAuejzwSW3JQ=
35,49,m5iWfowZDjF8Kk+lSEVmAtSFrNk=,Q0HENlQ5nJYjuslZV/rWpyQXz4I=
34,49,m5iWfowZDjF8Kk+lSEVmAtSFrNk=,Q0HENlQ5nJYjuslZV/rWpyQXz4I=
44,62,m5iWfowZDjF8Kk+lSEVmAtSFrNk=,dgHij4NVsTXqt9QjAuejzwSW3JQ=
35,56,m5iWfowZDjF8Kk+lSEVmAtSFrNk=,a3q6qb5lYwLigdAvoFAQAe9YWc4=
42,62,m5iWfowZDjF8Kk+lSEVmAtSFrNk=,dgHij4NVsTXqt9QjAuejzwSW3JQ=
40,58,m5iWfowZDjF8Kk+lSEVmAtSFrNk=,dgHij4NVsTXqt9QjAuejzwSW3JQ=
35,50,m5iWfowZDjF8Kk+lSEVmAtSFrNk=,Q0HENlQ5nJYjuslZV/rWpyQXz4I=
46,61,m5iWfowZDjF8Kk+lSEVmAtSFrNk=,dgHij4NVsTXqt9QjAuejzwSW3JQ=
38,52,m5iWfowZDjF8Kk+lSEVmAtSFrNk=,Q0HENlQ5nJYjuslZV/rWpyQXz4I=
39,58,m5iWfowZDjF8Kk+lSEVmAtSFrNk=,a3q6qb5lYwLigdAvoFAQAe9YWc4=
40,62,m5iWfowZDjF8Kk+lSEVmAtSFrNk=,dgHij4NVsTXqt9QjAuejzwSW3JQ=
45,61,m5iWfowZDjF8Kk+lSEVmAtSFrNk=,dgHij4NVsTXqt9QjAuejzwSW3JQ=
41,62,m5iWfowZDjF8Kk+lSEVmAtSFrNk=,dgHij4NVsTXqt9QjAuejzwSW3JQ=
41,58,m5iWfowZDjF8Kk+lSEVmAtSFrNk=,dgHij4NVsTXqt9QjAuejzwSW3JQ=
44,61,m5iWfowZDjF8Kk+lSEVmAtSFrNk=,dgHij4NVsTXqt9QjAuejzwSW3JQ=
36,51,m5iWfowZDjF8Kk+lSEVmAtSFrNk=,Q0HENlQ5nJYjuslZV/rWpyQXz4I=
34,53,m5iWfowZDjF8Kk+lSEVmAtSFrNk=,Q0HENlQ5nJYjuslZV/rWpyQXz4I=
37,56,m5iWfowZDjF8Kk+lSEVmAtSFrNk=,a3q6qb5lYwLigdAvoFAQAe9YWc4=
33,53,m5iWfowZDjF8Kk+lSEVmAtSFrNk=,Q0HENlQ5nJYjuslZV/rWpyQXz4I=
40,61,m5iWfowZDjF8Kk+lSEVmAtSFrNk=,dgHij4NVsTXqt9QjAuejzwSW3JQ=
46,60,m5iWfowZDjF8Kk+lSEVmAtSFrNk=,dgHij4NVsTXqt9QjAuejzwSW3JQ=
35,53,m5iWfowZDjF8Kk+lSEVmAtSFrNk=,Q0HENlQ5nJYjuslZV/rWpyQXz4I=
43,61,m5iWfowZDjF8Kk+lSEVmAtSFrNk=,dgHij4NVsTXqt9QjAuejzwSW3JQ=
45,60,m5iWfowZDjF8Kk+lSEVmAtSFrNk=,dgHij4NVsTXqt9QjAuejzwSW3JQ=
36,56,m5iWfowZDjF8Kk+lSEVmAtSFrNk=,a3q6qb5lYwLigdAvoFAQAe9YWc4=
39,60,m5iWfowZDjF8Kk+lSEVmAtSFrNk=,a3q6qb5lYwLigdAvoFAQAe9YWc4=
42,61,m5iWfowZDjF8Kk+lSEVmAtSFrNk=,dgHij4NVsTXqt9QjAuejzwSW3JQ=
44,60,m5iWfowZDjF8Kk+lSEVmAtSFrNk=,dgHij4NVsTXqt9QjAuejzwSW3JQ=
43,60,m5iWfowZDjF8Kk+lSEVmAtSFrNk=,dgHij4NVsTXqt9QjAuejzwSW3JQ=
40,60,m5iWfowZDjF8Kk+lSEVmAtSFrNk=,dgHij4NVsTXqt9QjAuejzwSW3JQ=
42,60,m5iWfowZDjF8Kk+lSEVmAtSFrNk=,dgHij4NVsTXqt9QjAuejzwSW3JQ=
46,59,m5iWfowZDjF8Kk+lSEVmAtSFrNk=,dgHij4NVsTXqt9QjAuejzwSW3JQ=
41,61,m5iWfowZDjF8Kk+lSEVmAtSFrNk=,dgHij4NVsTXqt9QjAuejzwSW3JQ=
45,59,m5iWfowZDjF8Kk+lSEVmAtSFrNk=,dgHij4NVsTXqt9QjAuejzwSW3JQ=
44,59,m5iWfowZDjF8Kk+lSEVmAtSFrNk=,dgHij4NVsTXqt9QjAuejzwSW3JQ=
39,59,m5iWfowZDjF8Kk+lSEVmAtSFrNk=,a3q6qb5lYwLigdAvoFAQAe9YWc4=
41,59,m5iWfowZDjF8Kk+lSEVmAtSFrNk=,dgHij4NVsTXqt9QjAuejzwSW3JQ=
40,59,m5iWfowZDjF8Kk+lSEVmAtSFrNk=,dgHij4NVsTXqt9QjAuejzwSW3JQ=
46,58,m5iWfowZDjF8Kk+lSEVmAtSFrNk=,dgHij4NVsTXqt9QjAuejzwSW3JQ=
44,58,bpYk5rqAcFLNLMyE/kgTlhL/ajw=,dgHij4NVsTXqt9QjAuejzwSW3JQ=
41,60,m5iWfowZDjF8Kk+lSEVmAtSFrNk=,dgHij4NVsTXqt9QjAuejzwSW3JQ=
43,58,bpYk5rqAcFLNLMyE/kgTlhL/ajw=,dgHij4NVsTXqt9QjAuejzwSW3JQ=
42,58,m5iWfowZDjF8Kk+lSEVmAtSFrNk=,dgHij4NVsTXqt9QjAuejzwSW3JQ=
43,59,m5iWfowZDjF8Kk+lSEVmAtSFrNk=,dgHij4NVsTXqt9QjAuejzwSW3JQ=
45,58,m5iWfowZDjF8Kk+lSEVmAtSFrNk=,dgHij4NVsTXqt9QjAuejzwSW3JQ=
47,63,m5iWfowZDjF8Kk+lSEVmAtSFrNk=,dgHij4NVsTXqt9QjAuejzwSW3JQ=
47,57,m5iWfowZDjF8Kk+lSEVmAtSFrNk=,dgHij4NVsTXqt9QjAuejzwSW3JQ=
47,62,m5iWfowZDjF8Kk+lSEVmAtSFrNk=,dgHij4NVsTXqt9QjAuejzwSW3JQ=
42,59,m5iWfowZDjF8Kk+lSEVmAtSFrNk=,dgHij4NVsTXqt9QjAuejzwSW3JQ=
45,63,m5iWfowZDjF8Kk+lSEVmAtSFrNk=,dgHij4NVsTXqt9QjAuejzwSW3JQ=
47,59,m5iWfowZDjF8Kk+lSEVmAtSFrNk=,dgHij4NVsTXqt9QjAuejzwSW3JQ=
47,58,m5iWfowZDjF8Kk+lSEVmAtSFrNk=,dgHij4NVsTXqt9QjAuejzwSW3JQ=
33,63,m5iWfowZDjF8Kk+lSEVmAtSFrNk=,a3q6qb5lYwLigdAvoFAQAe9YWc4=
47,61,m5iWfowZDjF8Kk+lSEVmAtSFrNk=,dgHij4NVsTXqt9QjAuejzwSW3JQ=
46,63,m5iWfowZDjF8Kk+lSEVmAtSFrNk=,dgHij4NVsTXqt9QjAuejzwSW3JQ=
41,63,m5iWfowZDjF8Kk+lSEVmAtSFrNk=,dgHij4NVsTXqt9QjAuejzwSW3JQ=
34,63,m5iWfowZDjF8Kk+lSEVmAtSFrNk=,a3q6qb5lYwLigdAvoFAQAe9YWc4=
44,63,m5iWfowZDjF8Kk+lSEVmAtSFrNk=,dgHij4NVsTXqt9QjAuejzwSW3JQ=
47,60,m5iWfowZDjF8Kk+lSEVmAtSFrNk=,dgHij4NVsTXqt9QjAuejzwSW3JQ=
39,63,m5iWfowZDjF8Kk+lSEVmAtSFrNk=,a3q6qb5lYwLigdAvoFAQAe9YWc4=
35,63,m5iWfowZDjF8Kk+lSEVmAtSFrNk=,a3q6qb5lYwLigdAvoFAQAe9YWc4=
38,63,m5iWfowZDjF8Kk+lSEVmAtSFrNk=,a3q6qb5lYwLigdAvoFAQAe9YWc4=
37,63,m5iWfowZDjF8Kk+lSEVmAtSFrNk=,a3q6qb5lYwLigdAvoFAQAe9YWc4=
40,63,m5iWfowZDjF8Kk+lSEVmAtSFrNk=,dgHij4NVsTXqt9QjAuejzwSW3JQ=
42,63,m5iWfowZDjF8Kk+lSEVmAtSFrNk=,dgHij4NVsTXqt9QjAuejzwSW3JQ=
43,63,m5iWfowZDjF8Kk+lSEVmAtSFrNk=,dgHij4NVsTXqt9QjAuejzwSW3JQ=
40,54,m5iWfowZDjF8Kk+lSEVmAtSFrNk=,xFI/T1VzCCXCJgHLIStNZSrU4bg=
32,54,m5iWfowZDjF8Kk+lSEVmAtSFrNk=,Q0HENlQ5nJYjuslZV/rWpyQXz4I=
32,50,m5iWfowZDjF8Kk+lSEVmAtSFrNk=,Q0HENlQ5nJYjuslZV/rWpyQXz4I=
32,49,m5iWfowZDjF8Kk+lSEVmAtSFrNk=,Q0HENlQ5nJYjuslZV/rWpyQXz4I=
32,53,m5iWfowZDjF8Kk+lSEVmAtSFrNk=,Q0HENlQ5nJYjuslZV/rWpyQXz4I=
35,48,m5iWfowZDjF8Kk+lSEVmAtSFrNk=,Q0HENlQ5nJYjuslZV/rWpyQXz4I=
33,48,m5iWfowZDjF8Kk+lSEVmAtSFrNk=,Q0HENlQ5nJYjuslZV/rWpyQXz4I=
45,56,m5iWfowZDjF8Kk+lSEVmAtSFrNk=,dgHij4NVsTXqt9QjAuejzwSW3JQ=
32,61,m5iWfowZDjF8Kk+lSEVmAtSFrNk=,a3q6qb5lYwLigdAvoFAQAe9YWc4=
32,52,m5iWfowZDjF8Kk+lSEVmAtSFrNk=,Q0HENlQ5nJYjuslZV/rWpyQXz4I=
34,48,m5iWfowZDjF8Kk+lSEVmAtSFrNk=,Q0HENlQ5nJYjuslZV/rWpyQXz4I=
32,55,m5iWfowZDjF8Kk+lSEVmAtSFrNk=,Q0HENlQ5nJYjuslZV/rWpyQXz4I=
39,56,m5iWfowZDjF8Kk+lSEVmAtSFrNk=,a3q6qb5lYwLigdAvoFAQAe9YWc4=
43,56,m5iWfowZDjF8Kk+lSEVmAtSFrNk=,dgHij4NVsTXqt9QjAuejzwSW3JQ=
41,54,m5iWfowZDjF8Kk+lSEVmAtSFrNk=,xFI/T1VzCCXCJgHLIStNZSrU4bg=
47,56,m5iWfowZDjF8Kk+lSEVmAtSFrNk=,dgHij4NVsTXqt9QjAuejzwSW3JQ=
39,55,m5iWfowZDjF8Kk+lSEVmAtSFrNk=,Q0HENlQ5nJYjuslZV/rWpyQXz4I=
32,62,m5iWfowZDjF8Kk+lSEVmAtSFrNk=,a3q6qb5lYwLigdAvoFAQAe9YWc4=
44,56,m5iWfowZDjF8Kk+lSEVmAtSFrNk=,dgHij4NVsTXqt9QjAuejzwSW3JQ=
32,59,m5iWfowZDjF8Kk+lSEVmAtSFrNk=,a3q6qb5lYwLigdAvoFAQAe9YWc4=
32,57,m5iWfowZDjF8Kk+lSEVmAtSFrNk=,a3q6qb5lYwLigdAvoFAQAe9YWc4=
39,53,m5iWfowZDjF8Kk+lSEVmAtSFrNk=,Q0HENlQ5nJYjuslZV/rWpyQXz4I=
32,58,m5iWfowZDjF8Kk+lSEVmAtSFrNk=,a3q6qb5lYwLigdAvoFAQAe9YWc4=
32,51,m5iWfowZDjF8Kk+lSEVmAtSFrNk=,Q0HENlQ5nJYjuslZV/rWpyQXz4I=
39,51,m5iWfowZDjF8Kk+lSEVmAtSFrNk=,Q0HENlQ5nJYjuslZV/rWpyQXz4I=
32,56,m5iWfowZDjF8Kk+lSEVmAtSFrNk=,a3q6qb5lYwLigdAvoFAQAe9YWc4=
32,63,m5iWfowZDjF8Kk+lSEVmAtSFrNk=,a3q6qb5lYwLigdAvoFAQAe9YWc4=
32,48,m5iWfowZDjF8Kk+lSEVmAtSFrNk=,Q0HENlQ5nJYjuslZV/rWpyQXz4I=
46,56,m5iWfowZDjF8Kk+lSEVmAtSFrNk=,dgHij4NVsTXqt9QjAuejzwSW3JQ=
41,56,m5iWfowZDjF8Kk+lSEVmAtSFrNk=,dgHij4NVsTXqt9QjAuejzwSW3JQ=
44,52,m5iWfowZDjF8Kk+lSEVmAtSFrNk=,xFI/T1VzCCXCJgHLIStNZSrU4bg=
47,51,m5iWfowZDjF8Kk+lSEVmAtSFrNk=,xFI/T1VzCCXCJgHLIStNZSrU4bg=
42,48,m5iWfowZDjF8Kk+lSEVmAtSFrNk=,xFI/T1VzCCXCJgHLIStNZSrU4bg=
42,56,m5iWfowZDjF8Kk+lSEVmAtSFrNk=,dgHij4NVsTXqt9QjAuejzwSW3JQ=
45,51,m5iWfowZDjF8Kk+lSEVmAtSFrNk=,xFI/T1VzCCXCJgHLIStNZSrU4bg=
45,52,m5iWfowZDjF8Kk+lSEVmAtSFrNk=,xFI/T1VzCCXCJgHLIStNZSrU4bg=
40,52,m5iWfowZDjF8Kk+lSEVmAtSFrNk=,xFI/T1VzCCXCJgHLIStNZSrU4bg=
44,48,m5iWfowZDjF8Kk+lSEVmAtSFrNk=,xFI/T1VzCCXCJgHLIStNZSrU4bg=
44,51,m5iWfowZDjF8Kk+lSEVmAtSFrNk=,xFI/T1VzCCXCJgHLIStNZSrU4bg=
40,56,m5iWfowZDjF8Kk+lSEVmAtSFrNk=,dgHij4NVsTXqt9QjAuejzwSW3JQ=
44,54,m5iWfowZDjF8Kk+lSEVmAtSFrNk=,xFI/T1VzCCXCJgHLIStNZSrU4bg=
46,52,m5iWfowZDjF8Kk+lSEVmAtSFrNk=,xFI/T1VzCCXCJgHLIStNZSrU4bg=
36,63,m5iWfowZDjF8Kk+lSEVmAtSFrNk=,a3q6qb5lYwLigdAvoFAQAe9YWc4=
43,51,m5iWfowZDjF8Kk+lSEVmAtSFrNk=,xFI/T1VzCCXCJgHLIStNZSrU4bg=
45,48,m5iWfowZDjF8Kk+lSEVmAtSFrNk=,xFI/T1VzCCXCJgHLIStNZSrU4bg=
41,52,m5iWfowZDjF8Kk+lSEVmAtSFrNk=,xFI/T1VzCCXCJgHLIStNZSrU4bg=
39,50,m5iWfowZDjF8Kk+lSEVmAtSFrNk=,Q0HENlQ5nJYjuslZV/rWpyQXz4I=
47,48,m5iWfowZDjF8Kk+lSEVmAtSFrNk=,xFI/T1VzCCXCJgHLIStNZSrU4bg=
40,51,m5iWfowZDjF8Kk+lSEVmAtSFrNk=,xFI/T1VzCCXCJgHLIStNZSrU4bg=
41,51,m5iWfowZDjF8Kk+lSEVmAtSFrNk=,xFI/T1VzCCXCJgHLIStNZSrU4bg=
46,48,m5iWfowZDjF8Kk+lSEVmAtSFrNk=,xFI/T1VzCCXCJgHLIStNZSrU4bg=
42,49,m5iWfowZDjF8Kk+lSEVmAtSFrNk=,xFI/T1VzCCXCJgHLIStNZSrU4bg=
42,54,m5iWfowZDjF8Kk+lSEVmAtSFrNk=,xFI/T1VzCCXCJgHLIStNZSrU4bg=
43,52,m5iWfowZDjF8Kk+lSEVmAtSFrNk=,xFI/T1VzCCXCJgHLIStNZSrU4bg=
47,50,m5iWfowZDjF8Kk+lSEVmAtSFrNk=,xFI/T1VzCCXCJgHLIStNZSrU4bg=
45,50,m5iWfowZDjF8Kk+lSEVmAtSFrNk=,xFI/T1VzCCXCJgHLIStNZSrU4bg=
38,48,m5iWfowZDjF8Kk+lSEVmAtSFrNk=,Q0HENlQ5nJYjuslZV/rWpyQXz4I=
41,48,m5iWfowZDjF8Kk+lSEVmAtSFrNk=,xFI/T1VzCCXCJgHLIStNZSrU4bg=
40,48,m5iWfowZDjF8Kk+lSEVmAtSFrNk=,xFI/T1VzCCXCJgHLIStNZSrU4bg=
41,49,m5iWfowZDjF8Kk+lSEVmAtSFrNk=,xFI/T1VzCCXCJgHLIStNZSrU4bg=
44,50,m5iWfowZDjF8Kk+lSEVmAtSFrNk=,xFI/T1VzCCXCJgHLIStNZSrU4bg=
42,51,m5iWfowZDjF8Kk+lSEVmAtSFrNk=,xFI/T1VzCCXCJgHLIStNZSrU4bg=
43,54,m5iWfowZDjF8Kk+lSEVmAtSFrNk=,xFI/T1VzCCXCJgHLIStNZSrU4bg=
38,49,m5iWfowZDjF8Kk+lSEVmAtSFrNk=,Q0HENlQ5nJYjuslZV/rWpyQXz4I=
42,52,m5iWfowZDjF8Kk+lSEVmAtSFrNk=,xFI/T1VzCCXCJgHLIStNZSrU4bg=
46,54,m5iWfowZDjF8Kk+lSEVmAtSFrNk=,xFI/T1VzCCXCJgHLIStNZSrU4bg=
40,49,m5iWfowZDjF8Kk+lSEVmAtSFrNk=,xFI/T1VzCCXCJgHLIStNZSrU4bg=
42,50,m5iWfowZDjF8Kk+lSEVmAtSFrNk=,xFI/T1VzCCXCJgHLIStNZSrU4bg=
47,53,m5iWfowZDjF8Kk+lSEVmAtSFrNk=,xFI/T1VzCCXCJgHLIStNZSrU4bg=
44,55,m5iWfowZDjF8Kk+lSEVmAtSFrNk=,xFI/T1VzCCXCJgHLIStNZSrU4bg=
45,54,m5iWfowZDjF8Kk+lSEVmAtSFrNk=,xFI/T1VzCCXCJgHLIStNZSrU4bg=
43,50,m5iWfowZDjF8Kk+lSEVmAtSFrNk=,xFI/T1VzCCXCJgHLIStNZSrU4bg=
46,50,m5iWfowZDjF8Kk+lSEVmAtSFrNk=,xFI/T1VzCCXCJgHLIStNZSrU4bg=
36,48,m5iWfowZDjF8Kk+lSEVmAtSFrNk=,Q0HENlQ5nJYjuslZV/rWpyQXz4I=
42,55,m5iWfowZDjF8Kk+lSEVmAtSFrNk=,xFI/T1VzCCXCJgHLIStNZSrU4bg=
40,50,m5iWfowZDjF8Kk+lSEVmAtSFrNk=,xFI/T1VzCCXCJgHLIStNZSrU4bg=
32,60,m5iWfowZDjF8Kk+lSEVmAtSFrNk=,a3q6qb5lYwLigdAvoFAQAe9YWc4=
45,53,m5iWfowZDjF8Kk+lSEVmAtSFrNk=,xFI/T1VzCCXCJgHLIStNZSrU4bg=
39,52,m5iWfowZDjF8Kk+lSEVmAtSFrNk=,Q0HENlQ5nJYjuslZV/rWpyQXz4I=
46,51,m5iWfowZDjF8Kk+lSEVmAtSFrNk=,xFI/T1VzCCXCJgHLIStNZSrU4bg=
46,55,m5iWfowZDjF8Kk+lSEVmAtSFrNk=,xFI/T1VzCCXCJgHLIStNZSrU4bg=
41,55,m5iWfowZDjF8Kk+lSEVmAtSFrNk=,xFI/T1VzCCXCJgHLIStNZSrU4bg=
44,53,m5iWfowZDjF8Kk+lSEVmAtSFrNk=,xFI/T1VzCCXCJgHLIStNZSrU4bg=
43,48,m5iWfowZDjF8Kk+lSEVmAtSFrNk=,xFI/T1VzCCXCJgHLIStNZSrU4bg=
43,55,m5iWfowZDjF8Kk+lSEVmAtSFrNk=,xFI/T1VzCCXCJgHLIStNZSrU4bg=
47,55,m5iWfowZDjF8Kk+lSEVmAtSFrNk=,xFI/T1VzCCXCJgHLIStNZSrU4bg=
37,48,m5iWfowZDjF8Kk+lSEVmAtSFrNk=,Q0HENlQ5nJYjuslZV/rWpyQXz4I=
39,48,m5iWfowZDjF8Kk+lSEVmAtSFrNk=,Q0HENlQ5nJYjuslZV/rWpyQXz4I=
47,49,m5iWfowZDjF8Kk+lSEVmAtSFrNk=,xFI/T1VzCCXCJgHLIStNZSrU4bg=
39,54,m5iWfowZDjF8Kk+lSEVmAtSFrNk=,Q0HENlQ5nJYjuslZV/rWpyQXz4I=
46,49,m5iWfowZDjF8Kk+lSEVmAtSFrNk=,xFI/T1VzCCXCJgHLIStNZSrU4bg=
47,52,m5iWfowZDjF8Kk+lSEVmAtSFrNk=,xFI/T1VzCCXCJgHLIStNZSrU4bg=
45,55,m5iWfowZDjF8Kk+lSEVmAtSFrNk=,xFI/T1VzCCXCJgHLIStNZSrU4bg=
41,50,m5iWfowZDjF8Kk+lSEVmAtSFrNk=,xFI/T1VzCCXCJgHLIStNZSrU4bg=
40,53,m5iWfowZDjF8Kk+lSEVmAtSFrNk=,xFI/T1VzCCXCJgHLIStNZSrU4bg=
46,53,m5iWfowZDjF8Kk+lSEVmAtSFrNk=,xFI/T1VzCCXCJgHLIStNZSrU4bg=
43,49,m5iWfowZDjF8Kk+lSEVmAtSFrNk=,xFI/T1VzCCXCJgHLIStNZSrU4bg=
40,55,m5iWfowZDjF8Kk+lSEVmAtSFrNk=,xFI/T1VzCCXCJgHLIStNZSrU4bg=
45,49,m5iWfowZDjF8Kk+lSEVmAtSFrNk=,xFI/T1VzCCXCJgHLIStNZSrU4bg=
47,54,m5iWfowZDjF8Kk+lSEVmAtSFrNk=,xFI/T1VzCCXCJgHLIStNZSrU4bg=
43,53,m5iWfowZDjF8Kk+lSEVmAtSFrNk=,xFI/T1VzCCXCJgHLIStNZSrU4bg=
39,49,m5iWfowZDjF8Kk+lSEVmAtSFrNk=,Q0HENlQ5nJYjuslZV/rWpyQXz4I=
44,49,m5iWfowZDjF8Kk+lSEVmAtSFrNk=,xFI/T1VzCCXCJgHLIStNZSrU4bg=
41,53,m5iWfowZDjF8Kk+lSEVmAtSFrNk=,xFI/T1VzCCXCJgHLIStNZSrU4bg=
42,53,m5iWfowZDjF8Kk+lSEVmAtSFrNk=,xFI/T1VzCCXCJgHLIStNZSrU4bg=
53,62,T8iYSz3rBEzHcpBRWBeHN50hBwU=,xlB6Uv1bCcs6vRhpWojyKkwnM7I=
52,62,T8iYSz3rBEzHcpBRWBeHN50hBwU=,xlB6Uv1bCcs6vRhpWojyKkwnM7I=
49,62,T8iYSz3rBEzHcpBRWBeHN50hBwU=,xlB6Uv1bCcs6vRhpWojyKkwnM7I=
49,58,T8iYSz3rBEzHcpBRWBeHN50hBwU=,xlB6Uv1bCcs6vRhpWojyKkwnM7I=
50,62,T8iYSz3rBEzHcpBRWBeHN50hBwU=,xlB6Uv1bCcs6vRhpWojyKkwnM7I=
53,61,T8iYSz3rBEzHcpBRWBeHN50hBwU=,xlB6Uv1bCcs6vRhpWojyKkwnM7I=
51,61,T8iYSz3rBEzHcpBRWBeHN50hBwU=,xlB6Uv1bCcs6vRhpWojyKkwnM7I=
50,61,T8iYSz3rBEzHcpBRWBeHN50hBwU=,xlB6Uv1bCcs6vRhpWojyKkwnM7I=
49,61,T8iYSz3rBEzHcpBRWBeHN50hBwU=,xlB6Uv1bCcs6vRhpWojyKkwnM7I=
49,59,T8iYSz3rBEzHcpBRWBeHN50hBwU=,xlB6Uv1bCcs6vRhpWojyKkwnM7I=
52,60,T8iYSz3rBEzHcpBRWBeHN50hBwU=,xlB6Uv1bCcs6vRhpWojyKkwnM7I=
52,61,T8iYSz3rBEzHcpBRWBeHN50hBwU=,xlB6Uv1bCcs6vRhpWojyKkwnM7I=
50,59,T8iYSz3rBEzHcpBRWBeHN50hBwU=,xlB6Uv1bCcs6vRhpWojyKkwnM7I=
50,60,T8iYSz3rBEzHcpBRWBeHN50hBwU=,xlB6Uv1bCcs6vRhpWojyKkwnM7I=
51,62,T8iYSz3rBEzHcpBRWBeHN50hBwU=,xlB6Uv1bCcs6vRhpWojyKkwnM7I=
51,59,T8iYSz3rBEzHcpBRWBeHN50hBwU=,xlB6Uv1bCcs6vRhpWojyKkwnM7I=
54,62,T8iYSz3rBEzHcpBRWBeHN50hBwU=,xlB6Uv1bCcs6vRhpWojyKkwnM7I=
51,60,T8iYSz3rBEzHcpBRWBeHN50hBwU=,xlB6Uv1bCcs6vRhpWojyKkwnM7I=
49,60,T8iYSz3rBEzHcpBRWBeHN50hBwU=,xlB6Uv1bCcs6vRhpWojyKkwnM7I=
49,63,T8iYSz3rBEzHcpBRWBeHN50hBwU=,xlB6Uv1bCcs6vRhpWojyKkwnM7I=
52,63,T8iYSz3rBEzHcpBRWBeHN50hBwU=,xlB6Uv1bCcs6vRhpWojyKkwnM7I=
55,48,T8iYSz3rBEzHcpBRWBeHN50hBwU=,YnAXPeL5jTzvJgQwiYpQ8Avznaw=
51,63,T8iYSz3rBEzHcpBRWBeHN50hBwU=,xlB6Uv1bCcs6vRhpWojyKkwnM7I=
54,63,T8iYSz3rBEzHcpBRWBeHN50hBwU=,xlB6Uv1bCcs6vRhpWojyKkwnM7I=
50,63,T8iYSz3rBEzHcpBRWBeHN50hBwU=,xlB6Uv1bCcs6vRhpWojyKkwnM7I=
52,48,T8iYSz3rBEzHcpBRWBeHN50hBwU=,YnAXPeL5jTzvJgQwiYpQ8Avznaw=
53,48,T8iYSz3rBEzHcpBRWBeHN50hBwU=,YnAXPeL5jTzvJgQwiYpQ8Avznaw=
52,50,T8iYSz3rBEzHcpBRWBeHN50hBwU=,YnAXPeL5jTzvJgQwiYpQ8Avznaw=
48,57,T8iYSz3rBEzHcpBRWBeHN50hBwU=,xlB6Uv1bCcs6vRhpWojyKkwnM7I=
48,58,T8iYSz3rBEzHcpBRWBeHN50hBwU=,xlB6Uv1bCcs6vRhpWojyKkwnM7I=
53,53,T8iYSz3rBEzHcpBRWBeHN50hBwU=,YnAXPeL5jTzvJgQwiYpQ8Avznaw=
52,49,T8iYSz3rBEzHcpBRWBeHN50hBwU=,YnAXPeL5jTzvJgQwiYpQ8Avznaw=
53,63,T8iYSz3rBEzHcpBRWBeHN50hBwU=,xlB6Uv1bCcs6vRhpWojyKkwnM7I=
48,62,T8iYSz3rBEzHcpBRWBeHN50hBwU=,xlB6Uv1bCcs6vRhpWojyKkwnM7I=
53,50,T8iYSz3rBEzHcpBRWBeHN50hBwU=,YnAXPeL5jTzvJgQwiYpQ8Avznaw=
54,50,T8iYSz3rBEzHcpBRWBeHN50hBwU=,YnAXPeL5jTzvJgQwiYpQ8Avznaw=
55,49,T8iYSz3rBEzHcpBRWBeHN50hBwU=,YnAXPeL5jTzvJgQwiYpQ8Avznaw=
54,49,T8iYSz3rBEzHcpBRWBeHN50hBwU=,YnAXPeL5jTzvJgQwiYpQ8Avznaw=
48,60,T8iYSz3rBEzHcpBRWBeHN50hBwU=,xlB6Uv1bCcs6vRhpWojyKkwnM7I=
55,50,T8iYSz3rBEzHcpBRWBeHN50hBwU=,YnAXPeL5jTzvJgQwiYpQ8Avznaw=
53,51,T8iYSz3rBEzHcpBRWBeHN50hBwU=,YnAXPeL5jTzvJgQwiYpQ8Avznaw=
52,51,T8iYSz3rBEzHcpBRWBeHN50hBwU=,YnAXPeL5jTzvJgQwiYpQ8Avznaw=
54,48,T8iYSz3rBEzHcpBRWBeHN50hBwU=,YnAXPeL5jTzvJgQwiYpQ8Avznaw=
54,51,T8iYSz3rBEzHcpBRWBeHN50hBwU=,YnAXPeL5jTzvJgQwiYpQ8Avznaw=
55,51,T8iYSz3rBEzHcpBRWBeHN50hBwU=,YnAXPeL5jTzvJgQwiYpQ8Avznaw=
53,49,T8iYSz3rBEzHcpBRWBeHN50hBwU=,YnAXPeL5jTzvJgQwiYpQ8Avznaw=
55,54,T8iYSz3rBEzHcpBRWBeHN50hBwU=,YnAXPeL5jTzvJgQwiYpQ8Avznaw=
48,63,T8iYSz3rBEzHcpBRWBeHN50hBwU=,xlB6Uv1bCcs6vRhpWojyKkwnM7I=
48,59,T8iYSz3rBEzHcpBRWBeHN50hBwU=,xlB6Uv1bCcs6vRhpWojyKkwnM7I=
48,61,T8iYSz3rBEzHcpBRWBeHN50hBwU=,xlB6Uv1bCcs6vRhpWojyKkwnM7I=
55,63,T8iYSz3rBEzHcpBRWBeHN50hBwU=,xlB6Uv1bCcs6vRhpWojyKkwnM7I=
48,55,T8iYSz3rBEzHcpBRWBeHN50hBwU=,YnAXPeL5jTzvJgQwiYpQ8Avznaw=
49,52,T8iYSz3rBEzHcpBRWBeHN50hBwU=,YnAXPeL5jTzvJgQwiYpQ8Avznaw=
61,63,T8iYSz3rBEzHcpBRWBeHN50hBwU=,61B7eERQP7HMtJL0tgfE2kJm/vg=
51,52,T8iYSz3rBEzHcpBRWBeHN50hBwU=,YnAXPeL5jTzvJgQwiYpQ8Avznaw=
52,57,T8iYSz3rBEzHcpBRWBeHN50hBwU=,xlB6Uv1bCcs6vRhpWojyKkwnM7I=
55,62,T8iYSz3rBEzHcpBRWBeHN50hBwU=,xlB6Uv1bCcs6vRhpWojyKkwnM7I=
51,56,T8iYSz3rBEzHcpBRWBeHN50hBwU=,xlB6Uv1bCcs6vRhpWojyKkwnM7I=
53,57,T8iYSz3rBEzHcpBRWBeHN50hBwU=,xlB6Uv1bCcs6vRhpWojyKkwnM7I=
62,63,T8iYSz3rBEzHcpBRWBeHN50hBwU=,61B7eERQP7HMtJL0tgfE2kJm/vg=
51,53,T8iYSz3rBEzHcpBRWBeHN50hBwU=,YnAXPeL5jTzvJgQwiYpQ8Avznaw=
54,57,T8iYSz3rBEzHcpBRWBeHN50hBwU=,xlB6Uv1bCcs6vRhpWojyKkwnM7I=
55,55,T8iYSz3rBEzHcpBRWBeHN50hBwU=,YnAXPeL5jTzvJgQwiYpQ8Avznaw=
52,53,T8iYSz3rBEzHcpBRWBeHN50hBwU=,YnAXPeL5jTzvJgQwiYpQ8Avznaw=
59,63,T8iYSz3rBEzHcpBRWBeHN50hBwU=,61B7eERQP7HMtJL0tgfE2kJm/vg=
48,48,T8iYSz3rBEzHcpBRWBeHN50hBwU=,YnAXPeL5jTzvJgQwiYpQ8Avznaw=
54,54,T8iYSz3rBEzHcpBRWBeHN50hBwU=,YnAXPeL5jTzvJgQwiYpQ8Avznaw=
54,61,T8iYSz3rBEzHcpBRWBeHN50hBwU=,xlB6Uv1bCcs6vRhpWojyKkwnM7I=
48,50,T8iYSz3rBEzHcpBRWBeHN50hBwU=,YnAXPeL5jTzvJgQwiYpQ8Avznaw=
53,54,T8iYSz3rBEzHcpBRWBeHN50hBwU=,YnAXPeL5jTzvJgQwiYpQ8Avznaw=
52,58,T8iYSz3rBEzHcpBRWBeHN50hBwU=,xlB6Uv1bCcs6vRhpWojyKkwnM7I=
53,58,T8iYSz3rBEzHcpBRWBeHN50hBwU=,xlB6Uv1bCcs6vRhpWojyKkwnM7I=
54,55,T8iYSz3rBEzHcpBRWBeHN50hBwU=,YnAXPeL5jTzvJgQwiYpQ8Avznaw=
54,58,T8iYSz3rBEzHcpBRWBeHN50hBwU=,xlB6Uv1bCcs6vRhpWojyKkwnM7I=
48,49,T8iYSz3rBEzHcpBRWBeHN50hBwU=,YnAXPeL5jTzvJgQwiYpQ8Avznaw=
48,51,T8iYSz3rBEzHcpBRWBeHN50hBwU=,YnAXPeL5jTzvJgQwiYpQ8Avznaw=
60,63,T8iYSz3rBEzHcpBRWBeHN50hBwU=,61B7eERQP7HMtJL0tgfE2kJm/vg=
48,54,T8iYSz3rBEzHcpBRWBeHN50hBwU=,YnAXPeL5jTzvJgQwiYpQ8Avznaw=
56,63,T8iYSz3rBEzHcpBRWBeHN50hBwU=,61B7eERQP7HMtJL0tgfE2kJm/vg=
58,63,T8iYSz3rBEzHcpBRWBeHN50hBwU=,61B7eERQP7HMtJL0tgfE2kJm/vg=
54,59,T8iYSz3rBEzHcpBRWBeHN50hBwU=,xlB6Uv1bCcs6vRhpWojyKkwnM7I=
49,48,T8iYSz3rBEzHcpBRWBeHN50hBwU=,YnAXPeL5jTzvJgQwiYpQ8Avznaw=
56,56,T8iYSz3rBEzHcpBRWBeHN50hBwU=,61B7eERQP7HMtJL0tgfE2kJm/vg=
53,59,T8iYSz3rBEzHcpBRWBeHN50hBwU=,xlB6Uv1bCcs6vRhpWojyKkwnM7I=
62,62,T8iYSz3rBEzHcpBRWBeHN50hBwU=,61B7eERQP7HMtJL0tgfE2kJm/vg=
48,52,T8iYSz3rBEzHcpBRWBeHN50hBwU=,YnAXPeL5jTzvJgQwiYpQ8Avznaw=
52,56,T8iYSz3rBEzHcpBRWBeHN50hBwU=,xlB6Uv1bCcs6vRhpWojyKkwnM7I=
52,59,T8iYSz3rBEzHcpBRWBeHN50hBwU=,xlB6Uv1bCcs6vRhpWojyKkwnM7I=
55,61,T8iYSz3rBEzHcpBRWBeHN50hBwU=,xlB6Uv1bCcs6vRhpWojyKkwnM7I=
57,63,T8iYSz3rBEzHcpBRWBeHN50hBwU=,61B7eERQP7HMtJL0tgfE2kJm/vg=
48,53,T8iYSz3rBEzHcpBRWBeHN50hBwU=,YnAXPeL5jTzvJgQwiYpQ8Avznaw=
52,54,T8iYSz3rBEzHcpBRWBeHN50hBwU=,YnAXPeL5jTzvJgQwiYpQ8Avznaw=
49,57,T8iYSz3rBEzHcpBRWBeHN50hBwU=,xlB6Uv1bCcs6vRhpWojyKkwnM7I=
48,56,T8iYSz3rBEzHcpBRWBeHN50hBwU=,xlB6Uv1bCcs6vRhpWojyKkwnM7I=
52,52,T8iYSz3rBEzHcpBRWBeHN50hBwU=,YnAXPeL5jTzvJgQwiYpQ8Avznaw=
53,60,T8iYSz3rBEzHcpBRWBeHN50hBwU=,xlB6Uv1bCcs6vRhpWojyKkwnM7I=
51,57,T8iYSz3rBEzHcpBRWBeHN50hBwU=,xlB6Uv1bCcs6vRhpWojyKkwnM7I=
54,56,T8iYSz3rBEzHcpBRWBeHN50hBwU=,xlB6Uv1bCcs6vRhpWojyKkwnM7I=
55,57,T8iYSz3rBEzHcpBRWBeHN50hBwU=,xlB6Uv1bCcs6vRhpWojyKkwnM7I=
54,53,T8iYSz3rBEzHcpBRWBeHN50hBwU=,YnAXPeL5jTzvJgQwiYpQ8Avznaw=
53,56,T8iYSz3rBEzHcpBRWBeHN50hBwU=,xlB6Uv1bCcs6vRhpWojyKkwnM7I=
51,58,T8iYSz3rBEzHcpBRWBeHN50hBwU=,xlB6Uv1bCcs6vRhpWojyKkwnM7I=
49,55,T8iYSz3rBEzHcpBRWBeHN50hBwU=,YnAXPeL5jTzvJgQwiYpQ8Avznaw=
63,62,T8iYSz3rBEzHcpBRWBeHN50hBwU=,61B7eERQP7HMtJL0tgfE2kJm/vg=
53,52,T8iYSz3rBEzHcpBRWBeHN50hBwU=,YnAXPeL5jTzvJgQwiYpQ8Avznaw=
60,57,T8iYSz3rBEzHcpBRWBeHN50hBwU=,61B7eERQP7HMtJL0tgfE2kJm/vg=
50,58,T8iYSz3rBEzHcpBRWBeHN50hBwU=,xlB6Uv1bCcs6vRhpWojyKkwnM7I=
54,52,T8iYSz3rBEzHcpBRWBeHN50hBwU=,YnAXPeL5jTzvJgQwiYpQ8Avznaw=
49,54,T8iYSz3rBEzHcpBRWBeHN50hBwU=,YnAXPeL5jTzvJgQwiYpQ8Avznaw=
50,57,T8iYSz3rBEzHcpBRWBeHN50hBwU=,xlB6Uv1bCcs6vRhpWojyKkwnM7I=
61,57,T8iYSz3rBEzHcpBRWBeHN50hBwU=,61B7eERQP7HMtJL0tgfE2kJm/vg=
57,56,T8iYSz3rBEzHcpBRWBeHN50hBwU=,61B7eERQP7HMtJL0tgfE2kJm/vg=
55,53,T8iYSz3rBEzHcpBRWBeHN50hBwU=,YnAXPeL5jTzvJgQwiYpQ8Avznaw=
49,50,T8iYSz3rBEzHcpBRWBeHN50hBwU=,YnAXPeL5jTzvJgQwiYpQ8Avznaw=
54,60,T8iYSz3rBEzHcpBRWBeHN50hBwU=,xlB6Uv1bCcs6vRhpWojyKkwnM7I=
50,54,T8iYSz3rBEzHcpBRWBeHN50hBwU=,YnAXPeL5jTzvJgQwiYpQ8Avznaw=
50,48,T8iYSz3rBEzHcpBRWBeHN50hBwU=,YnAXPeL5jTzvJgQwiYpQ8Avznaw=
49,51,T8iYSz3rBEzHcpBRWBeHN50hBwU=,YnAXPeL5jTzvJgQwiYpQ8Avznaw=
52,55,T8iYSz3rBEzHcpBRWBeHN50hBwU=,YnAXPeL5jTzvJgQwiYpQ8Avznaw=
58,56,T8iYSz3rBEzHcpBRWBeHN50hBwU=,61B7eERQP7HMtJL0tgfE2kJm/vg=
62,57,T8iYSz3rBEzHcpBRWBeHN50hBwU=,61B7eERQP7HMtJL0tgfE2kJm/vg=
51,48,T8iYSz3rBEzHcpBRWBeHN50hBwU=,YnAXPeL5jTzvJgQwiYpQ8Avznaw=
50,56,T8iYSz3rBEzHcpBRWBeHN50hBwU=,xlB6Uv1bCcs6vRhpWojyKkwnM7I=
50,51,T8iYSz3rBEzHcpBRWBeHN50hBwU=,YnAXPeL5jTzvJgQwiYpQ8Avznaw=
51,54,T8iYSz3rBEzHcpBRWBeHN50hBwU=,YnAXPeL5jTzvJgQwiYpQ8Avznaw=
59,56,T8iYSz3rBEzHcpBRWBeHN50hBwU=,61B7eERQP7HMtJL0tgfE2kJm/vg=
63,57,T8iYSz3rBEzHcpBRWBeHN50hBwU=,61B7eERQP7HMtJL0tgfE2kJm/vg=
51,49,T8iYSz3rBEzHcpBRWBeHN50hBwU=,YnAXPeL5jTzvJgQwiYpQ8Avznaw=
55,52,T8iYSz3rBEzHcpBRWBeHN50hBwU=,YnAXPeL5jTzvJgQwiYpQ8Avznaw=
49,53,T8iYSz3rBEzHcpBRWBeHN50hBwU=,YnAXPeL5jTzvJgQwiYpQ8Avznaw=
53,55,T8iYSz3rBEzHcpBRWBeHN50hBwU=,YnAXPeL5jTzvJgQwiYpQ8Avznaw=
50,55,T8iYSz3rBEzHcpBRWBeHN50hBwU=,YnAXPeL5jTzvJgQwiYpQ8Avznaw=
49,56,T8iYSz3rBEzHcpBRWBeHN50hBwU=,xlB6Uv1bCcs6vRhpWojyKkwnM7I=
58,58,T8iYSz3rBEzHcpBRWBeHN50hBwU=,61B7eERQP7HMtJL0tgfE2kJm/vg=
56,58,T8iYSz3rBEzHcpBRWBeHN50hBwU=,61B7eERQP7HMtJL0tgfE2kJm/vg=
50,50,T8iYSz3rBEzHcpBRWBeHN50hBwU=,YnAXPeL5jTzvJgQwiYpQ8Avznaw=
50,52,T8iYSz3rBEzHcpBRWBeHN50hBwU=,YnAXPeL5jTzvJgQwiYpQ8Avznaw=
51,51,T8iYSz3rBEzHcpBRWBeHN50hBwU=,YnAXPeL5jTzvJgQwiYpQ8Avznaw=
60,58,T8iYSz3rBEzHcpBRWBeHN50hBwU=,61B7eERQP7HMtJL0tgfE2kJm/vg=
50,49,T8iYSz3rBEzHcpBRWBeHN50hBwU=,YnAXPeL5jTzvJgQwiYpQ8Avznaw=
61,58,T8iYSz3rBEzHcpBRWBeHN50hBwU=,61B7eERQP7HMtJL0tgfE2kJm/vg=
62,58,T8iYSz3rBEzHcpBRWBeHN50hBwU=,61B7eERQP7HMtJL0tgfE2kJm/vg=
55,58,T8iYSz3rBEzHcpBRWBeHN50hBwU=,xlB6Uv1bCcs6vRhpWojyKkwnM7I=
60,56,T8iYSz3rBEzHcpBRWBeHN50hBwU=,61B7eERQP7HMtJL0tgfE2kJm/vg=
50,53,T8iYSz3rBEzHcpBRWBeHN50hBwU=,YnAXPeL5jTzvJgQwiYpQ8Avznaw=
49,49,T8iYSz3rBEzHcpBRWBeHN50hBwU=,YnAXPeL5jTzvJgQwiYpQ8Avznaw=
57,58,T8iYSz3rBEzHcpBRWBeHN50hBwU=,61B7eERQP7HMtJL0tgfE2kJm/vg=
62,59,T8iYSz3rBEzHcpBRWBeHN50hBwU=,61B7eERQP7HMtJL0tgfE2kJm/vg=
51,55,T8iYSz3rBEzHcpBRWBeHN50hBwU=,YnAXPeL5jTzvJgQwiYpQ8Avznaw=
61,59,T8iYSz3rBEzHcpBRWBeHN50hBwU=,61B7eERQP7HMtJL0tgfE2kJm/vg=
56,60,T8iYSz3rBEzHcpBRWBeHN50hBwU=,61B7eERQP7HMtJL0tgfE2kJm/vg=
58,59,T8iYSz3rBEzHcpBRWBeHN50hBwU=,61B7eERQP7HMtJL0tgfE2kJm/vg=
55,59,T8iYSz3rBEzHcpBRWBeHN50hBwU=,xlB6Uv1bCcs6vRhpWojyKkwnM7I=
58,60,T8iYSz3rBEzHcpBRWBeHN50hBwU=,61B7eERQP7HMtJL0tgfE2kJm/vg=
63,59,T8iYSz3rBEzHcpBRWBeHN50hBwU=,61B7eERQP7HMtJL0tgfE2kJm/vg=
57,59,T8iYSz3rBEzHcpBRWBeHN50hBwU=,61B7eERQP7HMtJL0tgfE2kJm/vg=
55,60,T8iYSz3rBEzHcpBRWBeHN50hBwU=,xlB6Uv1bCcs6vRhpWojyKkwnM7I=
59,59,T8iYSz3rBEzHcpBRWBeHN50hBwU=,61B7eERQP7HMtJL0tgfE2kJm/vg=
62,60,T8iYSz3rBEzHcpBRWBeHN50hBwU=,61B7eERQP7HMtJL0tgfE2kJm/vg=
61,60,T8iYSz3rBEzHcpBRWBeHN50hBwU=,61B7eERQP7HMtJL0tgfE2kJm/vg=
59,58,T8iYSz3rBEzHcpBRWBeHN50hBwU=,61B7eERQP7HMtJL0tgfE2kJm/vg=
57,60,T8iYSz3rBEzHcpBRWBeHN50hBwU=,61B7eERQP7HMtJL0tgfE2kJm/vg=
59,61,T8iYSz3rBEzHcpBRWBeHN50hBwU=,61B7eERQP7HMtJL0tgfE2kJm/vg=
63,58,T8iYSz3rBEzHcpBRWBeHN50hBwU=,61B7eERQP7HMtJL0tgfE2kJm/vg=
59,60,T8iYSz3rBEzHcpBRWBeHN50hBwU=,61B7eERQP7HMtJL0tgfE2kJm/vg=
63,61,T8iYSz3rBEzHcpBRWBeHN50hBwU=,61B7eERQP7HMtJL0tgfE2kJm/vg=
62,61,T8iYSz3rBEzHcpBRWBeHN50hBwU=,61B7eERQP7HMtJL0tgfE2kJm/vg=
51,50,T8iYSz3rBEzHcpBRWBeHN50hBwU=,YnAXPeL5jTzvJgQwiYpQ8Avznaw=
63,60,T8iYSz3rBEzHcpBRWBeHN50hBwU=,61B7eERQP7HMtJL0tgfE2kJm/vg=
56,59,T8iYSz3rBEzHcpBRWBeHN50hBwU=,61B7eERQP7HMtJL0tgfE2kJm/vg=
58,61,T8iYSz3rBEzHcpBRWBeHN50hBwU=,61B7eERQP7HMtJL0tgfE2kJm/vg=
60,62,T8iYSz3rBEzHcpBRWBeHN50hBwU=,61B7eERQP7HMtJL0tgfE2kJm/vg=
60,59,T8iYSz3rBEzHcpBRWBeHN50hBwU=,61B7eERQP7HMtJL0tgfE2kJm/vg=
61,61,T8iYSz3rBEzHcpBRWBeHN50hBwU=,61B7eERQP7HMtJL0tgfE2kJm/vg=
57,61,T8iYSz3rBEzHcpBRWBeHN50hBwU=,61B7eERQP7HMtJL0tgfE2kJm/vg=
60,61,T8iYSz3rBEzHcpBRWBeHN50hBwU=,61B7eERQP7HMtJL0tgfE2kJm/vg=
63,63,T8iYSz3rBEzHcpBRWBeHN50hBwU=,61B7eERQP7HMtJL0tgfE2kJm/vg=
57,57,T8iYSz3rBEzHcpBRWBeHN50hBwU=,61B7eERQP7HMtJL0tgfE2kJm/vg=
61,56,T8iYSz3rBEzHcpBRWBeHN50hBwU=,61B7eERQP7HMtJL0tgfE2kJm/vg=
58,57,T8iYSz3rBEzHcpBRWBeHN50hBwU=,61B7eERQP7HMtJL0tgfE2kJm/vg=
63,56,T8iYSz3rBEzHcpBRWBeHN50hBwU=,61B7eERQP7HMtJL0tgfE2kJm/vg=
60,60,T8iYSz3rBEzHcpBRWBeHN50hBwU=,61B7eERQP7HMtJL0tgfE2kJm/vg=
58,62,T8iYSz3rBEzHcpBRWBeHN50hBwU=,61B7eERQP7HMtJL0tgfE2kJm/vg=
56,62,T8iYSz3rBEzHcpBRWBeHN50hBwU=,61B7eERQP7HMtJL0tgfE2kJm/vg=
57,62,T8iYSz3rBEzHcpBRWBeHN50hBwU=,61B7eERQP7HMtJL0tgfE2kJm/vg=
55,56,T8iYSz3rBEzHcpBRWBeHN50hBwU=,xlB6Uv1bCcs6vRhpWojyKkwnM7I=
61,62,T8iYSz3rBEzHcpBRWBeHN50hBwU=,61B7eERQP7HMtJL0tgfE2kJm/vg=
59,57,T8iYSz3rBEzHcpBRWBeHN50hBwU=,61B7eERQP7HMtJL0tgfE2kJm/vg=
62,56,T8iYSz3rBEzHcpBRWBeHN50hBwU=,61B7eERQP7HMtJL0tgfE2kJm/vg=
59,62,T8iYSz3rBEzHcpBRWBeHN50hBwU=,61B7eERQP7HMtJL0tgfE2kJm/vg=
56,57,T8iYSz3rBEzHcpBRWBeHN50hBwU=,61B7eERQP7HMtJL0tgfE2kJm/vg=
56,61,T8iYSz3rBEzHcpBRWBeHN50hBwU=,61B7eERQP7HMtJL0tgfE2kJm/vg=
