-412,237,VOKrRoD+3Rsf57obWa1s0sOvKoI=,RVUTVEIbyxOOixdOS8AezeQ0Mpc=
-414,233,VOKrRoD+3Rsf57obWa1s0sOvKoI=,RVUTVEIbyxOOixdOS8AezeQ0Mpc=
-415,233,VOKrRoD+3Rsf57obWa1s0sOvKoI=,RVUTVEIbyxOOixdOS8AezeQ0Mpc=
-410,234,VOKrRoD+3Rsf57obWa1s0sOvKoI=,RVUTVEIbyxOOixdOS8AezeQ0Mpc=
-410,232,VOKrRoD+3Rsf57obWa1s0sOvKoI=,RVUTVEIbyxOOixdOS8AezeQ0Mpc=
-411,234,VOKrRoD+3Rsf57obWa1s0sOvKoI=,RVUTVEIbyxOOixdOS8AezeQ0Mpc=
-413,237,VOKrRoD+3Rsf57obWa1s0sOvKoI=,RVUTVEIbyxOOixdOS8AezeQ0Mpc=
-414,237,VOKrRoD+3Rsf57obWa1s0sOvKoI=,RVUTVEIbyxOOixdOS8AezeQ0Mpc=
-415,237,VOKrRoD+3Rsf57obWa1s0sOvKoI=,RVUTVEIbyxOOixdOS8AezeQ0Mpc=
-411,236,VOKrRoD+3Rsf57obWa1s0sOvKoI=,RVUTVEIbyxOOixdOS8AezeQ0Mpc=
-410,236,VOKrRoD+3Rsf57obWa1s0sOvKoI=,RVUTVEIbyxOOixdOS8AezeQ0Mpc=
-412,234,VOKrRoD+3Rsf57obWa1s0sOvKoI=,RVUTVEIbyxOOixdOS8AezeQ0Mpc=
-411,233,VOKrRoD+3Rsf57obWa1s0sOvKoI=,RVUTVEIbyxOOixdOS8AezeQ0Mpc=
-415,232,VOKrRoD+3Rsf57obWa1s0sOvKoI=,RVUTVEIbyxOOixdOS8AezeQ0Mpc=
-415,236,VOKrRoD+3Rsf57obWa1s0sOvKoI=,RVUTVEIbyxOOixdOS8AezeQ0Mpc=
-410,235,VOKrRoD+3Rsf57obWa1s0sOvKoI=,RVUTVEIbyxOOixdOS8AezeQ0Mpc=
-411,235,VOKrRoD+3Rsf57obWa1s0sOvKoI=,RVUTVEIbyxOOixdOS8AezeQ0Mpc=
-412,235,VOKrRoD+3Rsf57obWa1s0sOvKoI=,RVUTVEIbyxOOixdOS8AezeQ0Mpc=
-413,235,VOKrRoD+3Rsf57obWa1s0sOvKoI=,RVUTVEIbyxOOixdOS8AezeQ0Mpc=
-411,232,VOKrRoD+3Rsf57obWa1s0sOvKoI=,RVUTVEIbyxOOixdOS8AezeQ0Mpc=
-413,238,VOKrRoD+3Rsf57obWa1s0sOvKoI=,RVUTVEIbyxOOixdOS8AezeQ0Mpc=
-413,234,VOKrRoD+3Rsf57obWa1s0sOvKoI=,RVUTVEIbyxOOixdOS8AezeQ0Mpc=
-414,234,VOKrRoD+3Rsf57obWa1s0sOvKoI=,RVUTVEIbyxOOixdOS8AezeQ0Mpc=
-414,238,VOKrRoD+3Rsf57obWa1s0sOvKoI=,RVUTVEIbyxOOixdOS8AezeQ0Mpc=
-410,233,VOKrRoD+3Rsf57obWa1s0sOvKoI=,RVUTVEIbyxOOixdOS8AezeQ0Mpc=
-412,236,VOKrRoD+3Rsf57obWa1s0sOvKoI=,RVUTVEIbyxOOixdOS8AezeQ0Mpc=
-415,234,VOKrRoD+3Rsf57obWa1s0sOvKoI=,RVUTVEIbyxOOixdOS8AezeQ0Mpc=
-412,233,VOKrRoD+3Rsf57obWa1s0sOvKoI=,RVUTVEIbyxOOixdOS8AezeQ0Mpc=
-414,235,VOKrRoD+3Rsf57obWa1s0sOvKoI=,RVUTVEIbyxOOixdOS8AezeQ0Mpc=
-412,232,VOKrRoD+3Rsf57obWa1s0sOvKoI=,RVUTVEIbyxOOixdOS8AezeQ0Mpc=
-415,235,VOKrRoD+3Rsf57obWa1s0sOvKoI=,RVUTVEIbyxOOixdOS8AezeQ0Mpc=
-413,232,VOKrRoD+3Rsf57obWa1s0sOvKoI=,RVUTVEIbyxOOixdOS8AezeQ0Mpc=
-414,232,VOKrRoD+3Rsf57obWa1s0sOvKoI=,RVUTVEIbyxOOixdOS8AezeQ0Mpc=
-413,233,VOKrRoD+3Rsf57obWa1s0sOvKoI=,RVUTVEIbyxOOixdOS8AezeQ0Mpc=
-415,238,VOKrRoD+3Rsf57obWa1s0sOvKoI=,RVUTVEIbyxOOixdOS8AezeQ0Mpc=
-410,237,VOKrRoD+3Rsf57obWa1s0sOvKoI=,RVUTVEIbyxOOixdOS8AezeQ0Mpc=
-411,237,VOKrRoD+3Rsf57obWa1s0sOvKoI=,RVUTVEIbyxOOixdOS8AezeQ0Mpc=
-413,236,VOKrRoD+3Rsf57obWa1s0sOvKoI=,RVUTVEIbyxOOixdOS8AezeQ0Mpc=
-414,236,VOKrRoD+3Rsf57obWa1s0sOvKoI=,RVUTVEIbyxOOixdOS8AezeQ0Mpc=
-410,238,VOKrRoD+3Rsf57obWa1s0sOvKoI=,RVUTVEIbyxOOixdOS8AezeQ0Mpc=
-411,238,VOKrRoD+3Rsf57obWa1s0sOvKoI=,RVUTVEIbyxOOixdOS8AezeQ0Mpc=
-412,238,VOKrRoD+3Rsf57obWa1s0sOvKoI=,RVUTVEIbyxOOixdOS8AezeQ0Mpc=
-412,239,VOKrRoD+3Rsf57obWa1s0sOvKoI=,RVUTVEIbyxOOixdOS8AezeQ0Mpc=
-411,239,VOKrRoD+3Rsf57obWa1s0sOvKoI=,RVUTVEIbyxOOixdOS8AezeQ0Mpc=
-410,239,VOKrRoD+3Rsf57obWa1s0sOvKoI=,RVUTVEIbyxOOixdOS8AezeQ0Mpc=
-415,239,VOKrRoD+3Rsf57obWa1s0sOvKoI=,RVUTVEIbyxOOixdOS8AezeQ0Mpc=
-414,239,VOKrRoD+3Rsf57obWa1s0sOvKoI=,RVUTVEIbyxOOixdOS8AezeQ0Mpc=
-413,239,VOKrRoD+3Rsf57obWa1s0sOvKoI=,RVUTVEIbyxOOixdOS8AezeQ0Mpc=
-405,226,VOKrRoD+3Rsf57obWa1s0sOvKoI=,JSVcCQ9H+ZfWLm1ymhRtH4DrpzY=
-406,226,VOKrRoD+3Rsf57obWa1s0sOvKoI=,JSVcCQ9H+ZfWLm1ymhRtH4DrpzY=
-408,230,VOKrRoD+3Rsf57obWa1s0sOvKoI=,JSVcCQ9H+ZfWLm1ymhRtH4DrpzY=
-407,226,VOKrRoD+3Rsf57obWa1s0sOvKoI=,JSVcCQ9H+ZfWLm1ymhRtH4DrpzY=
-408,226,VOKrRoD+3Rsf57obWa1s0sOvKoI=,JSVcCQ9H+ZfWLm1ymhRtH4DrpzY=
-405,229,VOKrRoD+3Rsf57obWa1s0sOvKoI=,JSVcCQ9H+ZfWLm1ymhRtH4DrpzY=
-406,229,VOKrRoD+3Rsf57obWa1s0sOvKoI=,JSVcCQ9H+ZfWLm1ymhRtH4DrpzY=
-407,229,VOKrRoD+3Rsf57obWa1s0sOvKoI=,JSVcCQ9H+ZfWLm1ymhRtH4DrpzY=
-405,225,VOKrRoD+3Rsf57obWa1s0sOvKoI=,JSVcCQ9H+ZfWLm1ymhRtH4DrpzY=
-406,225,VOKrRoD+3Rsf57obWa1s0sOvKoI=,JSVcCQ9H+ZfWLm1ymhRtH4DrpzY=
-407,225,VOKrRoD+3Rsf57obWa1s0sOvKoI=,JSVcCQ9H+ZfWLm1ymhRtH4DrpzY=
-408,225,VOKrRoD+3Rsf57obWa1s0sOvKoI=,JSVcCQ9H+ZfWLm1ymhRtH4DrpzY=
-408,229,VOKrRoD+3Rsf57obWa1s0sOvKoI=,JSVcCQ9H+ZfWLm1ymhRtH4DrpzY=
-405,228,VOKrRoD+3Rsf57obWa1s0sOvKoI=,JSVcCQ9H+ZfWLm1ymhRtH4DrpzY=
-406,228,VOKrRoD+3Rsf57obWa1s0sOvKoI=,JSVcCQ9H+ZfWLm1ymhRtH4DrpzY=
-407,228,VOKrRoD+3Rsf57obWa1s0sOvKoI=,JSVcCQ9H+ZfWLm1ymhRtH4DrpzY=
-408,228,VOKrRoD+3Rsf57obWa1s0sOvKoI=,JSVcCQ9H+ZfWLm1ymhRtH4DrpzY=
-407,230,VOKrRoD+3Rsf57obWa1s0sOvKoI=,JSVcCQ9H+ZfWLm1ymhRtH4DrpzY=
-405,230,VOKrRoD+3Rsf57obWa1s0sOvKoI=,JSVcCQ9H+ZfWLm1ymhRtH4DrpzY=
-406,230,VOKrRoD+3Rsf57obWa1s0sOvKoI=,JSVcCQ9H+ZfWLm1ymhRtH4DrpzY=
-405,227,VOKrRoD+3Rsf57obWa1s0sOvKoI=,JSVcCQ9H+ZfWLm1ymhRtH4DrpzY=
-408,227,VOKrRoD+3Rsf57obWa1s0sOvKoI=,JSVcCQ9H+ZfWLm1ymhRtH4DrpzY=
-406,227,VOKrRoD+3Rsf57obWa1s0sOvKoI=,JSVcCQ9H+ZfWLm1ymhRtH4DrpzY=
-407,227,VOKrRoD+3Rsf57obWa1s0sOvKoI=,JSVcCQ9H+ZfWLm1ymhRtH4DrpzY=
-409,233,VOKrRoD+3Rsf57obWa1s0sOvKoI=,RVUTVEIbyxOOixdOS8AezeQ0Mpc=
-409,234,VOKrRoD+3Rsf57obWa1s0sOvKoI=,RVUTVEIbyxOOixdOS8AezeQ0Mpc=
-404,237,VOKrRoD+3Rsf57obWa1s0sOvKoI=,aFgogfc+SCAWzPUcXYXKetb4xP4=
-409,238,VOKrRoD+3Rsf57obWa1s0sOvKoI=,RVUTVEIbyxOOixdOS8AezeQ0Mpc=
-409,232,VOKrRoD+3Rsf57obWa1s0sOvKoI=,RVUTVEIbyxOOixdOS8AezeQ0Mpc=
-408,238,VOKrRoD+3Rsf57obWa1s0sOvKoI=,aFgogfc+SCAWzPUcXYXKetb4xP4=
-406,237,u8KLlItPq+wDp+eL21T8VawPCZY=,aFgogfc+SCAWzPUcXYXKetb4xP4=
-405,237,u8KLlItPq+wDp+eL21T8VawPCZY=,aFgogfc+SCAWzPUcXYXKetb4xP4=
-408,232,VOKrRoD+3Rsf57obWa1s0sOvKoI=,aFgogfc+SCAWzPUcXYXKetb4xP4=
-407,237,VOKrRoD+3Rsf57obWa1s0sOvKoI=,aFgogfc+SCAWzPUcXYXKetb4xP4=
-408,237,VOKrRoD+3Rsf57obWa1s0sOvKoI=,aFgogfc+SCAWzPUcXYXKetb4xP4=
-407,232,VOKrRoD+3Rsf57obWa1s0sOvKoI=,aFgogfc+SCAWzPUcXYXKetb4xP4=
-407,238,VOKrRoD+3Rsf57obWa1s0sOvKoI=,aFgogfc+SCAWzPUcXYXKetb4xP4=
-406,232,VOKrRoD+3Rsf57obWa1s0sOvKoI=,aFgogfc+SCAWzPUcXYXKetb4xP4=
-405,232,VOKrRoD+3Rsf57obWa1s0sOvKoI=,aFgogfc+SCAWzPUcXYXKetb4xP4=
-403,236,VOKrRoD+3Rsf57obWa1s0sOvKoI=,aFgogfc+SCAWzPUcXYXKetb4xP4=
-409,236,VOKrRoD+3Rsf57obWa1s0sOvKoI=,RVUTVEIbyxOOixdOS8AezeQ0Mpc=
-404,232,VOKrRoD+3Rsf57obWa1s0sOvKoI=,aFgogfc+SCAWzPUcXYXKetb4xP4=
-403,232,VOKrRoD+3Rsf57obWa1s0sOvKoI=,aFgogfc+SCAWzPUcXYXKetb4xP4=
-409,237,VOKrRoD+3Rsf57obWa1s0sOvKoI=,RVUTVEIbyxOOixdOS8AezeQ0Mpc=
-404,236,VOKrRoD+3Rsf57obWa1s0sOvKoI=,aFgogfc+SCAWzPUcXYXKetb4xP4=
-405,236,u8KLlItPq+wDp+eL21T8VawPCZY=,aFgogfc+SCAWzPUcXYXKetb4xP4=
-406,236,u8KLlItPq+wDp+eL21T8VawPCZY=,aFgogfc+SCAWzPUcXYXKetb4xP4=
-407,236,VOKrRoD+3Rsf57obWa1s0sOvKoI=,aFgogfc+SCAWzPUcXYXKetb4xP4=
-408,236,VOKrRoD+3Rsf57obWa1s0sOvKoI=,aFgogfc+SCAWzPUcXYXKetb4xP4=
-404,230,VOKrRoD+3Rsf57obWa1s0sOvKoI=,JSVcCQ9H+ZfWLm1ymhRtH4DrpzY=
-402,229,VOKrRoD+3Rsf57obWa1s0sOvKoI=,JSVcCQ9H+ZfWLm1ymhRtH4DrpzY=
-402,232,VOKrRoD+3Rsf57obWa1s0sOvKoI=,aFgogfc+SCAWzPUcXYXKetb4xP4=
-402,235,VOKrRoD+3Rsf57obWa1s0sOvKoI=,aFgogfc+SCAWzPUcXYXKetb4xP4=
-409,235,VOKrRoD+3Rsf57obWa1s0sOvKoI=,RVUTVEIbyxOOixdOS8AezeQ0Mpc=
-403,235,VOKrRoD+3Rsf57obWa1s0sOvKoI=,aFgogfc+SCAWzPUcXYXKetb4xP4=
-405,235,u8KLlItPq+wDp+eL21T8VawPCZY=,aFgogfc+SCAWzPUcXYXKetb4xP4=
-404,235,VOKrRoD+3Rsf57obWa1s0sOvKoI=,aFgogfc+SCAWzPUcXYXKetb4xP4=
-404,229,VOKrRoD+3Rsf57obWa1s0sOvKoI=,JSVcCQ9H+ZfWLm1ymhRtH4DrpzY=
-404,228,VOKrRoD+3Rsf57obWa1s0sOvKoI=,JSVcCQ9H+ZfWLm1ymhRtH4DrpzY=
-403,229,VOKrRoD+3Rsf57obWa1s0sOvKoI=,JSVcCQ9H+ZfWLm1ymhRtH4DrpzY=
-404,231,VOKrRoD+3Rsf57obWa1s0sOvKoI=,JSVcCQ9H+ZfWLm1ymhRtH4DrpzY=
-406,235,u8KLlItPq+wDp+eL21T8VawPCZY=,aFgogfc+SCAWzPUcXYXKetb4xP4=
-407,235,VOKrRoD+3Rsf57obWa1s0sOvKoI=,aFgogfc+SCAWzPUcXYXKetb4xP4=
-405,231,VOKrRoD+3Rsf57obWa1s0sOvKoI=,JSVcCQ9H+ZfWLm1ymhRtH4DrpzY=
-406,231,VOKrRoD+3Rsf57obWa1s0sOvKoI=,JSVcCQ9H+ZfWLm1ymhRtH4DrpzY=
-408,235,VOKrRoD+3Rsf57obWa1s0sOvKoI=,aFgogfc+SCAWzPUcXYXKetb4xP4=
-407,231,VOKrRoD+3Rsf57obWa1s0sOvKoI=,JSVcCQ9H+ZfWLm1ymhRtH4DrpzY=
-408,231,VOKrRoD+3Rsf57obWa1s0sOvKoI=,JSVcCQ9H+ZfWLm1ymhRtH4DrpzY=
-403,228,VOKrRoD+3Rsf57obWa1s0sOvKoI=,JSVcCQ9H+ZfWLm1ymhRtH4DrpzY=
-403,234,VOKrRoD+3Rsf57obWa1s0sOvKoI=,aFgogfc+SCAWzPUcXYXKetb4xP4=
-404,234,VOKrRoD+3Rsf57obWa1s0sOvKoI=,aFgogfc+SCAWzPUcXYXKetb4xP4=
-405,234,u8KLlItPq+wDp+eL21T8VawPCZY=,aFgogfc+SCAWzPUcXYXKetb4xP4=
-406,234,u8KLlItPq+wDp+eL21T8VawPCZY=,aFgogfc+SCAWzPUcXYXKetb4xP4=
-407,234,VOKrRoD+3Rsf57obWa1s0sOvKoI=,aFgogfc+SCAWzPUcXYXKetb4xP4=
-406,238,u8KLlItPq+wDp+eL21T8VawPCZY=,aFgogfc+SCAWzPUcXYXKetb4xP4=
-408,234,VOKrRoD+3Rsf57obWa1s0sOvKoI=,aFgogfc+SCAWzPUcXYXKetb4xP4=
-403,231,VOKrRoD+3Rsf57obWa1s0sOvKoI=,JSVcCQ9H+ZfWLm1ymhRtH4DrpzY=
-401,228,VOKrRoD+3Rsf57obWa1s0sOvKoI=,JSVcCQ9H+ZfWLm1ymhRtH4DrpzY=
-403,233,VOKrRoD+3Rsf57obWa1s0sOvKoI=,aFgogfc+SCAWzPUcXYXKetb4xP4=
-404,233,VOKrRoD+3Rsf57obWa1s0sOvKoI=,aFgogfc+SCAWzPUcXYXKetb4xP4=
-405,233,VOKrRoD+3Rsf57obWa1s0sOvKoI=,aFgogfc+SCAWzPUcXYXKetb4xP4=
-406,233,VOKrRoD+3Rsf57obWa1s0sOvKoI=,aFgogfc+SCAWzPUcXYXKetb4xP4=
-407,233,VOKrRoD+3Rsf57obWa1s0sOvKoI=,aFgogfc+SCAWzPUcXYXKetb4xP4=
-408,233,VOKrRoD+3Rsf57obWa1s0sOvKoI=,aFgogfc+SCAWzPUcXYXKetb4xP4=
-401,232,VOKrRoD+3Rsf57obWa1s0sOvKoI=,aFgogfc+SCAWzPUcXYXKetb4xP4=
-402,228,VOKrRoD+3Rsf57obWa1s0sOvKoI=,JSVcCQ9H+ZfWLm1ymhRtH4DrpzY=
-402,233,VOKrRoD+3Rsf57obWa1s0sOvKoI=,aFgogfc+SCAWzPUcXYXKetb4xP4=
-402,234,VOKrRoD+3Rsf57obWa1s0sOvKoI=,aFgogfc+SCAWzPUcXYXKetb4xP4=
-401,231,VOKrRoD+3Rsf57obWa1s0sOvKoI=,JSVcCQ9H+ZfWLm1ymhRtH4DrpzY=
-402,231,VOKrRoD+3Rsf57obWa1s0sOvKoI=,JSVcCQ9H+ZfWLm1ymhRtH4DrpzY=
-401,233,VOKrRoD+3Rsf57obWa1s0sOvKoI=,aFgogfc+SCAWzPUcXYXKetb4xP4=
-408,224,VOKrRoD+3Rsf57obWa1s0sOvKoI=,JSVcCQ9H+ZfWLm1ymhRtH4DrpzY=
-407,224,VOKrRoD+3Rsf57obWa1s0sOvKoI=,JSVcCQ9H+ZfWLm1ymhRtH4DrpzY=
-406,224,VOKrRoD+3Rsf57obWa1s0sOvKoI=,JSVcCQ9H+ZfWLm1ymhRtH4DrpzY=
-405,224,VOKrRoD+3Rsf57obWa1s0sOvKoI=,JSVcCQ9H+ZfWLm1ymhRtH4DrpzY=
-416,235,VOKrRoD+3Rsf57obWa1s0sOvKoI=,RVUTVEIbyxOOixdOS8AezeQ0Mpc=
-416,238,VOKrRoD+3Rsf57obWa1s0sOvKoI=,RVUTVEIbyxOOixdOS8AezeQ0Mpc=
-416,234,VOKrRoD+3Rsf57obWa1s0sOvKoI=,RVUTVEIbyxOOixdOS8AezeQ0Mpc=
-416,237,VOKrRoD+3Rsf57obWa1s0sOvKoI=,RVUTVEIbyxOOixdOS8AezeQ0Mpc=
-416,236,VOKrRoD+3Rsf57obWa1s0sOvKoI=,RVUTVEIbyxOOixdOS8AezeQ0Mpc=
-416,233,VOKrRoD+3Rsf57obWa1s0sOvKoI=,RVUTVEIbyxOOixdOS8AezeQ0Mpc=
-401,234,VOKrRoD+3Rsf57obWa1s0sOvKoI=,aFgogfc+SCAWzPUcXYXKetb4xP4=
-416,239,VOKrRoD+3Rsf57obWa1s0sOvKoI=,RVUTVEIbyxOOixdOS8AezeQ0Mpc=
-416,232,VOKrRoD+3Rsf57obWa1s0sOvKoI=,RVUTVEIbyxOOixdOS8AezeQ0Mpc=
-409,239,VOKrRoD+3Rsf57obWa1s0sOvKoI=,RVUTVEIbyxOOixdOS8AezeQ0Mpc=
-401,229,VOKrRoD+3Rsf57obWa1s0sOvKoI=,JSVcCQ9H+ZfWLm1ymhRtH4DrpzY=
-403,237,VOKrRoD+3Rsf57obWa1s0sOvKoI=,aFgogfc+SCAWzPUcXYXKetb4xP4=
-408,239,VOKrRoD+3Rsf57obWa1s0sOvKoI=,aFgogfc+SCAWzPUcXYXKetb4xP4=
-406,239,VOKrRoD+3Rsf57obWa1s0sOvKoI=,aFgogfc+SCAWzPUcXYXKetb4xP4=
-405,238,u8KLlItPq+wDp+eL21T8VawPCZY=,aFgogfc+SCAWzPUcXYXKetb4xP4=
-407,239,VOKrRoD+3Rsf57obWa1s0sOvKoI=,aFgogfc+SCAWzPUcXYXKetb4xP4=
-401,236,VOKrRoD+3Rsf57obWa1s0sOvKoI=,aFgogfc+SCAWzPUcXYXKetb4xP4=
-404,238,VOKrRoD+3Rsf57obWa1s0sOvKoI=,aFgogfc+SCAWzPUcXYXKetb4xP4=
-403,239,VOKrRoD+3Rsf57obWa1s0sOvKoI=,aFgogfc+SCAWzPUcXYXKetb4xP4=
-401,237,VOKrRoD+3Rsf57obWa1s0sOvKoI=,aFgogfc+SCAWzPUcXYXKetb4xP4=
-402,230,VOKrRoD+3Rsf57obWa1s0sOvKoI=,JSVcCQ9H+ZfWLm1ymhRtH4DrpzY=
-402,236,VOKrRoD+3Rsf57obWa1s0sOvKoI=,aFgogfc+SCAWzPUcXYXKetb4xP4=
-401,238,VOKrRoD+3Rsf57obWa1s0sOvKoI=,aFgogfc+SCAWzPUcXYXKetb4xP4=
-402,237,VOKrRoD+3Rsf57obWa1s0sOvKoI=,aFgogfc+SCAWzPUcXYXKetb4xP4=
-401,239,VOKrRoD+3Rsf57obWa1s0sOvKoI=,aFgogfc+SCAWzPUcXYXKetb4xP4=
-402,224,VOKrRoD+3Rsf57obWa1s0sOvKoI=,JSVcCQ9H+ZfWLm1ymhRtH4DrpzY=
-402,239,VOKrRoD+3Rsf57obWa1s0sOvKoI=,aFgogfc+SCAWzPUcXYXKetb4xP4=
-404,225,VOKrRoD+3Rsf57obWa1s0sOvKoI=,JSVcCQ9H+ZfWLm1ymhRtH4DrpzY=
-405,239,VOKrRoD+3Rsf57obWa1s0sOvKoI=,aFgogfc+SCAWzPUcXYXKetb4xP4=
-401,224,VOKrRoD+3Rsf57obWa1s0sOvKoI=,JSVcCQ9H+ZfWLm1ymhRtH4DrpzY=
-403,225,VOKrRoD+3Rsf57obWa1s0sOvKoI=,JSVcCQ9H+ZfWLm1ymhRtH4DrpzY=
-404,239,VOKrRoD+3Rsf57obWa1s0sOvKoI=,aFgogfc+SCAWzPUcXYXKetb4xP4=
-403,226,VOKrRoD+3Rsf57obWa1s0sOvKoI=,JSVcCQ9H+ZfWLm1ymhRtH4DrpzY=
-403,238,VOKrRoD+3Rsf57obWa1s0sOvKoI=,aFgogfc+SCAWzPUcXYXKetb4xP4=
-402,227,VOKrRoD+3Rsf57obWa1s0sOvKoI=,JSVcCQ9H+ZfWLm1ymhRtH4DrpzY=
-404,224,VOKrRoD+3Rsf57obWa1s0sOvKoI=,JSVcCQ9H+ZfWLm1ymhRtH4DrpzY=
-404,227,VOKrRoD+3Rsf57obWa1s0sOvKoI=,JSVcCQ9H+ZfWLm1ymhRtH4DrpzY=
-402,225,VOKrRoD+3Rsf57obWa1s0sOvKoI=,JSVcCQ9H+ZfWLm1ymhRtH4DrpzY=
-401,226,VOKrRoD+3Rsf57obWa1s0sOvKoI=,JSVcCQ9H+ZfWLm1ymhRtH4DrpzY=
-403,227,VOKrRoD+3Rsf57obWa1s0sOvKoI=,JSVcCQ9H+ZfWLm1ymhRtH4DrpzY=
-402,238,VOKrRoD+3Rsf57obWa1s0sOvKoI=,aFgogfc+SCAWzPUcXYXKetb4xP4=
-401,230,VOKrRoD+3Rsf57obWa1s0sOvKoI=,JSVcCQ9H+ZfWLm1ymhRtH4DrpzY=
-403,230,VOKrRoD+3Rsf57obWa1s0sOvKoI=,JSVcCQ9H+ZfWLm1ymhRtH4DrpzY=
-403,224,VOKrRoD+3Rsf57obWa1s0sOvKoI=,JSVcCQ9H+ZfWLm1ymhRtH4DrpzY=
-404,226,VOKrRoD+3Rsf57obWa1s0sOvKoI=,JSVcCQ9H+ZfWLm1ymhRtH4DrpzY=
-401,225,VOKrRoD+3Rsf57obWa1s0sOvKoI=,JSVcCQ9H+ZfWLm1ymhRtH4DrpzY=
-401,227,VOKrRoD+3Rsf57obWa1s0sOvKoI=,JSVcCQ9H+ZfWLm1ymhRtH4DrpzY=
-402,226,VOKrRoD+3Rsf57obWa1s0sOvKoI=,JSVcCQ9H+ZfWLm1ymhRtH4DrpzY=
-401,235,VOKrRoD+3Rsf57obWa1s0sOvKoI=,aFgogfc+SCAWzPUcXYXKetb4xP4=
-412,244,FlncBsz6Ao1rvdpJGANTL3HMX40=,kkE10jRkJvGquFxCE5yluRs9oV8=
-414,243,FlncBsz6Ao1rvdpJGANTL3HMX40=,kkE10jRkJvGquFxCE5yluRs9oV8=
-415,243,FlncBsz6Ao1rvdpJGANTL3HMX40=,kkE10jRkJvGquFxCE5yluRs9oV8=
-412,245,FlncBsz6Ao1rvdpJGANTL3HMX40=,kkE10jRkJvGquFxCE5yluRs9oV8=
-413,241,FlncBsz6Ao1rvdpJGANTL3HMX40=,kkE10jRkJvGquFxCE5yluRs9oV8=
-415,242,FlncBsz6Ao1rvdpJGANTL3HMX40=,kkE10jRkJvGquFxCE5yluRs9oV8=
-412,246,FlncBsz6Ao1rvdpJGANTL3HMX40=,kkE10jRkJvGquFxCE5yluRs9oV8=
-413,244,FlncBsz6Ao1rvdpJGANTL3HMX40=,kkE10jRkJvGquFxCE5yluRs9oV8=
-413,246,FlncBsz6Ao1rvdpJGANTL3HMX40=,kkE10jRkJvGquFxCE5yluRs9oV8=
-411,245,FlncBsz6Ao1rvdpJGANTL3HMX40=,kkE10jRkJvGquFxCE5yluRs9oV8=
-411,241,FlncBsz6Ao1rvdpJGANTL3HMX40=,kkE10jRkJvGquFxCE5yluRs9oV8=
-413,245,FlncBsz6Ao1rvdpJGANTL3HMX40=,kkE10jRkJvGquFxCE5yluRs9oV8=
-414,244,FlncBsz6Ao1rvdpJGANTL3HMX40=,kkE10jRkJvGquFxCE5yluRs9oV8=
-414,241,FlncBsz6Ao1rvdpJGANTL3HMX40=,kkE10jRkJvGquFxCE5yluRs9oV8=
-410,242,FlncBsz6Ao1rvdpJGANTL3HMX40=,kkE10jRkJvGquFxCE5yluRs9oV8=
-411,242,FlncBsz6Ao1rvdpJGANTL3HMX40=,kkE10jRkJvGquFxCE5yluRs9oV8=
-414,246,FlncBsz6Ao1rvdpJGANTL3HMX40=,kkE10jRkJvGquFxCE5yluRs9oV8=
-414,245,FlncBsz6Ao1rvdpJGANTL3HMX40=,kkE10jRkJvGquFxCE5yluRs9oV8=
-413,242,FlncBsz6Ao1rvdpJGANTL3HMX40=,kkE10jRkJvGquFxCE5yluRs9oV8=
-414,242,FlncBsz6Ao1rvdpJGANTL3HMX40=,kkE10jRkJvGquFxCE5yluRs9oV8=
-415,245,FlncBsz6Ao1rvdpJGANTL3HMX40=,kkE10jRkJvGquFxCE5yluRs9oV8=
-412,242,FlncBsz6Ao1rvdpJGANTL3HMX40=,kkE10jRkJvGquFxCE5yluRs9oV8=
-415,241,FlncBsz6Ao1rvdpJGANTL3HMX40=,kkE10jRkJvGquFxCE5yluRs9oV8=
-415,246,FlncBsz6Ao1rvdpJGANTL3HMX40=,kkE10jRkJvGquFxCE5yluRs9oV8=
-410,241,FlncBsz6Ao1rvdpJGANTL3HMX40=,kkE10jRkJvGquFxCE5yluRs9oV8=
-415,244,FlncBsz6Ao1rvdpJGANTL3HMX40=,kkE10jRkJvGquFxCE5yluRs9oV8=
-410,243,FlncBsz6Ao1rvdpJGANTL3HMX40=,kkE10jRkJvGquFxCE5yluRs9oV8=
-411,243,FlncBsz6Ao1rvdpJGANTL3HMX40=,kkE10jRkJvGquFxCE5yluRs9oV8=
-412,243,FlncBsz6Ao1rvdpJGANTL3HMX40=,kkE10jRkJvGquFxCE5yluRs9oV8=
-410,244,FlncBsz6Ao1rvdpJGANTL3HMX40=,kkE10jRkJvGquFxCE5yluRs9oV8=
-413,243,FlncBsz6Ao1rvdpJGANTL3HMX40=,kkE10jRkJvGquFxCE5yluRs9oV8=
-412,241,FlncBsz6Ao1rvdpJGANTL3HMX40=,kkE10jRkJvGquFxCE5yluRs9oV8=
-411,244,FlncBsz6Ao1rvdpJGANTL3HMX40=,kkE10jRkJvGquFxCE5yluRs9oV8=
-406,249,FlncBsz6Ao1rvdpJGANTL3HMX40=,iVNqkgIESfypPCoe4BPac7cDr5Q=
-409,254,FlncBsz6Ao1rvdpJGANTL3HMX40=,vyix+l8xKeUuN7ULzkmD0uV2nR0=
-410,254,VOKrRoD+3Rsf57obWa1s0sOvKoI=,vyix+l8xKeUuN7ULzkmD0uV2nR0=
-412,254,VOKrRoD+3Rsf57obWa1s0sOvKoI=,vyix+l8xKeUuN7ULzkmD0uV2nR0=
-408,254,FlncBsz6Ao1rvdpJGANTL3HMX40=,iVNqkgIESfypPCoe4BPac7cDr5Q=
-415,248,FlncBsz6Ao1rvdpJGANTL3HMX40=,vyix+l8xKeUuN7ULzkmD0uV2nR0=
-413,247,FlncBsz6Ao1rvdpJGANTL3HMX40=,kkE10jRkJvGquFxCE5yluRs9oV8=
-414,247,FlncBsz6Ao1rvdpJGANTL3HMX40=,kkE10jRkJvGquFxCE5yluRs9oV8=
-414,248,FlncBsz6Ao1rvdpJGANTL3HMX40=,vyix+l8xKeUuN7ULzkmD0uV2nR0=
-411,254,VOKrRoD+3Rsf57obWa1s0sOvKoI=,vyix+l8xKeUuN7ULzkmD0uV2nR0=
-415,249,VOKrRoD+3Rsf57obWa1s0sOvKoI=,vyix+l8xKeUuN7ULzkmD0uV2nR0=
-408,252,FlncBsz6Ao1rvdpJGANTL3HMX40=,iVNqkgIESfypPCoe4BPac7cDr5Q=
-415,247,FlncBsz6Ao1rvdpJGANTL3HMX40=,kkE10jRkJvGquFxCE5yluRs9oV8=
-408,253,FlncBsz6Ao1rvdpJGANTL3HMX40=,iVNqkgIESfypPCoe4BPac7cDr5Q=
-410,253,VOKrRoD+3Rsf57obWa1s0sOvKoI=,vyix+l8xKeUuN7ULzkmD0uV2nR0=
-411,253,VOKrRoD+3Rsf57obWa1s0sOvKoI=,vyix+l8xKeUuN7ULzkmD0uV2nR0=
-410,252,VOKrRoD+3Rsf57obWa1s0sOvKoI=,vyix+l8xKeUuN7ULzkmD0uV2nR0=
-409,252,FlncBsz6Ao1rvdpJGANTL3HMX40=,vyix+l8xKeUuN7ULzkmD0uV2nR0=
-408,251,FlncBsz6Ao1rvdpJGANTL3HMX40=,iVNqkgIESfypPCoe4BPac7cDr5Q=
-403,254,FlncBsz6Ao1rvdpJGANTL3HMX40=,iVNqkgIESfypPCoe4BPac7cDr5Q=
-405,254,FlncBsz6Ao1rvdpJGANTL3HMX40=,iVNqkgIESfypPCoe4BPac7cDr5Q=
-406,254,FlncBsz6Ao1rvdpJGANTL3HMX40=,iVNqkgIESfypPCoe4BPac7cDr5Q=
-407,254,FlncBsz6Ao1rvdpJGANTL3HMX40=,iVNqkgIESfypPCoe4BPac7cDr5Q=
-409,253,FlncBsz6Ao1rvdpJGANTL3HMX40=,vyix+l8xKeUuN7ULzkmD0uV2nR0=
-404,253,FlncBsz6Ao1rvdpJGANTL3HMX40=,iVNqkgIESfypPCoe4BPac7cDr5Q=
-403,253,FlncBsz6Ao1rvdpJGANTL3HMX40=,iVNqkgIESfypPCoe4BPac7cDr5Q=
-406,253,FlncBsz6Ao1rvdpJGANTL3HMX40=,iVNqkgIESfypPCoe4BPac7cDr5Q=
-407,253,FlncBsz6Ao1rvdpJGANTL3HMX40=,iVNqkgIESfypPCoe4BPac7cDr5Q=
-403,252,FlncBsz6Ao1rvdpJGANTL3HMX40=,iVNqkgIESfypPCoe4BPac7cDr5Q=
-405,252,FlncBsz6Ao1rvdpJGANTL3HMX40=,iVNqkgIESfypPCoe4BPac7cDr5Q=
-406,252,FlncBsz6Ao1rvdpJGANTL3HMX40=,iVNqkgIESfypPCoe4BPac7cDr5Q=
-404,252,FlncBsz6Ao1rvdpJGANTL3HMX40=,iVNqkgIESfypPCoe4BPac7cDr5Q=
-407,252,FlncBsz6Ao1rvdpJGANTL3HMX40=,iVNqkgIESfypPCoe4BPac7cDr5Q=
-404,254,FlncBsz6Ao1rvdpJGANTL3HMX40=,iVNqkgIESfypPCoe4BPac7cDr5Q=
-404,251,FlncBsz6Ao1rvdpJGANTL3HMX40=,iVNqkgIESfypPCoe4BPac7cDr5Q=
-406,251,FlncBsz6Ao1rvdpJGANTL3HMX40=,iVNqkgIESfypPCoe4BPac7cDr5Q=
-403,251,FlncBsz6Ao1rvdpJGANTL3HMX40=,iVNqkgIESfypPCoe4BPac7cDr5Q=
-405,251,FlncBsz6Ao1rvdpJGANTL3HMX40=,iVNqkgIESfypPCoe4BPac7cDr5Q=
-407,251,FlncBsz6Ao1rvdpJGANTL3HMX40=,iVNqkgIESfypPCoe4BPac7cDr5Q=
-403,250,FlncBsz6Ao1rvdpJGANTL3HMX40=,iVNqkgIESfypPCoe4BPac7cDr5Q=
-405,250,FlncBsz6Ao1rvdpJGANTL3HMX40=,iVNqkgIESfypPCoe4BPac7cDr5Q=
-404,250,FlncBsz6Ao1rvdpJGANTL3HMX40=,iVNqkgIESfypPCoe4BPac7cDr5Q=
-406,250,FlncBsz6Ao1rvdpJGANTL3HMX40=,iVNqkgIESfypPCoe4BPac7cDr5Q=
-407,250,FlncBsz6Ao1rvdpJGANTL3HMX40=,iVNqkgIESfypPCoe4BPac7cDr5Q=
-403,249,FlncBsz6Ao1rvdpJGANTL3HMX40=,iVNqkgIESfypPCoe4BPac7cDr5Q=
-404,249,FlncBsz6Ao1rvdpJGANTL3HMX40=,iVNqkgIESfypPCoe4BPac7cDr5Q=
-405,249,FlncBsz6Ao1rvdpJGANTL3HMX40=,iVNqkgIESfypPCoe4BPac7cDr5Q=
-405,253,FlncBsz6Ao1rvdpJGANTL3HMX40=,iVNqkgIESfypPCoe4BPac7cDr5Q=
-407,255,FlncBsz6Ao1rvdpJGANTL3HMX40=,iVNqkgIESfypPCoe4BPac7cDr5Q=
-406,255,FlncBsz6Ao1rvdpJGANTL3HMX40=,iVNqkgIESfypPCoe4BPac7cDr5Q=
-405,255,FlncBsz6Ao1rvdpJGANTL3HMX40=,iVNqkgIESfypPCoe4BPac7cDr5Q=
-404,255,FlncBsz6Ao1rvdpJGANTL3HMX40=,iVNqkgIESfypPCoe4BPac7cDr5Q=
-403,255,FlncBsz6Ao1rvdpJGANTL3HMX40=,iVNqkgIESfypPCoe4BPac7cDr5Q=
-402,255,FlncBsz6Ao1rvdpJGANTL3HMX40=,iVNqkgIESfypPCoe4BPac7cDr5Q=
-409,255,FlncBsz6Ao1rvdpJGANTL3HMX40=,vyix+l8xKeUuN7ULzkmD0uV2nR0=
-410,255,FlncBsz6Ao1rvdpJGANTL3HMX40=,vyix+l8xKeUuN7ULzkmD0uV2nR0=
-408,255,FlncBsz6Ao1rvdpJGANTL3HMX40=,iVNqkgIESfypPCoe4BPac7cDr5Q=
-412,255,FlncBsz6Ao1rvdpJGANTL3HMX40=,vyix+l8xKeUuN7ULzkmD0uV2nR0=
-413,255,FlncBsz6Ao1rvdpJGANTL3HMX40=,vyix+l8xKeUuN7ULzkmD0uV2nR0=
-411,255,FlncBsz6Ao1rvdpJGANTL3HMX40=,vyix+l8xKeUuN7ULzkmD0uV2nR0=
-405,248,FlncBsz6Ao1rvdpJGANTL3HMX40=,iVNqkgIESfypPCoe4BPac7cDr5Q=
-404,248,FlncBsz6Ao1rvdpJGANTL3HMX40=,iVNqkgIESfypPCoe4BPac7cDr5Q=
-409,241,FlncBsz6Ao1rvdpJGANTL3HMX40=,kkE10jRkJvGquFxCE5yluRs9oV8=
-403,248,FlncBsz6Ao1rvdpJGANTL3HMX40=,iVNqkgIESfypPCoe4BPac7cDr5Q=
-409,242,FlncBsz6Ao1rvdpJGANTL3HMX40=,kkE10jRkJvGquFxCE5yluRs9oV8=
-413,240,FlncBsz6Ao1rvdpJGANTL3HMX40=,kkE10jRkJvGquFxCE5yluRs9oV8=
-412,240,FlncBsz6Ao1rvdpJGANTL3HMX40=,kkE10jRkJvGquFxCE5yluRs9oV8=
-414,240,FlncBsz6Ao1rvdpJGANTL3HMX40=,kkE10jRkJvGquFxCE5yluRs9oV8=
-411,240,FlncBsz6Ao1rvdpJGANTL3HMX40=,kkE10jRkJvGquFxCE5yluRs9oV8=
-410,240,FlncBsz6Ao1rvdpJGANTL3HMX40=,kkE10jRkJvGquFxCE5yluRs9oV8=
-415,240,FlncBsz6Ao1rvdpJGANTL3HMX40=,kkE10jRkJvGquFxCE5yluRs9oV8=
-409,240,FlncBsz6Ao1rvdpJGANTL3HMX40=,kkE10jRkJvGquFxCE5yluRs9oV8=
-411,252,VOKrRoD+3Rsf57obWa1s0sOvKoI=,vyix+l8xKeUuN7ULzkmD0uV2nR0=
-409,244,FlncBsz6Ao1rvdpJGANTL3HMX40=,kkE10jRkJvGquFxCE5yluRs9oV8=
-412,250,VOKrRoD+3Rsf57obWa1s0sOvKoI=,vyix+l8xKeUuN7ULzkmD0uV2nR0=
-407,249,FlncBsz6Ao1rvdpJGANTL3HMX40=,iVNqkgIESfypPCoe4BPac7cDr5Q=
-408,247,FlncBsz6Ao1rvdpJGANTL3HMX40=,8bHHaigkBt2znSTaw7dEs4Gexvo=
-410,245,FlncBsz6Ao1rvdpJGANTL3HMX40=,kkE10jRkJvGquFxCE5yluRs9oV8=
-412,253,VOKrRoD+3Rsf57obWa1s0sOvKoI=,vyix+l8xKeUuN7ULzkmD0uV2nR0=
-412,252,VOKrRoD+3Rsf57obWa1s0sOvKoI=,vyix+l8xKeUuN7ULzkmD0uV2nR0=
-409,243,FlncBsz6Ao1rvdpJGANTL3HMX40=,kkE10jRkJvGquFxCE5yluRs9oV8=
-408,240,FlncBsz6Ao1rvdpJGANTL3HMX40=,8bHHaigkBt2znSTaw7dEs4Gexvo=
-410,250,VOKrRoD+3Rsf57obWa1s0sOvKoI=,vyix+l8xKeUuN7ULzkmD0uV2nR0=
-411,250,VOKrRoD+3Rsf57obWa1s0sOvKoI=,vyix+l8xKeUuN7ULzkmD0uV2nR0=
-411,249,VOKrRoD+3Rsf57obWa1s0sOvKoI=,vyix+l8xKeUuN7ULzkmD0uV2nR0=
-407,247,FlncBsz6Ao1rvdpJGANTL3HMX40=,8bHHaigkBt2znSTaw7dEs4Gexvo=
-409,250,FlncBsz6Ao1rvdpJGANTL3HMX40=,vyix+l8xKeUuN7ULzkmD0uV2nR0=
-401,247,FlncBsz6Ao1rvdpJGANTL3HMX40=,8bHHaigkBt2znSTaw7dEs4Gexvo=
-408,250,FlncBsz6Ao1rvdpJGANTL3HMX40=,iVNqkgIESfypPCoe4BPac7cDr5Q=
-409,245,FlncBsz6Ao1rvdpJGANTL3HMX40=,kkE10jRkJvGquFxCE5yluRs9oV8=
-412,247,FlncBsz6Ao1rvdpJGANTL3HMX40=,kkE10jRkJvGquFxCE5yluRs9oV8=
-401,246,FlncBsz6Ao1rvdpJGANTL3HMX40=,8bHHaigkBt2znSTaw7dEs4Gexvo=
-402,247,FlncBsz6Ao1rvdpJGANTL3HMX40=,8bHHaigkBt2znSTaw7dEs4Gexvo=
-407,240,FlncBsz6Ao1rvdpJGANTL3HMX40=,8bHHaigkBt2znSTaw7dEs4Gexvo=
-406,241,FlncBsz6Ao1rvdpJGANTL3HMX40=,8bHHaigkBt2znSTaw7dEs4Gexvo=
-405,241,FlncBsz6Ao1rvdpJGANTL3HMX40=,8bHHaigkBt2znSTaw7dEs4Gexvo=
-408,242,FlncBsz6Ao1rvdpJGANTL3HMX40=,8bHHaigkBt2znSTaw7dEs4Gexvo=
-411,247,FlncBsz6Ao1rvdpJGANTL3HMX40=,kkE10jRkJvGquFxCE5yluRs9oV8=
-404,247,FlncBsz6Ao1rvdpJGANTL3HMX40=,8bHHaigkBt2znSTaw7dEs4Gexvo=
-403,247,FlncBsz6Ao1rvdpJGANTL3HMX40=,8bHHaigkBt2znSTaw7dEs4Gexvo=
-411,251,VOKrRoD+3Rsf57obWa1s0sOvKoI=,vyix+l8xKeUuN7ULzkmD0uV2nR0=
-406,247,FlncBsz6Ao1rvdpJGANTL3HMX40=,8bHHaigkBt2znSTaw7dEs4Gexvo=
-407,242,FlncBsz6Ao1rvdpJGANTL3HMX40=,8bHHaigkBt2znSTaw7dEs4Gexvo=
-409,251,FlncBsz6Ao1rvdpJGANTL3HMX40=,vyix+l8xKeUuN7ULzkmD0uV2nR0=
-412,251,VOKrRoD+3Rsf57obWa1s0sOvKoI=,vyix+l8xKeUuN7ULzkmD0uV2nR0=
-410,247,FlncBsz6Ao1rvdpJGANTL3HMX40=,kkE10jRkJvGquFxCE5yluRs9oV8=
-405,243,FlncBsz6Ao1rvdpJGANTL3HMX40=,8bHHaigkBt2znSTaw7dEs4Gexvo=
-405,247,FlncBsz6Ao1rvdpJGANTL3HMX40=,8bHHaigkBt2znSTaw7dEs4Gexvo=
-410,251,VOKrRoD+3Rsf57obWa1s0sOvKoI=,vyix+l8xKeUuN7ULzkmD0uV2nR0=
-408,244,FlncBsz6Ao1rvdpJGANTL3HMX40=,8bHHaigkBt2znSTaw7dEs4Gexvo=
-412,249,VOKrRoD+3Rsf57obWa1s0sOvKoI=,vyix+l8xKeUuN7ULzkmD0uV2nR0=
-402,251,FlncBsz6Ao1rvdpJGANTL3HMX40=,iVNqkgIESfypPCoe4BPac7cDr5Q=
-412,248,FlncBsz6Ao1rvdpJGANTL3HMX40=,vyix+l8xKeUuN7ULzkmD0uV2nR0=
-410,248,FlncBsz6Ao1rvdpJGANTL3HMX40=,vyix+l8xKeUuN7ULzkmD0uV2nR0=
-402,250,FlncBsz6Ao1rvdpJGANTL3HMX40=,iVNqkgIESfypPCoe4BPac7cDr5Q=
-406,248,FlncBsz6Ao1rvdpJGANTL3HMX40=,iVNqkgIESfypPCoe4BPac7cDr5Q=
-408,249,FlncBsz6Ao1rvdpJGANTL3HMX40=,iVNqkgIESfypPCoe4BPac7cDr5Q=
-402,249,FlncBsz6Ao1rvdpJGANTL3HMX40=,iVNqkgIESfypPCoe4BPac7cDr5Q=
-401,251,FlncBsz6Ao1rvdpJGANTL3HMX40=,iVNqkgIESfypPCoe4BPac7cDr5Q=
-405,245,FlncBsz6Ao1rvdpJGANTL3HMX40=,8bHHaigkBt2znSTaw7dEs4Gexvo=
-406,240,FlncBsz6Ao1rvdpJGANTL3HMX40=,8bHHaigkBt2znSTaw7dEs4Gexvo=
-404,245,FlncBsz6Ao1rvdpJGANTL3HMX40=,8bHHaigkBt2znSTaw7dEs4Gexvo=
-403,246,FlncBsz6Ao1rvdpJGANTL3HMX40=,8bHHaigkBt2znSTaw7dEs4Gexvo=
-402,246,FlncBsz6Ao1rvdpJGANTL3HMX40=,8bHHaigkBt2znSTaw7dEs4Gexvo=
-408,245,FlncBsz6Ao1rvdpJGANTL3HMX40=,8bHHaigkBt2znSTaw7dEs4Gexvo=
-401,244,FlncBsz6Ao1rvdpJGANTL3HMX40=,8bHHaigkBt2znSTaw7dEs4Gexvo=
-403,244,FlncBsz6Ao1rvdpJGANTL3HMX40=,8bHHaigkBt2znSTaw7dEs4Gexvo=
-409,246,FlncBsz6Ao1rvdpJGANTL3HMX40=,kkE10jRkJvGquFxCE5yluRs9oV8=
-409,247,FlncBsz6Ao1rvdpJGANTL3HMX40=,kkE10jRkJvGquFxCE5yluRs9oV8=
-404,244,FlncBsz6Ao1rvdpJGANTL3HMX40=,8bHHaigkBt2znSTaw7dEs4Gexvo=
-402,244,FlncBsz6Ao1rvdpJGANTL3HMX40=,8bHHaigkBt2znSTaw7dEs4Gexvo=
-405,240,FlncBsz6Ao1rvdpJGANTL3HMX40=,8bHHaigkBt2znSTaw7dEs4Gexvo=
-407,244,FlncBsz6Ao1rvdpJGANTL3HMX40=,8bHHaigkBt2znSTaw7dEs4Gexvo=
-406,243,FlncBsz6Ao1rvdpJGANTL3HMX40=,8bHHaigkBt2znSTaw7dEs4Gexvo=
-408,243,FlncBsz6Ao1rvdpJGANTL3HMX40=,8bHHaigkBt2znSTaw7dEs4Gexvo=
-407,243,FlncBsz6Ao1rvdpJGANTL3HMX40=,8bHHaigkBt2znSTaw7dEs4Gexvo=
-402,248,FlncBsz6Ao1rvdpJGANTL3HMX40=,iVNqkgIESfypPCoe4BPac7cDr5Q=
-407,245,FlncBsz6Ao1rvdpJGANTL3HMX40=,8bHHaigkBt2znSTaw7dEs4Gexvo=
-401,248,FlncBsz6Ao1rvdpJGANTL3HMX40=,iVNqkgIESfypPCoe4BPac7cDr5Q=
-405,244,FlncBsz6Ao1rvdpJGANTL3HMX40=,8bHHaigkBt2znSTaw7dEs4Gexvo=
-408,248,FlncBsz6Ao1rvdpJGANTL3HMX40=,iVNqkgIESfypPCoe4BPac7cDr5Q=
-406,242,FlncBsz6Ao1rvdpJGANTL3HMX40=,8bHHaigkBt2znSTaw7dEs4Gexvo=
-406,244,FlncBsz6Ao1rvdpJGANTL3HMX40=,8bHHaigkBt2znSTaw7dEs4Gexvo=
-411,246,FlncBsz6Ao1rvdpJGANTL3HMX40=,kkE10jRkJvGquFxCE5yluRs9oV8=
-403,245,FlncBsz6Ao1rvdpJGANTL3HMX40=,8bHHaigkBt2znSTaw7dEs4Gexvo=
-416,246,FlncBsz6Ao1rvdpJGANTL3HMX40=,kkE10jRkJvGquFxCE5yluRs9oV8=
-416,245,FlncBsz6Ao1rvdpJGANTL3HMX40=,kkE10jRkJvGquFxCE5yluRs9oV8=
-416,241,FlncBsz6Ao1rvdpJGANTL3HMX40=,kkE10jRkJvGquFxCE5yluRs9oV8=
-416,244,FlncBsz6Ao1rvdpJGANTL3HMX40=,kkE10jRkJvGquFxCE5yluRs9oV8=
-416,242,FlncBsz6Ao1rvdpJGANTL3HMX40=,kkE10jRkJvGquFxCE5yluRs9oV8=
-416,243,FlncBsz6Ao1rvdpJGANTL3HMX40=,kkE10jRkJvGquFxCE5yluRs9oV8=
-401,245,FlncBsz6Ao1rvdpJGANTL3HMX40=,8bHHaigkBt2znSTaw7dEs4Gexvo=
-405,242,FlncBsz6Ao1rvdpJGANTL3HMX40=,8bHHaigkBt2znSTaw7dEs4Gexvo=
-409,248,FlncBsz6Ao1rvdpJGANTL3HMX40=,vyix+l8xKeUuN7ULzkmD0uV2nR0=
-411,248,FlncBsz6Ao1rvdpJGANTL3HMX40=,vyix+l8xKeUuN7ULzkmD0uV2nR0=
-407,246,FlncBsz6Ao1rvdpJGANTL3HMX40=,8bHHaigkBt2znSTaw7dEs4Gexvo=
-408,241,FlncBsz6Ao1rvdpJGANTL3HMX40=,8bHHaigkBt2znSTaw7dEs4Gexvo=
-404,246,FlncBsz6Ao1rvdpJGANTL3HMX40=,8bHHaigkBt2znSTaw7dEs4Gexvo=
-407,248,FlncBsz6Ao1rvdpJGANTL3HMX40=,iVNqkgIESfypPCoe4BPac7cDr5Q=
-401,250,FlncBsz6Ao1rvdpJGANTL3HMX40=,iVNqkgIESfypPCoe4BPac7cDr5Q=
-401,249,FlncBsz6Ao1rvdpJGANTL3HMX40=,iVNqkgIESfypPCoe4BPac7cDr5Q=
-408,246,FlncBsz6Ao1rvdpJGANTL3HMX40=,8bHHaigkBt2znSTaw7dEs4Gexvo=
-409,249,FlncBsz6Ao1rvdpJGANTL3HMX40=,vyix+l8xKeUuN7ULzkmD0uV2nR0=
-410,246,FlncBsz6Ao1rvdpJGANTL3HMX40=,kkE10jRkJvGquFxCE5yluRs9oV8=
-405,246,FlncBsz6Ao1rvdpJGANTL3HMX40=,8bHHaigkBt2znSTaw7dEs4Gexvo=
-402,245,FlncBsz6Ao1rvdpJGANTL3HMX40=,8bHHaigkBt2znSTaw7dEs4Gexvo=
-407,241,FlncBsz6Ao1rvdpJGANTL3HMX40=,8bHHaigkBt2znSTaw7dEs4Gexvo=
-410,249,VOKrRoD+3Rsf57obWa1s0sOvKoI=,vyix+l8xKeUuN7ULzkmD0uV2nR0=
-406,245,FlncBsz6Ao1rvdpJGANTL3HMX40=,8bHHaigkBt2znSTaw7dEs4Gexvo=
-416,240,FlncBsz6Ao1rvdpJGANTL3HMX40=,kkE10jRkJvGquFxCE5yluRs9oV8=
-406,246,FlncBsz6Ao1rvdpJGANTL3HMX40=,8bHHaigkBt2znSTaw7dEs4Gexvo=
-402,254,FlncBsz6Ao1rvdpJGANTL3HMX40=,iVNqkgIESfypPCoe4BPac7cDr5Q=
-401,252,FlncBsz6Ao1rvdpJGANTL3HMX40=,iVNqkgIESfypPCoe4BPac7cDr5Q=
-404,243,FlncBsz6Ao1rvdpJGANTL3HMX40=,8bHHaigkBt2znSTaw7dEs4Gexvo=
-402,242,FlncBsz6Ao1rvdpJGANTL3HMX40=,8bHHaigkBt2znSTaw7dEs4Gexvo=
-403,242,FlncBsz6Ao1rvdpJGANTL3HMX40=,8bHHaigkBt2znSTaw7dEs4Gexvo=
-402,252,FlncBsz6Ao1rvdpJGANTL3HMX40=,iVNqkgIESfypPCoe4BPac7cDr5Q=
-402,243,FlncBsz6Ao1rvdpJGANTL3HMX40=,8bHHaigkBt2znSTaw7dEs4Gexvo=
-402,240,FlncBsz6Ao1rvdpJGANTL3HMX40=,8bHHaigkBt2znSTaw7dEs4Gexvo=
-404,242,FlncBsz6Ao1rvdpJGANTL3HMX40=,8bHHaigkBt2znSTaw7dEs4Gexvo=
-401,241,FlncBsz6Ao1rvdpJGANTL3HMX40=,8bHHaigkBt2znSTaw7dEs4Gexvo=
-401,240,FlncBsz6Ao1rvdpJGANTL3HMX40=,8bHHaigkBt2znSTaw7dEs4Gexvo=
-401,242,FlncBsz6Ao1rvdpJGANTL3HMX40=,8bHHaigkBt2znSTaw7dEs4Gexvo=
-404,240,FlncBsz6Ao1rvdpJGANTL3HMX40=,8bHHaigkBt2znSTaw7dEs4Gexvo=
-403,240,FlncBsz6Ao1rvdpJGANTL3HMX40=,8bHHaigkBt2znSTaw7dEs4Gexvo=
-402,241,FlncBsz6Ao1rvdpJGANTL3HMX40=,8bHHaigkBt2znSTaw7dEs4Gexvo=
-404,241,FlncBsz6Ao1rvdpJGANTL3HMX40=,8bHHaigkBt2znSTaw7dEs4Gexvo=
-403,241,FlncBsz6Ao1rvdpJGANTL3HMX40=,8bHHaigkBt2znSTaw7dEs4Gexvo=
-416,247,FlncBsz6Ao1rvdpJGANTL3HMX40=,kkE10jRkJvGquFxCE5yluRs9oV8=
-416,250,FlncBsz6Ao1rvdpJGANTL3HMX40=,vyix+l8xKeUuN7ULzkmD0uV2nR0=
-416,248,FlncBsz6Ao1rvdpJGANTL3HMX40=,vyix+l8xKeUuN7ULzkmD0uV2nR0=
-416,249,FlncBsz6Ao1rvdpJGANTL3HMX40=,vyix+l8xKeUuN7ULzkmD0uV2nR0=
-401,255,FlncBsz6Ao1rvdpJGANTL3HMX40=,iVNqkgIESfypPCoe4BPac7cDr5Q=
-401,254,FlncBsz6Ao1rvdpJGANTL3HMX40=,iVNqkgIESfypPCoe4BPac7cDr5Q=
-401,253,FlncBsz6Ao1rvdpJGANTL3HMX40=,iVNqkgIESfypPCoe4BPac7cDr5Q=
-416,254,FlncBsz6Ao1rvdpJGANTL3HMX40=,vyix+l8xKeUuN7ULzkmD0uV2nR0=
-413,254,VOKrRoD+3Rsf57obWa1s0sOvKoI=,vyix+l8xKeUuN7ULzkmD0uV2nR0=
-415,251,VOKrRoD+3Rsf57obWa1s0sOvKoI=,vyix+l8xKeUuN7ULzkmD0uV2nR0=
-413,250,VOKrRoD+3Rsf57obWa1s0sOvKoI=,vyix+l8xKeUuN7ULzkmD0uV2nR0=
-415,250,VOKrRoD+3Rsf57obWa1s0sOvKoI=,vyix+l8xKeUuN7ULzkmD0uV2nR0=
-413,249,VOKrRoD+3Rsf57obWa1s0sOvKoI=,vyix+l8xKeUuN7ULzkmD0uV2nR0=
-413,248,FlncBsz6Ao1rvdpJGANTL3HMX40=,vyix+l8xKeUuN7ULzkmD0uV2nR0=
-415,254,VOKrRoD+3Rsf57obWa1s0sOvKoI=,vyix+l8xKeUuN7ULzkmD0uV2nR0=
-414,251,VOKrRoD+3Rsf57obWa1s0sOvKoI=,vyix+l8xKeUuN7ULzkmD0uV2nR0=
-414,249,VOKrRoD+3Rsf57obWa1s0sOvKoI=,vyix+l8xKeUuN7ULzkmD0uV2nR0=
-413,252,VOKrRoD+3Rsf57obWa1s0sOvKoI=,vyix+l8xKeUuN7ULzkmD0uV2nR0=
-413,251,VOKrRoD+3Rsf57obWa1s0sOvKoI=,vyix+l8xKeUuN7ULzkmD0uV2nR0=
-413,253,VOKrRoD+3Rsf57obWa1s0sOvKoI=,vyix+l8xKeUuN7ULzkmD0uV2nR0=
-415,252,VOKrRoD+3Rsf57obWa1s0sOvKoI=,vyix+l8xKeUuN7ULzkmD0uV2nR0=
-414,255,FlncBsz6Ao1rvdpJGANTL3HMX40=,vyix+l8xKeUuN7ULzkmD0uV2nR0=
-402,253,FlncBsz6Ao1rvdpJGANTL3HMX40=,iVNqkgIESfypPCoe4BPac7cDr5Q=
-401,243,FlncBsz6Ao1rvdpJGANTL3HMX40=,8bHHaigkBt2znSTaw7dEs4Gexvo=
-416,252,FlncBsz6Ao1rvdpJGANTL3HMX40=,vyix+l8xKeUuN7ULzkmD0uV2nR0=
-414,253,VOKrRoD+3Rsf57obWa1s0sOvKoI=,vyix+l8xKeUuN7ULzkmD0uV2nR0=
-416,253,FlncBsz6Ao1rvdpJGANTL3HMX40=,vyix+l8xKeUuN7ULzkmD0uV2nR0=
-416,255,FlncBsz6Ao1rvdpJGANTL3HMX40=,vyix+l8xKeUuN7ULzkmD0uV2nR0=
-415,253,VOKrRoD+3Rsf57obWa1s0sOvKoI=,vyix+l8xKeUuN7ULzkmD0uV2nR0=
-414,250,VOKrRoD+3Rsf57obWa1s0sOvKoI=,vyix+l8xKeUuN7ULzkmD0uV2nR0=
-416,251,FlncBsz6Ao1rvdpJGANTL3HMX40=,vyix+l8xKeUuN7ULzkmD0uV2nR0=
-414,252,VOKrRoD+3Rsf57obWa1s0sOvKoI=,vyix+l8xKeUuN7ULzkmD0uV2nR0=
-403,243,FlncBsz6Ao1rvdpJGANTL3HMX40=,8bHHaigkBt2znSTaw7dEs4Gexvo=
-414,254,VOKrRoD+3Rsf57obWa1s0sOvKoI=,vyix+l8xKeUuN7ULzkmD0uV2nR0=
-415,255,FlncBsz6Ao1rvdpJGANTL3HMX40=,vyix+l8xKeUuN7ULzkmD0uV2nR0=
-398,243,UZLkZ8VlzbJl8f66PKut1MFj0qs=,wl9dAu/pgxThKIqK9AUDXaRCfxQ=
-397,244,UZLkZ8VlzbJl8f66PKut1MFj0qs=,wl9dAu/pgxThKIqK9AUDXaRCfxQ=
-398,244,UZLkZ8VlzbJl8f66PKut1MFj0qs=,wl9dAu/pgxThKIqK9AUDXaRCfxQ=
-399,244,UZLkZ8VlzbJl8f66PKut1MFj0qs=,wl9dAu/pgxThKIqK9AUDXaRCfxQ=
-397,243,UZLkZ8VlzbJl8f66PKut1MFj0qs=,wl9dAu/pgxThKIqK9AUDXaRCfxQ=
-393,249,UZLkZ8VlzbJl8f66PKut1MFj0qs=,Foy231hgeQSq3g0ckYY18e7XTVU=
-393,247,UZLkZ8VlzbJl8f66PKut1MFj0qs=,wl9dAu/pgxThKIqK9AUDXaRCfxQ=
-396,248,UZLkZ8VlzbJl8f66PKut1MFj0qs=,Foy231hgeQSq3g0ckYY18e7XTVU=
-394,250,UZLkZ8VlzbJl8f66PKut1MFj0qs=,Foy231hgeQSq3g0ckYY18e7XTVU=
-395,250,UZLkZ8VlzbJl8f66PKut1MFj0qs=,Foy231hgeQSq3g0ckYY18e7XTVU=
-391,248,UZLkZ8VlzbJl8f66PKut1MFj0qs=,lo7XPjyCxOmHLXfR5C5IGadjlxo=
-396,250,UZLkZ8VlzbJl8f66PKut1MFj0qs=,Foy231hgeQSq3g0ckYY18e7XTVU=
-393,244,UZLkZ8VlzbJl8f66PKut1MFj0qs=,wl9dAu/pgxThKIqK9AUDXaRCfxQ=
-388,246,UZLkZ8VlzbJl8f66PKut1MFj0qs=,+9skuPfkuJDFWu+aLt8kwRvHh68=
-395,248,UZLkZ8VlzbJl8f66PKut1MFj0qs=,Foy231hgeQSq3g0ckYY18e7XTVU=
-394,248,UZLkZ8VlzbJl8f66PKut1MFj0qs=,Foy231hgeQSq3g0ckYY18e7XTVU=
-390,248,UZLkZ8VlzbJl8f66PKut1MFj0qs=,lo7XPjyCxOmHLXfR5C5IGadjlxo=
-392,248,UZLkZ8VlzbJl8f66PKut1MFj0qs=,lo7XPjyCxOmHLXfR5C5IGadjlxo=
-393,245,UZLkZ8VlzbJl8f66PKut1MFj0qs=,wl9dAu/pgxThKIqK9AUDXaRCfxQ=
-396,251,UZLkZ8VlzbJl8f66PKut1MFj0qs=,Foy231hgeQSq3g0ckYY18e7XTVU=
-393,248,UZLkZ8VlzbJl8f66PKut1MFj0qs=,Foy231hgeQSq3g0ckYY18e7XTVU=
-393,246,UZLkZ8VlzbJl8f66PKut1MFj0qs=,wl9dAu/pgxThKIqK9AUDXaRCfxQ=
-396,245,UZLkZ8VlzbJl8f66PKut1MFj0qs=,wl9dAu/pgxThKIqK9AUDXaRCfxQ=
-394,251,UZLkZ8VlzbJl8f66PKut1MFj0qs=,Foy231hgeQSq3g0ckYY18e7XTVU=
-388,255,UZLkZ8VlzbJl8f66PKut1MFj0qs=,lo7XPjyCxOmHLXfR5C5IGadjlxo=
-393,255,UZLkZ8VlzbJl8f66PKut1MFj0qs=,Foy231hgeQSq3g0ckYY18e7XTVU=
-395,251,UZLkZ8VlzbJl8f66PKut1MFj0qs=,Foy231hgeQSq3g0ckYY18e7XTVU=
-389,246,UZLkZ8VlzbJl8f66PKut1MFj0qs=,+9skuPfkuJDFWu+aLt8kwRvHh68=
-396,249,UZLkZ8VlzbJl8f66PKut1MFj0qs=,Foy231hgeQSq3g0ckYY18e7XTVU=
-396,247,UZLkZ8VlzbJl8f66PKut1MFj0qs=,wl9dAu/pgxThKIqK9AUDXaRCfxQ=
-385,255,UZLkZ8VlzbJl8f66PKut1MFj0qs=,lo7XPjyCxOmHLXfR5C5IGadjlxo=
-386,255,UZLkZ8VlzbJl8f66PKut1MFj0qs=,lo7XPjyCxOmHLXfR5C5IGadjlxo=
-394,255,UZLkZ8VlzbJl8f66PKut1MFj0qs=,Foy231hgeQSq3g0ckYY18e7XTVU=
-389,248,UZLkZ8VlzbJl8f66PKut1MFj0qs=,lo7XPjyCxOmHLXfR5C5IGadjlxo=
-388,248,UZLkZ8VlzbJl8f66PKut1MFj0qs=,lo7XPjyCxOmHLXfR5C5IGadjlxo=
-394,249,UZLkZ8VlzbJl8f66PKut1MFj0qs=,Foy231hgeQSq3g0ckYY18e7XTVU=
-395,249,UZLkZ8VlzbJl8f66PKut1MFj0qs=,Foy231hgeQSq3g0ckYY18e7XTVU=
-393,251,UZLkZ8VlzbJl8f66PKut1MFj0qs=,Foy231hgeQSq3g0ckYY18e7XTVU=
-395,255,UZLkZ8VlzbJl8f66PKut1MFj0qs=,Foy231hgeQSq3g0ckYY18e7XTVU=
-387,253,UZLkZ8VlzbJl8f66PKut1MFj0qs=,lo7XPjyCxOmHLXfR5C5IGadjlxo=
-385,248,UZLkZ8VlzbJl8f66PKut1MFj0qs=,lo7XPjyCxOmHLXfR5C5IGadjlxo=
-387,255,UZLkZ8VlzbJl8f66PKut1MFj0qs=,lo7XPjyCxOmHLXfR5C5IGadjlxo=
-385,251,UZLkZ8VlzbJl8f66PKut1MFj0qs=,lo7XPjyCxOmHLXfR5C5IGadjlxo=
-392,249,UZLkZ8VlzbJl8f66PKut1MFj0qs=,lo7XPjyCxOmHLXfR5C5IGadjlxo=
-393,250,UZLkZ8VlzbJl8f66PKut1MFj0qs=,Foy231hgeQSq3g0ckYY18e7XTVU=
-385,247,UZLkZ8VlzbJl8f66PKut1MFj0qs=,+9skuPfkuJDFWu+aLt8kwRvHh68=
-386,253,UZLkZ8VlzbJl8f66PKut1MFj0qs=,lo7XPjyCxOmHLXfR5C5IGadjlxo=
-395,254,UZLkZ8VlzbJl8f66PKut1MFj0qs=,Foy231hgeQSq3g0ckYY18e7XTVU=
-386,248,UZLkZ8VlzbJl8f66PKut1MFj0qs=,lo7XPjyCxOmHLXfR5C5IGadjlxo=
-400,247,UZLkZ8VlzbJl8f66PKut1MFj0qs=,wl9dAu/pgxThKIqK9AUDXaRCfxQ=
-395,245,UZLkZ8VlzbJl8f66PKut1MFj0qs=,wl9dAu/pgxThKIqK9AUDXaRCfxQ=
-390,249,UZLkZ8VlzbJl8f66PKut1MFj0qs=,lo7XPjyCxOmHLXfR5C5IGadjlxo=
-389,249,UZLkZ8VlzbJl8f66PKut1MFj0qs=,lo7XPjyCxOmHLXfR5C5IGadjlxo=
-386,247,UZLkZ8VlzbJl8f66PKut1MFj0qs=,+9skuPfkuJDFWu+aLt8kwRvHh68=
-386,252,UZLkZ8VlzbJl8f66PKut1MFj0qs=,lo7XPjyCxOmHLXfR5C5IGadjlxo=
-392,240,UZLkZ8VlzbJl8f66PKut1MFj0qs=,+9skuPfkuJDFWu+aLt8kwRvHh68=
-398,242,UZLkZ8VlzbJl8f66PKut1MFj0qs=,wl9dAu/pgxThKIqK9AUDXaRCfxQ=
-394,247,UZLkZ8VlzbJl8f66PKut1MFj0qs=,wl9dAu/pgxThKIqK9AUDXaRCfxQ=
-395,241,UZLkZ8VlzbJl8f66PKut1MFj0qs=,wl9dAu/pgxThKIqK9AUDXaRCfxQ=
-396,254,UZLkZ8VlzbJl8f66PKut1MFj0qs=,Foy231hgeQSq3g0ckYY18e7XTVU=
-394,246,UZLkZ8VlzbJl8f66PKut1MFj0qs=,wl9dAu/pgxThKIqK9AUDXaRCfxQ=
-386,251,UZLkZ8VlzbJl8f66PKut1MFj0qs=,lo7XPjyCxOmHLXfR5C5IGadjlxo=
-393,240,UZLkZ8VlzbJl8f66PKut1MFj0qs=,wl9dAu/pgxThKIqK9AUDXaRCfxQ=
-395,247,UZLkZ8VlzbJl8f66PKut1MFj0qs=,wl9dAu/pgxThKIqK9AUDXaRCfxQ=
-387,248,UZLkZ8VlzbJl8f66PKut1MFj0qs=,lo7XPjyCxOmHLXfR5C5IGadjlxo=
-385,252,UZLkZ8VlzbJl8f66PKut1MFj0qs=,lo7XPjyCxOmHLXfR5C5IGadjlxo=
-391,249,UZLkZ8VlzbJl8f66PKut1MFj0qs=,lo7XPjyCxOmHLXfR5C5IGadjlxo=
-400,240,UZLkZ8VlzbJl8f66PKut1MFj0qs=,wl9dAu/pgxThKIqK9AUDXaRCfxQ=
-396,252,UZLkZ8VlzbJl8f66PKut1MFj0qs=,Foy231hgeQSq3g0ckYY18e7XTVU=
-399,241,UZLkZ8VlzbJl8f66PKut1MFj0qs=,wl9dAu/pgxThKIqK9AUDXaRCfxQ=
-395,252,UZLkZ8VlzbJl8f66PKut1MFj0qs=,Foy231hgeQSq3g0ckYY18e7XTVU=
-387,247,UZLkZ8VlzbJl8f66PKut1MFj0qs=,+9skuPfkuJDFWu+aLt8kwRvHh68=
-387,251,UZLkZ8VlzbJl8f66PKut1MFj0qs=,lo7XPjyCxOmHLXfR5C5IGadjlxo=
-394,254,UZLkZ8VlzbJl8f66PKut1MFj0qs=,Foy231hgeQSq3g0ckYY18e7XTVU=
-385,253,UZLkZ8VlzbJl8f66PKut1MFj0qs=,lo7XPjyCxOmHLXfR5C5IGadjlxo=
-394,242,UZLkZ8VlzbJl8f66PKut1MFj0qs=,wl9dAu/pgxThKIqK9AUDXaRCfxQ=
-388,253,UZLkZ8VlzbJl8f66PKut1MFj0qs=,lo7XPjyCxOmHLXfR5C5IGadjlxo=
-400,243,UZLkZ8VlzbJl8f66PKut1MFj0qs=,wl9dAu/pgxThKIqK9AUDXaRCfxQ=
-395,244,UZLkZ8VlzbJl8f66PKut1MFj0qs=,wl9dAu/pgxThKIqK9AUDXaRCfxQ=
-385,249,UZLkZ8VlzbJl8f66PKut1MFj0qs=,lo7XPjyCxOmHLXfR5C5IGadjlxo=
-394,240,UZLkZ8VlzbJl8f66PKut1MFj0qs=,wl9dAu/pgxThKIqK9AUDXaRCfxQ=
-387,249,UZLkZ8VlzbJl8f66PKut1MFj0qs=,lo7XPjyCxOmHLXfR5C5IGadjlxo=
-388,249,UZLkZ8VlzbJl8f66PKut1MFj0qs=,lo7XPjyCxOmHLXfR5C5IGadjlxo=
-394,244,UZLkZ8VlzbJl8f66PKut1MFj0qs=,wl9dAu/pgxThKIqK9AUDXaRCfxQ=
-394,243,UZLkZ8VlzbJl8f66PKut1MFj0qs=,wl9dAu/pgxThKIqK9AUDXaRCfxQ=
-388,247,UZLkZ8VlzbJl8f66PKut1MFj0qs=,+9skuPfkuJDFWu+aLt8kwRvHh68=
-392,250,UZLkZ8VlzbJl8f66PKut1MFj0qs=,lo7XPjyCxOmHLXfR5C5IGadjlxo=
-385,254,UZLkZ8VlzbJl8f66PKut1MFj0qs=,lo7XPjyCxOmHLXfR5C5IGadjlxo=
-385,240,UZLkZ8VlzbJl8f66PKut1MFj0qs=,+9skuPfkuJDFWu+aLt8kwRvHh68=
-386,254,UZLkZ8VlzbJl8f66PKut1MFj0qs=,lo7XPjyCxOmHLXfR5C5IGadjlxo=
-389,247,UZLkZ8VlzbJl8f66PKut1MFj0qs=,+9skuPfkuJDFWu+aLt8kwRvHh68=
-400,245,UZLkZ8VlzbJl8f66PKut1MFj0qs=,wl9dAu/pgxThKIqK9AUDXaRCfxQ=
-395,240,UZLkZ8VlzbJl8f66PKut1MFj0qs=,wl9dAu/pgxThKIqK9AUDXaRCfxQ=
-388,254,UZLkZ8VlzbJl8f66PKut1MFj0qs=,lo7XPjyCxOmHLXfR5C5IGadjlxo=
-387,252,UZLkZ8VlzbJl8f66PKut1MFj0qs=,lo7XPjyCxOmHLXfR5C5IGadjlxo=
-386,249,UZLkZ8VlzbJl8f66PKut1MFj0qs=,lo7XPjyCxOmHLXfR5C5IGadjlxo=
-396,246,UZLkZ8VlzbJl8f66PKut1MFj0qs=,wl9dAu/pgxThKIqK9AUDXaRCfxQ=
-388,252,UZLkZ8VlzbJl8f66PKut1MFj0qs=,lo7XPjyCxOmHLXfR5C5IGadjlxo=
-391,250,UZLkZ8VlzbJl8f66PKut1MFj0qs=,lo7XPjyCxOmHLXfR5C5IGadjlxo=
-388,250,UZLkZ8VlzbJl8f66PKut1MFj0qs=,lo7XPjyCxOmHLXfR5C5IGadjlxo=
-400,244,UZLkZ8VlzbJl8f66PKut1MFj0qs=,wl9dAu/pgxThKIqK9AUDXaRCfxQ=
-391,246,UZLkZ8VlzbJl8f66PKut1MFj0qs=,+9skuPfkuJDFWu+aLt8kwRvHh68=
-387,254,UZLkZ8VlzbJl8f66PKut1MFj0qs=,lo7XPjyCxOmHLXfR5C5IGadjlxo=
-398,241,UZLkZ8VlzbJl8f66PKut1MFj0qs=,wl9dAu/pgxThKIqK9AUDXaRCfxQ=
-400,242,UZLkZ8VlzbJl8f66PKut1MFj0qs=,wl9dAu/pgxThKIqK9AUDXaRCfxQ=
-399,242,UZLkZ8VlzbJl8f66PKut1MFj0qs=,wl9dAu/pgxThKIqK9AUDXaRCfxQ=
-385,250,UZLkZ8VlzbJl8f66PKut1MFj0qs=,lo7XPjyCxOmHLXfR5C5IGadjlxo=
-386,240,UZLkZ8VlzbJl8f66PKut1MFj0qs=,+9skuPfkuJDFWu+aLt8kwRvHh68=
-387,250,UZLkZ8VlzbJl8f66PKut1MFj0qs=,lo7XPjyCxOmHLXfR5C5IGadjlxo=
-392,251,UZLkZ8VlzbJl8f66PKut1MFj0qs=,lo7XPjyCxOmHLXfR5C5IGadjlxo=
-389,250,UZLkZ8VlzbJl8f66PKut1MFj0qs=,lo7XPjyCxOmHLXfR5C5IGadjlxo=
-394,252,UZLkZ8VlzbJl8f66PKut1MFj0qs=,Foy231hgeQSq3g0ckYY18e7XTVU=
-390,250,UZLkZ8VlzbJl8f66PKut1MFj0qs=,lo7XPjyCxOmHLXfR5C5IGadjlxo=
-388,251,UZLkZ8VlzbJl8f66PKut1MFj0qs=,lo7XPjyCxOmHLXfR5C5IGadjlxo=
-397,242,UZLkZ8VlzbJl8f66PKut1MFj0qs=,wl9dAu/pgxThKIqK9AUDXaRCfxQ=
-389,251,UZLkZ8VlzbJl8f66PKut1MFj0qs=,lo7XPjyCxOmHLXfR5C5IGadjlxo=
-395,242,UZLkZ8VlzbJl8f66PKut1MFj0qs=,wl9dAu/pgxThKIqK9AUDXaRCfxQ=
-394,245,UZLkZ8VlzbJl8f66PKut1MFj0qs=,wl9dAu/pgxThKIqK9AUDXaRCfxQ=
-398,240,UZLkZ8VlzbJl8f66PKut1MFj0qs=,wl9dAu/pgxThKIqK9AUDXaRCfxQ=
-399,240,UZLkZ8VlzbJl8f66PKut1MFj0qs=,wl9dAu/pgxThKIqK9AUDXaRCfxQ=
-397,245,UZLkZ8VlzbJl8f66PKut1MFj0qs=,wl9dAu/pgxThKIqK9AUDXaRCfxQ=
-390,246,UZLkZ8VlzbJl8f66PKut1MFj0qs=,+9skuPfkuJDFWu+aLt8kwRvHh68=
-396,244,UZLkZ8VlzbJl8f66PKut1MFj0qs=,wl9dAu/pgxThKIqK9AUDXaRCfxQ=
-399,247,UZLkZ8VlzbJl8f66PKut1MFj0qs=,wl9dAu/pgxThKIqK9AUDXaRCfxQ=
-397,247,UZLkZ8VlzbJl8f66PKut1MFj0qs=,wl9dAu/pgxThKIqK9AUDXaRCfxQ=
-385,246,UZLkZ8VlzbJl8f66PKut1MFj0qs=,+9skuPfkuJDFWu+aLt8kwRvHh68=
-395,246,UZLkZ8VlzbJl8f66PKut1MFj0qs=,wl9dAu/pgxThKIqK9AUDXaRCfxQ=
-386,245,UZLkZ8VlzbJl8f66PKut1MFj0qs=,+9skuPfkuJDFWu+aLt8kwRvHh68=
-399,250,UZLkZ8VlzbJl8f66PKut1MFj0qs=,Foy231hgeQSq3g0ckYY18e7XTVU=
-399,246,UZLkZ8VlzbJl8f66PKut1MFj0qs=,wl9dAu/pgxThKIqK9AUDXaRCfxQ=
-398,247,UZLkZ8VlzbJl8f66PKut1MFj0qs=,wl9dAu/pgxThKIqK9AUDXaRCfxQ=
-387,246,UZLkZ8VlzbJl8f66PKut1MFj0qs=,+9skuPfkuJDFWu+aLt8kwRvHh68=
-387,245,UZLkZ8VlzbJl8f66PKut1MFj0qs=,+9skuPfkuJDFWu+aLt8kwRvHh68=
-395,243,UZLkZ8VlzbJl8f66PKut1MFj0qs=,wl9dAu/pgxThKIqK9AUDXaRCfxQ=
-396,243,UZLkZ8VlzbJl8f66PKut1MFj0qs=,wl9dAu/pgxThKIqK9AUDXaRCfxQ=
-391,245,UZLkZ8VlzbJl8f66PKut1MFj0qs=,+9skuPfkuJDFWu+aLt8kwRvHh68=
-386,246,UZLkZ8VlzbJl8f66PKut1MFj0qs=,+9skuPfkuJDFWu+aLt8kwRvHh68=
-394,241,UZLkZ8VlzbJl8f66PKut1MFj0qs=,wl9dAu/pgxThKIqK9AUDXaRCfxQ=
-385,245,UZLkZ8VlzbJl8f66PKut1MFj0qs=,+9skuPfkuJDFWu+aLt8kwRvHh68=
-389,245,UZLkZ8VlzbJl8f66PKut1MFj0qs=,+9skuPfkuJDFWu+aLt8kwRvHh68=
-394,253,UZLkZ8VlzbJl8f66PKut1MFj0qs=,Foy231hgeQSq3g0ckYY18e7XTVU=
-398,250,UZLkZ8VlzbJl8f66PKut1MFj0qs=,Foy231hgeQSq3g0ckYY18e7XTVU=
-386,244,UZLkZ8VlzbJl8f66PKut1MFj0qs=,+9skuPfkuJDFWu+aLt8kwRvHh68=
-392,245,UZLkZ8VlzbJl8f66PKut1MFj0qs=,+9skuPfkuJDFWu+aLt8kwRvHh68=
-398,245,UZLkZ8VlzbJl8f66PKut1MFj0qs=,wl9dAu/pgxThKIqK9AUDXaRCfxQ=
-387,243,UZLkZ8VlzbJl8f66PKut1MFj0qs=,+9skuPfkuJDFWu+aLt8kwRvHh68=
-388,245,UZLkZ8VlzbJl8f66PKut1MFj0qs=,+9skuPfkuJDFWu+aLt8kwRvHh68=
-388,244,UZLkZ8VlzbJl8f66PKut1MFj0qs=,+9skuPfkuJDFWu+aLt8kwRvHh68=
-388,243,UZLkZ8VlzbJl8f66PKut1MFj0qs=,+9skuPfkuJDFWu+aLt8kwRvHh68=
-386,242,UZLkZ8VlzbJl8f66PKut1MFj0qs=,+9skuPfkuJDFWu+aLt8kwRvHh68=
-395,253,UZLkZ8VlzbJl8f66PKut1MFj0qs=,Foy231hgeQSq3g0ckYY18e7XTVU=
-392,246,UZLkZ8VlzbJl8f66PKut1MFj0qs=,+9skuPfkuJDFWu+aLt8kwRvHh68=
-396,242,UZLkZ8VlzbJl8f66PKut1MFj0qs=,wl9dAu/pgxThKIqK9AUDXaRCfxQ=
-390,247,UZLkZ8VlzbJl8f66PKut1MFj0qs=,+9skuPfkuJDFWu+aLt8kwRvHh68=
-385,244,UZLkZ8VlzbJl8f66PKut1MFj0qs=,+9skuPfkuJDFWu+aLt8kwRvHh68=
-399,245,UZLkZ8VlzbJl8f66PKut1MFj0qs=,wl9dAu/pgxThKIqK9AUDXaRCfxQ=
-385,242,UZLkZ8VlzbJl8f66PKut1MFj0qs=,+9skuPfkuJDFWu+aLt8kwRvHh68=
-390,243,UZLkZ8VlzbJl8f66PKut1MFj0qs=,+9skuPfkuJDFWu+aLt8kwRvHh68=
-396,241,UZLkZ8VlzbJl8f66PKut1MFj0qs=,wl9dAu/pgxThKIqK9AUDXaRCfxQ=
-397,249,UZLkZ8VlzbJl8f66PKut1MFj0qs=,Foy231hgeQSq3g0ckYY18e7XTVU=
-397,250,UZLkZ8VlzbJl8f66PKut1MFj0qs=,Foy231hgeQSq3g0ckYY18e7XTVU=
-387,242,UZLkZ8VlzbJl8f66PKut1MFj0qs=,+9skuPfkuJDFWu+aLt8kwRvHh68=
-389,243,UZLkZ8VlzbJl8f66PKut1MFj0qs=,+9skuPfkuJDFWu+aLt8kwRvHh68=
-388,241,UZLkZ8VlzbJl8f66PKut1MFj0qs=,+9skuPfkuJDFWu+aLt8kwRvHh68=
-399,249,UZLkZ8VlzbJl8f66PKut1MFj0qs=,Foy231hgeQSq3g0ckYY18e7XTVU=
-392,244,UZLkZ8VlzbJl8f66PKut1MFj0qs=,+9skuPfkuJDFWu+aLt8kwRvHh68=
-390,244,UZLkZ8VlzbJl8f66PKut1MFj0qs=,+9skuPfkuJDFWu+aLt8kwRvHh68=
-392,247,UZLkZ8VlzbJl8f66PKut1MFj0qs=,+9skuPfkuJDFWu+aLt8kwRvHh68=
-388,242,UZLkZ8VlzbJl8f66PKut1MFj0qs=,+9skuPfkuJDFWu+aLt8kwRvHh68=
-391,244,UZLkZ8VlzbJl8f66PKut1MFj0qs=,+9skuPfkuJDFWu+aLt8kwRvHh68=
-399,248,UZLkZ8VlzbJl8f66PKut1MFj0qs=,Foy231hgeQSq3g0ckYY18e7XTVU=
-398,251,UZLkZ8VlzbJl8f66PKut1MFj0qs=,Foy231hgeQSq3g0ckYY18e7XTVU=
-389,244,UZLkZ8VlzbJl8f66PKut1MFj0qs=,+9skuPfkuJDFWu+aLt8kwRvHh68=
-397,248,UZLkZ8VlzbJl8f66PKut1MFj0qs=,Foy231hgeQSq3g0ckYY18e7XTVU=
-388,240,UZLkZ8VlzbJl8f66PKut1MFj0qs=,+9skuPfkuJDFWu+aLt8kwRvHh68=
-387,244,UZLkZ8VlzbJl8f66PKut1MFj0qs=,+9skuPfkuJDFWu+aLt8kwRvHh68=
-398,249,UZLkZ8VlzbJl8f66PKut1MFj0qs=,Foy231hgeQSq3g0ckYY18e7XTVU=
-387,241,UZLkZ8VlzbJl8f66PKut1MFj0qs=,+9skuPfkuJDFWu+aLt8kwRvHh68=
-386,241,UZLkZ8VlzbJl8f66PKut1MFj0qs=,+9skuPfkuJDFWu+aLt8kwRvHh68=
-396,253,UZLkZ8VlzbJl8f66PKut1MFj0qs=,Foy231hgeQSq3g0ckYY18e7XTVU=
-392,252,UZLkZ8VlzbJl8f66PKut1MFj0qs=,lo7XPjyCxOmHLXfR5C5IGadjlxo=
-398,248,UZLkZ8VlzbJl8f66PKut1MFj0qs=,Foy231hgeQSq3g0ckYY18e7XTVU=
-399,251,UZLkZ8VlzbJl8f66PKut1MFj0qs=,Foy231hgeQSq3g0ckYY18e7XTVU=
-397,251,UZLkZ8VlzbJl8f66PKut1MFj0qs=,Foy231hgeQSq3g0ckYY18e7XTVU=
-399,253,UZLkZ8VlzbJl8f66PKut1MFj0qs=,Foy231hgeQSq3g0ckYY18e7XTVU=
-396,240,UZLkZ8VlzbJl8f66PKut1MFj0qs=,wl9dAu/pgxThKIqK9AUDXaRCfxQ=
-389,255,UZLkZ8VlzbJl8f66PKut1MFj0qs=,lo7XPjyCxOmHLXfR5C5IGadjlxo=
-399,252,UZLkZ8VlzbJl8f66PKut1MFj0qs=,Foy231hgeQSq3g0ckYY18e7XTVU=
-393,253,UZLkZ8VlzbJl8f66PKut1MFj0qs=,Foy231hgeQSq3g0ckYY18e7XTVU=
-390,255,UZLkZ8VlzbJl8f66PKut1MFj0qs=,lo7XPjyCxOmHLXfR5C5IGadjlxo=
-397,254,UZLkZ8VlzbJl8f66PKut1MFj0qs=,Foy231hgeQSq3g0ckYY18e7XTVU=
-398,254,UZLkZ8VlzbJl8f66PKut1MFj0qs=,Foy231hgeQSq3g0ckYY18e7XTVU=
-398,255,UZLkZ8VlzbJl8f66PKut1MFj0qs=,Foy231hgeQSq3g0ckYY18e7XTVU=
-389,240,UZLkZ8VlzbJl8f66PKut1MFj0qs=,+9skuPfkuJDFWu+aLt8kwRvHh68=
-397,255,UZLkZ8VlzbJl8f66PKut1MFj0qs=,Foy231hgeQSq3g0ckYY18e7XTVU=
-391,255,UZLkZ8VlzbJl8f66PKut1MFj0qs=,lo7XPjyCxOmHLXfR5C5IGadjlxo=
-393,252,UZLkZ8VlzbJl8f66PKut1MFj0qs=,Foy231hgeQSq3g0ckYY18e7XTVU=
-397,252,UZLkZ8VlzbJl8f66PKut1MFj0qs=,Foy231hgeQSq3g0ckYY18e7XTVU=
-398,252,UZLkZ8VlzbJl8f66PKut1MFj0qs=,Foy231hgeQSq3g0ckYY18e7XTVU=
-399,243,UZLkZ8VlzbJl8f66PKut1MFj0qs=,wl9dAu/pgxThKIqK9AUDXaRCfxQ=
-400,241,UZLkZ8VlzbJl8f66PKut1MFj0qs=,wl9dAu/pgxThKIqK9AUDXaRCfxQ=
-400,252,UZLkZ8VlzbJl8f66PKut1MFj0qs=,Foy231hgeQSq3g0ckYY18e7XTVU=
-391,252,UZLkZ8VlzbJl8f66PKut1MFj0qs=,lo7XPjyCxOmHLXfR5C5IGadjlxo=
-400,250,UZLkZ8VlzbJl8f66PKut1MFj0qs=,Foy231hgeQSq3g0ckYY18e7XTVU=
-390,252,UZLkZ8VlzbJl8f66PKut1MFj0qs=,lo7XPjyCxOmHLXfR5C5IGadjlxo=
-398,253,UZLkZ8VlzbJl8f66PKut1MFj0qs=,Foy231hgeQSq3g0ckYY18e7XTVU=
-390,245,UZLkZ8VlzbJl8f66PKut1MFj0qs=,+9skuPfkuJDFWu+aLt8kwRvHh68=
-397,241,UZLkZ8VlzbJl8f66PKut1MFj0qs=,wl9dAu/pgxThKIqK9AUDXaRCfxQ=
-387,240,UZLkZ8VlzbJl8f66PKut1MFj0qs=,+9skuPfkuJDFWu+aLt8kwRvHh68=
-397,253,UZLkZ8VlzbJl8f66PKut1MFj0qs=,Foy231hgeQSq3g0ckYY18e7XTVU=
-385,243,UZLkZ8VlzbJl8f66PKut1MFj0qs=,+9skuPfkuJDFWu+aLt8kwRvHh68=
-391,251,UZLkZ8VlzbJl8f66PKut1MFj0qs=,lo7XPjyCxOmHLXfR5C5IGadjlxo=
-393,254,UZLkZ8VlzbJl8f66PKut1MFj0qs=,Foy231hgeQSq3g0ckYY18e7XTVU=
-392,255,UZLkZ8VlzbJl8f66PKut1MFj0qs=,lo7XPjyCxOmHLXfR5C5IGadjlxo=
-390,251,UZLkZ8VlzbJl8f66PKut1MFj0qs=,lo7XPjyCxOmHLXfR5C5IGadjlxo=
-397,240,UZLkZ8VlzbJl8f66PKut1MFj0qs=,wl9dAu/pgxThKIqK9AUDXaRCfxQ=
-398,246,UZLkZ8VlzbJl8f66PKut1MFj0qs=,wl9dAu/pgxThKIqK9AUDXaRCfxQ=
-399,254,UZLkZ8VlzbJl8f66PKut1MFj0qs=,Foy231hgeQSq3g0ckYY18e7XTVU=
-386,243,UZLkZ8VlzbJl8f66PKut1MFj0qs=,+9skuPfkuJDFWu+aLt8kwRvHh68=
-399,255,UZLkZ8VlzbJl8f66PKut1MFj0qs=,Foy231hgeQSq3g0ckYY18e7XTVU=
-390,241,UZLkZ8VlzbJl8f66PKut1MFj0qs=,+9skuPfkuJDFWu+aLt8kwRvHh68=
-400,251,UZLkZ8VlzbJl8f66PKut1MFj0qs=,Foy231hgeQSq3g0ckYY18e7XTVU=
-391,247,UZLkZ8VlzbJl8f66PKut1MFj0qs=,+9skuPfkuJDFWu+aLt8kwRvHh68=
-391,253,UZLkZ8VlzbJl8f66PKut1MFj0qs=,lo7XPjyCxOmHLXfR5C5IGadjlxo=
-385,241,UZLkZ8VlzbJl8f66PKut1MFj0qs=,+9skuPfkuJDFWu+aLt8kwRvHh68=
-400,248,UZLkZ8VlzbJl8f66PKut1MFj0qs=,Foy231hgeQSq3g0ckYY18e7XTVU=
-391,243,UZLkZ8VlzbJl8f66PKut1MFj0qs=,+9skuPfkuJDFWu+aLt8kwRvHh68=
-386,250,UZLkZ8VlzbJl8f66PKut1MFj0qs=,lo7XPjyCxOmHLXfR5C5IGadjlxo=
-400,253,UZLkZ8VlzbJl8f66PKut1MFj0qs=,Foy231hgeQSq3g0ckYY18e7XTVU=
-389,252,UZLkZ8VlzbJl8f66PKut1MFj0qs=,lo7XPjyCxOmHLXfR5C5IGadjlxo=
-397,246,UZLkZ8VlzbJl8f66PKut1MFj0qs=,wl9dAu/pgxThKIqK9AUDXaRCfxQ=
-400,249,UZLkZ8VlzbJl8f66PKut1MFj0qs=,Foy231hgeQSq3g0ckYY18e7XTVU=
-390,240,UZLkZ8VlzbJl8f66PKut1MFj0qs=,+9skuPfkuJDFWu+aLt8kwRvHh68=
-400,246,UZLkZ8VlzbJl8f66PKut1MFj0qs=,wl9dAu/pgxThKIqK9AUDXaRCfxQ=
-392,241,UZLkZ8VlzbJl8f66PKut1MFj0qs=,+9skuPfkuJDFWu+aLt8kwRvHh68=
-392,242,UZLkZ8VlzbJl8f66PKut1MFj0qs=,+9skuPfkuJDFWu+aLt8kwRvHh68=
-392,243,UZLkZ8VlzbJl8f66PKut1MFj0qs=,+9skuPfkuJDFWu+aLt8kwRvHh68=
-392,254,UZLkZ8VlzbJl8f66PKut1MFj0qs=,lo7XPjyCxOmHLXfR5C5IGadjlxo=
-392,253,UZLkZ8VlzbJl8f66PKut1MFj0qs=,lo7XPjyCxOmHLXfR5C5IGadjlxo=
-400,254,UZLkZ8VlzbJl8f66PKut1MFj0qs=,Foy231hgeQSq3g0ckYY18e7XTVU=
-391,241,UZLkZ8VlzbJl8f66PKut1MFj0qs=,+9skuPfkuJDFWu+aLt8kwRvHh68=
-393,241,UZLkZ8VlzbJl8f66PKut1MFj0qs=,wl9dAu/pgxThKIqK9AUDXaRCfxQ=
-390,253,UZLkZ8VlzbJl8f66PKut1MFj0qs=,lo7XPjyCxOmHLXfR5C5IGadjlxo=
-393,243,UZLkZ8VlzbJl8f66PKut1MFj0qs=,wl9dAu/pgxThKIqK9AUDXaRCfxQ=
-389,253,UZLkZ8VlzbJl8f66PKut1MFj0qs=,lo7XPjyCxOmHLXfR5C5IGadjlxo=
-391,254,UZLkZ8VlzbJl8f66PKut1MFj0qs=,lo7XPjyCxOmHLXfR5C5IGadjlxo=
-389,254,UZLkZ8VlzbJl8f66PKut1MFj0qs=,lo7XPjyCxOmHLXfR5C5IGadjlxo=
-390,254,UZLkZ8VlzbJl8f66PKut1MFj0qs=,lo7XPjyCxOmHLXfR5C5IGadjlxo=
-389,242,UZLkZ8VlzbJl8f66PKut1MFj0qs=,+9skuPfkuJDFWu+aLt8kwRvHh68=
-400,255,UZLkZ8VlzbJl8f66PKut1MFj0qs=,Foy231hgeQSq3g0ckYY18e7XTVU=
-396,255,UZLkZ8VlzbJl8f66PKut1MFj0qs=,Foy231hgeQSq3g0ckYY18e7XTVU=
-390,242,UZLkZ8VlzbJl8f66PKut1MFj0qs=,+9skuPfkuJDFWu+aLt8kwRvHh68=
-391,242,UZLkZ8VlzbJl8f66PKut1MFj0qs=,+9skuPfkuJDFWu+aLt8kwRvHh68=
-393,242,UZLkZ8VlzbJl8f66PKut1MFj0qs=,wl9dAu/pgxThKIqK9AUDXaRCfxQ=
-389,241,UZLkZ8VlzbJl8f66PKut1MFj0qs=,+9skuPfkuJDFWu+aLt8kwRvHh68=
-391,240,UZLkZ8VlzbJl8f66PKut1MFj0qs=,+9skuPfkuJDFWu+aLt8kwRvHh68=
-392,232,8SyK0+b5iDMgHmI4XFbDaAvRyqY=,hRCldbIMZy8zCOIw2dXKAVdmYAY=
-395,233,8SyK0+b5iDMgHmI4XFbDaAvRyqY=,YJ0OG/5YGi7SlueMc4UAREEKRAQ=
-396,233,8SyK0+b5iDMgHmI4XFbDaAvRyqY=,YJ0OG/5YGi7SlueMc4UAREEKRAQ=
-394,233,8SyK0+b5iDMgHmI4XFbDaAvRyqY=,YJ0OG/5YGi7SlueMc4UAREEKRAQ=
-388,232,6YH/01dSR3pIJjsGG8EzWUe0A2c=,hRCldbIMZy8zCOIw2dXKAVdmYAY=
-390,232,8SyK0+b5iDMgHmI4XFbDaAvRyqY=,hRCldbIMZy8zCOIw2dXKAVdmYAY=
-387,231,6YH/01dSR3pIJjsGG8EzWUe0A2c=,kOEKLuIZOrCf7jc6UHnACxz0pj4=
-391,232,8SyK0+b5iDMgHmI4XFbDaAvRyqY=,hRCldbIMZy8zCOIw2dXKAVdmYAY=
-386,231,8SyK0+b5iDMgHmI4XFbDaAvRyqY=,kOEKLuIZOrCf7jc6UHnACxz0pj4=
-387,232,6YH/01dSR3pIJjsGG8EzWUe0A2c=,hRCldbIMZy8zCOIw2dXKAVdmYAY=
-389,232,8SyK0+b5iDMgHmI4XFbDaAvRyqY=,hRCldbIMZy8zCOIw2dXKAVdmYAY=
-390,231,8SyK0+b5iDMgHmI4XFbDaAvRyqY=,kOEKLuIZOrCf7jc6UHnACxz0pj4=
-388,231,6YH/01dSR3pIJjsGG8EzWUe0A2c=,kOEKLuIZOrCf7jc6UHnACxz0pj4=
-393,235,8SyK0+b5iDMgHmI4XFbDaAvRyqY=,YJ0OG/5YGi7SlueMc4UAREEKRAQ=
-395,234,8SyK0+b5iDMgHmI4XFbDaAvRyqY=,YJ0OG/5YGi7SlueMc4UAREEKRAQ=
-393,232,8SyK0+b5iDMgHmI4XFbDaAvRyqY=,YJ0OG/5YGi7SlueMc4UAREEKRAQ=
-385,231,8SyK0+b5iDMgHmI4XFbDaAvRyqY=,kOEKLuIZOrCf7jc6UHnACxz0pj4=
-392,231,8SyK0+b5iDMgHmI4XFbDaAvRyqY=,kOEKLuIZOrCf7jc6UHnACxz0pj4=
-389,231,8SyK0+b5iDMgHmI4XFbDaAvRyqY=,kOEKLuIZOrCf7jc6UHnACxz0pj4=
-392,233,8SyK0+b5iDMgHmI4XFbDaAvRyqY=,hRCldbIMZy8zCOIw2dXKAVdmYAY=
-390,233,8SyK0+b5iDMgHmI4XFbDaAvRyqY=,hRCldbIMZy8zCOIw2dXKAVdmYAY=
-388,236,6YH/01dSR3pIJjsGG8EzWUe0A2c=,hRCldbIMZy8zCOIw2dXKAVdmYAY=
-385,236,6YH/01dSR3pIJjsGG8EzWUe0A2c=,hRCldbIMZy8zCOIw2dXKAVdmYAY=
-385,239,6YH/01dSR3pIJjsGG8EzWUe0A2c=,hRCldbIMZy8zCOIw2dXKAVdmYAY=
-393,231,8SyK0+b5iDMgHmI4XFbDaAvRyqY=,l7hzhy+NZFbV8/C/9wc6OPk7Wq0=
-396,234,8SyK0+b5iDMgHmI4XFbDaAvRyqY=,YJ0OG/5YGi7SlueMc4UAREEKRAQ=
-386,232,6YH/01dSR3pIJjsGG8EzWUe0A2c=,hRCldbIMZy8zCOIw2dXKAVdmYAY=
-393,233,8SyK0+b5iDMgHmI4XFbDaAvRyqY=,YJ0OG/5YGi7SlueMc4UAREEKRAQ=
-387,237,6YH/01dSR3pIJjsGG8EzWUe0A2c=,hRCldbIMZy8zCOIw2dXKAVdmYAY=
-386,237,6YH/01dSR3pIJjsGG8EzWUe0A2c=,hRCldbIMZy8zCOIw2dXKAVdmYAY=
-385,237,6YH/01dSR3pIJjsGG8EzWUe0A2c=,hRCldbIMZy8zCOIw2dXKAVdmYAY=
-391,233,8SyK0+b5iDMgHmI4XFbDaAvRyqY=,hRCldbIMZy8zCOIw2dXKAVdmYAY=
-387,239,6YH/01dSR3pIJjsGG8EzWUe0A2c=,hRCldbIMZy8zCOIw2dXKAVdmYAY=
-394,234,8SyK0+b5iDMgHmI4XFbDaAvRyqY=,YJ0OG/5YGi7SlueMc4UAREEKRAQ=
-388,239,6YH/01dSR3pIJjsGG8EzWUe0A2c=,hRCldbIMZy8zCOIw2dXKAVdmYAY=
-393,234,8SyK0+b5iDMgHmI4XFbDaAvRyqY=,YJ0OG/5YGi7SlueMc4UAREEKRAQ=
-391,231,8SyK0+b5iDMgHmI4XFbDaAvRyqY=,kOEKLuIZOrCf7jc6UHnACxz0pj4=
-389,233,8SyK0+b5iDMgHmI4XFbDaAvRyqY=,hRCldbIMZy8zCOIw2dXKAVdmYAY=
-386,238,6YH/01dSR3pIJjsGG8EzWUe0A2c=,hRCldbIMZy8zCOIw2dXKAVdmYAY=
-395,235,8SyK0+b5iDMgHmI4XFbDaAvRyqY=,YJ0OG/5YGi7SlueMc4UAREEKRAQ=
-396,235,8SyK0+b5iDMgHmI4XFbDaAvRyqY=,YJ0OG/5YGi7SlueMc4UAREEKRAQ=
-387,236,6YH/01dSR3pIJjsGG8EzWUe0A2c=,hRCldbIMZy8zCOIw2dXKAVdmYAY=
-386,236,6YH/01dSR3pIJjsGG8EzWUe0A2c=,hRCldbIMZy8zCOIw2dXKAVdmYAY=
-385,232,8SyK0+b5iDMgHmI4XFbDaAvRyqY=,hRCldbIMZy8zCOIw2dXKAVdmYAY=
-386,239,6YH/01dSR3pIJjsGG8EzWUe0A2c=,hRCldbIMZy8zCOIw2dXKAVdmYAY=
-394,229,8SyK0+b5iDMgHmI4XFbDaAvRyqY=,l7hzhy+NZFbV8/C/9wc6OPk7Wq0=
-396,230,8SyK0+b5iDMgHmI4XFbDaAvRyqY=,l7hzhy+NZFbV8/C/9wc6OPk7Wq0=
-385,235,8SyK0+b5iDMgHmI4XFbDaAvRyqY=,hRCldbIMZy8zCOIw2dXKAVdmYAY=
-394,230,8SyK0+b5iDMgHmI4XFbDaAvRyqY=,l7hzhy+NZFbV8/C/9wc6OPk7Wq0=
-388,238,6YH/01dSR3pIJjsGG8EzWUe0A2c=,hRCldbIMZy8zCOIw2dXKAVdmYAY=
-387,238,6YH/01dSR3pIJjsGG8EzWUe0A2c=,hRCldbIMZy8zCOIw2dXKAVdmYAY=
-395,229,8SyK0+b5iDMgHmI4XFbDaAvRyqY=,l7hzhy+NZFbV8/C/9wc6OPk7Wq0=
-396,231,8SyK0+b5iDMgHmI4XFbDaAvRyqY=,l7hzhy+NZFbV8/C/9wc6OPk7Wq0=
-385,238,6YH/01dSR3pIJjsGG8EzWUe0A2c=,hRCldbIMZy8zCOIw2dXKAVdmYAY=
-396,228,8SyK0+b5iDMgHmI4XFbDaAvRyqY=,l7hzhy+NZFbV8/C/9wc6OPk7Wq0=
-395,228,8SyK0+b5iDMgHmI4XFbDaAvRyqY=,l7hzhy+NZFbV8/C/9wc6OPk7Wq0=
-388,237,6YH/01dSR3pIJjsGG8EzWUe0A2c=,hRCldbIMZy8zCOIw2dXKAVdmYAY=
-395,230,8SyK0+b5iDMgHmI4XFbDaAvRyqY=,l7hzhy+NZFbV8/C/9wc6OPk7Wq0=
-396,229,8SyK0+b5iDMgHmI4XFbDaAvRyqY=,l7hzhy+NZFbV8/C/9wc6OPk7Wq0=
-386,235,6YH/01dSR3pIJjsGG8EzWUe0A2c=,hRCldbIMZy8zCOIw2dXKAVdmYAY=
-394,231,8SyK0+b5iDMgHmI4XFbDaAvRyqY=,l7hzhy+NZFbV8/C/9wc6OPk7Wq0=
-395,231,8SyK0+b5iDMgHmI4XFbDaAvRyqY=,l7hzhy+NZFbV8/C/9wc6OPk7Wq0=
-394,232,8SyK0+b5iDMgHmI4XFbDaAvRyqY=,YJ0OG/5YGi7SlueMc4UAREEKRAQ=
-396,232,8SyK0+b5iDMgHmI4XFbDaAvRyqY=,YJ0OG/5YGi7SlueMc4UAREEKRAQ=
-394,235,8SyK0+b5iDMgHmI4XFbDaAvRyqY=,YJ0OG/5YGi7SlueMc4UAREEKRAQ=
-395,232,8SyK0+b5iDMgHmI4XFbDaAvRyqY=,YJ0OG/5YGi7SlueMc4UAREEKRAQ=
-393,230,8SyK0+b5iDMgHmI4XFbDaAvRyqY=,l7hzhy+NZFbV8/C/9wc6OPk7Wq0=
-390,230,8SyK0+b5iDMgHmI4XFbDaAvRyqY=,kOEKLuIZOrCf7jc6UHnACxz0pj4=
-388,230,8SyK0+b5iDMgHmI4XFbDaAvRyqY=,kOEKLuIZOrCf7jc6UHnACxz0pj4=
-394,228,8SyK0+b5iDMgHmI4XFbDaAvRyqY=,l7hzhy+NZFbV8/C/9wc6OPk7Wq0=
-389,230,8SyK0+b5iDMgHmI4XFbDaAvRyqY=,kOEKLuIZOrCf7jc6UHnACxz0pj4=
-387,230,6YH/01dSR3pIJjsGG8EzWUe0A2c=,kOEKLuIZOrCf7jc6UHnACxz0pj4=
-385,230,6YH/01dSR3pIJjsGG8EzWUe0A2c=,kOEKLuIZOrCf7jc6UHnACxz0pj4=
-387,228,6YH/01dSR3pIJjsGG8EzWUe0A2c=,kOEKLuIZOrCf7jc6UHnACxz0pj4=
-392,239,6YH/01dSR3pIJjsGG8EzWUe0A2c=,hRCldbIMZy8zCOIw2dXKAVdmYAY=
-399,237,6YH/01dSR3pIJjsGG8EzWUe0A2c=,YJ0OG/5YGi7SlueMc4UAREEKRAQ=
-397,236,6YH/01dSR3pIJjsGG8EzWUe0A2c=,YJ0OG/5YGi7SlueMc4UAREEKRAQ=
-397,237,6YH/01dSR3pIJjsGG8EzWUe0A2c=,YJ0OG/5YGi7SlueMc4UAREEKRAQ=
-398,237,6YH/01dSR3pIJjsGG8EzWUe0A2c=,YJ0OG/5YGi7SlueMc4UAREEKRAQ=
-388,228,6YH/01dSR3pIJjsGG8EzWUe0A2c=,kOEKLuIZOrCf7jc6UHnACxz0pj4=
-394,237,6YH/01dSR3pIJjsGG8EzWUe0A2c=,YJ0OG/5YGi7SlueMc4UAREEKRAQ=
-395,237,6YH/01dSR3pIJjsGG8EzWUe0A2c=,YJ0OG/5YGi7SlueMc4UAREEKRAQ=
-394,236,6YH/01dSR3pIJjsGG8EzWUe0A2c=,YJ0OG/5YGi7SlueMc4UAREEKRAQ=
-396,237,6YH/01dSR3pIJjsGG8EzWUe0A2c=,YJ0OG/5YGi7SlueMc4UAREEKRAQ=
-398,236,6YH/01dSR3pIJjsGG8EzWUe0A2c=,YJ0OG/5YGi7SlueMc4UAREEKRAQ=
-399,236,6YH/01dSR3pIJjsGG8EzWUe0A2c=,YJ0OG/5YGi7SlueMc4UAREEKRAQ=
-387,235,6YH/01dSR3pIJjsGG8EzWUe0A2c=,hRCldbIMZy8zCOIw2dXKAVdmYAY=
-398,238,6YH/01dSR3pIJjsGG8EzWUe0A2c=,YJ0OG/5YGi7SlueMc4UAREEKRAQ=
-391,228,8SyK0+b5iDMgHmI4XFbDaAvRyqY=,kOEKLuIZOrCf7jc6UHnACxz0pj4=
-392,228,8SyK0+b5iDMgHmI4XFbDaAvRyqY=,kOEKLuIZOrCf7jc6UHnACxz0pj4=
-385,228,6YH/01dSR3pIJjsGG8EzWUe0A2c=,kOEKLuIZOrCf7jc6UHnACxz0pj4=
-396,238,6YH/01dSR3pIJjsGG8EzWUe0A2c=,YJ0OG/5YGi7SlueMc4UAREEKRAQ=
-386,228,6YH/01dSR3pIJjsGG8EzWUe0A2c=,kOEKLuIZOrCf7jc6UHnACxz0pj4=
-392,236,6YH/01dSR3pIJjsGG8EzWUe0A2c=,hRCldbIMZy8zCOIw2dXKAVdmYAY=
-392,229,8SyK0+b5iDMgHmI4XFbDaAvRyqY=,kOEKLuIZOrCf7jc6UHnACxz0pj4=
-393,228,8SyK0+b5iDMgHmI4XFbDaAvRyqY=,l7hzhy+NZFbV8/C/9wc6OPk7Wq0=
-390,228,8SyK0+b5iDMgHmI4XFbDaAvRyqY=,kOEKLuIZOrCf7jc6UHnACxz0pj4=
-395,236,6YH/01dSR3pIJjsGG8EzWUe0A2c=,YJ0OG/5YGi7SlueMc4UAREEKRAQ=
-388,233,8SyK0+b5iDMgHmI4XFbDaAvRyqY=,hRCldbIMZy8zCOIw2dXKAVdmYAY=
-389,228,8SyK0+b5iDMgHmI4XFbDaAvRyqY=,kOEKLuIZOrCf7jc6UHnACxz0pj4=
-386,233,6YH/01dSR3pIJjsGG8EzWUe0A2c=,hRCldbIMZy8zCOIw2dXKAVdmYAY=
-395,238,6YH/01dSR3pIJjsGG8EzWUe0A2c=,YJ0OG/5YGi7SlueMc4UAREEKRAQ=
-391,236,6YH/01dSR3pIJjsGG8EzWUe0A2c=,hRCldbIMZy8zCOIw2dXKAVdmYAY=
-398,239,6YH/01dSR3pIJjsGG8EzWUe0A2c=,YJ0OG/5YGi7SlueMc4UAREEKRAQ=
-394,238,6YH/01dSR3pIJjsGG8EzWUe0A2c=,YJ0OG/5YGi7SlueMc4UAREEKRAQ=
-396,236,6YH/01dSR3pIJjsGG8EzWUe0A2c=,YJ0OG/5YGi7SlueMc4UAREEKRAQ=
-386,230,6YH/01dSR3pIJjsGG8EzWUe0A2c=,kOEKLuIZOrCf7jc6UHnACxz0pj4=
-399,238,6YH/01dSR3pIJjsGG8EzWUe0A2c=,YJ0OG/5YGi7SlueMc4UAREEKRAQ=
-397,238,6YH/01dSR3pIJjsGG8EzWUe0A2c=,YJ0OG/5YGi7SlueMc4UAREEKRAQ=
-387,233,8SyK0+b5iDMgHmI4XFbDaAvRyqY=,hRCldbIMZy8zCOIw2dXKAVdmYAY=
-392,234,8SyK0+b5iDMgHmI4XFbDaAvRyqY=,hRCldbIMZy8zCOIw2dXKAVdmYAY=
-392,237,6YH/01dSR3pIJjsGG8EzWUe0A2c=,hRCldbIMZy8zCOIw2dXKAVdmYAY=
-399,239,6YH/01dSR3pIJjsGG8EzWUe0A2c=,YJ0OG/5YGi7SlueMc4UAREEKRAQ=
-390,237,6YH/01dSR3pIJjsGG8EzWUe0A2c=,hRCldbIMZy8zCOIw2dXKAVdmYAY=
-385,233,6YH/01dSR3pIJjsGG8EzWUe0A2c=,hRCldbIMZy8zCOIw2dXKAVdmYAY=
-400,239,6YH/01dSR3pIJjsGG8EzWUe0A2c=,YJ0OG/5YGi7SlueMc4UAREEKRAQ=
-390,236,6YH/01dSR3pIJjsGG8EzWUe0A2c=,hRCldbIMZy8zCOIw2dXKAVdmYAY=
-400,237,6YH/01dSR3pIJjsGG8EzWUe0A2c=,YJ0OG/5YGi7SlueMc4UAREEKRAQ=
-389,236,6YH/01dSR3pIJjsGG8EzWUe0A2c=,hRCldbIMZy8zCOIw2dXKAVdmYAY=
-393,239,6YH/01dSR3pIJjsGG8EzWUe0A2c=,YJ0OG/5YGi7SlueMc4UAREEKRAQ=
-389,237,6YH/01dSR3pIJjsGG8EzWUe0A2c=,hRCldbIMZy8zCOIw2dXKAVdmYAY=
-397,239,6YH/01dSR3pIJjsGG8EzWUe0A2c=,YJ0OG/5YGi7SlueMc4UAREEKRAQ=
-391,238,6YH/01dSR3pIJjsGG8EzWUe0A2c=,hRCldbIMZy8zCOIw2dXKAVdmYAY=
-391,234,8SyK0+b5iDMgHmI4XFbDaAvRyqY=,hRCldbIMZy8zCOIw2dXKAVdmYAY=
-388,229,6YH/01dSR3pIJjsGG8EzWUe0A2c=,kOEKLuIZOrCf7jc6UHnACxz0pj4=
-390,238,6YH/01dSR3pIJjsGG8EzWUe0A2c=,hRCldbIMZy8zCOIw2dXKAVdmYAY=
-390,239,6YH/01dSR3pIJjsGG8EzWUe0A2c=,hRCldbIMZy8zCOIw2dXKAVdmYAY=
-400,236,6YH/01dSR3pIJjsGG8EzWUe0A2c=,YJ0OG/5YGi7SlueMc4UAREEKRAQ=
-391,237,6YH/01dSR3pIJjsGG8EzWUe0A2c=,hRCldbIMZy8zCOIw2dXKAVdmYAY=
-400,238,6YH/01dSR3pIJjsGG8EzWUe0A2c=,YJ0OG/5YGi7SlueMc4UAREEKRAQ=
-393,229,8SyK0+b5iDMgHmI4XFbDaAvRyqY=,l7hzhy+NZFbV8/C/9wc6OPk7Wq0=
-389,239,6YH/01dSR3pIJjsGG8EzWUe0A2c=,hRCldbIMZy8zCOIw2dXKAVdmYAY=
-386,229,6YH/01dSR3pIJjsGG8EzWUe0A2c=,kOEKLuIZOrCf7jc6UHnACxz0pj4=
-389,238,6YH/01dSR3pIJjsGG8EzWUe0A2c=,hRCldbIMZy8zCOIw2dXKAVdmYAY=
-391,230,6YH/01dSR3pIJjsGG8EzWUe0A2c=,kOEKLuIZOrCf7jc6UHnACxz0pj4=
-385,229,6YH/01dSR3pIJjsGG8EzWUe0A2c=,kOEKLuIZOrCf7jc6UHnACxz0pj4=
-393,236,6YH/01dSR3pIJjsGG8EzWUe0A2c=,YJ0OG/5YGi7SlueMc4UAREEKRAQ=
-391,235,8SyK0+b5iDMgHmI4XFbDaAvRyqY=,hRCldbIMZy8zCOIw2dXKAVdmYAY=
-391,239,6YH/01dSR3pIJjsGG8EzWUe0A2c=,hRCldbIMZy8zCOIw2dXKAVdmYAY=
-392,235,8SyK0+b5iDMgHmI4XFbDaAvRyqY=,hRCldbIMZy8zCOIw2dXKAVdmYAY=
-389,229,8SyK0+b5iDMgHmI4XFbDaAvRyqY=,kOEKLuIZOrCf7jc6UHnACxz0pj4=
-390,234,8SyK0+b5iDMgHmI4XFbDaAvRyqY=,hRCldbIMZy8zCOIw2dXKAVdmYAY=
-394,227,6YH/01dSR3pIJjsGG8EzWUe0A2c=,l7hzhy+NZFbV8/C/9wc6OPk7Wq0=
-395,227,6YH/01dSR3pIJjsGG8EzWUe0A2c=,l7hzhy+NZFbV8/C/9wc6OPk7Wq0=
-394,226,6YH/01dSR3pIJjsGG8EzWUe0A2c=,l7hzhy+NZFbV8/C/9wc6OPk7Wq0=
-395,226,6YH/01dSR3pIJjsGG8EzWUe0A2c=,l7hzhy+NZFbV8/C/9wc6OPk7Wq0=
-388,227,6YH/01dSR3pIJjsGG8EzWUe0A2c=,kOEKLuIZOrCf7jc6UHnACxz0pj4=
-387,226,6YH/01dSR3pIJjsGG8EzWUe0A2c=,kOEKLuIZOrCf7jc6UHnACxz0pj4=
-385,224,6YH/01dSR3pIJjsGG8EzWUe0A2c=,kOEKLuIZOrCf7jc6UHnACxz0pj4=
-390,229,6YH/01dSR3pIJjsGG8EzWUe0A2c=,kOEKLuIZOrCf7jc6UHnACxz0pj4=
-385,227,6YH/01dSR3pIJjsGG8EzWUe0A2c=,kOEKLuIZOrCf7jc6UHnACxz0pj4=
-386,225,6YH/01dSR3pIJjsGG8EzWUe0A2c=,kOEKLuIZOrCf7jc6UHnACxz0pj4=
-388,226,6YH/01dSR3pIJjsGG8EzWUe0A2c=,kOEKLuIZOrCf7jc6UHnACxz0pj4=
-387,225,6YH/01dSR3pIJjsGG8EzWUe0A2c=,kOEKLuIZOrCf7jc6UHnACxz0pj4=
-395,225,6YH/01dSR3pIJjsGG8EzWUe0A2c=,l7hzhy+NZFbV8/C/9wc6OPk7Wq0=
-390,235,8SyK0+b5iDMgHmI4XFbDaAvRyqY=,hRCldbIMZy8zCOIw2dXKAVdmYAY=
-396,225,6YH/01dSR3pIJjsGG8EzWUe0A2c=,l7hzhy+NZFbV8/C/9wc6OPk7Wq0=
-389,234,8SyK0+b5iDMgHmI4XFbDaAvRyqY=,hRCldbIMZy8zCOIw2dXKAVdmYAY=
-387,229,6YH/01dSR3pIJjsGG8EzWUe0A2c=,kOEKLuIZOrCf7jc6UHnACxz0pj4=
-393,237,6YH/01dSR3pIJjsGG8EzWUe0A2c=,YJ0OG/5YGi7SlueMc4UAREEKRAQ=
-389,235,8SyK0+b5iDMgHmI4XFbDaAvRyqY=,hRCldbIMZy8zCOIw2dXKAVdmYAY=
-388,235,6YH/01dSR3pIJjsGG8EzWUe0A2c=,hRCldbIMZy8zCOIw2dXKAVdmYAY=
-392,230,8SyK0+b5iDMgHmI4XFbDaAvRyqY=,kOEKLuIZOrCf7jc6UHnACxz0pj4=
-385,234,8SyK0+b5iDMgHmI4XFbDaAvRyqY=,hRCldbIMZy8zCOIw2dXKAVdmYAY=
-396,239,6YH/01dSR3pIJjsGG8EzWUe0A2c=,YJ0OG/5YGi7SlueMc4UAREEKRAQ=
-391,229,6YH/01dSR3pIJjsGG8EzWUe0A2c=,kOEKLuIZOrCf7jc6UHnACxz0pj4=
-394,239,6YH/01dSR3pIJjsGG8EzWUe0A2c=,YJ0OG/5YGi7SlueMc4UAREEKRAQ=
-393,238,6YH/01dSR3pIJjsGG8EzWUe0A2c=,YJ0OG/5YGi7SlueMc4UAREEKRAQ=
-397,235,6YH/01dSR3pIJjsGG8EzWUe0A2c=,YJ0OG/5YGi7SlueMc4UAREEKRAQ=
-386,226,6YH/01dSR3pIJjsGG8EzWUe0A2c=,kOEKLuIZOrCf7jc6UHnACxz0pj4=
-395,224,6YH/01dSR3pIJjsGG8EzWUe0A2c=,l7hzhy+NZFbV8/C/9wc6OPk7Wq0=
-397,225,6YH/01dSR3pIJjsGG8EzWUe0A2c=,l7hzhy+NZFbV8/C/9wc6OPk7Wq0=
-392,225,6YH/01dSR3pIJjsGG8EzWUe0A2c=,kOEKLuIZOrCf7jc6UHnACxz0pj4=
-396,224,6YH/01dSR3pIJjsGG8EzWUe0A2c=,l7hzhy+NZFbV8/C/9wc6OPk7Wq0=
-394,225,6YH/01dSR3pIJjsGG8EzWUe0A2c=,l7hzhy+NZFbV8/C/9wc6OPk7Wq0=
-392,238,6YH/01dSR3pIJjsGG8EzWUe0A2c=,hRCldbIMZy8zCOIw2dXKAVdmYAY=
-386,234,6YH/01dSR3pIJjsGG8EzWUe0A2c=,hRCldbIMZy8zCOIw2dXKAVdmYAY=
-386,227,6YH/01dSR3pIJjsGG8EzWUe0A2c=,kOEKLuIZOrCf7jc6UHnACxz0pj4=
-387,227,6YH/01dSR3pIJjsGG8EzWUe0A2c=,kOEKLuIZOrCf7jc6UHnACxz0pj4=
-399,229,6YH/01dSR3pIJjsGG8EzWUe0A2c=,l7hzhy+NZFbV8/C/9wc6OPk7Wq0=
-399,233,6YH/01dSR3pIJjsGG8EzWUe0A2c=,YJ0OG/5YGi7SlueMc4UAREEKRAQ=
-399,235,6YH/01dSR3pIJjsGG8EzWUe0A2c=,YJ0OG/5YGi7SlueMc4UAREEKRAQ=
-397,234,6YH/01dSR3pIJjsGG8EzWUe0A2c=,YJ0OG/5YGi7SlueMc4UAREEKRAQ=
-387,234,6YH/01dSR3pIJjsGG8EzWUe0A2c=,hRCldbIMZy8zCOIw2dXKAVdmYAY=
-388,225,6YH/01dSR3pIJjsGG8EzWUe0A2c=,kOEKLuIZOrCf7jc6UHnACxz0pj4=
-398,225,6YH/01dSR3pIJjsGG8EzWUe0A2c=,l7hzhy+NZFbV8/C/9wc6OPk7Wq0=
-398,235,6YH/01dSR3pIJjsGG8EzWUe0A2c=,YJ0OG/5YGi7SlueMc4UAREEKRAQ=
-399,231,6YH/01dSR3pIJjsGG8EzWUe0A2c=,l7hzhy+NZFbV8/C/9wc6OPk7Wq0=
-399,225,6YH/01dSR3pIJjsGG8EzWUe0A2c=,l7hzhy+NZFbV8/C/9wc6OPk7Wq0=
-395,239,6YH/01dSR3pIJjsGG8EzWUe0A2c=,YJ0OG/5YGi7SlueMc4UAREEKRAQ=
-385,225,6YH/01dSR3pIJjsGG8EzWUe0A2c=,kOEKLuIZOrCf7jc6UHnACxz0pj4=
-399,230,6YH/01dSR3pIJjsGG8EzWUe0A2c=,l7hzhy+NZFbV8/C/9wc6OPk7Wq0=
-400,233,6YH/01dSR3pIJjsGG8EzWUe0A2c=,YJ0OG/5YGi7SlueMc4UAREEKRAQ=
-396,226,6YH/01dSR3pIJjsGG8EzWUe0A2c=,l7hzhy+NZFbV8/C/9wc6OPk7Wq0=
-397,226,6YH/01dSR3pIJjsGG8EzWUe0A2c=,l7hzhy+NZFbV8/C/9wc6OPk7Wq0=
-393,227,6YH/01dSR3pIJjsGG8EzWUe0A2c=,l7hzhy+NZFbV8/C/9wc6OPk7Wq0=
-387,224,6YH/01dSR3pIJjsGG8EzWUe0A2c=,kOEKLuIZOrCf7jc6UHnACxz0pj4=
-388,234,6YH/01dSR3pIJjsGG8EzWUe0A2c=,hRCldbIMZy8zCOIw2dXKAVdmYAY=
-397,233,6YH/01dSR3pIJjsGG8EzWUe0A2c=,YJ0OG/5YGi7SlueMc4UAREEKRAQ=
-398,226,6YH/01dSR3pIJjsGG8EzWUe0A2c=,l7hzhy+NZFbV8/C/9wc6OPk7Wq0=
-399,232,6YH/01dSR3pIJjsGG8EzWUe0A2c=,YJ0OG/5YGi7SlueMc4UAREEKRAQ=
-397,231,6YH/01dSR3pIJjsGG8EzWUe0A2c=,l7hzhy+NZFbV8/C/9wc6OPk7Wq0=
-397,227,6YH/01dSR3pIJjsGG8EzWUe0A2c=,l7hzhy+NZFbV8/C/9wc6OPk7Wq0=
-398,231,6YH/01dSR3pIJjsGG8EzWUe0A2c=,l7hzhy+NZFbV8/C/9wc6OPk7Wq0=
-397,230,6YH/01dSR3pIJjsGG8EzWUe0A2c=,l7hzhy+NZFbV8/C/9wc6OPk7Wq0=
-398,232,6YH/01dSR3pIJjsGG8EzWUe0A2c=,YJ0OG/5YGi7SlueMc4UAREEKRAQ=
-397,232,6YH/01dSR3pIJjsGG8EzWUe0A2c=,YJ0OG/5YGi7SlueMc4UAREEKRAQ=
-400,232,6YH/01dSR3pIJjsGG8EzWUe0A2c=,YJ0OG/5YGi7SlueMc4UAREEKRAQ=
-398,228,6YH/01dSR3pIJjsGG8EzWUe0A2c=,l7hzhy+NZFbV8/C/9wc6OPk7Wq0=
-388,224,6YH/01dSR3pIJjsGG8EzWUe0A2c=,kOEKLuIZOrCf7jc6UHnACxz0pj4=
-398,230,6YH/01dSR3pIJjsGG8EzWUe0A2c=,l7hzhy+NZFbV8/C/9wc6OPk7Wq0=
-392,226,6YH/01dSR3pIJjsGG8EzWUe0A2c=,kOEKLuIZOrCf7jc6UHnACxz0pj4=
-398,227,6YH/01dSR3pIJjsGG8EzWUe0A2c=,l7hzhy+NZFbV8/C/9wc6OPk7Wq0=
-398,234,6YH/01dSR3pIJjsGG8EzWUe0A2c=,YJ0OG/5YGi7SlueMc4UAREEKRAQ=
-398,229,6YH/01dSR3pIJjsGG8EzWUe0A2c=,l7hzhy+NZFbV8/C/9wc6OPk7Wq0=
-385,226,6YH/01dSR3pIJjsGG8EzWUe0A2c=,kOEKLuIZOrCf7jc6UHnACxz0pj4=
-399,226,6YH/01dSR3pIJjsGG8EzWUe0A2c=,l7hzhy+NZFbV8/C/9wc6OPk7Wq0=
-399,227,6YH/01dSR3pIJjsGG8EzWUe0A2c=,l7hzhy+NZFbV8/C/9wc6OPk7Wq0=
-400,224,6YH/01dSR3pIJjsGG8EzWUe0A2c=,l7hzhy+NZFbV8/C/9wc6OPk7Wq0=
-386,224,6YH/01dSR3pIJjsGG8EzWUe0A2c=,kOEKLuIZOrCf7jc6UHnACxz0pj4=
-390,225,6YH/01dSR3pIJjsGG8EzWUe0A2c=,kOEKLuIZOrCf7jc6UHnACxz0pj4=
-400,229,6YH/01dSR3pIJjsGG8EzWUe0A2c=,l7hzhy+NZFbV8/C/9wc6OPk7Wq0=
-400,234,6YH/01dSR3pIJjsGG8EzWUe0A2c=,YJ0OG/5YGi7SlueMc4UAREEKRAQ=
-398,233,6YH/01dSR3pIJjsGG8EzWUe0A2c=,YJ0OG/5YGi7SlueMc4UAREEKRAQ=
-399,234,6YH/01dSR3pIJjsGG8EzWUe0A2c=,YJ0OG/5YGi7SlueMc4UAREEKRAQ=
-389,225,6YH/01dSR3pIJjsGG8EzWUe0A2c=,kOEKLuIZOrCf7jc6UHnACxz0pj4=
-400,235,6YH/01dSR3pIJjsGG8EzWUe0A2c=,YJ0OG/5YGi7SlueMc4UAREEKRAQ=
-398,224,6YH/01dSR3pIJjsGG8EzWUe0A2c=,l7hzhy+NZFbV8/C/9wc6OPk7Wq0=
-392,224,6YH/01dSR3pIJjsGG8EzWUe0A2c=,kOEKLuIZOrCf7jc6UHnACxz0pj4=
-397,229,6YH/01dSR3pIJjsGG8EzWUe0A2c=,l7hzhy+NZFbV8/C/9wc6OPk7Wq0=
-393,225,6YH/01dSR3pIJjsGG8EzWUe0A2c=,l7hzhy+NZFbV8/C/9wc6OPk7Wq0=
-399,228,6YH/01dSR3pIJjsGG8EzWUe0A2c=,l7hzhy+NZFbV8/C/9wc6OPk7Wq0=
-393,224,6YH/01dSR3pIJjsGG8EzWUe0A2c=,l7hzhy+NZFbV8/C/9wc6OPk7Wq0=
-400,228,6YH/01dSR3pIJjsGG8EzWUe0A2c=,l7hzhy+NZFbV8/C/9wc6OPk7Wq0=
-397,228,6YH/01dSR3pIJjsGG8EzWUe0A2c=,l7hzhy+NZFbV8/C/9wc6OPk7Wq0=
-396,227,6YH/01dSR3pIJjsGG8EzWUe0A2c=,l7hzhy+NZFbV8/C/9wc6OPk7Wq0=
-393,226,6YH/01dSR3pIJjsGG8EzWUe0A2c=,l7hzhy+NZFbV8/C/9wc6OPk7Wq0=
-391,224,6YH/01dSR3pIJjsGG8EzWUe0A2c=,kOEKLuIZOrCf7jc6UHnACxz0pj4=
-391,225,6YH/01dSR3pIJjsGG8EzWUe0A2c=,kOEKLuIZOrCf7jc6UHnACxz0pj4=
-400,227,6YH/01dSR3pIJjsGG8EzWUe0A2c=,l7hzhy+NZFbV8/C/9wc6OPk7Wq0=
-400,230,6YH/01dSR3pIJjsGG8EzWUe0A2c=,l7hzhy+NZFbV8/C/9wc6OPk7Wq0=
-389,227,6YH/01dSR3pIJjsGG8EzWUe0A2c=,kOEKLuIZOrCf7jc6UHnACxz0pj4=
-400,231,6YH/01dSR3pIJjsGG8EzWUe0A2c=,l7hzhy+NZFbV8/C/9wc6OPk7Wq0=
-397,224,6YH/01dSR3pIJjsGG8EzWUe0A2c=,l7hzhy+NZFbV8/C/9wc6OPk7Wq0=
-390,227,6YH/01dSR3pIJjsGG8EzWUe0A2c=,kOEKLuIZOrCf7jc6UHnACxz0pj4=
-400,226,6YH/01dSR3pIJjsGG8EzWUe0A2c=,l7hzhy+NZFbV8/C/9wc6OPk7Wq0=
-390,224,6YH/01dSR3pIJjsGG8EzWUe0A2c=,kOEKLuIZOrCf7jc6UHnACxz0pj4=
-399,224,6YH/01dSR3pIJjsGG8EzWUe0A2c=,l7hzhy+NZFbV8/C/9wc6OPk7Wq0=
-391,226,6YH/01dSR3pIJjsGG8EzWUe0A2c=,kOEKLuIZOrCf7jc6UHnACxz0pj4=
-389,224,6YH/01dSR3pIJjsGG8EzWUe0A2c=,kOEKLuIZOrCf7jc6UHnACxz0pj4=
-392,227,6YH/01dSR3pIJjsGG8EzWUe0A2c=,kOEKLuIZOrCf7jc6UHnACxz0pj4=
-394,224,6YH/01dSR3pIJjsGG8EzWUe0A2c=,l7hzhy+NZFbV8/C/9wc6OPk7Wq0=
-389,226,6YH/01dSR3pIJjsGG8EzWUe0A2c=,kOEKLuIZOrCf7jc6UHnACxz0pj4=
-391,227,6YH/01dSR3pIJjsGG8EzWUe0A2c=,kOEKLuIZOrCf7jc6UHnACxz0pj4=
-400,225,6YH/01dSR3pIJjsGG8EzWUe0A2c=,l7hzhy+NZFbV8/C/9wc6OPk7Wq0=
-390,226,6YH/01dSR3pIJjsGG8EzWUe0A2c=,kOEKLuIZOrCf7jc6UHnACxz0pj4=
-409,231,VOKrRoD+3Rsf57obWa1s0sOvKoI=,ip8VOm2lfYWnYocaG7+ohR3FUno=
-415,230,VOKrRoD+3Rsf57obWa1s0sOvKoI=,ip8VOm2lfYWnYocaG7+ohR3FUno=
-413,228,VOKrRoD+3Rsf57obWa1s0sOvKoI=,ip8VOm2lfYWnYocaG7+ohR3FUno=
-414,228,VOKrRoD+3Rsf57obWa1s0sOvKoI=,ip8VOm2lfYWnYocaG7+ohR3FUno=
-414,230,VOKrRoD+3Rsf57obWa1s0sOvKoI=,ip8VOm2lfYWnYocaG7+ohR3FUno=
-413,230,VOKrRoD+3Rsf57obWa1s0sOvKoI=,ip8VOm2lfYWnYocaG7+ohR3FUno=
-412,224,VOKrRoD+3Rsf57obWa1s0sOvKoI=,ip8VOm2lfYWnYocaG7+ohR3FUno=
-414,229,VOKrRoD+3Rsf57obWa1s0sOvKoI=,ip8VOm2lfYWnYocaG7+ohR3FUno=
-416,224,VOKrRoD+3Rsf57obWa1s0sOvKoI=,ip8VOm2lfYWnYocaG7+ohR3FUno=
-415,228,VOKrRoD+3Rsf57obWa1s0sOvKoI=,ip8VOm2lfYWnYocaG7+ohR3FUno=
-410,231,VOKrRoD+3Rsf57obWa1s0sOvKoI=,ip8VOm2lfYWnYocaG7+ohR3FUno=
-414,231,VOKrRoD+3Rsf57obWa1s0sOvKoI=,ip8VOm2lfYWnYocaG7+ohR3FUno=
-413,229,VOKrRoD+3Rsf57obWa1s0sOvKoI=,ip8VOm2lfYWnYocaG7+ohR3FUno=
-413,231,VOKrRoD+3Rsf57obWa1s0sOvKoI=,ip8VOm2lfYWnYocaG7+ohR3FUno=
-409,224,VOKrRoD+3Rsf57obWa1s0sOvKoI=,ip8VOm2lfYWnYocaG7+ohR3FUno=
-409,227,VOKrRoD+3Rsf57obWa1s0sOvKoI=,ip8VOm2lfYWnYocaG7+ohR3FUno=
-411,231,VOKrRoD+3Rsf57obWa1s0sOvKoI=,ip8VOm2lfYWnYocaG7+ohR3FUno=
-415,231,VOKrRoD+3Rsf57obWa1s0sOvKoI=,ip8VOm2lfYWnYocaG7+ohR3FUno=
-415,229,VOKrRoD+3Rsf57obWa1s0sOvKoI=,ip8VOm2lfYWnYocaG7+ohR3FUno=
-416,231,VOKrRoD+3Rsf57obWa1s0sOvKoI=,ip8VOm2lfYWnYocaG7+ohR3FUno=
-415,225,VOKrRoD+3Rsf57obWa1s0sOvKoI=,ip8VOm2lfYWnYocaG7+ohR3FUno=
-411,224,VOKrRoD+3Rsf57obWa1s0sOvKoI=,ip8VOm2lfYWnYocaG7+ohR3FUno=
-416,229,VOKrRoD+3Rsf57obWa1s0sOvKoI=,ip8VOm2lfYWnYocaG7+ohR3FUno=
-411,227,VOKrRoD+3Rsf57obWa1s0sOvKoI=,ip8VOm2lfYWnYocaG7+ohR3FUno=
-411,225,VOKrRoD+3Rsf57obWa1s0sOvKoI=,ip8VOm2lfYWnYocaG7+ohR3FUno=
-416,228,VOKrRoD+3Rsf57obWa1s0sOvKoI=,ip8VOm2lfYWnYocaG7+ohR3FUno=
-412,225,VOKrRoD+3Rsf57obWa1s0sOvKoI=,ip8VOm2lfYWnYocaG7+ohR3FUno=
-410,227,VOKrRoD+3Rsf57obWa1s0sOvKoI=,ip8VOm2lfYWnYocaG7+ohR3FUno=
-412,226,VOKrRoD+3Rsf57obWa1s0sOvKoI=,ip8VOm2lfYWnYocaG7+ohR3FUno=
-412,227,VOKrRoD+3Rsf57obWa1s0sOvKoI=,ip8VOm2lfYWnYocaG7+ohR3FUno=
-410,226,VOKrRoD+3Rsf57obWa1s0sOvKoI=,ip8VOm2lfYWnYocaG7+ohR3FUno=
-410,224,VOKrRoD+3Rsf57obWa1s0sOvKoI=,ip8VOm2lfYWnYocaG7+ohR3FUno=
-410,229,VOKrRoD+3Rsf57obWa1s0sOvKoI=,ip8VOm2lfYWnYocaG7+ohR3FUno=
-412,231,VOKrRoD+3Rsf57obWa1s0sOvKoI=,ip8VOm2lfYWnYocaG7+ohR3FUno=
-414,224,VOKrRoD+3Rsf57obWa1s0sOvKoI=,ip8VOm2lfYWnYocaG7+ohR3FUno=
-416,230,VOKrRoD+3Rsf57obWa1s0sOvKoI=,ip8VOm2lfYWnYocaG7+ohR3FUno=
-409,226,VOKrRoD+3Rsf57obWa1s0sOvKoI=,ip8VOm2lfYWnYocaG7+ohR3FUno=
-409,230,VOKrRoD+3Rsf57obWa1s0sOvKoI=,ip8VOm2lfYWnYocaG7+ohR3FUno=
-409,225,VOKrRoD+3Rsf57obWa1s0sOvKoI=,ip8VOm2lfYWnYocaG7+ohR3FUno=
-409,229,VOKrRoD+3Rsf57obWa1s0sOvKoI=,ip8VOm2lfYWnYocaG7+ohR3FUno=
-411,226,VOKrRoD+3Rsf57obWa1s0sOvKoI=,ip8VOm2lfYWnYocaG7+ohR3FUno=
-410,230,VOKrRoD+3Rsf57obWa1s0sOvKoI=,ip8VOm2lfYWnYocaG7+ohR3FUno=
-411,230,VOKrRoD+3Rsf57obWa1s0sOvKoI=,ip8VOm2lfYWnYocaG7+ohR3FUno=
-410,228,VOKrRoD+3Rsf57obWa1s0sOvKoI=,ip8VOm2lfYWnYocaG7+ohR3FUno=
-409,228,VOKrRoD+3Rsf57obWa1s0sOvKoI=,ip8VOm2lfYWnYocaG7+ohR3FUno=
-410,225,VOKrRoD+3Rsf57obWa1s0sOvKoI=,ip8VOm2lfYWnYocaG7+ohR3FUno=
-412,229,VOKrRoD+3Rsf57obWa1s0sOvKoI=,ip8VOm2lfYWnYocaG7+ohR3FUno=
-412,230,VOKrRoD+3Rsf57obWa1s0sOvKoI=,ip8VOm2lfYWnYocaG7+ohR3FUno=
-411,229,VOKrRoD+3Rsf57obWa1s0sOvKoI=,ip8VOm2lfYWnYocaG7+ohR3FUno=
-412,228,VOKrRoD+3Rsf57obWa1s0sOvKoI=,ip8VOm2lfYWnYocaG7+ohR3FUno=
-411,228,VOKrRoD+3Rsf57obWa1s0sOvKoI=,ip8VOm2lfYWnYocaG7+ohR3FUno=
-415,224,VOKrRoD+3Rsf57obWa1s0sOvKoI=,ip8VOm2lfYWnYocaG7+ohR3FUno=
-413,225,VOKrRoD+3Rsf57obWa1s0sOvKoI=,ip8VOm2lfYWnYocaG7+ohR3FUno=
-414,225,VOKrRoD+3Rsf57obWa1s0sOvKoI=,ip8VOm2lfYWnYocaG7+ohR3FUno=
-413,224,VOKrRoD+3Rsf57obWa1s0sOvKoI=,ip8VOm2lfYWnYocaG7+ohR3FUno=
-415,226,VOKrRoD+3Rsf57obWa1s0sOvKoI=,ip8VOm2lfYWnYocaG7+ohR3FUno=
-413,227,VOKrRoD+3Rsf57obWa1s0sOvKoI=,ip8VOm2lfYWnYocaG7+ohR3FUno=
-416,225,VOKrRoD+3Rsf57obWa1s0sOvKoI=,ip8VOm2lfYWnYocaG7+ohR3FUno=
-413,226,VOKrRoD+3Rsf57obWa1s0sOvKoI=,ip8VOm2lfYWnYocaG7+ohR3FUno=
-415,227,VOKrRoD+3Rsf57obWa1s0sOvKoI=,ip8VOm2lfYWnYocaG7+ohR3FUno=
-414,226,VOKrRoD+3Rsf57obWa1s0sOvKoI=,ip8VOm2lfYWnYocaG7+ohR3FUno=
-416,226,VOKrRoD+3Rsf57obWa1s0sOvKoI=,ip8VOm2lfYWnYocaG7+ohR3FUno=
-414,227,VOKrRoD+3Rsf57obWa1s0sOvKoI=,ip8VOm2lfYWnYocaG7+ohR3FUno=
-416,227,VOKrRoD+3Rsf57obWa1s0sOvKoI=,ip8VOm2lfYWnYocaG7+ohR3FUno=
