24,-39,O4IqR12qjd9BIL9dSyeaI92OX+I=,QfinYu0gRcvVUYJJv6VAOpSzG8E=
23,-42,O4IqR12qjd9BIL9dSyeaI92OX+I=,kdXv0a0sNeConX4eMVvkqIUejmk=
23,-41,O4IqR12qjd9BIL9dSyeaI92OX+I=,kdXv0a0sNeConX4eMVvkqIUejmk=
24,-41,O4IqR12qjd9BIL9dSyeaI92OX+I=,7rbK5zTTHxEebYpwtOdxRWKkPI0=
24,-42,O4IqR12qjd9BIL9dSyeaI92OX+I=,7rbK5zTTHxEebYpwtOdxRWKkPI0=
23,-43,O4IqR12qjd9BIL9dSyeaI92OX+I=,kdXv0a0sNeConX4eMVvkqIUejmk=
25,-42,O4IqR12qjd9BIL9dSyeaI92OX+I=,7rbK5zTTHxEebYpwtOdxRWKkPI0=
25,-34,5vKEQvzGR3kXRNuMS4uzN5FwCXg=,QfinYu0gRcvVUYJJv6VAOpSzG8E=
25,-41,O4IqR12qjd9BIL9dSyeaI92OX+I=,7rbK5zTTHxEebYpwtOdxRWKkPI0=
20,-44,O4IqR12qjd9BIL9dSyeaI92OX+I=,kdXv0a0sNeConX4eMVvkqIUejmk=
26,-42,O4IqR12qjd9BIL9dSyeaI92OX+I=,7rbK5zTTHxEebYpwtOdxRWKkPI0=
20,-34,5vKEQvzGR3kXRNuMS4uzN5FwCXg=,V2YEf1k9Qv0mAh0x/JGrZgf3b24=
27,-43,O4IqR12qjd9BIL9dSyeaI92OX+I=,7rbK5zTTHxEebYpwtOdxRWKkPI0=
23,-39,O4IqR12qjd9BIL9dSyeaI92OX+I=,V2YEf1k9Qv0mAh0x/JGrZgf3b24=
23,-44,O4IqR12qjd9BIL9dSyeaI92OX+I=,kdXv0a0sNeConX4eMVvkqIUejmk=
26,-41,O4IqR12qjd9BIL9dSyeaI92OX+I=,7rbK5zTTHxEebYpwtOdxRWKkPI0=
26,-43,O4IqR12qjd9BIL9dSyeaI92OX+I=,7rbK5zTTHxEebYpwtOdxRWKkPI0=
22,-44,O4IqR12qjd9BIL9dSyeaI92OX+I=,kdXv0a0sNeConX4eMVvkqIUejmk=
21,-44,O4IqR12qjd9BIL9dSyeaI92OX+I=,kdXv0a0sNeConX4eMVvkqIUejmk=
25,-43,O4IqR12qjd9BIL9dSyeaI92OX+I=,7rbK5zTTHxEebYpwtOdxRWKkPI0=
26,-34,5vKEQvzGR3kXRNuMS4uzN5FwCXg=,QfinYu0gRcvVUYJJv6VAOpSzG8E=
27,-42,O4IqR12qjd9BIL9dSyeaI92OX+I=,7rbK5zTTHxEebYpwtOdxRWKkPI0=
22,-41,O4IqR12qjd9BIL9dSyeaI92OX+I=,kdXv0a0sNeConX4eMVvkqIUejmk=
21,-43,O4IqR12qjd9BIL9dSyeaI92OX+I=,kdXv0a0sNeConX4eMVvkqIUejmk=
25,-44,O4IqR12qjd9BIL9dSyeaI92OX+I=,7rbK5zTTHxEebYpwtOdxRWKkPI0=
20,-43,O4IqR12qjd9BIL9dSyeaI92OX+I=,kdXv0a0sNeConX4eMVvkqIUejmk=
22,-34,5vKEQvzGR3kXRNuMS4uzN5FwCXg=,V2YEf1k9Qv0mAh0x/JGrZgf3b24=
24,-44,O4IqR12qjd9BIL9dSyeaI92OX+I=,7rbK5zTTHxEebYpwtOdxRWKkPI0=
20,-40,O4IqR12qjd9BIL9dSyeaI92OX+I=,V2YEf1k9Qv0mAh0x/JGrZgf3b24=
21,-41,O4IqR12qjd9BIL9dSyeaI92OX+I=,kdXv0a0sNeConX4eMVvkqIUejmk=
26,-44,O4IqR12qjd9BIL9dSyeaI92OX+I=,7rbK5zTTHxEebYpwtOdxRWKkPI0=
20,-33,5vKEQvzGR3kXRNuMS4uzN5FwCXg=,V2YEf1k9Qv0mAh0x/JGrZgf3b24=
20,-41,O4IqR12qjd9BIL9dSyeaI92OX+I=,kdXv0a0sNeConX4eMVvkqIUejmk=
20,-39,O4IqR12qjd9BIL9dSyeaI92OX+I=,V2YEf1k9Qv0mAh0x/JGrZgf3b24=
22,-43,O4IqR12qjd9BIL9dSyeaI92OX+I=,kdXv0a0sNeConX4eMVvkqIUejmk=
27,-41,O4IqR12qjd9BIL9dSyeaI92OX+I=,7rbK5zTTHxEebYpwtOdxRWKkPI0=
20,-38,O4IqR12qjd9BIL9dSyeaI92OX+I=,V2YEf1k9Qv0mAh0x/JGrZgf3b24=
21,-34,5vKEQvzGR3kXRNuMS4uzN5FwCXg=,V2YEf1k9Qv0mAh0x/JGrZgf3b24=
22,-42,O4IqR12qjd9BIL9dSyeaI92OX+I=,kdXv0a0sNeConX4eMVvkqIUejmk=
21,-42,O4IqR12qjd9BIL9dSyeaI92OX+I=,kdXv0a0sNeConX4eMVvkqIUejmk=
20,-42,O4IqR12qjd9BIL9dSyeaI92OX+I=,kdXv0a0sNeConX4eMVvkqIUejmk=
21,-39,O4IqR12qjd9BIL9dSyeaI92OX+I=,V2YEf1k9Qv0mAh0x/JGrZgf3b24=
22,-38,O4IqR12qjd9BIL9dSyeaI92OX+I=,V2YEf1k9Qv0mAh0x/JGrZgf3b24=
21,-37,O4IqR12qjd9BIL9dSyeaI92OX+I=,V2YEf1k9Qv0mAh0x/JGrZgf3b24=
22,-37,O4IqR12qjd9BIL9dSyeaI92OX+I=,V2YEf1k9Qv0mAh0x/JGrZgf3b24=
22,-40,O4IqR12qjd9BIL9dSyeaI92OX+I=,V2YEf1k9Qv0mAh0x/JGrZgf3b24=
20,-35,5vKEQvzGR3kXRNuMS4uzN5FwCXg=,V2YEf1k9Qv0mAh0x/JGrZgf3b24=
27,-44,O4IqR12qjd9BIL9dSyeaI92OX+I=,7rbK5zTTHxEebYpwtOdxRWKkPI0=
24,-43,O4IqR12qjd9BIL9dSyeaI92OX+I=,7rbK5zTTHxEebYpwtOdxRWKkPI0=
21,-33,5vKEQvzGR3kXRNuMS4uzN5FwCXg=,V2YEf1k9Qv0mAh0x/JGrZgf3b24=
25,-40,O4IqR12qjd9BIL9dSyeaI92OX+I=,QfinYu0gRcvVUYJJv6VAOpSzG8E=
21,-40,O4IqR12qjd9BIL9dSyeaI92OX+I=,V2YEf1k9Qv0mAh0x/JGrZgf3b24=
21,-38,O4IqR12qjd9BIL9dSyeaI92OX+I=,V2YEf1k9Qv0mAh0x/JGrZgf3b24=
25,-37,O4IqR12qjd9BIL9dSyeaI92OX+I=,QfinYu0gRcvVUYJJv6VAOpSzG8E=
22,-33,5vKEQvzGR3kXRNuMS4uzN5FwCXg=,V2YEf1k9Qv0mAh0x/JGrZgf3b24=
26,-36,5vKEQvzGR3kXRNuMS4uzN5FwCXg=,QfinYu0gRcvVUYJJv6VAOpSzG8E=
20,-37,O4IqR12qjd9BIL9dSyeaI92OX+I=,V2YEf1k9Qv0mAh0x/JGrZgf3b24=
20,-36,5vKEQvzGR3kXRNuMS4uzN5FwCXg=,V2YEf1k9Qv0mAh0x/JGrZgf3b24=
21,-35,5vKEQvzGR3kXRNuMS4uzN5FwCXg=,V2YEf1k9Qv0mAh0x/JGrZgf3b24=
27,-36,5vKEQvzGR3kXRNuMS4uzN5FwCXg=,QfinYu0gRcvVUYJJv6VAOpSzG8E=
22,-35,5vKEQvzGR3kXRNuMS4uzN5FwCXg=,V2YEf1k9Qv0mAh0x/JGrZgf3b24=
22,-39,O4IqR12qjd9BIL9dSyeaI92OX+I=,V2YEf1k9Qv0mAh0x/JGrZgf3b24=
23,-36,5vKEQvzGR3kXRNuMS4uzN5FwCXg=,V2YEf1k9Qv0mAh0x/JGrZgf3b24=
21,-36,5vKEQvzGR3kXRNuMS4uzN5FwCXg=,V2YEf1k9Qv0mAh0x/JGrZgf3b24=
26,-40,O4IqR12qjd9BIL9dSyeaI92OX+I=,QfinYu0gRcvVUYJJv6VAOpSzG8E=
27,-35,5vKEQvzGR3kXRNuMS4uzN5FwCXg=,QfinYu0gRcvVUYJJv6VAOpSzG8E=
22,-36,5vKEQvzGR3kXRNuMS4uzN5FwCXg=,V2YEf1k9Qv0mAh0x/JGrZgf3b24=
25,-36,5vKEQvzGR3kXRNuMS4uzN5FwCXg=,QfinYu0gRcvVUYJJv6VAOpSzG8E=
24,-38,O4IqR12qjd9BIL9dSyeaI92OX+I=,QfinYu0gRcvVUYJJv6VAOpSzG8E=
24,-40,O4IqR12qjd9BIL9dSyeaI92OX+I=,QfinYu0gRcvVUYJJv6VAOpSzG8E=
31,-40,5vKEQvzGR3kXRNuMS4uzN5FwCXg=,QfinYu0gRcvVUYJJv6VAOpSzG8E=
26,-37,O4IqR12qjd9BIL9dSyeaI92OX+I=,QfinYu0gRcvVUYJJv6VAOpSzG8E=
25,-35,5vKEQvzGR3kXRNuMS4uzN5FwCXg=,QfinYu0gRcvVUYJJv6VAOpSzG8E=
27,-40,O4IqR12qjd9BIL9dSyeaI92OX+I=,QfinYu0gRcvVUYJJv6VAOpSzG8E=
23,-37,O4IqR12qjd9BIL9dSyeaI92OX+I=,V2YEf1k9Qv0mAh0x/JGrZgf3b24=
31,-41,5vKEQvzGR3kXRNuMS4uzN5FwCXg=,7rbK5zTTHxEebYpwtOdxRWKkPI0=
24,-48,5vKEQvzGR3kXRNuMS4uzN5FwCXg=,7rbK5zTTHxEebYpwtOdxRWKkPI0=
24,-37,O4IqR12qjd9BIL9dSyeaI92OX+I=,QfinYu0gRcvVUYJJv6VAOpSzG8E=
25,-38,O4IqR12qjd9BIL9dSyeaI92OX+I=,QfinYu0gRcvVUYJJv6VAOpSzG8E=
27,-39,O4IqR12qjd9BIL9dSyeaI92OX+I=,QfinYu0gRcvVUYJJv6VAOpSzG8E=
23,-34,5vKEQvzGR3kXRNuMS4uzN5FwCXg=,V2YEf1k9Qv0mAh0x/JGrZgf3b24=
24,-34,5vKEQvzGR3kXRNuMS4uzN5FwCXg=,QfinYu0gRcvVUYJJv6VAOpSzG8E=
28,-43,5vKEQvzGR3kXRNuMS4uzN5FwCXg=,7rbK5zTTHxEebYpwtOdxRWKkPI0=
28,-42,O4IqR12qjd9BIL9dSyeaI92OX+I=,7rbK5zTTHxEebYpwtOdxRWKkPI0=
31,-43,5vKEQvzGR3kXRNuMS4uzN5FwCXg=,7rbK5zTTHxEebYpwtOdxRWKkPI0=
27,-38,O4IqR12qjd9BIL9dSyeaI92OX+I=,QfinYu0gRcvVUYJJv6VAOpSzG8E=
28,-39,5vKEQvzGR3kXRNuMS4uzN5FwCXg=,QfinYu0gRcvVUYJJv6VAOpSzG8E=
28,-40,5vKEQvzGR3kXRNuMS4uzN5FwCXg=,QfinYu0gRcvVUYJJv6VAOpSzG8E=
24,-36,5vKEQvzGR3kXRNuMS4uzN5FwCXg=,QfinYu0gRcvVUYJJv6VAOpSzG8E=
23,-33,O4IqR12qjd9BIL9dSyeaI92OX+I=,V2YEf1k9Qv0mAh0x/JGrZgf3b24=
29,-40,5vKEQvzGR3kXRNuMS4uzN5FwCXg=,QfinYu0gRcvVUYJJv6VAOpSzG8E=
30,-43,O4IqR12qjd9BIL9dSyeaI92OX+I=,7rbK5zTTHxEebYpwtOdxRWKkPI0=
23,-35,5vKEQvzGR3kXRNuMS4uzN5FwCXg=,V2YEf1k9Qv0mAh0x/JGrZgf3b24=
27,-37,O4IqR12qjd9BIL9dSyeaI92OX+I=,QfinYu0gRcvVUYJJv6VAOpSzG8E=
27,-48,5vKEQvzGR3kXRNuMS4uzN5FwCXg=,7rbK5zTTHxEebYpwtOdxRWKkPI0=
30,-40,5vKEQvzGR3kXRNuMS4uzN5FwCXg=,QfinYu0gRcvVUYJJv6VAOpSzG8E=
16,-41,5vKEQvzGR3kXRNuMS4uzN5FwCXg=,kdXv0a0sNeConX4eMVvkqIUejmk=
23,-48,5vKEQvzGR3kXRNuMS4uzN5FwCXg=,kdXv0a0sNeConX4eMVvkqIUejmk=
26,-48,5vKEQvzGR3kXRNuMS4uzN5FwCXg=,7rbK5zTTHxEebYpwtOdxRWKkPI0=
24,-33,5vKEQvzGR3kXRNuMS4uzN5FwCXg=,QfinYu0gRcvVUYJJv6VAOpSzG8E=
23,-45,5vKEQvzGR3kXRNuMS4uzN5FwCXg=,kdXv0a0sNeConX4eMVvkqIUejmk=
23,-40,O4IqR12qjd9BIL9dSyeaI92OX+I=,V2YEf1k9Qv0mAh0x/JGrZgf3b24=
31,-42,5vKEQvzGR3kXRNuMS4uzN5FwCXg=,7rbK5zTTHxEebYpwtOdxRWKkPI0=
25,-48,5vKEQvzGR3kXRNuMS4uzN5FwCXg=,7rbK5zTTHxEebYpwtOdxRWKkPI0=
27,-33,5vKEQvzGR3kXRNuMS4uzN5FwCXg=,QfinYu0gRcvVUYJJv6VAOpSzG8E=
24,-35,5vKEQvzGR3kXRNuMS4uzN5FwCXg=,QfinYu0gRcvVUYJJv6VAOpSzG8E=
30,-44,O4IqR12qjd9BIL9dSyeaI92OX+I=,7rbK5zTTHxEebYpwtOdxRWKkPI0=
26,-35,5vKEQvzGR3kXRNuMS4uzN5FwCXg=,QfinYu0gRcvVUYJJv6VAOpSzG8E=
31,-44,5vKEQvzGR3kXRNuMS4uzN5FwCXg=,7rbK5zTTHxEebYpwtOdxRWKkPI0=
25,-33,5vKEQvzGR3kXRNuMS4uzN5FwCXg=,QfinYu0gRcvVUYJJv6VAOpSzG8E=
22,-48,5vKEQvzGR3kXRNuMS4uzN5FwCXg=,kdXv0a0sNeConX4eMVvkqIUejmk=
21,-48,5vKEQvzGR3kXRNuMS4uzN5FwCXg=,kdXv0a0sNeConX4eMVvkqIUejmk=
28,-37,5vKEQvzGR3kXRNuMS4uzN5FwCXg=,QfinYu0gRcvVUYJJv6VAOpSzG8E=
28,-41,5vKEQvzGR3kXRNuMS4uzN5FwCXg=,7rbK5zTTHxEebYpwtOdxRWKkPI0=
26,-33,5vKEQvzGR3kXRNuMS4uzN5FwCXg=,QfinYu0gRcvVUYJJv6VAOpSzG8E=
23,-47,5vKEQvzGR3kXRNuMS4uzN5FwCXg=,kdXv0a0sNeConX4eMVvkqIUejmk=
19,-44,5vKEQvzGR3kXRNuMS4uzN5FwCXg=,kdXv0a0sNeConX4eMVvkqIUejmk=
30,-38,O4IqR12qjd9BIL9dSyeaI92OX+I=,QfinYu0gRcvVUYJJv6VAOpSzG8E=
29,-41,O4IqR12qjd9BIL9dSyeaI92OX+I=,7rbK5zTTHxEebYpwtOdxRWKkPI0=
16,-42,5vKEQvzGR3kXRNuMS4uzN5FwCXg=,kdXv0a0sNeConX4eMVvkqIUejmk=
29,-44,5vKEQvzGR3kXRNuMS4uzN5FwCXg=,7rbK5zTTHxEebYpwtOdxRWKkPI0=
23,-46,5vKEQvzGR3kXRNuMS4uzN5FwCXg=,kdXv0a0sNeConX4eMVvkqIUejmk=
16,-48,5vKEQvzGR3kXRNuMS4uzN5FwCXg=,kdXv0a0sNeConX4eMVvkqIUejmk=
23,-38,O4IqR12qjd9BIL9dSyeaI92OX+I=,V2YEf1k9Qv0mAh0x/JGrZgf3b24=
17,-44,5vKEQvzGR3kXRNuMS4uzN5FwCXg=,kdXv0a0sNeConX4eMVvkqIUejmk=
27,-46,5vKEQvzGR3kXRNuMS4uzN5FwCXg=,7rbK5zTTHxEebYpwtOdxRWKkPI0=
26,-38,O4IqR12qjd9BIL9dSyeaI92OX+I=,QfinYu0gRcvVUYJJv6VAOpSzG8E=
25,-39,O4IqR12qjd9BIL9dSyeaI92OX+I=,QfinYu0gRcvVUYJJv6VAOpSzG8E=
29,-43,O4IqR12qjd9BIL9dSyeaI92OX+I=,7rbK5zTTHxEebYpwtOdxRWKkPI0=
30,-41,O4IqR12qjd9BIL9dSyeaI92OX+I=,7rbK5zTTHxEebYpwtOdxRWKkPI0=
27,-34,5vKEQvzGR3kXRNuMS4uzN5FwCXg=,QfinYu0gRcvVUYJJv6VAOpSzG8E=
20,-48,5vKEQvzGR3kXRNuMS4uzN5FwCXg=,kdXv0a0sNeConX4eMVvkqIUejmk=
30,-39,O4IqR12qjd9BIL9dSyeaI92OX+I=,QfinYu0gRcvVUYJJv6VAOpSzG8E=
16,-43,5vKEQvzGR3kXRNuMS4uzN5FwCXg=,kdXv0a0sNeConX4eMVvkqIUejmk=
30,-42,5vKEQvzGR3kXRNuMS4uzN5FwCXg=,7rbK5zTTHxEebYpwtOdxRWKkPI0=
30,-37,5vKEQvzGR3kXRNuMS4uzN5FwCXg=,QfinYu0gRcvVUYJJv6VAOpSzG8E=
22,-46,5vKEQvzGR3kXRNuMS4uzN5FwCXg=,kdXv0a0sNeConX4eMVvkqIUejmk=
24,-45,5vKEQvzGR3kXRNuMS4uzN5FwCXg=,7rbK5zTTHxEebYpwtOdxRWKkPI0=
16,-44,5vKEQvzGR3kXRNuMS4uzN5FwCXg=,kdXv0a0sNeConX4eMVvkqIUejmk=
28,-38,O4IqR12qjd9BIL9dSyeaI92OX+I=,QfinYu0gRcvVUYJJv6VAOpSzG8E=
29,-39,5vKEQvzGR3kXRNuMS4uzN5FwCXg=,QfinYu0gRcvVUYJJv6VAOpSzG8E=
31,-39,5vKEQvzGR3kXRNuMS4uzN5FwCXg=,QfinYu0gRcvVUYJJv6VAOpSzG8E=
29,-37,5vKEQvzGR3kXRNuMS4uzN5FwCXg=,QfinYu0gRcvVUYJJv6VAOpSzG8E=
26,-39,O4IqR12qjd9BIL9dSyeaI92OX+I=,QfinYu0gRcvVUYJJv6VAOpSzG8E=
31,-37,5vKEQvzGR3kXRNuMS4uzN5FwCXg=,QfinYu0gRcvVUYJJv6VAOpSzG8E=
29,-42,O4IqR12qjd9BIL9dSyeaI92OX+I=,7rbK5zTTHxEebYpwtOdxRWKkPI0=
16,-40,5vKEQvzGR3kXRNuMS4uzN5FwCXg=,V2YEf1k9Qv0mAh0x/JGrZgf3b24=
31,-38,5vKEQvzGR3kXRNuMS4uzN5FwCXg=,QfinYu0gRcvVUYJJv6VAOpSzG8E=
26,-46,5vKEQvzGR3kXRNuMS4uzN5FwCXg=,7rbK5zTTHxEebYpwtOdxRWKkPI0=
18,-44,5vKEQvzGR3kXRNuMS4uzN5FwCXg=,kdXv0a0sNeConX4eMVvkqIUejmk=
21,-46,5vKEQvzGR3kXRNuMS4uzN5FwCXg=,kdXv0a0sNeConX4eMVvkqIUejmk=
29,-38,5vKEQvzGR3kXRNuMS4uzN5FwCXg=,QfinYu0gRcvVUYJJv6VAOpSzG8E=
28,-44,O4IqR12qjd9BIL9dSyeaI92OX+I=,7rbK5zTTHxEebYpwtOdxRWKkPI0=
20,-45,5vKEQvzGR3kXRNuMS4uzN5FwCXg=,kdXv0a0sNeConX4eMVvkqIUejmk=
16,-46,5vKEQvzGR3kXRNuMS4uzN5FwCXg=,kdXv0a0sNeConX4eMVvkqIUejmk=
16,-37,5vKEQvzGR3kXRNuMS4uzN5FwCXg=,V2YEf1k9Qv0mAh0x/JGrZgf3b24=
18,-43,5vKEQvzGR3kXRNuMS4uzN5FwCXg=,kdXv0a0sNeConX4eMVvkqIUejmk=
20,-46,5vKEQvzGR3kXRNuMS4uzN5FwCXg=,kdXv0a0sNeConX4eMVvkqIUejmk=
21,-45,5vKEQvzGR3kXRNuMS4uzN5FwCXg=,kdXv0a0sNeConX4eMVvkqIUejmk=
19,-48,5vKEQvzGR3kXRNuMS4uzN5FwCXg=,kdXv0a0sNeConX4eMVvkqIUejmk=
16,-47,5vKEQvzGR3kXRNuMS4uzN5FwCXg=,kdXv0a0sNeConX4eMVvkqIUejmk=
26,-45,5vKEQvzGR3kXRNuMS4uzN5FwCXg=,7rbK5zTTHxEebYpwtOdxRWKkPI0=
16,-38,5vKEQvzGR3kXRNuMS4uzN5FwCXg=,V2YEf1k9Qv0mAh0x/JGrZgf3b24=
17,-43,5vKEQvzGR3kXRNuMS4uzN5FwCXg=,kdXv0a0sNeConX4eMVvkqIUejmk=
31,-48,5vKEQvzGR3kXRNuMS4uzN5FwCXg=,7rbK5zTTHxEebYpwtOdxRWKkPI0=
22,-47,5vKEQvzGR3kXRNuMS4uzN5FwCXg=,kdXv0a0sNeConX4eMVvkqIUejmk=
19,-43,5vKEQvzGR3kXRNuMS4uzN5FwCXg=,kdXv0a0sNeConX4eMVvkqIUejmk=
22,-45,5vKEQvzGR3kXRNuMS4uzN5FwCXg=,kdXv0a0sNeConX4eMVvkqIUejmk=
18,-48,5vKEQvzGR3kXRNuMS4uzN5FwCXg=,kdXv0a0sNeConX4eMVvkqIUejmk=
16,-45,5vKEQvzGR3kXRNuMS4uzN5FwCXg=,kdXv0a0sNeConX4eMVvkqIUejmk=
31,-46,5vKEQvzGR3kXRNuMS4uzN5FwCXg=,7rbK5zTTHxEebYpwtOdxRWKkPI0=
21,-47,5vKEQvzGR3kXRNuMS4uzN5FwCXg=,kdXv0a0sNeConX4eMVvkqIUejmk=
16,-39,5vKEQvzGR3kXRNuMS4uzN5FwCXg=,V2YEf1k9Qv0mAh0x/JGrZgf3b24=
20,-47,5vKEQvzGR3kXRNuMS4uzN5FwCXg=,kdXv0a0sNeConX4eMVvkqIUejmk=
17,-48,5vKEQvzGR3kXRNuMS4uzN5FwCXg=,kdXv0a0sNeConX4eMVvkqIUejmk=
25,-46,5vKEQvzGR3kXRNuMS4uzN5FwCXg=,7rbK5zTTHxEebYpwtOdxRWKkPI0=
24,-47,5vKEQvzGR3kXRNuMS4uzN5FwCXg=,7rbK5zTTHxEebYpwtOdxRWKkPI0=
25,-47,5vKEQvzGR3kXRNuMS4uzN5FwCXg=,7rbK5zTTHxEebYpwtOdxRWKkPI0=
31,-45,5vKEQvzGR3kXRNuMS4uzN5FwCXg=,7rbK5zTTHxEebYpwtOdxRWKkPI0=
28,-47,5vKEQvzGR3kXRNuMS4uzN5FwCXg=,7rbK5zTTHxEebYpwtOdxRWKkPI0=
25,-45,5vKEQvzGR3kXRNuMS4uzN5FwCXg=,7rbK5zTTHxEebYpwtOdxRWKkPI0=
19,-46,5vKEQvzGR3kXRNuMS4uzN5FwCXg=,kdXv0a0sNeConX4eMVvkqIUejmk=
27,-47,5vKEQvzGR3kXRNuMS4uzN5FwCXg=,7rbK5zTTHxEebYpwtOdxRWKkPI0=
30,-48,5vKEQvzGR3kXRNuMS4uzN5FwCXg=,7rbK5zTTHxEebYpwtOdxRWKkPI0=
26,-47,5vKEQvzGR3kXRNuMS4uzN5FwCXg=,7rbK5zTTHxEebYpwtOdxRWKkPI0=
17,-45,5vKEQvzGR3kXRNuMS4uzN5FwCXg=,kdXv0a0sNeConX4eMVvkqIUejmk=
19,-41,5vKEQvzGR3kXRNuMS4uzN5FwCXg=,kdXv0a0sNeConX4eMVvkqIUejmk=
19,-37,5vKEQvzGR3kXRNuMS4uzN5FwCXg=,V2YEf1k9Qv0mAh0x/JGrZgf3b24=
18,-45,5vKEQvzGR3kXRNuMS4uzN5FwCXg=,kdXv0a0sNeConX4eMVvkqIUejmk=
18,-37,5vKEQvzGR3kXRNuMS4uzN5FwCXg=,V2YEf1k9Qv0mAh0x/JGrZgf3b24=
29,-48,5vKEQvzGR3kXRNuMS4uzN5FwCXg=,7rbK5zTTHxEebYpwtOdxRWKkPI0=
18,-46,5vKEQvzGR3kXRNuMS4uzN5FwCXg=,kdXv0a0sNeConX4eMVvkqIUejmk=
27,-45,5vKEQvzGR3kXRNuMS4uzN5FwCXg=,7rbK5zTTHxEebYpwtOdxRWKkPI0=
17,-42,5vKEQvzGR3kXRNuMS4uzN5FwCXg=,kdXv0a0sNeConX4eMVvkqIUejmk=
24,-46,5vKEQvzGR3kXRNuMS4uzN5FwCXg=,7rbK5zTTHxEebYpwtOdxRWKkPI0=
29,-47,5vKEQvzGR3kXRNuMS4uzN5FwCXg=,7rbK5zTTHxEebYpwtOdxRWKkPI0=
30,-45,5vKEQvzGR3kXRNuMS4uzN5FwCXg=,7rbK5zTTHxEebYpwtOdxRWKkPI0=
17,-37,5vKEQvzGR3kXRNuMS4uzN5FwCXg=,V2YEf1k9Qv0mAh0x/JGrZgf3b24=
16,-33,5vKEQvzGR3kXRNuMS4uzN5FwCXg=,V2YEf1k9Qv0mAh0x/JGrZgf3b24=
18,-33,5vKEQvzGR3kXRNuMS4uzN5FwCXg=,V2YEf1k9Qv0mAh0x/JGrZgf3b24=
31,-33,5vKEQvzGR3kXRNuMS4uzN5FwCXg=,QfinYu0gRcvVUYJJv6VAOpSzG8E=
19,-42,5vKEQvzGR3kXRNuMS4uzN5FwCXg=,kdXv0a0sNeConX4eMVvkqIUejmk=
19,-33,5vKEQvzGR3kXRNuMS4uzN5FwCXg=,V2YEf1k9Qv0mAh0x/JGrZgf3b24=
17,-47,5vKEQvzGR3kXRNuMS4uzN5FwCXg=,kdXv0a0sNeConX4eMVvkqIUejmk=
17,-46,5vKEQvzGR3kXRNuMS4uzN5FwCXg=,kdXv0a0sNeConX4eMVvkqIUejmk=
18,-42,5vKEQvzGR3kXRNuMS4uzN5FwCXg=,kdXv0a0sNeConX4eMVvkqIUejmk=
19,-45,5vKEQvzGR3kXRNuMS4uzN5FwCXg=,kdXv0a0sNeConX4eMVvkqIUejmk=
17,-33,5vKEQvzGR3kXRNuMS4uzN5FwCXg=,V2YEf1k9Qv0mAh0x/JGrZgf3b24=
29,-35,5vKEQvzGR3kXRNuMS4uzN5FwCXg=,QfinYu0gRcvVUYJJv6VAOpSzG8E=
28,-34,5vKEQvzGR3kXRNuMS4uzN5FwCXg=,QfinYu0gRcvVUYJJv6VAOpSzG8E=
28,-36,5vKEQvzGR3kXRNuMS4uzN5FwCXg=,QfinYu0gRcvVUYJJv6VAOpSzG8E=
28,-35,5vKEQvzGR3kXRNuMS4uzN5FwCXg=,QfinYu0gRcvVUYJJv6VAOpSzG8E=
19,-47,5vKEQvzGR3kXRNuMS4uzN5FwCXg=,kdXv0a0sNeConX4eMVvkqIUejmk=
30,-36,5vKEQvzGR3kXRNuMS4uzN5FwCXg=,QfinYu0gRcvVUYJJv6VAOpSzG8E=
29,-34,5vKEQvzGR3kXRNuMS4uzN5FwCXg=,QfinYu0gRcvVUYJJv6VAOpSzG8E=
18,-47,5vKEQvzGR3kXRNuMS4uzN5FwCXg=,kdXv0a0sNeConX4eMVvkqIUejmk=
28,-48,5vKEQvzGR3kXRNuMS4uzN5FwCXg=,7rbK5zTTHxEebYpwtOdxRWKkPI0=
18,-40,5vKEQvzGR3kXRNuMS4uzN5FwCXg=,V2YEf1k9Qv0mAh0x/JGrZgf3b24=
30,-33,5vKEQvzGR3kXRNuMS4uzN5FwCXg=,QfinYu0gRcvVUYJJv6VAOpSzG8E=
29,-46,5vKEQvzGR3kXRNuMS4uzN5FwCXg=,7rbK5zTTHxEebYpwtOdxRWKkPI0=
16,-34,5vKEQvzGR3kXRNuMS4uzN5FwCXg=,V2YEf1k9Qv0mAh0x/JGrZgf3b24=
29,-33,5vKEQvzGR3kXRNuMS4uzN5FwCXg=,QfinYu0gRcvVUYJJv6VAOpSzG8E=
29,-36,5vKEQvzGR3kXRNuMS4uzN5FwCXg=,QfinYu0gRcvVUYJJv6VAOpSzG8E=
28,-45,5vKEQvzGR3kXRNuMS4uzN5FwCXg=,7rbK5zTTHxEebYpwtOdxRWKkPI0=
30,-47,5vKEQvzGR3kXRNuMS4uzN5FwCXg=,7rbK5zTTHxEebYpwtOdxRWKkPI0=
18,-41,5vKEQvzGR3kXRNuMS4uzN5FwCXg=,kdXv0a0sNeConX4eMVvkqIUejmk=
31,-47,5vKEQvzGR3kXRNuMS4uzN5FwCXg=,7rbK5zTTHxEebYpwtOdxRWKkPI0=
29,-45,5vKEQvzGR3kXRNuMS4uzN5FwCXg=,7rbK5zTTHxEebYpwtOdxRWKkPI0=
31,-35,5vKEQvzGR3kXRNuMS4uzN5FwCXg=,QfinYu0gRcvVUYJJv6VAOpSzG8E=
17,-36,5vKEQvzGR3kXRNuMS4uzN5FwCXg=,V2YEf1k9Qv0mAh0x/JGrZgf3b24=
28,-33,5vKEQvzGR3kXRNuMS4uzN5FwCXg=,QfinYu0gRcvVUYJJv6VAOpSzG8E=
17,-40,5vKEQvzGR3kXRNuMS4uzN5FwCXg=,V2YEf1k9Qv0mAh0x/JGrZgf3b24=
30,-35,5vKEQvzGR3kXRNuMS4uzN5FwCXg=,QfinYu0gRcvVUYJJv6VAOpSzG8E=
17,-39,5vKEQvzGR3kXRNuMS4uzN5FwCXg=,V2YEf1k9Qv0mAh0x/JGrZgf3b24=
17,-41,5vKEQvzGR3kXRNuMS4uzN5FwCXg=,kdXv0a0sNeConX4eMVvkqIUejmk=
19,-34,5vKEQvzGR3kXRNuMS4uzN5FwCXg=,V2YEf1k9Qv0mAh0x/JGrZgf3b24=
31,-36,5vKEQvzGR3kXRNuMS4uzN5FwCXg=,QfinYu0gRcvVUYJJv6VAOpSzG8E=
19,-38,5vKEQvzGR3kXRNuMS4uzN5FwCXg=,V2YEf1k9Qv0mAh0x/JGrZgf3b24=
31,-34,5vKEQvzGR3kXRNuMS4uzN5FwCXg=,QfinYu0gRcvVUYJJv6VAOpSzG8E=
18,-36,5vKEQvzGR3kXRNuMS4uzN5FwCXg=,V2YEf1k9Qv0mAh0x/JGrZgf3b24=
19,-40,5vKEQvzGR3kXRNuMS4uzN5FwCXg=,V2YEf1k9Qv0mAh0x/JGrZgf3b24=
19,-36,5vKEQvzGR3kXRNuMS4uzN5FwCXg=,V2YEf1k9Qv0mAh0x/JGrZgf3b24=
17,-38,5vKEQvzGR3kXRNuMS4uzN5FwCXg=,V2YEf1k9Qv0mAh0x/JGrZgf3b24=
30,-34,5vKEQvzGR3kXRNuMS4uzN5FwCXg=,QfinYu0gRcvVUYJJv6VAOpSzG8E=
17,-34,5vKEQvzGR3kXRNuMS4uzN5FwCXg=,V2YEf1k9Qv0mAh0x/JGrZgf3b24=
16,-35,5vKEQvzGR3kXRNuMS4uzN5FwCXg=,V2YEf1k9Qv0mAh0x/JGrZgf3b24=
30,-46,5vKEQvzGR3kXRNuMS4uzN5FwCXg=,7rbK5zTTHxEebYpwtOdxRWKkPI0=
28,-46,5vKEQvzGR3kXRNuMS4uzN5FwCXg=,7rbK5zTTHxEebYpwtOdxRWKkPI0=
18,-35,5vKEQvzGR3kXRNuMS4uzN5FwCXg=,V2YEf1k9Qv0mAh0x/JGrZgf3b24=
16,-36,5vKEQvzGR3kXRNuMS4uzN5FwCXg=,V2YEf1k9Qv0mAh0x/JGrZgf3b24=
19,-39,5vKEQvzGR3kXRNuMS4uzN5FwCXg=,V2YEf1k9Qv0mAh0x/JGrZgf3b24=
18,-39,5vKEQvzGR3kXRNuMS4uzN5FwCXg=,V2YEf1k9Qv0mAh0x/JGrZgf3b24=
19,-35,5vKEQvzGR3kXRNuMS4uzN5FwCXg=,V2YEf1k9Qv0mAh0x/JGrZgf3b24=
18,-38,5vKEQvzGR3kXRNuMS4uzN5FwCXg=,V2YEf1k9Qv0mAh0x/JGrZgf3b24=
17,-35,5vKEQvzGR3kXRNuMS4uzN5FwCXg=,V2YEf1k9Qv0mAh0x/JGrZgf3b24=
18,-34,5vKEQvzGR3kXRNuMS4uzN5FwCXg=,V2YEf1k9Qv0mAh0x/JGrZgf3b24=
23,-58,sABTCwM6EK6iYSSxggWmHwUQ+sw=,lTWkRAIg6PYkSgKTLqsPLODoU/M=
28,-57,sABTCwM6EK6iYSSxggWmHwUQ+sw=,53h4IBakyfYKO3BA0XrvbxCGqXk=
26,-60,Cxw4z652eI7/6nn2QKIGsi01oNw=,53h4IBakyfYKO3BA0XrvbxCGqXk=
24,-60,sABTCwM6EK6iYSSxggWmHwUQ+sw=,53h4IBakyfYKO3BA0XrvbxCGqXk=
24,-57,sABTCwM6EK6iYSSxggWmHwUQ+sw=,53h4IBakyfYKO3BA0XrvbxCGqXk=
25,-60,A8EqXYq4/dyeuOQ2BnHsnKu1FM0=,53h4IBakyfYKO3BA0XrvbxCGqXk=
23,-59,sABTCwM6EK6iYSSxggWmHwUQ+sw=,lTWkRAIg6PYkSgKTLqsPLODoU/M=
27,-60,sABTCwM6EK6iYSSxggWmHwUQ+sw=,53h4IBakyfYKO3BA0XrvbxCGqXk=
24,-59,Cxw4z652eI7/6nn2QKIGsi01oNw=,53h4IBakyfYKO3BA0XrvbxCGqXk=
23,-57,sABTCwM6EK6iYSSxggWmHwUQ+sw=,lTWkRAIg6PYkSgKTLqsPLODoU/M=
26,-59,sABTCwM6EK6iYSSxggWmHwUQ+sw=,53h4IBakyfYKO3BA0XrvbxCGqXk=
31,-56,sABTCwM6EK6iYSSxggWmHwUQ+sw=,fdTe6WQTlTwSy8x9HSS8bF0N2fc=
25,-57,sABTCwM6EK6iYSSxggWmHwUQ+sw=,53h4IBakyfYKO3BA0XrvbxCGqXk=
25,-59,sABTCwM6EK6iYSSxggWmHwUQ+sw=,53h4IBakyfYKO3BA0XrvbxCGqXk=
23,-60,sABTCwM6EK6iYSSxggWmHwUQ+sw=,lTWkRAIg6PYkSgKTLqsPLODoU/M=
23,-53,sABTCwM6EK6iYSSxggWmHwUQ+sw=,OIgGMl4PjfUTpf0aojPS9TdC/1k=
26,-57,sABTCwM6EK6iYSSxggWmHwUQ+sw=,53h4IBakyfYKO3BA0XrvbxCGqXk=
29,-57,sABTCwM6EK6iYSSxggWmHwUQ+sw=,53h4IBakyfYKO3BA0XrvbxCGqXk=
26,-54,sABTCwM6EK6iYSSxggWmHwUQ+sw=,fdTe6WQTlTwSy8x9HSS8bF0N2fc=
22,-57,sABTCwM6EK6iYSSxggWmHwUQ+sw=,lTWkRAIg6PYkSgKTLqsPLODoU/M=
27,-59,sABTCwM6EK6iYSSxggWmHwUQ+sw=,53h4IBakyfYKO3BA0XrvbxCGqXk=
31,-55,sABTCwM6EK6iYSSxggWmHwUQ+sw=,fdTe6WQTlTwSy8x9HSS8bF0N2fc=
26,-58,Cxw4z652eI7/6nn2QKIGsi01oNw=,53h4IBakyfYKO3BA0XrvbxCGqXk=
31,-57,sABTCwM6EK6iYSSxggWmHwUQ+sw=,53h4IBakyfYKO3BA0XrvbxCGqXk=
27,-53,sABTCwM6EK6iYSSxggWmHwUQ+sw=,fdTe6WQTlTwSy8x9HSS8bF0N2fc=
22,-56,sABTCwM6EK6iYSSxggWmHwUQ+sw=,OIgGMl4PjfUTpf0aojPS9TdC/1k=
27,-57,UdVF7z+TYGAycRWDmDZQ6G8aCqI=,53h4IBakyfYKO3BA0XrvbxCGqXk=
27,-56,sABTCwM6EK6iYSSxggWmHwUQ+sw=,fdTe6WQTlTwSy8x9HSS8bF0N2fc=
25,-58,sABTCwM6EK6iYSSxggWmHwUQ+sw=,53h4IBakyfYKO3BA0XrvbxCGqXk=
25,-56,sABTCwM6EK6iYSSxggWmHwUQ+sw=,fdTe6WQTlTwSy8x9HSS8bF0N2fc=
30,-57,sABTCwM6EK6iYSSxggWmHwUQ+sw=,53h4IBakyfYKO3BA0XrvbxCGqXk=
21,-57,sABTCwM6EK6iYSSxggWmHwUQ+sw=,lTWkRAIg6PYkSgKTLqsPLODoU/M=
24,-58,Cxw4z652eI7/6nn2QKIGsi01oNw=,53h4IBakyfYKO3BA0XrvbxCGqXk=
28,-53,sABTCwM6EK6iYSSxggWmHwUQ+sw=,fdTe6WQTlTwSy8x9HSS8bF0N2fc=
27,-58,A8EqXYq4/dyeuOQ2BnHsnKu1FM0=,53h4IBakyfYKO3BA0XrvbxCGqXk=
28,-60,sABTCwM6EK6iYSSxggWmHwUQ+sw=,53h4IBakyfYKO3BA0XrvbxCGqXk=
28,-59,sABTCwM6EK6iYSSxggWmHwUQ+sw=,53h4IBakyfYKO3BA0XrvbxCGqXk=
20,-60,sABTCwM6EK6iYSSxggWmHwUQ+sw=,lTWkRAIg6PYkSgKTLqsPLODoU/M=
20,-59,sABTCwM6EK6iYSSxggWmHwUQ+sw=,lTWkRAIg6PYkSgKTLqsPLODoU/M=
22,-60,sABTCwM6EK6iYSSxggWmHwUQ+sw=,lTWkRAIg6PYkSgKTLqsPLODoU/M=
24,-54,sABTCwM6EK6iYSSxggWmHwUQ+sw=,fdTe6WQTlTwSy8x9HSS8bF0N2fc=
22,-58,sABTCwM6EK6iYSSxggWmHwUQ+sw=,lTWkRAIg6PYkSgKTLqsPLODoU/M=
22,-55,sABTCwM6EK6iYSSxggWmHwUQ+sw=,OIgGMl4PjfUTpf0aojPS9TdC/1k=
28,-58,sABTCwM6EK6iYSSxggWmHwUQ+sw=,53h4IBakyfYKO3BA0XrvbxCGqXk=
30,-60,sABTCwM6EK6iYSSxggWmHwUQ+sw=,53h4IBakyfYKO3BA0XrvbxCGqXk=
30,-59,sABTCwM6EK6iYSSxggWmHwUQ+sw=,53h4IBakyfYKO3BA0XrvbxCGqXk=
21,-60,sABTCwM6EK6iYSSxggWmHwUQ+sw=,lTWkRAIg6PYkSgKTLqsPLODoU/M=
20,-56,sABTCwM6EK6iYSSxggWmHwUQ+sw=,OIgGMl4PjfUTpf0aojPS9TdC/1k=
21,-58,sABTCwM6EK6iYSSxggWmHwUQ+sw=,lTWkRAIg6PYkSgKTLqsPLODoU/M=
29,-53,sABTCwM6EK6iYSSxggWmHwUQ+sw=,fdTe6WQTlTwSy8x9HSS8bF0N2fc=
31,-58,sABTCwM6EK6iYSSxggWmHwUQ+sw=,53h4IBakyfYKO3BA0XrvbxCGqXk=
21,-55,sABTCwM6EK6iYSSxggWmHwUQ+sw=,OIgGMl4PjfUTpf0aojPS9TdC/1k=
21,-59,sABTCwM6EK6iYSSxggWmHwUQ+sw=,lTWkRAIg6PYkSgKTLqsPLODoU/M=
27,-54,sABTCwM6EK6iYSSxggWmHwUQ+sw=,fdTe6WQTlTwSy8x9HSS8bF0N2fc=
29,-60,sABTCwM6EK6iYSSxggWmHwUQ+sw=,53h4IBakyfYKO3BA0XrvbxCGqXk=
31,-59,sABTCwM6EK6iYSSxggWmHwUQ+sw=,53h4IBakyfYKO3BA0XrvbxCGqXk=
24,-56,sABTCwM6EK6iYSSxggWmHwUQ+sw=,fdTe6WQTlTwSy8x9HSS8bF0N2fc=
24,-53,sABTCwM6EK6iYSSxggWmHwUQ+sw=,fdTe6WQTlTwSy8x9HSS8bF0N2fc=
21,-56,sABTCwM6EK6iYSSxggWmHwUQ+sw=,OIgGMl4PjfUTpf0aojPS9TdC/1k=
24,-55,sABTCwM6EK6iYSSxggWmHwUQ+sw=,fdTe6WQTlTwSy8x9HSS8bF0N2fc=
22,-59,sABTCwM6EK6iYSSxggWmHwUQ+sw=,lTWkRAIg6PYkSgKTLqsPLODoU/M=
31,-54,sABTCwM6EK6iYSSxggWmHwUQ+sw=,fdTe6WQTlTwSy8x9HSS8bF0N2fc=
22,-53,sABTCwM6EK6iYSSxggWmHwUQ+sw=,OIgGMl4PjfUTpf0aojPS9TdC/1k=
29,-59,sABTCwM6EK6iYSSxggWmHwUQ+sw=,53h4IBakyfYKO3BA0XrvbxCGqXk=
29,-58,sABTCwM6EK6iYSSxggWmHwUQ+sw=,53h4IBakyfYKO3BA0XrvbxCGqXk=
20,-54,sABTCwM6EK6iYSSxggWmHwUQ+sw=,OIgGMl4PjfUTpf0aojPS9TdC/1k=
21,-54,sABTCwM6EK6iYSSxggWmHwUQ+sw=,OIgGMl4PjfUTpf0aojPS9TdC/1k=
20,-57,sABTCwM6EK6iYSSxggWmHwUQ+sw=,lTWkRAIg6PYkSgKTLqsPLODoU/M=
20,-58,sABTCwM6EK6iYSSxggWmHwUQ+sw=,lTWkRAIg6PYkSgKTLqsPLODoU/M=
31,-61,sABTCwM6EK6iYSSxggWmHwUQ+sw=,53h4IBakyfYKO3BA0XrvbxCGqXk=
30,-56,sABTCwM6EK6iYSSxggWmHwUQ+sw=,fdTe6WQTlTwSy8x9HSS8bF0N2fc=
22,-54,sABTCwM6EK6iYSSxggWmHwUQ+sw=,OIgGMl4PjfUTpf0aojPS9TdC/1k=
20,-55,sABTCwM6EK6iYSSxggWmHwUQ+sw=,OIgGMl4PjfUTpf0aojPS9TdC/1k=
30,-53,sABTCwM6EK6iYSSxggWmHwUQ+sw=,fdTe6WQTlTwSy8x9HSS8bF0N2fc=
21,-53,sABTCwM6EK6iYSSxggWmHwUQ+sw=,OIgGMl4PjfUTpf0aojPS9TdC/1k=
29,-56,sABTCwM6EK6iYSSxggWmHwUQ+sw=,fdTe6WQTlTwSy8x9HSS8bF0N2fc=
31,-53,sABTCwM6EK6iYSSxggWmHwUQ+sw=,fdTe6WQTlTwSy8x9HSS8bF0N2fc=
31,-62,sABTCwM6EK6iYSSxggWmHwUQ+sw=,53h4IBakyfYKO3BA0XrvbxCGqXk=
20,-53,sABTCwM6EK6iYSSxggWmHwUQ+sw=,OIgGMl4PjfUTpf0aojPS9TdC/1k=
30,-54,sABTCwM6EK6iYSSxggWmHwUQ+sw=,fdTe6WQTlTwSy8x9HSS8bF0N2fc=
30,-55,sABTCwM6EK6iYSSxggWmHwUQ+sw=,fdTe6WQTlTwSy8x9HSS8bF0N2fc=
28,-56,sABTCwM6EK6iYSSxggWmHwUQ+sw=,fdTe6WQTlTwSy8x9HSS8bF0N2fc=
25,-54,sABTCwM6EK6iYSSxggWmHwUQ+sw=,fdTe6WQTlTwSy8x9HSS8bF0N2fc=
31,-60,sABTCwM6EK6iYSSxggWmHwUQ+sw=,53h4IBakyfYKO3BA0XrvbxCGqXk=
27,-55,sABTCwM6EK6iYSSxggWmHwUQ+sw=,fdTe6WQTlTwSy8x9HSS8bF0N2fc=
26,-55,sABTCwM6EK6iYSSxggWmHwUQ+sw=,fdTe6WQTlTwSy8x9HSS8bF0N2fc=
29,-54,sABTCwM6EK6iYSSxggWmHwUQ+sw=,fdTe6WQTlTwSy8x9HSS8bF0N2fc=
29,-55,sABTCwM6EK6iYSSxggWmHwUQ+sw=,fdTe6WQTlTwSy8x9HSS8bF0N2fc=
25,-55,sABTCwM6EK6iYSSxggWmHwUQ+sw=,fdTe6WQTlTwSy8x9HSS8bF0N2fc=
28,-55,sABTCwM6EK6iYSSxggWmHwUQ+sw=,fdTe6WQTlTwSy8x9HSS8bF0N2fc=
26,-56,sABTCwM6EK6iYSSxggWmHwUQ+sw=,fdTe6WQTlTwSy8x9HSS8bF0N2fc=
31,-63,sABTCwM6EK6iYSSxggWmHwUQ+sw=,53h4IBakyfYKO3BA0XrvbxCGqXk=
25,-53,sABTCwM6EK6iYSSxggWmHwUQ+sw=,fdTe6WQTlTwSy8x9HSS8bF0N2fc=
23,-55,Cxw4z652eI7/6nn2QKIGsi01oNw=,OIgGMl4PjfUTpf0aojPS9TdC/1k=
26,-53,sABTCwM6EK6iYSSxggWmHwUQ+sw=,fdTe6WQTlTwSy8x9HSS8bF0N2fc=
28,-54,sABTCwM6EK6iYSSxggWmHwUQ+sw=,fdTe6WQTlTwSy8x9HSS8bF0N2fc=
28,-61,sABTCwM6EK6iYSSxggWmHwUQ+sw=,53h4IBakyfYKO3BA0XrvbxCGqXk=
30,-62,sABTCwM6EK6iYSSxggWmHwUQ+sw=,53h4IBakyfYKO3BA0XrvbxCGqXk=
29,-49,sABTCwM6EK6iYSSxggWmHwUQ+sw=,fdTe6WQTlTwSy8x9HSS8bF0N2fc=
30,-49,sABTCwM6EK6iYSSxggWmHwUQ+sw=,fdTe6WQTlTwSy8x9HSS8bF0N2fc=
30,-61,sABTCwM6EK6iYSSxggWmHwUQ+sw=,53h4IBakyfYKO3BA0XrvbxCGqXk=
28,-64,sABTCwM6EK6iYSSxggWmHwUQ+sw=,53h4IBakyfYKO3BA0XrvbxCGqXk=
29,-61,sABTCwM6EK6iYSSxggWmHwUQ+sw=,53h4IBakyfYKO3BA0XrvbxCGqXk=
29,-64,sABTCwM6EK6iYSSxggWmHwUQ+sw=,53h4IBakyfYKO3BA0XrvbxCGqXk=
28,-52,sABTCwM6EK6iYSSxggWmHwUQ+sw=,fdTe6WQTlTwSy8x9HSS8bF0N2fc=
30,-51,sABTCwM6EK6iYSSxggWmHwUQ+sw=,fdTe6WQTlTwSy8x9HSS8bF0N2fc=
20,-50,sABTCwM6EK6iYSSxggWmHwUQ+sw=,OIgGMl4PjfUTpf0aojPS9TdC/1k=
23,-56,sABTCwM6EK6iYSSxggWmHwUQ+sw=,OIgGMl4PjfUTpf0aojPS9TdC/1k=
23,-49,sABTCwM6EK6iYSSxggWmHwUQ+sw=,OIgGMl4PjfUTpf0aojPS9TdC/1k=
29,-52,sABTCwM6EK6iYSSxggWmHwUQ+sw=,fdTe6WQTlTwSy8x9HSS8bF0N2fc=
31,-64,sABTCwM6EK6iYSSxggWmHwUQ+sw=,53h4IBakyfYKO3BA0XrvbxCGqXk=
25,-50,sABTCwM6EK6iYSSxggWmHwUQ+sw=,fdTe6WQTlTwSy8x9HSS8bF0N2fc=
23,-52,sABTCwM6EK6iYSSxggWmHwUQ+sw=,OIgGMl4PjfUTpf0aojPS9TdC/1k=
31,-49,sABTCwM6EK6iYSSxggWmHwUQ+sw=,fdTe6WQTlTwSy8x9HSS8bF0N2fc=
24,-50,sABTCwM6EK6iYSSxggWmHwUQ+sw=,fdTe6WQTlTwSy8x9HSS8bF0N2fc=
23,-54,sABTCwM6EK6iYSSxggWmHwUQ+sw=,OIgGMl4PjfUTpf0aojPS9TdC/1k=
29,-63,sABTCwM6EK6iYSSxggWmHwUQ+sw=,53h4IBakyfYKO3BA0XrvbxCGqXk=
30,-50,sABTCwM6EK6iYSSxggWmHwUQ+sw=,fdTe6WQTlTwSy8x9HSS8bF0N2fc=
30,-52,sABTCwM6EK6iYSSxggWmHwUQ+sw=,fdTe6WQTlTwSy8x9HSS8bF0N2fc=
30,-58,sABTCwM6EK6iYSSxggWmHwUQ+sw=,53h4IBakyfYKO3BA0XrvbxCGqXk=
29,-51,sABTCwM6EK6iYSSxggWmHwUQ+sw=,fdTe6WQTlTwSy8x9HSS8bF0N2fc=
30,-64,sABTCwM6EK6iYSSxggWmHwUQ+sw=,53h4IBakyfYKO3BA0XrvbxCGqXk=
30,-63,sABTCwM6EK6iYSSxggWmHwUQ+sw=,53h4IBakyfYKO3BA0XrvbxCGqXk=
28,-63,sABTCwM6EK6iYSSxggWmHwUQ+sw=,53h4IBakyfYKO3BA0XrvbxCGqXk=
24,-51,sABTCwM6EK6iYSSxggWmHwUQ+sw=,fdTe6WQTlTwSy8x9HSS8bF0N2fc=
21,-50,sABTCwM6EK6iYSSxggWmHwUQ+sw=,OIgGMl4PjfUTpf0aojPS9TdC/1k=
29,-62,sABTCwM6EK6iYSSxggWmHwUQ+sw=,53h4IBakyfYKO3BA0XrvbxCGqXk=
28,-51,sABTCwM6EK6iYSSxggWmHwUQ+sw=,fdTe6WQTlTwSy8x9HSS8bF0N2fc=
29,-50,sABTCwM6EK6iYSSxggWmHwUQ+sw=,fdTe6WQTlTwSy8x9HSS8bF0N2fc=
22,-50,sABTCwM6EK6iYSSxggWmHwUQ+sw=,OIgGMl4PjfUTpf0aojPS9TdC/1k=
28,-62,sABTCwM6EK6iYSSxggWmHwUQ+sw=,53h4IBakyfYKO3BA0XrvbxCGqXk=
27,-52,sABTCwM6EK6iYSSxggWmHwUQ+sw=,fdTe6WQTlTwSy8x9HSS8bF0N2fc=
27,-51,sABTCwM6EK6iYSSxggWmHwUQ+sw=,fdTe6WQTlTwSy8x9HSS8bF0N2fc=
28,-49,sABTCwM6EK6iYSSxggWmHwUQ+sw=,fdTe6WQTlTwSy8x9HSS8bF0N2fc=
21,-49,sABTCwM6EK6iYSSxggWmHwUQ+sw=,OIgGMl4PjfUTpf0aojPS9TdC/1k=
26,-51,sABTCwM6EK6iYSSxggWmHwUQ+sw=,fdTe6WQTlTwSy8x9HSS8bF0N2fc=
20,-49,sABTCwM6EK6iYSSxggWmHwUQ+sw=,OIgGMl4PjfUTpf0aojPS9TdC/1k=
25,-52,sABTCwM6EK6iYSSxggWmHwUQ+sw=,fdTe6WQTlTwSy8x9HSS8bF0N2fc=
20,-52,sABTCwM6EK6iYSSxggWmHwUQ+sw=,OIgGMl4PjfUTpf0aojPS9TdC/1k=
26,-52,sABTCwM6EK6iYSSxggWmHwUQ+sw=,fdTe6WQTlTwSy8x9HSS8bF0N2fc=
21,-52,sABTCwM6EK6iYSSxggWmHwUQ+sw=,OIgGMl4PjfUTpf0aojPS9TdC/1k=
22,-52,sABTCwM6EK6iYSSxggWmHwUQ+sw=,OIgGMl4PjfUTpf0aojPS9TdC/1k=
31,-50,sABTCwM6EK6iYSSxggWmHwUQ+sw=,fdTe6WQTlTwSy8x9HSS8bF0N2fc=
23,-51,sABTCwM6EK6iYSSxggWmHwUQ+sw=,OIgGMl4PjfUTpf0aojPS9TdC/1k=
20,-51,sABTCwM6EK6iYSSxggWmHwUQ+sw=,OIgGMl4PjfUTpf0aojPS9TdC/1k=
27,-49,sABTCwM6EK6iYSSxggWmHwUQ+sw=,fdTe6WQTlTwSy8x9HSS8bF0N2fc=
31,-52,sABTCwM6EK6iYSSxggWmHwUQ+sw=,fdTe6WQTlTwSy8x9HSS8bF0N2fc=
21,-51,sABTCwM6EK6iYSSxggWmHwUQ+sw=,OIgGMl4PjfUTpf0aojPS9TdC/1k=
26,-49,sABTCwM6EK6iYSSxggWmHwUQ+sw=,fdTe6WQTlTwSy8x9HSS8bF0N2fc=
24,-49,sABTCwM6EK6iYSSxggWmHwUQ+sw=,fdTe6WQTlTwSy8x9HSS8bF0N2fc=
27,-50,sABTCwM6EK6iYSSxggWmHwUQ+sw=,fdTe6WQTlTwSy8x9HSS8bF0N2fc=
24,-52,sABTCwM6EK6iYSSxggWmHwUQ+sw=,fdTe6WQTlTwSy8x9HSS8bF0N2fc=
26,-50,sABTCwM6EK6iYSSxggWmHwUQ+sw=,fdTe6WQTlTwSy8x9HSS8bF0N2fc=
25,-49,sABTCwM6EK6iYSSxggWmHwUQ+sw=,fdTe6WQTlTwSy8x9HSS8bF0N2fc=
28,-50,sABTCwM6EK6iYSSxggWmHwUQ+sw=,fdTe6WQTlTwSy8x9HSS8bF0N2fc=
21,-64,sABTCwM6EK6iYSSxggWmHwUQ+sw=,lTWkRAIg6PYkSgKTLqsPLODoU/M=
20,-64,sABTCwM6EK6iYSSxggWmHwUQ+sw=,lTWkRAIg6PYkSgKTLqsPLODoU/M=
19,-64,sABTCwM6EK6iYSSxggWmHwUQ+sw=,lTWkRAIg6PYkSgKTLqsPLODoU/M=
18,-64,sABTCwM6EK6iYSSxggWmHwUQ+sw=,lTWkRAIg6PYkSgKTLqsPLODoU/M=
17,-64,sABTCwM6EK6iYSSxggWmHwUQ+sw=,lTWkRAIg6PYkSgKTLqsPLODoU/M=
22,-64,sABTCwM6EK6iYSSxggWmHwUQ+sw=,lTWkRAIg6PYkSgKTLqsPLODoU/M=
24,-64,sABTCwM6EK6iYSSxggWmHwUQ+sw=,53h4IBakyfYKO3BA0XrvbxCGqXk=
21,-63,sABTCwM6EK6iYSSxggWmHwUQ+sw=,lTWkRAIg6PYkSgKTLqsPLODoU/M=
23,-50,sABTCwM6EK6iYSSxggWmHwUQ+sw=,OIgGMl4PjfUTpf0aojPS9TdC/1k=
22,-51,sABTCwM6EK6iYSSxggWmHwUQ+sw=,OIgGMl4PjfUTpf0aojPS9TdC/1k=
20,-63,sABTCwM6EK6iYSSxggWmHwUQ+sw=,lTWkRAIg6PYkSgKTLqsPLODoU/M=
22,-49,sABTCwM6EK6iYSSxggWmHwUQ+sw=,OIgGMl4PjfUTpf0aojPS9TdC/1k=
31,-51,sABTCwM6EK6iYSSxggWmHwUQ+sw=,fdTe6WQTlTwSy8x9HSS8bF0N2fc=
23,-63,sABTCwM6EK6iYSSxggWmHwUQ+sw=,lTWkRAIg6PYkSgKTLqsPLODoU/M=
25,-51,sABTCwM6EK6iYSSxggWmHwUQ+sw=,fdTe6WQTlTwSy8x9HSS8bF0N2fc=
25,-63,sABTCwM6EK6iYSSxggWmHwUQ+sw=,53h4IBakyfYKO3BA0XrvbxCGqXk=
23,-64,sABTCwM6EK6iYSSxggWmHwUQ+sw=,lTWkRAIg6PYkSgKTLqsPLODoU/M=
22,-62,sABTCwM6EK6iYSSxggWmHwUQ+sw=,lTWkRAIg6PYkSgKTLqsPLODoU/M=
20,-61,sABTCwM6EK6iYSSxggWmHwUQ+sw=,lTWkRAIg6PYkSgKTLqsPLODoU/M=
20,-62,sABTCwM6EK6iYSSxggWmHwUQ+sw=,lTWkRAIg6PYkSgKTLqsPLODoU/M=
21,-62,sABTCwM6EK6iYSSxggWmHwUQ+sw=,lTWkRAIg6PYkSgKTLqsPLODoU/M=
27,-64,sABTCwM6EK6iYSSxggWmHwUQ+sw=,53h4IBakyfYKO3BA0XrvbxCGqXk=
22,-63,sABTCwM6EK6iYSSxggWmHwUQ+sw=,lTWkRAIg6PYkSgKTLqsPLODoU/M=
16,-64,sABTCwM6EK6iYSSxggWmHwUQ+sw=,lTWkRAIg6PYkSgKTLqsPLODoU/M=
27,-63,sABTCwM6EK6iYSSxggWmHwUQ+sw=,53h4IBakyfYKO3BA0XrvbxCGqXk=
24,-63,sABTCwM6EK6iYSSxggWmHwUQ+sw=,53h4IBakyfYKO3BA0XrvbxCGqXk=
22,-61,sABTCwM6EK6iYSSxggWmHwUQ+sw=,lTWkRAIg6PYkSgKTLqsPLODoU/M=
23,-62,sABTCwM6EK6iYSSxggWmHwUQ+sw=,lTWkRAIg6PYkSgKTLqsPLODoU/M=
24,-62,sABTCwM6EK6iYSSxggWmHwUQ+sw=,53h4IBakyfYKO3BA0XrvbxCGqXk=
21,-61,sABTCwM6EK6iYSSxggWmHwUQ+sw=,lTWkRAIg6PYkSgKTLqsPLODoU/M=
26,-63,sABTCwM6EK6iYSSxggWmHwUQ+sw=,53h4IBakyfYKO3BA0XrvbxCGqXk=
16,-57,sABTCwM6EK6iYSSxggWmHwUQ+sw=,lTWkRAIg6PYkSgKTLqsPLODoU/M=
24,-61,sABTCwM6EK6iYSSxggWmHwUQ+sw=,53h4IBakyfYKO3BA0XrvbxCGqXk=
16,-49,sABTCwM6EK6iYSSxggWmHwUQ+sw=,OIgGMl4PjfUTpf0aojPS9TdC/1k=
25,-62,sABTCwM6EK6iYSSxggWmHwUQ+sw=,53h4IBakyfYKO3BA0XrvbxCGqXk=
25,-61,sABTCwM6EK6iYSSxggWmHwUQ+sw=,53h4IBakyfYKO3BA0XrvbxCGqXk=
26,-64,sABTCwM6EK6iYSSxggWmHwUQ+sw=,53h4IBakyfYKO3BA0XrvbxCGqXk=
25,-64,sABTCwM6EK6iYSSxggWmHwUQ+sw=,53h4IBakyfYKO3BA0XrvbxCGqXk=
26,-62,sABTCwM6EK6iYSSxggWmHwUQ+sw=,53h4IBakyfYKO3BA0XrvbxCGqXk=
23,-61,sABTCwM6EK6iYSSxggWmHwUQ+sw=,lTWkRAIg6PYkSgKTLqsPLODoU/M=
16,-50,sABTCwM6EK6iYSSxggWmHwUQ+sw=,OIgGMl4PjfUTpf0aojPS9TdC/1k=
19,-62,sABTCwM6EK6iYSSxggWmHwUQ+sw=,lTWkRAIg6PYkSgKTLqsPLODoU/M=
27,-62,sABTCwM6EK6iYSSxggWmHwUQ+sw=,53h4IBakyfYKO3BA0XrvbxCGqXk=
26,-61,sABTCwM6EK6iYSSxggWmHwUQ+sw=,53h4IBakyfYKO3BA0XrvbxCGqXk=
17,-49,sABTCwM6EK6iYSSxggWmHwUQ+sw=,OIgGMl4PjfUTpf0aojPS9TdC/1k=
27,-61,sABTCwM6EK6iYSSxggWmHwUQ+sw=,53h4IBakyfYKO3BA0XrvbxCGqXk=
17,-63,sABTCwM6EK6iYSSxggWmHwUQ+sw=,lTWkRAIg6PYkSgKTLqsPLODoU/M=
16,-63,sABTCwM6EK6iYSSxggWmHwUQ+sw=,lTWkRAIg6PYkSgKTLqsPLODoU/M=
16,-58,sABTCwM6EK6iYSSxggWmHwUQ+sw=,lTWkRAIg6PYkSgKTLqsPLODoU/M=
17,-61,sABTCwM6EK6iYSSxggWmHwUQ+sw=,lTWkRAIg6PYkSgKTLqsPLODoU/M=
19,-63,sABTCwM6EK6iYSSxggWmHwUQ+sw=,lTWkRAIg6PYkSgKTLqsPLODoU/M=
18,-63,sABTCwM6EK6iYSSxggWmHwUQ+sw=,lTWkRAIg6PYkSgKTLqsPLODoU/M=
18,-62,sABTCwM6EK6iYSSxggWmHwUQ+sw=,lTWkRAIg6PYkSgKTLqsPLODoU/M=
17,-62,sABTCwM6EK6iYSSxggWmHwUQ+sw=,lTWkRAIg6PYkSgKTLqsPLODoU/M=
17,-51,sABTCwM6EK6iYSSxggWmHwUQ+sw=,OIgGMl4PjfUTpf0aojPS9TdC/1k=
18,-52,sABTCwM6EK6iYSSxggWmHwUQ+sw=,OIgGMl4PjfUTpf0aojPS9TdC/1k=
17,-60,sABTCwM6EK6iYSSxggWmHwUQ+sw=,lTWkRAIg6PYkSgKTLqsPLODoU/M=
18,-51,sABTCwM6EK6iYSSxggWmHwUQ+sw=,OIgGMl4PjfUTpf0aojPS9TdC/1k=
17,-52,sABTCwM6EK6iYSSxggWmHwUQ+sw=,OIgGMl4PjfUTpf0aojPS9TdC/1k=
16,-51,sABTCwM6EK6iYSSxggWmHwUQ+sw=,OIgGMl4PjfUTpf0aojPS9TdC/1k=
19,-51,sABTCwM6EK6iYSSxggWmHwUQ+sw=,OIgGMl4PjfUTpf0aojPS9TdC/1k=
19,-49,sABTCwM6EK6iYSSxggWmHwUQ+sw=,OIgGMl4PjfUTpf0aojPS9TdC/1k=
19,-60,sABTCwM6EK6iYSSxggWmHwUQ+sw=,lTWkRAIg6PYkSgKTLqsPLODoU/M=
17,-59,sABTCwM6EK6iYSSxggWmHwUQ+sw=,lTWkRAIg6PYkSgKTLqsPLODoU/M=
16,-59,sABTCwM6EK6iYSSxggWmHwUQ+sw=,lTWkRAIg6PYkSgKTLqsPLODoU/M=
19,-61,sABTCwM6EK6iYSSxggWmHwUQ+sw=,lTWkRAIg6PYkSgKTLqsPLODoU/M=
18,-49,sABTCwM6EK6iYSSxggWmHwUQ+sw=,OIgGMl4PjfUTpf0aojPS9TdC/1k=
18,-60,sABTCwM6EK6iYSSxggWmHwUQ+sw=,lTWkRAIg6PYkSgKTLqsPLODoU/M=
18,-56,sABTCwM6EK6iYSSxggWmHwUQ+sw=,OIgGMl4PjfUTpf0aojPS9TdC/1k=
19,-59,sABTCwM6EK6iYSSxggWmHwUQ+sw=,lTWkRAIg6PYkSgKTLqsPLODoU/M=
18,-50,sABTCwM6EK6iYSSxggWmHwUQ+sw=,OIgGMl4PjfUTpf0aojPS9TdC/1k=
18,-58,sABTCwM6EK6iYSSxggWmHwUQ+sw=,lTWkRAIg6PYkSgKTLqsPLODoU/M=
17,-50,sABTCwM6EK6iYSSxggWmHwUQ+sw=,OIgGMl4PjfUTpf0aojPS9TdC/1k=
18,-61,sABTCwM6EK6iYSSxggWmHwUQ+sw=,lTWkRAIg6PYkSgKTLqsPLODoU/M=
19,-58,sABTCwM6EK6iYSSxggWmHwUQ+sw=,lTWkRAIg6PYkSgKTLqsPLODoU/M=
16,-52,sABTCwM6EK6iYSSxggWmHwUQ+sw=,OIgGMl4PjfUTpf0aojPS9TdC/1k=
18,-54,sABTCwM6EK6iYSSxggWmHwUQ+sw=,OIgGMl4PjfUTpf0aojPS9TdC/1k=
19,-55,sABTCwM6EK6iYSSxggWmHwUQ+sw=,OIgGMl4PjfUTpf0aojPS9TdC/1k=
17,-54,sABTCwM6EK6iYSSxggWmHwUQ+sw=,OIgGMl4PjfUTpf0aojPS9TdC/1k=
19,-52,sABTCwM6EK6iYSSxggWmHwUQ+sw=,OIgGMl4PjfUTpf0aojPS9TdC/1k=
17,-58,sABTCwM6EK6iYSSxggWmHwUQ+sw=,lTWkRAIg6PYkSgKTLqsPLODoU/M=
18,-53,sABTCwM6EK6iYSSxggWmHwUQ+sw=,OIgGMl4PjfUTpf0aojPS9TdC/1k=
17,-56,sABTCwM6EK6iYSSxggWmHwUQ+sw=,OIgGMl4PjfUTpf0aojPS9TdC/1k=
17,-53,sABTCwM6EK6iYSSxggWmHwUQ+sw=,OIgGMl4PjfUTpf0aojPS9TdC/1k=
18,-57,sABTCwM6EK6iYSSxggWmHwUQ+sw=,lTWkRAIg6PYkSgKTLqsPLODoU/M=
19,-50,sABTCwM6EK6iYSSxggWmHwUQ+sw=,OIgGMl4PjfUTpf0aojPS9TdC/1k=
18,-59,sABTCwM6EK6iYSSxggWmHwUQ+sw=,lTWkRAIg6PYkSgKTLqsPLODoU/M=
16,-54,sABTCwM6EK6iYSSxggWmHwUQ+sw=,OIgGMl4PjfUTpf0aojPS9TdC/1k=
16,-60,sABTCwM6EK6iYSSxggWmHwUQ+sw=,lTWkRAIg6PYkSgKTLqsPLODoU/M=
19,-57,sABTCwM6EK6iYSSxggWmHwUQ+sw=,lTWkRAIg6PYkSgKTLqsPLODoU/M=
19,-54,sABTCwM6EK6iYSSxggWmHwUQ+sw=,OIgGMl4PjfUTpf0aojPS9TdC/1k=
19,-53,sABTCwM6EK6iYSSxggWmHwUQ+sw=,OIgGMl4PjfUTpf0aojPS9TdC/1k=
19,-56,sABTCwM6EK6iYSSxggWmHwUQ+sw=,OIgGMl4PjfUTpf0aojPS9TdC/1k=
18,-55,sABTCwM6EK6iYSSxggWmHwUQ+sw=,OIgGMl4PjfUTpf0aojPS9TdC/1k=
17,-55,sABTCwM6EK6iYSSxggWmHwUQ+sw=,OIgGMl4PjfUTpf0aojPS9TdC/1k=
16,-55,sABTCwM6EK6iYSSxggWmHwUQ+sw=,OIgGMl4PjfUTpf0aojPS9TdC/1k=
16,-61,sABTCwM6EK6iYSSxggWmHwUQ+sw=,lTWkRAIg6PYkSgKTLqsPLODoU/M=
16,-53,sABTCwM6EK6iYSSxggWmHwUQ+sw=,OIgGMl4PjfUTpf0aojPS9TdC/1k=
17,-57,sABTCwM6EK6iYSSxggWmHwUQ+sw=,lTWkRAIg6PYkSgKTLqsPLODoU/M=
16,-62,sABTCwM6EK6iYSSxggWmHwUQ+sw=,lTWkRAIg6PYkSgKTLqsPLODoU/M=
16,-56,sABTCwM6EK6iYSSxggWmHwUQ+sw=,OIgGMl4PjfUTpf0aojPS9TdC/1k=
11,-64,dMeWfKzgPxifz8jI6AP4HZNIwg8=,4BadM8FP6NFxa+wIcfT0EltPUrE=
14,-64,dMeWfKzgPxifz8jI6AP4HZNIwg8=,4BadM8FP6NFxa+wIcfT0EltPUrE=
12,-64,dMeWfKzgPxifz8jI6AP4HZNIwg8=,4BadM8FP6NFxa+wIcfT0EltPUrE=
13,-64,dMeWfKzgPxifz8jI6AP4HZNIwg8=,4BadM8FP6NFxa+wIcfT0EltPUrE=
4,-60,ebQXRpe6OWkhzRq9EDmcLSCpCAc=,AUKO0Ca/SkOupo2B5EHBmW9PKHc=
11,-53,dMeWfKzgPxifz8jI6AP4HZNIwg8=,/Ei6nMcTvMIA95ep6nbM0oWCa+Q=
7,-53,DNxnEW+1uyBWoskDzq5Sad9uEsM=,c8jxWF/+eEla/ygX0lsTVxEMJBo=
5,-60,ebQXRpe6OWkhzRq9EDmcLSCpCAc=,AUKO0Ca/SkOupo2B5EHBmW9PKHc=
11,-60,ebQXRpe6OWkhzRq9EDmcLSCpCAc=,4BadM8FP6NFxa+wIcfT0EltPUrE=
10,-60,dMeWfKzgPxifz8jI6AP4HZNIwg8=,4BadM8FP6NFxa+wIcfT0EltPUrE=
5,-56,TgWosBl7PXC3h0zU7qYnXYMceDE=,c8jxWF/+eEla/ygX0lsTVxEMJBo=
7,-60,ebQXRpe6OWkhzRq9EDmcLSCpCAc=,AUKO0Ca/SkOupo2B5EHBmW9PKHc=
4,-58,dMeWfKzgPxifz8jI6AP4HZNIwg8=,AUKO0Ca/SkOupo2B5EHBmW9PKHc=
6,-60,ebQXRpe6OWkhzRq9EDmcLSCpCAc=,AUKO0Ca/SkOupo2B5EHBmW9PKHc=
5,-58,dMeWfKzgPxifz8jI6AP4HZNIwg8=,AUKO0Ca/SkOupo2B5EHBmW9PKHc=
6,-56,TgWosBl7PXC3h0zU7qYnXYMceDE=,c8jxWF/+eEla/ygX0lsTVxEMJBo=
4,-59,ebQXRpe6OWkhzRq9EDmcLSCpCAc=,AUKO0Ca/SkOupo2B5EHBmW9PKHc=
7,-58,dMeWfKzgPxifz8jI6AP4HZNIwg8=,AUKO0Ca/SkOupo2B5EHBmW9PKHc=
11,-49,dMeWfKzgPxifz8jI6AP4HZNIwg8=,/Ei6nMcTvMIA95ep6nbM0oWCa+Q=
10,-52,dMeWfKzgPxifz8jI6AP4HZNIwg8=,/Ei6nMcTvMIA95ep6nbM0oWCa+Q=
4,-55,CR9Kn+Db2jcbDK0nN5vJVrEZuYc=,c8jxWF/+eEla/ygX0lsTVxEMJBo=
6,-58,ebQXRpe6OWkhzRq9EDmcLSCpCAc=,AUKO0Ca/SkOupo2B5EHBmW9PKHc=
4,-57,dMeWfKzgPxifz8jI6AP4HZNIwg8=,AUKO0Ca/SkOupo2B5EHBmW9PKHc=
11,-52,dMeWfKzgPxifz8jI6AP4HZNIwg8=,/Ei6nMcTvMIA95ep6nbM0oWCa+Q=
5,-57,ebQXRpe6OWkhzRq9EDmcLSCpCAc=,AUKO0Ca/SkOupo2B5EHBmW9PKHc=
10,-49,dMeWfKzgPxifz8jI6AP4HZNIwg8=,/Ei6nMcTvMIA95ep6nbM0oWCa+Q=
9,-52,dMeWfKzgPxifz8jI6AP4HZNIwg8=,/Ei6nMcTvMIA95ep6nbM0oWCa+Q=
9,-59,ebQXRpe6OWkhzRq9EDmcLSCpCAc=,4BadM8FP6NFxa+wIcfT0EltPUrE=
6,-57,dMeWfKzgPxifz8jI6AP4HZNIwg8=,AUKO0Ca/SkOupo2B5EHBmW9PKHc=
4,-56,TgWosBl7PXC3h0zU7qYnXYMceDE=,c8jxWF/+eEla/ygX0lsTVxEMJBo=
11,-51,dMeWfKzgPxifz8jI6AP4HZNIwg8=,/Ei6nMcTvMIA95ep6nbM0oWCa+Q=
7,-49,dMeWfKzgPxifz8jI6AP4HZNIwg8=,c8jxWF/+eEla/ygX0lsTVxEMJBo=
11,-59,ebQXRpe6OWkhzRq9EDmcLSCpCAc=,4BadM8FP6NFxa+wIcfT0EltPUrE=
5,-59,ebQXRpe6OWkhzRq9EDmcLSCpCAc=,AUKO0Ca/SkOupo2B5EHBmW9PKHc=
9,-58,dMeWfKzgPxifz8jI6AP4HZNIwg8=,4BadM8FP6NFxa+wIcfT0EltPUrE=
9,-60,dMeWfKzgPxifz8jI6AP4HZNIwg8=,4BadM8FP6NFxa+wIcfT0EltPUrE=
11,-50,dMeWfKzgPxifz8jI6AP4HZNIwg8=,/Ei6nMcTvMIA95ep6nbM0oWCa+Q=
7,-52,dMeWfKzgPxifz8jI6AP4HZNIwg8=,c8jxWF/+eEla/ygX0lsTVxEMJBo=
10,-50,dMeWfKzgPxifz8jI6AP4HZNIwg8=,/Ei6nMcTvMIA95ep6nbM0oWCa+Q=
8,-57,ebQXRpe6OWkhzRq9EDmcLSCpCAc=,4BadM8FP6NFxa+wIcfT0EltPUrE=
11,-58,ebQXRpe6OWkhzRq9EDmcLSCpCAc=,4BadM8FP6NFxa+wIcfT0EltPUrE=
7,-59,ebQXRpe6OWkhzRq9EDmcLSCpCAc=,AUKO0Ca/SkOupo2B5EHBmW9PKHc=
10,-58,ebQXRpe6OWkhzRq9EDmcLSCpCAc=,4BadM8FP6NFxa+wIcfT0EltPUrE=
7,-57,ebQXRpe6OWkhzRq9EDmcLSCpCAc=,AUKO0Ca/SkOupo2B5EHBmW9PKHc=
10,-51,dMeWfKzgPxifz8jI6AP4HZNIwg8=,/Ei6nMcTvMIA95ep6nbM0oWCa+Q=
9,-57,ebQXRpe6OWkhzRq9EDmcLSCpCAc=,4BadM8FP6NFxa+wIcfT0EltPUrE=
7,-50,dMeWfKzgPxifz8jI6AP4HZNIwg8=,c8jxWF/+eEla/ygX0lsTVxEMJBo=
8,-59,ebQXRpe6OWkhzRq9EDmcLSCpCAc=,4BadM8FP6NFxa+wIcfT0EltPUrE=
10,-59,ebQXRpe6OWkhzRq9EDmcLSCpCAc=,4BadM8FP6NFxa+wIcfT0EltPUrE=
5,-55,0xRMQZJhYnFNImSvjr2gDPcskpc=,c8jxWF/+eEla/ygX0lsTVxEMJBo=
10,-57,ebQXRpe6OWkhzRq9EDmcLSCpCAc=,4BadM8FP6NFxa+wIcfT0EltPUrE=
4,-54,CR9Kn+Db2jcbDK0nN5vJVrEZuYc=,c8jxWF/+eEla/ygX0lsTVxEMJBo=
7,-51,dMeWfKzgPxifz8jI6AP4HZNIwg8=,c8jxWF/+eEla/ygX0lsTVxEMJBo=
9,-49,dMeWfKzgPxifz8jI6AP4HZNIwg8=,/Ei6nMcTvMIA95ep6nbM0oWCa+Q=
8,-60,ebQXRpe6OWkhzRq9EDmcLSCpCAc=,4BadM8FP6NFxa+wIcfT0EltPUrE=
8,-52,dMeWfKzgPxifz8jI6AP4HZNIwg8=,/Ei6nMcTvMIA95ep6nbM0oWCa+Q=
8,-51,dMeWfKzgPxifz8jI6AP4HZNIwg8=,/Ei6nMcTvMIA95ep6nbM0oWCa+Q=
6,-55,ov5rMm5cw1cA6x5cyC70/fY8vCM=,c8jxWF/+eEla/ygX0lsTVxEMJBo=
11,-57,CR9Kn+Db2jcbDK0nN5vJVrEZuYc=,4BadM8FP6NFxa+wIcfT0EltPUrE=
4,-53,ov5rMm5cw1cA6x5cyC70/fY8vCM=,c8jxWF/+eEla/ygX0lsTVxEMJBo=
5,-54,TgWosBl7PXC3h0zU7qYnXYMceDE=,c8jxWF/+eEla/ygX0lsTVxEMJBo=
9,-51,dMeWfKzgPxifz8jI6AP4HZNIwg8=,/Ei6nMcTvMIA95ep6nbM0oWCa+Q=
7,-56,ebQXRpe6OWkhzRq9EDmcLSCpCAc=,c8jxWF/+eEla/ygX0lsTVxEMJBo=
8,-58,ebQXRpe6OWkhzRq9EDmcLSCpCAc=,4BadM8FP6NFxa+wIcfT0EltPUrE=
7,-55,CR9Kn+Db2jcbDK0nN5vJVrEZuYc=,c8jxWF/+eEla/ygX0lsTVxEMJBo=
8,-50,dMeWfKzgPxifz8jI6AP4HZNIwg8=,/Ei6nMcTvMIA95ep6nbM0oWCa+Q=
6,-51,dMeWfKzgPxifz8jI6AP4HZNIwg8=,c8jxWF/+eEla/ygX0lsTVxEMJBo=
11,-54,CR9Kn+Db2jcbDK0nN5vJVrEZuYc=,/Ei6nMcTvMIA95ep6nbM0oWCa+Q=
9,-50,dMeWfKzgPxifz8jI6AP4HZNIwg8=,/Ei6nMcTvMIA95ep6nbM0oWCa+Q=
6,-53,TgWosBl7PXC3h0zU7qYnXYMceDE=,c8jxWF/+eEla/ygX0lsTVxEMJBo=
5,-53,ov5rMm5cw1cA6x5cyC70/fY8vCM=,c8jxWF/+eEla/ygX0lsTVxEMJBo=
9,-54,ebQXRpe6OWkhzRq9EDmcLSCpCAc=,/Ei6nMcTvMIA95ep6nbM0oWCa+Q=
6,-54,ov5rMm5cw1cA6x5cyC70/fY8vCM=,c8jxWF/+eEla/ygX0lsTVxEMJBo=
10,-53,CR9Kn+Db2jcbDK0nN5vJVrEZuYc=,/Ei6nMcTvMIA95ep6nbM0oWCa+Q=
6,-59,ebQXRpe6OWkhzRq9EDmcLSCpCAc=,AUKO0Ca/SkOupo2B5EHBmW9PKHc=
10,-56,dMeWfKzgPxifz8jI6AP4HZNIwg8=,/Ei6nMcTvMIA95ep6nbM0oWCa+Q=
11,-55,dMeWfKzgPxifz8jI6AP4HZNIwg8=,/Ei6nMcTvMIA95ep6nbM0oWCa+Q=
9,-56,0xRMQZJhYnFNImSvjr2gDPcskpc=,/Ei6nMcTvMIA95ep6nbM0oWCa+Q=
7,-54,ov5rMm5cw1cA6x5cyC70/fY8vCM=,c8jxWF/+eEla/ygX0lsTVxEMJBo=
8,-56,dMeWfKzgPxifz8jI6AP4HZNIwg8=,/Ei6nMcTvMIA95ep6nbM0oWCa+Q=
8,-53,dMeWfKzgPxifz8jI6AP4HZNIwg8=,/Ei6nMcTvMIA95ep6nbM0oWCa+Q=
9,-55,dMeWfKzgPxifz8jI6AP4HZNIwg8=,/Ei6nMcTvMIA95ep6nbM0oWCa+Q=
4,-52,dMeWfKzgPxifz8jI6AP4HZNIwg8=,c8jxWF/+eEla/ygX0lsTVxEMJBo=
5,-51,dMeWfKzgPxifz8jI6AP4HZNIwg8=,c8jxWF/+eEla/ygX0lsTVxEMJBo=
4,-50,dMeWfKzgPxifz8jI6AP4HZNIwg8=,c8jxWF/+eEla/ygX0lsTVxEMJBo=
10,-55,dMeWfKzgPxifz8jI6AP4HZNIwg8=,/Ei6nMcTvMIA95ep6nbM0oWCa+Q=
4,-49,dMeWfKzgPxifz8jI6AP4HZNIwg8=,c8jxWF/+eEla/ygX0lsTVxEMJBo=
8,-55,ebQXRpe6OWkhzRq9EDmcLSCpCAc=,/Ei6nMcTvMIA95ep6nbM0oWCa+Q=
6,-50,dMeWfKzgPxifz8jI6AP4HZNIwg8=,c8jxWF/+eEla/ygX0lsTVxEMJBo=
11,-56,ebQXRpe6OWkhzRq9EDmcLSCpCAc=,/Ei6nMcTvMIA95ep6nbM0oWCa+Q=
9,-53,dMeWfKzgPxifz8jI6AP4HZNIwg8=,/Ei6nMcTvMIA95ep6nbM0oWCa+Q=
4,-51,dMeWfKzgPxifz8jI6AP4HZNIwg8=,c8jxWF/+eEla/ygX0lsTVxEMJBo=
6,-49,dMeWfKzgPxifz8jI6AP4HZNIwg8=,c8jxWF/+eEla/ygX0lsTVxEMJBo=
10,-54,CR9Kn+Db2jcbDK0nN5vJVrEZuYc=,/Ei6nMcTvMIA95ep6nbM0oWCa+Q=
5,-50,dMeWfKzgPxifz8jI6AP4HZNIwg8=,c8jxWF/+eEla/ygX0lsTVxEMJBo=
8,-54,dMeWfKzgPxifz8jI6AP4HZNIwg8=,/Ei6nMcTvMIA95ep6nbM0oWCa+Q=
5,-52,dMeWfKzgPxifz8jI6AP4HZNIwg8=,c8jxWF/+eEla/ygX0lsTVxEMJBo=
5,-49,dMeWfKzgPxifz8jI6AP4HZNIwg8=,c8jxWF/+eEla/ygX0lsTVxEMJBo=
6,-52,dMeWfKzgPxifz8jI6AP4HZNIwg8=,c8jxWF/+eEla/ygX0lsTVxEMJBo=
8,-49,dMeWfKzgPxifz8jI6AP4HZNIwg8=,/Ei6nMcTvMIA95ep6nbM0oWCa+Q=
13,-52,dMeWfKzgPxifz8jI6AP4HZNIwg8=,/Ei6nMcTvMIA95ep6nbM0oWCa+Q=
13,-51,dMeWfKzgPxifz8jI6AP4HZNIwg8=,/Ei6nMcTvMIA95ep6nbM0oWCa+Q=
14,-51,dMeWfKzgPxifz8jI6AP4HZNIwg8=,/Ei6nMcTvMIA95ep6nbM0oWCa+Q=
13,-49,dMeWfKzgPxifz8jI6AP4HZNIwg8=,/Ei6nMcTvMIA95ep6nbM0oWCa+Q=
15,-50,dMeWfKzgPxifz8jI6AP4HZNIwg8=,/Ei6nMcTvMIA95ep6nbM0oWCa+Q=
15,-64,dMeWfKzgPxifz8jI6AP4HZNIwg8=,4BadM8FP6NFxa+wIcfT0EltPUrE=
14,-49,dMeWfKzgPxifz8jI6AP4HZNIwg8=,/Ei6nMcTvMIA95ep6nbM0oWCa+Q=
15,-58,dMeWfKzgPxifz8jI6AP4HZNIwg8=,4BadM8FP6NFxa+wIcfT0EltPUrE=
15,-56,dMeWfKzgPxifz8jI6AP4HZNIwg8=,/Ei6nMcTvMIA95ep6nbM0oWCa+Q=
13,-50,dMeWfKzgPxifz8jI6AP4HZNIwg8=,/Ei6nMcTvMIA95ep6nbM0oWCa+Q=
13,-63,dMeWfKzgPxifz8jI6AP4HZNIwg8=,4BadM8FP6NFxa+wIcfT0EltPUrE=
12,-50,dMeWfKzgPxifz8jI6AP4HZNIwg8=,/Ei6nMcTvMIA95ep6nbM0oWCa+Q=
15,-49,dMeWfKzgPxifz8jI6AP4HZNIwg8=,/Ei6nMcTvMIA95ep6nbM0oWCa+Q=
12,-52,dMeWfKzgPxifz8jI6AP4HZNIwg8=,/Ei6nMcTvMIA95ep6nbM0oWCa+Q=
12,-51,dMeWfKzgPxifz8jI6AP4HZNIwg8=,/Ei6nMcTvMIA95ep6nbM0oWCa+Q=
12,-49,dMeWfKzgPxifz8jI6AP4HZNIwg8=,/Ei6nMcTvMIA95ep6nbM0oWCa+Q=
14,-52,dMeWfKzgPxifz8jI6AP4HZNIwg8=,/Ei6nMcTvMIA95ep6nbM0oWCa+Q=
14,-54,dMeWfKzgPxifz8jI6AP4HZNIwg8=,/Ei6nMcTvMIA95ep6nbM0oWCa+Q=
15,-54,dMeWfKzgPxifz8jI6AP4HZNIwg8=,/Ei6nMcTvMIA95ep6nbM0oWCa+Q=
14,-62,dMeWfKzgPxifz8jI6AP4HZNIwg8=,4BadM8FP6NFxa+wIcfT0EltPUrE=
12,-61,dMeWfKzgPxifz8jI6AP4HZNIwg8=,4BadM8FP6NFxa+wIcfT0EltPUrE=
14,-50,dMeWfKzgPxifz8jI6AP4HZNIwg8=,/Ei6nMcTvMIA95ep6nbM0oWCa+Q=
15,-52,dMeWfKzgPxifz8jI6AP4HZNIwg8=,/Ei6nMcTvMIA95ep6nbM0oWCa+Q=
12,-53,dMeWfKzgPxifz8jI6AP4HZNIwg8=,/Ei6nMcTvMIA95ep6nbM0oWCa+Q=
15,-51,dMeWfKzgPxifz8jI6AP4HZNIwg8=,/Ei6nMcTvMIA95ep6nbM0oWCa+Q=
13,-62,dMeWfKzgPxifz8jI6AP4HZNIwg8=,4BadM8FP6NFxa+wIcfT0EltPUrE=
14,-63,dMeWfKzgPxifz8jI6AP4HZNIwg8=,4BadM8FP6NFxa+wIcfT0EltPUrE=
12,-54,dMeWfKzgPxifz8jI6AP4HZNIwg8=,/Ei6nMcTvMIA95ep6nbM0oWCa+Q=
13,-54,dMeWfKzgPxifz8jI6AP4HZNIwg8=,/Ei6nMcTvMIA95ep6nbM0oWCa+Q=
14,-55,dMeWfKzgPxifz8jI6AP4HZNIwg8=,/Ei6nMcTvMIA95ep6nbM0oWCa+Q=
12,-63,dMeWfKzgPxifz8jI6AP4HZNIwg8=,4BadM8FP6NFxa+wIcfT0EltPUrE=
15,-57,dMeWfKzgPxifz8jI6AP4HZNIwg8=,4BadM8FP6NFxa+wIcfT0EltPUrE=
15,-59,dMeWfKzgPxifz8jI6AP4HZNIwg8=,4BadM8FP6NFxa+wIcfT0EltPUrE=
13,-53,dMeWfKzgPxifz8jI6AP4HZNIwg8=,/Ei6nMcTvMIA95ep6nbM0oWCa+Q=
15,-55,dMeWfKzgPxifz8jI6AP4HZNIwg8=,/Ei6nMcTvMIA95ep6nbM0oWCa+Q=
14,-61,dMeWfKzgPxifz8jI6AP4HZNIwg8=,4BadM8FP6NFxa+wIcfT0EltPUrE=
14,-60,dMeWfKzgPxifz8jI6AP4HZNIwg8=,4BadM8FP6NFxa+wIcfT0EltPUrE=
12,-62,dMeWfKzgPxifz8jI6AP4HZNIwg8=,4BadM8FP6NFxa+wIcfT0EltPUrE=
12,-60,dMeWfKzgPxifz8jI6AP4HZNIwg8=,4BadM8FP6NFxa+wIcfT0EltPUrE=
13,-60,dMeWfKzgPxifz8jI6AP4HZNIwg8=,4BadM8FP6NFxa+wIcfT0EltPUrE=
15,-60,dMeWfKzgPxifz8jI6AP4HZNIwg8=,4BadM8FP6NFxa+wIcfT0EltPUrE=
13,-55,dMeWfKzgPxifz8jI6AP4HZNIwg8=,/Ei6nMcTvMIA95ep6nbM0oWCa+Q=
12,-56,dMeWfKzgPxifz8jI6AP4HZNIwg8=,/Ei6nMcTvMIA95ep6nbM0oWCa+Q=
12,-58,dMeWfKzgPxifz8jI6AP4HZNIwg8=,4BadM8FP6NFxa+wIcfT0EltPUrE=
13,-61,dMeWfKzgPxifz8jI6AP4HZNIwg8=,4BadM8FP6NFxa+wIcfT0EltPUrE=
14,-59,dMeWfKzgPxifz8jI6AP4HZNIwg8=,4BadM8FP6NFxa+wIcfT0EltPUrE=
13,-57,dMeWfKzgPxifz8jI6AP4HZNIwg8=,4BadM8FP6NFxa+wIcfT0EltPUrE=
14,-53,dMeWfKzgPxifz8jI6AP4HZNIwg8=,/Ei6nMcTvMIA95ep6nbM0oWCa+Q=
13,-59,dMeWfKzgPxifz8jI6AP4HZNIwg8=,4BadM8FP6NFxa+wIcfT0EltPUrE=
14,-56,dMeWfKzgPxifz8jI6AP4HZNIwg8=,/Ei6nMcTvMIA95ep6nbM0oWCa+Q=
1,-56,dMeWfKzgPxifz8jI6AP4HZNIwg8=,c8jxWF/+eEla/ygX0lsTVxEMJBo=
8,-64,dMeWfKzgPxifz8jI6AP4HZNIwg8=,4BadM8FP6NFxa+wIcfT0EltPUrE=
15,-61,dMeWfKzgPxifz8jI6AP4HZNIwg8=,4BadM8FP6NFxa+wIcfT0EltPUrE=
15,-62,dMeWfKzgPxifz8jI6AP4HZNIwg8=,4BadM8FP6NFxa+wIcfT0EltPUrE=
14,-57,dMeWfKzgPxifz8jI6AP4HZNIwg8=,4BadM8FP6NFxa+wIcfT0EltPUrE=
15,-63,dMeWfKzgPxifz8jI6AP4HZNIwg8=,4BadM8FP6NFxa+wIcfT0EltPUrE=
13,-56,dMeWfKzgPxifz8jI6AP4HZNIwg8=,/Ei6nMcTvMIA95ep6nbM0oWCa+Q=
0,-57,dMeWfKzgPxifz8jI6AP4HZNIwg8=,AUKO0Ca/SkOupo2B5EHBmW9PKHc=
10,-64,dMeWfKzgPxifz8jI6AP4HZNIwg8=,4BadM8FP6NFxa+wIcfT0EltPUrE=
3,-56,dMeWfKzgPxifz8jI6AP4HZNIwg8=,c8jxWF/+eEla/ygX0lsTVxEMJBo=
12,-59,dMeWfKzgPxifz8jI6AP4HZNIwg8=,4BadM8FP6NFxa+wIcfT0EltPUrE=
0,-49,dMeWfKzgPxifz8jI6AP4HZNIwg8=,c8jxWF/+eEla/ygX0lsTVxEMJBo=
15,-53,dMeWfKzgPxifz8jI6AP4HZNIwg8=,/Ei6nMcTvMIA95ep6nbM0oWCa+Q=
1,-49,dMeWfKzgPxifz8jI6AP4HZNIwg8=,c8jxWF/+eEla/ygX0lsTVxEMJBo=
1,-55,dMeWfKzgPxifz8jI6AP4HZNIwg8=,c8jxWF/+eEla/ygX0lsTVxEMJBo=
14,-58,dMeWfKzgPxifz8jI6AP4HZNIwg8=,4BadM8FP6NFxa+wIcfT0EltPUrE=
12,-55,dMeWfKzgPxifz8jI6AP4HZNIwg8=,/Ei6nMcTvMIA95ep6nbM0oWCa+Q=
13,-58,dMeWfKzgPxifz8jI6AP4HZNIwg8=,4BadM8FP6NFxa+wIcfT0EltPUrE=
2,-56,dMeWfKzgPxifz8jI6AP4HZNIwg8=,c8jxWF/+eEla/ygX0lsTVxEMJBo=
1,-60,dMeWfKzgPxifz8jI6AP4HZNIwg8=,AUKO0Ca/SkOupo2B5EHBmW9PKHc=
2,-60,dMeWfKzgPxifz8jI6AP4HZNIwg8=,AUKO0Ca/SkOupo2B5EHBmW9PKHc=
10,-63,dMeWfKzgPxifz8jI6AP4HZNIwg8=,4BadM8FP6NFxa+wIcfT0EltPUrE=
3,-49,dMeWfKzgPxifz8jI6AP4HZNIwg8=,c8jxWF/+eEla/ygX0lsTVxEMJBo=
1,-64,dMeWfKzgPxifz8jI6AP4HZNIwg8=,AUKO0Ca/SkOupo2B5EHBmW9PKHc=
12,-57,dMeWfKzgPxifz8jI6AP4HZNIwg8=,4BadM8FP6NFxa+wIcfT0EltPUrE=
9,-63,dMeWfKzgPxifz8jI6AP4HZNIwg8=,4BadM8FP6NFxa+wIcfT0EltPUrE=
0,-64,dMeWfKzgPxifz8jI6AP4HZNIwg8=,AUKO0Ca/SkOupo2B5EHBmW9PKHc=
11,-63,dMeWfKzgPxifz8jI6AP4HZNIwg8=,4BadM8FP6NFxa+wIcfT0EltPUrE=
2,-52,dMeWfKzgPxifz8jI6AP4HZNIwg8=,c8jxWF/+eEla/ygX0lsTVxEMJBo=
1,-52,dMeWfKzgPxifz8jI6AP4HZNIwg8=,c8jxWF/+eEla/ygX0lsTVxEMJBo=
9,-64,dMeWfKzgPxifz8jI6AP4HZNIwg8=,4BadM8FP6NFxa+wIcfT0EltPUrE=
1,-51,dMeWfKzgPxifz8jI6AP4HZNIwg8=,c8jxWF/+eEla/ygX0lsTVxEMJBo=
3,-51,dMeWfKzgPxifz8jI6AP4HZNIwg8=,c8jxWF/+eEla/ygX0lsTVxEMJBo=
0,-50,dMeWfKzgPxifz8jI6AP4HZNIwg8=,c8jxWF/+eEla/ygX0lsTVxEMJBo=
0,-58,dMeWfKzgPxifz8jI6AP4HZNIwg8=,AUKO0Ca/SkOupo2B5EHBmW9PKHc=
2,-51,dMeWfKzgPxifz8jI6AP4HZNIwg8=,c8jxWF/+eEla/ygX0lsTVxEMJBo=
0,-59,dMeWfKzgPxifz8jI6AP4HZNIwg8=,AUKO0Ca/SkOupo2B5EHBmW9PKHc=
10,-61,dMeWfKzgPxifz8jI6AP4HZNIwg8=,4BadM8FP6NFxa+wIcfT0EltPUrE=
2,-55,dMeWfKzgPxifz8jI6AP4HZNIwg8=,c8jxWF/+eEla/ygX0lsTVxEMJBo=
5,-63,dMeWfKzgPxifz8jI6AP4HZNIwg8=,AUKO0Ca/SkOupo2B5EHBmW9PKHc=
1,-54,dMeWfKzgPxifz8jI6AP4HZNIwg8=,c8jxWF/+eEla/ygX0lsTVxEMJBo=
1,-50,dMeWfKzgPxifz8jI6AP4HZNIwg8=,c8jxWF/+eEla/ygX0lsTVxEMJBo=
11,-61,dMeWfKzgPxifz8jI6AP4HZNIwg8=,4BadM8FP6NFxa+wIcfT0EltPUrE=
2,-54,dMeWfKzgPxifz8jI6AP4HZNIwg8=,c8jxWF/+eEla/ygX0lsTVxEMJBo=
2,-50,dMeWfKzgPxifz8jI6AP4HZNIwg8=,c8jxWF/+eEla/ygX0lsTVxEMJBo=
3,-54,dMeWfKzgPxifz8jI6AP4HZNIwg8=,c8jxWF/+eEla/ygX0lsTVxEMJBo=
8,-62,dMeWfKzgPxifz8jI6AP4HZNIwg8=,4BadM8FP6NFxa+wIcfT0EltPUrE=
8,-63,dMeWfKzgPxifz8jI6AP4HZNIwg8=,4BadM8FP6NFxa+wIcfT0EltPUrE=
6,-63,dMeWfKzgPxifz8jI6AP4HZNIwg8=,AUKO0Ca/SkOupo2B5EHBmW9PKHc=
1,-53,dMeWfKzgPxifz8jI6AP4HZNIwg8=,c8jxWF/+eEla/ygX0lsTVxEMJBo=
3,-53,dMeWfKzgPxifz8jI6AP4HZNIwg8=,c8jxWF/+eEla/ygX0lsTVxEMJBo=
2,-53,dMeWfKzgPxifz8jI6AP4HZNIwg8=,c8jxWF/+eEla/ygX0lsTVxEMJBo=
3,-55,dMeWfKzgPxifz8jI6AP4HZNIwg8=,c8jxWF/+eEla/ygX0lsTVxEMJBo=
2,-59,dMeWfKzgPxifz8jI6AP4HZNIwg8=,AUKO0Ca/SkOupo2B5EHBmW9PKHc=
1,-59,dMeWfKzgPxifz8jI6AP4HZNIwg8=,AUKO0Ca/SkOupo2B5EHBmW9PKHc=
0,-55,dMeWfKzgPxifz8jI6AP4HZNIwg8=,c8jxWF/+eEla/ygX0lsTVxEMJBo=
0,-52,dMeWfKzgPxifz8jI6AP4HZNIwg8=,c8jxWF/+eEla/ygX0lsTVxEMJBo=
3,-60,dMeWfKzgPxifz8jI6AP4HZNIwg8=,AUKO0Ca/SkOupo2B5EHBmW9PKHc=
3,-58,dMeWfKzgPxifz8jI6AP4HZNIwg8=,AUKO0Ca/SkOupo2B5EHBmW9PKHc=
0,-54,dMeWfKzgPxifz8jI6AP4HZNIwg8=,c8jxWF/+eEla/ygX0lsTVxEMJBo=
3,-59,dMeWfKzgPxifz8jI6AP4HZNIwg8=,AUKO0Ca/SkOupo2B5EHBmW9PKHc=
0,-56,dMeWfKzgPxifz8jI6AP4HZNIwg8=,c8jxWF/+eEla/ygX0lsTVxEMJBo=
1,-58,dMeWfKzgPxifz8jI6AP4HZNIwg8=,AUKO0Ca/SkOupo2B5EHBmW9PKHc=
1,-62,dMeWfKzgPxifz8jI6AP4HZNIwg8=,AUKO0Ca/SkOupo2B5EHBmW9PKHc=
2,-58,dMeWfKzgPxifz8jI6AP4HZNIwg8=,AUKO0Ca/SkOupo2B5EHBmW9PKHc=
7,-63,dMeWfKzgPxifz8jI6AP4HZNIwg8=,AUKO0Ca/SkOupo2B5EHBmW9PKHc=
3,-57,dMeWfKzgPxifz8jI6AP4HZNIwg8=,AUKO0Ca/SkOupo2B5EHBmW9PKHc=
7,-62,dMeWfKzgPxifz8jI6AP4HZNIwg8=,AUKO0Ca/SkOupo2B5EHBmW9PKHc=
6,-62,dMeWfKzgPxifz8jI6AP4HZNIwg8=,AUKO0Ca/SkOupo2B5EHBmW9PKHc=
1,-61,dMeWfKzgPxifz8jI6AP4HZNIwg8=,AUKO0Ca/SkOupo2B5EHBmW9PKHc=
2,-49,dMeWfKzgPxifz8jI6AP4HZNIwg8=,c8jxWF/+eEla/ygX0lsTVxEMJBo=
1,-57,dMeWfKzgPxifz8jI6AP4HZNIwg8=,AUKO0Ca/SkOupo2B5EHBmW9PKHc=
9,-62,dMeWfKzgPxifz8jI6AP4HZNIwg8=,4BadM8FP6NFxa+wIcfT0EltPUrE=
5,-61,dMeWfKzgPxifz8jI6AP4HZNIwg8=,AUKO0Ca/SkOupo2B5EHBmW9PKHc=
5,-62,dMeWfKzgPxifz8jI6AP4HZNIwg8=,AUKO0Ca/SkOupo2B5EHBmW9PKHc=
2,-64,dMeWfKzgPxifz8jI6AP4HZNIwg8=,AUKO0Ca/SkOupo2B5EHBmW9PKHc=
9,-61,dMeWfKzgPxifz8jI6AP4HZNIwg8=,4BadM8FP6NFxa+wIcfT0EltPUrE=
10,-62,dMeWfKzgPxifz8jI6AP4HZNIwg8=,4BadM8FP6NFxa+wIcfT0EltPUrE=
3,-63,dMeWfKzgPxifz8jI6AP4HZNIwg8=,AUKO0Ca/SkOupo2B5EHBmW9PKHc=
4,-62,dMeWfKzgPxifz8jI6AP4HZNIwg8=,AUKO0Ca/SkOupo2B5EHBmW9PKHc=
2,-61,dMeWfKzgPxifz8jI6AP4HZNIwg8=,AUKO0Ca/SkOupo2B5EHBmW9PKHc=
3,-62,dMeWfKzgPxifz8jI6AP4HZNIwg8=,AUKO0Ca/SkOupo2B5EHBmW9PKHc=
0,-62,dMeWfKzgPxifz8jI6AP4HZNIwg8=,AUKO0Ca/SkOupo2B5EHBmW9PKHc=
6,-61,dMeWfKzgPxifz8jI6AP4HZNIwg8=,AUKO0Ca/SkOupo2B5EHBmW9PKHc=
0,-53,dMeWfKzgPxifz8jI6AP4HZNIwg8=,c8jxWF/+eEla/ygX0lsTVxEMJBo=
7,-61,dMeWfKzgPxifz8jI6AP4HZNIwg8=,AUKO0Ca/SkOupo2B5EHBmW9PKHc=
3,-61,dMeWfKzgPxifz8jI6AP4HZNIwg8=,AUKO0Ca/SkOupo2B5EHBmW9PKHc=
3,-52,dMeWfKzgPxifz8jI6AP4HZNIwg8=,c8jxWF/+eEla/ygX0lsTVxEMJBo=
8,-61,dMeWfKzgPxifz8jI6AP4HZNIwg8=,4BadM8FP6NFxa+wIcfT0EltPUrE=
0,-51,dMeWfKzgPxifz8jI6AP4HZNIwg8=,c8jxWF/+eEla/ygX0lsTVxEMJBo=
4,-64,dMeWfKzgPxifz8jI6AP4HZNIwg8=,AUKO0Ca/SkOupo2B5EHBmW9PKHc=
4,-61,dMeWfKzgPxifz8jI6AP4HZNIwg8=,AUKO0Ca/SkOupo2B5EHBmW9PKHc=
3,-64,dMeWfKzgPxifz8jI6AP4HZNIwg8=,AUKO0Ca/SkOupo2B5EHBmW9PKHc=
11,-62,dMeWfKzgPxifz8jI6AP4HZNIwg8=,4BadM8FP6NFxa+wIcfT0EltPUrE=
6,-64,dMeWfKzgPxifz8jI6AP4HZNIwg8=,AUKO0Ca/SkOupo2B5EHBmW9PKHc=
4,-63,dMeWfKzgPxifz8jI6AP4HZNIwg8=,AUKO0Ca/SkOupo2B5EHBmW9PKHc=
1,-63,dMeWfKzgPxifz8jI6AP4HZNIwg8=,AUKO0Ca/SkOupo2B5EHBmW9PKHc=
2,-62,dMeWfKzgPxifz8jI6AP4HZNIwg8=,AUKO0Ca/SkOupo2B5EHBmW9PKHc=
3,-50,dMeWfKzgPxifz8jI6AP4HZNIwg8=,c8jxWF/+eEla/ygX0lsTVxEMJBo=
2,-57,dMeWfKzgPxifz8jI6AP4HZNIwg8=,AUKO0Ca/SkOupo2B5EHBmW9PKHc=
0,-63,dMeWfKzgPxifz8jI6AP4HZNIwg8=,AUKO0Ca/SkOupo2B5EHBmW9PKHc=
7,-64,dMeWfKzgPxifz8jI6AP4HZNIwg8=,AUKO0Ca/SkOupo2B5EHBmW9PKHc=
0,-61,dMeWfKzgPxifz8jI6AP4HZNIwg8=,AUKO0Ca/SkOupo2B5EHBmW9PKHc=
5,-64,dMeWfKzgPxifz8jI6AP4HZNIwg8=,AUKO0Ca/SkOupo2B5EHBmW9PKHc=
2,-63,dMeWfKzgPxifz8jI6AP4HZNIwg8=,AUKO0Ca/SkOupo2B5EHBmW9PKHc=
0,-60,dMeWfKzgPxifz8jI6AP4HZNIwg8=,AUKO0Ca/SkOupo2B5EHBmW9PKHc=
5,-43,d0vl5EFB6r6LotT9lRwNCk/+qAg=,05JXGvoGmdVb9jUwAq0cootRakk=
6,-43,d0vl5EFB6r6LotT9lRwNCk/+qAg=,05JXGvoGmdVb9jUwAq0cootRakk=
5,-44,d0vl5EFB6r6LotT9lRwNCk/+qAg=,05JXGvoGmdVb9jUwAq0cootRakk=
6,-44,d0vl5EFB6r6LotT9lRwNCk/+qAg=,05JXGvoGmdVb9jUwAq0cootRakk=
4,-43,d0vl5EFB6r6LotT9lRwNCk/+qAg=,05JXGvoGmdVb9jUwAq0cootRakk=
7,-40,WJXidnjy3eh+Ah4+pjZoNiNIlQU=,IzZgP74opMf9n1CKBAaBs7N+Vgw=
5,-41,WJXidnjy3eh+Ah4+pjZoNiNIlQU=,05JXGvoGmdVb9jUwAq0cootRakk=
7,-41,WJXidnjy3eh+Ah4+pjZoNiNIlQU=,05JXGvoGmdVb9jUwAq0cootRakk=
6,-41,WJXidnjy3eh+Ah4+pjZoNiNIlQU=,05JXGvoGmdVb9jUwAq0cootRakk=
7,-43,d0vl5EFB6r6LotT9lRwNCk/+qAg=,05JXGvoGmdVb9jUwAq0cootRakk=
7,-38,WJXidnjy3eh+Ah4+pjZoNiNIlQU=,IzZgP74opMf9n1CKBAaBs7N+Vgw=
6,-42,d0vl5EFB6r6LotT9lRwNCk/+qAg=,05JXGvoGmdVb9jUwAq0cootRakk=
5,-40,WJXidnjy3eh+Ah4+pjZoNiNIlQU=,IzZgP74opMf9n1CKBAaBs7N+Vgw=
4,-44,d0vl5EFB6r6LotT9lRwNCk/+qAg=,05JXGvoGmdVb9jUwAq0cootRakk=
4,-41,WJXidnjy3eh+Ah4+pjZoNiNIlQU=,05JXGvoGmdVb9jUwAq0cootRakk=
5,-42,+1w86k82nsDgwpcd2ACKnTIPD/U=,05JXGvoGmdVb9jUwAq0cootRakk=
7,-42,d0vl5EFB6r6LotT9lRwNCk/+qAg=,05JXGvoGmdVb9jUwAq0cootRakk=
10,-37,WJXidnjy3eh+Ah4+pjZoNiNIlQU=,9VP2ybFUNfcq2sLvk0ABDOG9jPM=
4,-42,d0vl5EFB6r6LotT9lRwNCk/+qAg=,05JXGvoGmdVb9jUwAq0cootRakk=
7,-44,d0vl5EFB6r6LotT9lRwNCk/+qAg=,05JXGvoGmdVb9jUwAq0cootRakk=
4,-40,WJXidnjy3eh+Ah4+pjZoNiNIlQU=,IzZgP74opMf9n1CKBAaBs7N+Vgw=
6,-38,WJXidnjy3eh+Ah4+pjZoNiNIlQU=,IzZgP74opMf9n1CKBAaBs7N+Vgw=
9,-37,WJXidnjy3eh+Ah4+pjZoNiNIlQU=,9VP2ybFUNfcq2sLvk0ABDOG9jPM=
9,-40,WJXidnjy3eh+Ah4+pjZoNiNIlQU=,9VP2ybFUNfcq2sLvk0ABDOG9jPM=
4,-39,WJXidnjy3eh+Ah4+pjZoNiNIlQU=,IzZgP74opMf9n1CKBAaBs7N+Vgw=
6,-40,WJXidnjy3eh+Ah4+pjZoNiNIlQU=,IzZgP74opMf9n1CKBAaBs7N+Vgw=
9,-38,WJXidnjy3eh+Ah4+pjZoNiNIlQU=,9VP2ybFUNfcq2sLvk0ABDOG9jPM=
5,-39,WJXidnjy3eh+Ah4+pjZoNiNIlQU=,IzZgP74opMf9n1CKBAaBs7N+Vgw=
5,-38,WJXidnjy3eh+Ah4+pjZoNiNIlQU=,IzZgP74opMf9n1CKBAaBs7N+Vgw=
10,-38,WJXidnjy3eh+Ah4+pjZoNiNIlQU=,9VP2ybFUNfcq2sLvk0ABDOG9jPM=
6,-39,WJXidnjy3eh+Ah4+pjZoNiNIlQU=,IzZgP74opMf9n1CKBAaBs7N+Vgw=
7,-37,WJXidnjy3eh+Ah4+pjZoNiNIlQU=,IzZgP74opMf9n1CKBAaBs7N+Vgw=
8,-37,WJXidnjy3eh+Ah4+pjZoNiNIlQU=,9VP2ybFUNfcq2sLvk0ABDOG9jPM=
11,-38,WJXidnjy3eh+Ah4+pjZoNiNIlQU=,9VP2ybFUNfcq2sLvk0ABDOG9jPM=
5,-37,WJXidnjy3eh+Ah4+pjZoNiNIlQU=,IzZgP74opMf9n1CKBAaBs7N+Vgw=
4,-37,WJXidnjy3eh+Ah4+pjZoNiNIlQU=,IzZgP74opMf9n1CKBAaBs7N+Vgw=
6,-37,WJXidnjy3eh+Ah4+pjZoNiNIlQU=,IzZgP74opMf9n1CKBAaBs7N+Vgw=
10,-39,WJXidnjy3eh+Ah4+pjZoNiNIlQU=,9VP2ybFUNfcq2sLvk0ABDOG9jPM=
8,-38,WJXidnjy3eh+Ah4+pjZoNiNIlQU=,9VP2ybFUNfcq2sLvk0ABDOG9jPM=
8,-40,d0vl5EFB6r6LotT9lRwNCk/+qAg=,9VP2ybFUNfcq2sLvk0ABDOG9jPM=
8,-39,WJXidnjy3eh+Ah4+pjZoNiNIlQU=,9VP2ybFUNfcq2sLvk0ABDOG9jPM=
11,-42,d0vl5EFB6r6LotT9lRwNCk/+qAg=,BWat3Y3g8dQYT0AFSIH+B3e7MdE=
9,-42,d0vl5EFB6r6LotT9lRwNCk/+qAg=,BWat3Y3g8dQYT0AFSIH+B3e7MdE=
11,-37,WJXidnjy3eh+Ah4+pjZoNiNIlQU=,9VP2ybFUNfcq2sLvk0ABDOG9jPM=
9,-39,WJXidnjy3eh+Ah4+pjZoNiNIlQU=,9VP2ybFUNfcq2sLvk0ABDOG9jPM=
11,-41,WJXidnjy3eh+Ah4+pjZoNiNIlQU=,BWat3Y3g8dQYT0AFSIH+B3e7MdE=
8,-42,d0vl5EFB6r6LotT9lRwNCk/+qAg=,BWat3Y3g8dQYT0AFSIH+B3e7MdE=
10,-40,WJXidnjy3eh+Ah4+pjZoNiNIlQU=,9VP2ybFUNfcq2sLvk0ABDOG9jPM=
11,-43,WJXidnjy3eh+Ah4+pjZoNiNIlQU=,BWat3Y3g8dQYT0AFSIH+B3e7MdE=
10,-42,d0vl5EFB6r6LotT9lRwNCk/+qAg=,BWat3Y3g8dQYT0AFSIH+B3e7MdE=
9,-41,WJXidnjy3eh+Ah4+pjZoNiNIlQU=,BWat3Y3g8dQYT0AFSIH+B3e7MdE=
4,-38,d0vl5EFB6r6LotT9lRwNCk/+qAg=,IzZgP74opMf9n1CKBAaBs7N+Vgw=
8,-44,d0vl5EFB6r6LotT9lRwNCk/+qAg=,BWat3Y3g8dQYT0AFSIH+B3e7MdE=
11,-44,WJXidnjy3eh+Ah4+pjZoNiNIlQU=,BWat3Y3g8dQYT0AFSIH+B3e7MdE=
8,-41,WJXidnjy3eh+Ah4+pjZoNiNIlQU=,BWat3Y3g8dQYT0AFSIH+B3e7MdE=
10,-44,WJXidnjy3eh+Ah4+pjZoNiNIlQU=,BWat3Y3g8dQYT0AFSIH+B3e7MdE=
7,-39,WJXidnjy3eh+Ah4+pjZoNiNIlQU=,IzZgP74opMf9n1CKBAaBs7N+Vgw=
8,-43,d0vl5EFB6r6LotT9lRwNCk/+qAg=,BWat3Y3g8dQYT0AFSIH+B3e7MdE=
9,-44,d0vl5EFB6r6LotT9lRwNCk/+qAg=,BWat3Y3g8dQYT0AFSIH+B3e7MdE=
10,-41,WJXidnjy3eh+Ah4+pjZoNiNIlQU=,BWat3Y3g8dQYT0AFSIH+B3e7MdE=
10,-43,d0vl5EFB6r6LotT9lRwNCk/+qAg=,BWat3Y3g8dQYT0AFSIH+B3e7MdE=
9,-43,d0vl5EFB6r6LotT9lRwNCk/+qAg=,BWat3Y3g8dQYT0AFSIH+B3e7MdE=
11,-40,WJXidnjy3eh+Ah4+pjZoNiNIlQU=,9VP2ybFUNfcq2sLvk0ABDOG9jPM=
11,-39,WJXidnjy3eh+Ah4+pjZoNiNIlQU=,9VP2ybFUNfcq2sLvk0ABDOG9jPM=
9,-35,WJXidnjy3eh+Ah4+pjZoNiNIlQU=,9VP2ybFUNfcq2sLvk0ABDOG9jPM=
8,-48,WJXidnjy3eh+Ah4+pjZoNiNIlQU=,BWat3Y3g8dQYT0AFSIH+B3e7MdE=
6,-34,WJXidnjy3eh+Ah4+pjZoNiNIlQU=,IzZgP74opMf9n1CKBAaBs7N+Vgw=
6,-35,WJXidnjy3eh+Ah4+pjZoNiNIlQU=,IzZgP74opMf9n1CKBAaBs7N+Vgw=
10,-34,WJXidnjy3eh+Ah4+pjZoNiNIlQU=,9VP2ybFUNfcq2sLvk0ABDOG9jPM=
7,-35,WJXidnjy3eh+Ah4+pjZoNiNIlQU=,IzZgP74opMf9n1CKBAaBs7N+Vgw=
15,-42,WJXidnjy3eh+Ah4+pjZoNiNIlQU=,BWat3Y3g8dQYT0AFSIH+B3e7MdE=
9,-33,d0vl5EFB6r6LotT9lRwNCk/+qAg=,9VP2ybFUNfcq2sLvk0ABDOG9jPM=
6,-36,WJXidnjy3eh+Ah4+pjZoNiNIlQU=,IzZgP74opMf9n1CKBAaBs7N+Vgw=
7,-36,WJXidnjy3eh+Ah4+pjZoNiNIlQU=,IzZgP74opMf9n1CKBAaBs7N+Vgw=
5,-33,WJXidnjy3eh+Ah4+pjZoNiNIlQU=,IzZgP74opMf9n1CKBAaBs7N+Vgw=
5,-36,WJXidnjy3eh+Ah4+pjZoNiNIlQU=,IzZgP74opMf9n1CKBAaBs7N+Vgw=
4,-34,WJXidnjy3eh+Ah4+pjZoNiNIlQU=,IzZgP74opMf9n1CKBAaBs7N+Vgw=
11,-34,WJXidnjy3eh+Ah4+pjZoNiNIlQU=,9VP2ybFUNfcq2sLvk0ABDOG9jPM=
9,-34,WJXidnjy3eh+Ah4+pjZoNiNIlQU=,9VP2ybFUNfcq2sLvk0ABDOG9jPM=
15,-43,WJXidnjy3eh+Ah4+pjZoNiNIlQU=,BWat3Y3g8dQYT0AFSIH+B3e7MdE=
10,-33,WJXidnjy3eh+Ah4+pjZoNiNIlQU=,9VP2ybFUNfcq2sLvk0ABDOG9jPM=
14,-41,WJXidnjy3eh+Ah4+pjZoNiNIlQU=,BWat3Y3g8dQYT0AFSIH+B3e7MdE=
10,-35,WJXidnjy3eh+Ah4+pjZoNiNIlQU=,9VP2ybFUNfcq2sLvk0ABDOG9jPM=
15,-40,WJXidnjy3eh+Ah4+pjZoNiNIlQU=,9VP2ybFUNfcq2sLvk0ABDOG9jPM=
4,-33,WJXidnjy3eh+Ah4+pjZoNiNIlQU=,IzZgP74opMf9n1CKBAaBs7N+Vgw=
11,-35,WJXidnjy3eh+Ah4+pjZoNiNIlQU=,9VP2ybFUNfcq2sLvk0ABDOG9jPM=
4,-35,WJXidnjy3eh+Ah4+pjZoNiNIlQU=,IzZgP74opMf9n1CKBAaBs7N+Vgw=
0,-41,WJXidnjy3eh+Ah4+pjZoNiNIlQU=,05JXGvoGmdVb9jUwAq0cootRakk=
12,-37,WJXidnjy3eh+Ah4+pjZoNiNIlQU=,9VP2ybFUNfcq2sLvk0ABDOG9jPM=
4,-36,WJXidnjy3eh+Ah4+pjZoNiNIlQU=,IzZgP74opMf9n1CKBAaBs7N+Vgw=
13,-38,WJXidnjy3eh+Ah4+pjZoNiNIlQU=,9VP2ybFUNfcq2sLvk0ABDOG9jPM=
14,-38,WJXidnjy3eh+Ah4+pjZoNiNIlQU=,9VP2ybFUNfcq2sLvk0ABDOG9jPM=
9,-36,WJXidnjy3eh+Ah4+pjZoNiNIlQU=,9VP2ybFUNfcq2sLvk0ABDOG9jPM=
12,-38,WJXidnjy3eh+Ah4+pjZoNiNIlQU=,9VP2ybFUNfcq2sLvk0ABDOG9jPM=
11,-36,WJXidnjy3eh+Ah4+pjZoNiNIlQU=,9VP2ybFUNfcq2sLvk0ABDOG9jPM=
15,-38,WJXidnjy3eh+Ah4+pjZoNiNIlQU=,9VP2ybFUNfcq2sLvk0ABDOG9jPM=
6,-33,WJXidnjy3eh+Ah4+pjZoNiNIlQU=,IzZgP74opMf9n1CKBAaBs7N+Vgw=
15,-44,WJXidnjy3eh+Ah4+pjZoNiNIlQU=,BWat3Y3g8dQYT0AFSIH+B3e7MdE=
14,-39,WJXidnjy3eh+Ah4+pjZoNiNIlQU=,9VP2ybFUNfcq2sLvk0ABDOG9jPM=
15,-37,WJXidnjy3eh+Ah4+pjZoNiNIlQU=,9VP2ybFUNfcq2sLvk0ABDOG9jPM=
11,-33,WJXidnjy3eh+Ah4+pjZoNiNIlQU=,9VP2ybFUNfcq2sLvk0ABDOG9jPM=
5,-35,WJXidnjy3eh+Ah4+pjZoNiNIlQU=,IzZgP74opMf9n1CKBAaBs7N+Vgw=
5,-34,WJXidnjy3eh+Ah4+pjZoNiNIlQU=,IzZgP74opMf9n1CKBAaBs7N+Vgw=
8,-35,WJXidnjy3eh+Ah4+pjZoNiNIlQU=,9VP2ybFUNfcq2sLvk0ABDOG9jPM=
8,-33,WJXidnjy3eh+Ah4+pjZoNiNIlQU=,9VP2ybFUNfcq2sLvk0ABDOG9jPM=
15,-39,WJXidnjy3eh+Ah4+pjZoNiNIlQU=,9VP2ybFUNfcq2sLvk0ABDOG9jPM=
10,-36,WJXidnjy3eh+Ah4+pjZoNiNIlQU=,9VP2ybFUNfcq2sLvk0ABDOG9jPM=
8,-36,WJXidnjy3eh+Ah4+pjZoNiNIlQU=,9VP2ybFUNfcq2sLvk0ABDOG9jPM=
13,-37,WJXidnjy3eh+Ah4+pjZoNiNIlQU=,9VP2ybFUNfcq2sLvk0ABDOG9jPM=
12,-44,WJXidnjy3eh+Ah4+pjZoNiNIlQU=,BWat3Y3g8dQYT0AFSIH+B3e7MdE=
4,-48,WJXidnjy3eh+Ah4+pjZoNiNIlQU=,05JXGvoGmdVb9jUwAq0cootRakk=
14,-42,WJXidnjy3eh+Ah4+pjZoNiNIlQU=,BWat3Y3g8dQYT0AFSIH+B3e7MdE=
12,-40,WJXidnjy3eh+Ah4+pjZoNiNIlQU=,9VP2ybFUNfcq2sLvk0ABDOG9jPM=
14,-37,WJXidnjy3eh+Ah4+pjZoNiNIlQU=,9VP2ybFUNfcq2sLvk0ABDOG9jPM=
8,-34,WJXidnjy3eh+Ah4+pjZoNiNIlQU=,9VP2ybFUNfcq2sLvk0ABDOG9jPM=
7,-34,WJXidnjy3eh+Ah4+pjZoNiNIlQU=,IzZgP74opMf9n1CKBAaBs7N+Vgw=
15,-41,WJXidnjy3eh+Ah4+pjZoNiNIlQU=,BWat3Y3g8dQYT0AFSIH+B3e7MdE=
13,-44,WJXidnjy3eh+Ah4+pjZoNiNIlQU=,BWat3Y3g8dQYT0AFSIH+B3e7MdE=
0,-42,WJXidnjy3eh+Ah4+pjZoNiNIlQU=,05JXGvoGmdVb9jUwAq0cootRakk=
12,-39,WJXidnjy3eh+Ah4+pjZoNiNIlQU=,9VP2ybFUNfcq2sLvk0ABDOG9jPM=
7,-33,WJXidnjy3eh+Ah4+pjZoNiNIlQU=,IzZgP74opMf9n1CKBAaBs7N+Vgw=
10,-47,WJXidnjy3eh+Ah4+pjZoNiNIlQU=,BWat3Y3g8dQYT0AFSIH+B3e7MdE=
10,-45,WJXidnjy3eh+Ah4+pjZoNiNIlQU=,BWat3Y3g8dQYT0AFSIH+B3e7MdE=
13,-41,WJXidnjy3eh+Ah4+pjZoNiNIlQU=,BWat3Y3g8dQYT0AFSIH+B3e7MdE=
9,-45,WJXidnjy3eh+Ah4+pjZoNiNIlQU=,BWat3Y3g8dQYT0AFSIH+B3e7MdE=
14,-43,WJXidnjy3eh+Ah4+pjZoNiNIlQU=,BWat3Y3g8dQYT0AFSIH+B3e7MdE=
13,-40,WJXidnjy3eh+Ah4+pjZoNiNIlQU=,9VP2ybFUNfcq2sLvk0ABDOG9jPM=
4,-47,WJXidnjy3eh+Ah4+pjZoNiNIlQU=,05JXGvoGmdVb9jUwAq0cootRakk=
9,-48,WJXidnjy3eh+Ah4+pjZoNiNIlQU=,BWat3Y3g8dQYT0AFSIH+B3e7MdE=
10,-48,WJXidnjy3eh+Ah4+pjZoNiNIlQU=,BWat3Y3g8dQYT0AFSIH+B3e7MdE=
1,-44,WJXidnjy3eh+Ah4+pjZoNiNIlQU=,05JXGvoGmdVb9jUwAq0cootRakk=
1,-48,WJXidnjy3eh+Ah4+pjZoNiNIlQU=,05JXGvoGmdVb9jUwAq0cootRakk=
13,-39,WJXidnjy3eh+Ah4+pjZoNiNIlQU=,9VP2ybFUNfcq2sLvk0ABDOG9jPM=
15,-36,WJXidnjy3eh+Ah4+pjZoNiNIlQU=,9VP2ybFUNfcq2sLvk0ABDOG9jPM=
13,-42,WJXidnjy3eh+Ah4+pjZoNiNIlQU=,BWat3Y3g8dQYT0AFSIH+B3e7MdE=
8,-47,WJXidnjy3eh+Ah4+pjZoNiNIlQU=,BWat3Y3g8dQYT0AFSIH+B3e7MdE=
14,-40,WJXidnjy3eh+Ah4+pjZoNiNIlQU=,9VP2ybFUNfcq2sLvk0ABDOG9jPM=
4,-46,WJXidnjy3eh+Ah4+pjZoNiNIlQU=,05JXGvoGmdVb9jUwAq0cootRakk=
12,-41,WJXidnjy3eh+Ah4+pjZoNiNIlQU=,BWat3Y3g8dQYT0AFSIH+B3e7MdE=
5,-48,WJXidnjy3eh+Ah4+pjZoNiNIlQU=,05JXGvoGmdVb9jUwAq0cootRakk=
10,-46,WJXidnjy3eh+Ah4+pjZoNiNIlQU=,BWat3Y3g8dQYT0AFSIH+B3e7MdE=
6,-47,WJXidnjy3eh+Ah4+pjZoNiNIlQU=,05JXGvoGmdVb9jUwAq0cootRakk=
11,-45,WJXidnjy3eh+Ah4+pjZoNiNIlQU=,BWat3Y3g8dQYT0AFSIH+B3e7MdE=
11,-46,WJXidnjy3eh+Ah4+pjZoNiNIlQU=,BWat3Y3g8dQYT0AFSIH+B3e7MdE=
9,-47,WJXidnjy3eh+Ah4+pjZoNiNIlQU=,BWat3Y3g8dQYT0AFSIH+B3e7MdE=
0,-43,WJXidnjy3eh+Ah4+pjZoNiNIlQU=,05JXGvoGmdVb9jUwAq0cootRakk=
8,-46,WJXidnjy3eh+Ah4+pjZoNiNIlQU=,BWat3Y3g8dQYT0AFSIH+B3e7MdE=
5,-46,WJXidnjy3eh+Ah4+pjZoNiNIlQU=,05JXGvoGmdVb9jUwAq0cootRakk=
5,-47,WJXidnjy3eh+Ah4+pjZoNiNIlQU=,05JXGvoGmdVb9jUwAq0cootRakk=
11,-47,WJXidnjy3eh+Ah4+pjZoNiNIlQU=,BWat3Y3g8dQYT0AFSIH+B3e7MdE=
12,-42,WJXidnjy3eh+Ah4+pjZoNiNIlQU=,BWat3Y3g8dQYT0AFSIH+B3e7MdE=
14,-44,WJXidnjy3eh+Ah4+pjZoNiNIlQU=,BWat3Y3g8dQYT0AFSIH+B3e7MdE=
3,-44,WJXidnjy3eh+Ah4+pjZoNiNIlQU=,05JXGvoGmdVb9jUwAq0cootRakk=
6,-48,WJXidnjy3eh+Ah4+pjZoNiNIlQU=,05JXGvoGmdVb9jUwAq0cootRakk=
7,-46,WJXidnjy3eh+Ah4+pjZoNiNIlQU=,05JXGvoGmdVb9jUwAq0cootRakk=
7,-48,WJXidnjy3eh+Ah4+pjZoNiNIlQU=,05JXGvoGmdVb9jUwAq0cootRakk=
2,-44,WJXidnjy3eh+Ah4+pjZoNiNIlQU=,05JXGvoGmdVb9jUwAq0cootRakk=
4,-45,WJXidnjy3eh+Ah4+pjZoNiNIlQU=,05JXGvoGmdVb9jUwAq0cootRakk=
2,-48,WJXidnjy3eh+Ah4+pjZoNiNIlQU=,05JXGvoGmdVb9jUwAq0cootRakk=
15,-34,WJXidnjy3eh+Ah4+pjZoNiNIlQU=,9VP2ybFUNfcq2sLvk0ABDOG9jPM=
6,-46,WJXidnjy3eh+Ah4+pjZoNiNIlQU=,05JXGvoGmdVb9jUwAq0cootRakk=
7,-45,WJXidnjy3eh+Ah4+pjZoNiNIlQU=,05JXGvoGmdVb9jUwAq0cootRakk=
9,-46,WJXidnjy3eh+Ah4+pjZoNiNIlQU=,BWat3Y3g8dQYT0AFSIH+B3e7MdE=
8,-45,WJXidnjy3eh+Ah4+pjZoNiNIlQU=,BWat3Y3g8dQYT0AFSIH+B3e7MdE=
7,-47,WJXidnjy3eh+Ah4+pjZoNiNIlQU=,05JXGvoGmdVb9jUwAq0cootRakk=
6,-45,WJXidnjy3eh+Ah4+pjZoNiNIlQU=,05JXGvoGmdVb9jUwAq0cootRakk=
0,-38,WJXidnjy3eh+Ah4+pjZoNiNIlQU=,IzZgP74opMf9n1CKBAaBs7N+Vgw=
5,-45,WJXidnjy3eh+Ah4+pjZoNiNIlQU=,05JXGvoGmdVb9jUwAq0cootRakk=
15,-35,WJXidnjy3eh+Ah4+pjZoNiNIlQU=,9VP2ybFUNfcq2sLvk0ABDOG9jPM=
11,-48,WJXidnjy3eh+Ah4+pjZoNiNIlQU=,BWat3Y3g8dQYT0AFSIH+B3e7MdE=
12,-43,WJXidnjy3eh+Ah4+pjZoNiNIlQU=,BWat3Y3g8dQYT0AFSIH+B3e7MdE=
13,-43,WJXidnjy3eh+Ah4+pjZoNiNIlQU=,BWat3Y3g8dQYT0AFSIH+B3e7MdE=
0,-47,WJXidnjy3eh+Ah4+pjZoNiNIlQU=,05JXGvoGmdVb9jUwAq0cootRakk=
0,-37,WJXidnjy3eh+Ah4+pjZoNiNIlQU=,IzZgP74opMf9n1CKBAaBs7N+Vgw=
2,-38,WJXidnjy3eh+Ah4+pjZoNiNIlQU=,IzZgP74opMf9n1CKBAaBs7N+Vgw=
2,-37,WJXidnjy3eh+Ah4+pjZoNiNIlQU=,IzZgP74opMf9n1CKBAaBs7N+Vgw=
1,-37,WJXidnjy3eh+Ah4+pjZoNiNIlQU=,IzZgP74opMf9n1CKBAaBs7N+Vgw=
0,-39,WJXidnjy3eh+Ah4+pjZoNiNIlQU=,IzZgP74opMf9n1CKBAaBs7N+Vgw=
0,-40,WJXidnjy3eh+Ah4+pjZoNiNIlQU=,IzZgP74opMf9n1CKBAaBs7N+Vgw=
0,-44,WJXidnjy3eh+Ah4+pjZoNiNIlQU=,05JXGvoGmdVb9jUwAq0cootRakk=
3,-38,WJXidnjy3eh+Ah4+pjZoNiNIlQU=,IzZgP74opMf9n1CKBAaBs7N+Vgw=
12,-33,WJXidnjy3eh+Ah4+pjZoNiNIlQU=,9VP2ybFUNfcq2sLvk0ABDOG9jPM=
1,-41,WJXidnjy3eh+Ah4+pjZoNiNIlQU=,05JXGvoGmdVb9jUwAq0cootRakk=
2,-41,WJXidnjy3eh+Ah4+pjZoNiNIlQU=,05JXGvoGmdVb9jUwAq0cootRakk=
3,-37,WJXidnjy3eh+Ah4+pjZoNiNIlQU=,IzZgP74opMf9n1CKBAaBs7N+Vgw=
1,-38,WJXidnjy3eh+Ah4+pjZoNiNIlQU=,IzZgP74opMf9n1CKBAaBs7N+Vgw=
3,-39,WJXidnjy3eh+Ah4+pjZoNiNIlQU=,IzZgP74opMf9n1CKBAaBs7N+Vgw=
2,-40,WJXidnjy3eh+Ah4+pjZoNiNIlQU=,IzZgP74opMf9n1CKBAaBs7N+Vgw=
3,-41,WJXidnjy3eh+Ah4+pjZoNiNIlQU=,05JXGvoGmdVb9jUwAq0cootRakk=
3,-48,WJXidnjy3eh+Ah4+pjZoNiNIlQU=,05JXGvoGmdVb9jUwAq0cootRakk=
3,-42,WJXidnjy3eh+Ah4+pjZoNiNIlQU=,05JXGvoGmdVb9jUwAq0cootRakk=
2,-42,WJXidnjy3eh+Ah4+pjZoNiNIlQU=,05JXGvoGmdVb9jUwAq0cootRakk=
3,-40,WJXidnjy3eh+Ah4+pjZoNiNIlQU=,IzZgP74opMf9n1CKBAaBs7N+Vgw=
13,-33,WJXidnjy3eh+Ah4+pjZoNiNIlQU=,9VP2ybFUNfcq2sLvk0ABDOG9jPM=
1,-39,WJXidnjy3eh+Ah4+pjZoNiNIlQU=,IzZgP74opMf9n1CKBAaBs7N+Vgw=
1,-40,WJXidnjy3eh+Ah4+pjZoNiNIlQU=,IzZgP74opMf9n1CKBAaBs7N+Vgw=
1,-43,WJXidnjy3eh+Ah4+pjZoNiNIlQU=,05JXGvoGmdVb9jUwAq0cootRakk=
13,-36,WJXidnjy3eh+Ah4+pjZoNiNIlQU=,9VP2ybFUNfcq2sLvk0ABDOG9jPM=
1,-42,WJXidnjy3eh+Ah4+pjZoNiNIlQU=,05JXGvoGmdVb9jUwAq0cootRakk=
2,-39,WJXidnjy3eh+Ah4+pjZoNiNIlQU=,IzZgP74opMf9n1CKBAaBs7N+Vgw=
14,-36,WJXidnjy3eh+Ah4+pjZoNiNIlQU=,9VP2ybFUNfcq2sLvk0ABDOG9jPM=
14,-33,WJXidnjy3eh+Ah4+pjZoNiNIlQU=,9VP2ybFUNfcq2sLvk0ABDOG9jPM=
15,-33,WJXidnjy3eh+Ah4+pjZoNiNIlQU=,9VP2ybFUNfcq2sLvk0ABDOG9jPM=
3,-43,WJXidnjy3eh+Ah4+pjZoNiNIlQU=,05JXGvoGmdVb9jUwAq0cootRakk=
2,-43,WJXidnjy3eh+Ah4+pjZoNiNIlQU=,05JXGvoGmdVb9jUwAq0cootRakk=
0,-45,WJXidnjy3eh+Ah4+pjZoNiNIlQU=,05JXGvoGmdVb9jUwAq0cootRakk=
14,-34,WJXidnjy3eh+Ah4+pjZoNiNIlQU=,9VP2ybFUNfcq2sLvk0ABDOG9jPM=
0,-46,WJXidnjy3eh+Ah4+pjZoNiNIlQU=,05JXGvoGmdVb9jUwAq0cootRakk=
12,-35,WJXidnjy3eh+Ah4+pjZoNiNIlQU=,9VP2ybFUNfcq2sLvk0ABDOG9jPM=
14,-35,WJXidnjy3eh+Ah4+pjZoNiNIlQU=,9VP2ybFUNfcq2sLvk0ABDOG9jPM=
12,-36,WJXidnjy3eh+Ah4+pjZoNiNIlQU=,9VP2ybFUNfcq2sLvk0ABDOG9jPM=
13,-35,WJXidnjy3eh+Ah4+pjZoNiNIlQU=,9VP2ybFUNfcq2sLvk0ABDOG9jPM=
13,-34,WJXidnjy3eh+Ah4+pjZoNiNIlQU=,9VP2ybFUNfcq2sLvk0ABDOG9jPM=
3,-46,WJXidnjy3eh+Ah4+pjZoNiNIlQU=,05JXGvoGmdVb9jUwAq0cootRakk=
0,-48,WJXidnjy3eh+Ah4+pjZoNiNIlQU=,05JXGvoGmdVb9jUwAq0cootRakk=
3,-45,WJXidnjy3eh+Ah4+pjZoNiNIlQU=,05JXGvoGmdVb9jUwAq0cootRakk=
1,-45,WJXidnjy3eh+Ah4+pjZoNiNIlQU=,05JXGvoGmdVb9jUwAq0cootRakk=
2,-46,WJXidnjy3eh+Ah4+pjZoNiNIlQU=,05JXGvoGmdVb9jUwAq0cootRakk=
2,-45,WJXidnjy3eh+Ah4+pjZoNiNIlQU=,05JXGvoGmdVb9jUwAq0cootRakk=
12,-34,WJXidnjy3eh+Ah4+pjZoNiNIlQU=,9VP2ybFUNfcq2sLvk0ABDOG9jPM=
1,-46,WJXidnjy3eh+Ah4+pjZoNiNIlQU=,05JXGvoGmdVb9jUwAq0cootRakk=
3,-47,WJXidnjy3eh+Ah4+pjZoNiNIlQU=,05JXGvoGmdVb9jUwAq0cootRakk=
1,-34,WJXidnjy3eh+Ah4+pjZoNiNIlQU=,IzZgP74opMf9n1CKBAaBs7N+Vgw=
2,-34,WJXidnjy3eh+Ah4+pjZoNiNIlQU=,IzZgP74opMf9n1CKBAaBs7N+Vgw=
1,-47,WJXidnjy3eh+Ah4+pjZoNiNIlQU=,05JXGvoGmdVb9jUwAq0cootRakk=
3,-35,WJXidnjy3eh+Ah4+pjZoNiNIlQU=,IzZgP74opMf9n1CKBAaBs7N+Vgw=
2,-35,WJXidnjy3eh+Ah4+pjZoNiNIlQU=,IzZgP74opMf9n1CKBAaBs7N+Vgw=
0,-33,WJXidnjy3eh+Ah4+pjZoNiNIlQU=,IzZgP74opMf9n1CKBAaBs7N+Vgw=
2,-47,WJXidnjy3eh+Ah4+pjZoNiNIlQU=,05JXGvoGmdVb9jUwAq0cootRakk=
2,-33,WJXidnjy3eh+Ah4+pjZoNiNIlQU=,IzZgP74opMf9n1CKBAaBs7N+Vgw=
3,-34,WJXidnjy3eh+Ah4+pjZoNiNIlQU=,IzZgP74opMf9n1CKBAaBs7N+Vgw=
1,-36,WJXidnjy3eh+Ah4+pjZoNiNIlQU=,IzZgP74opMf9n1CKBAaBs7N+Vgw=
13,-47,WJXidnjy3eh+Ah4+pjZoNiNIlQU=,BWat3Y3g8dQYT0AFSIH+B3e7MdE=
12,-46,WJXidnjy3eh+Ah4+pjZoNiNIlQU=,BWat3Y3g8dQYT0AFSIH+B3e7MdE=
0,-34,WJXidnjy3eh+Ah4+pjZoNiNIlQU=,IzZgP74opMf9n1CKBAaBs7N+Vgw=
2,-36,WJXidnjy3eh+Ah4+pjZoNiNIlQU=,IzZgP74opMf9n1CKBAaBs7N+Vgw=
1,-35,WJXidnjy3eh+Ah4+pjZoNiNIlQU=,IzZgP74opMf9n1CKBAaBs7N+Vgw=
14,-47,WJXidnjy3eh+Ah4+pjZoNiNIlQU=,BWat3Y3g8dQYT0AFSIH+B3e7MdE=
1,-33,WJXidnjy3eh+Ah4+pjZoNiNIlQU=,IzZgP74opMf9n1CKBAaBs7N+Vgw=
3,-36,WJXidnjy3eh+Ah4+pjZoNiNIlQU=,IzZgP74opMf9n1CKBAaBs7N+Vgw=
15,-48,WJXidnjy3eh+Ah4+pjZoNiNIlQU=,BWat3Y3g8dQYT0AFSIH+B3e7MdE=
12,-47,WJXidnjy3eh+Ah4+pjZoNiNIlQU=,BWat3Y3g8dQYT0AFSIH+B3e7MdE=
3,-33,WJXidnjy3eh+Ah4+pjZoNiNIlQU=,IzZgP74opMf9n1CKBAaBs7N+Vgw=
13,-46,WJXidnjy3eh+Ah4+pjZoNiNIlQU=,BWat3Y3g8dQYT0AFSIH+B3e7MdE=
15,-46,WJXidnjy3eh+Ah4+pjZoNiNIlQU=,BWat3Y3g8dQYT0AFSIH+B3e7MdE=
14,-45,WJXidnjy3eh+Ah4+pjZoNiNIlQU=,BWat3Y3g8dQYT0AFSIH+B3e7MdE=
14,-46,WJXidnjy3eh+Ah4+pjZoNiNIlQU=,BWat3Y3g8dQYT0AFSIH+B3e7MdE=
0,-36,WJXidnjy3eh+Ah4+pjZoNiNIlQU=,IzZgP74opMf9n1CKBAaBs7N+Vgw=
15,-47,WJXidnjy3eh+Ah4+pjZoNiNIlQU=,BWat3Y3g8dQYT0AFSIH+B3e7MdE=
15,-45,WJXidnjy3eh+Ah4+pjZoNiNIlQU=,BWat3Y3g8dQYT0AFSIH+B3e7MdE=
13,-45,WJXidnjy3eh+Ah4+pjZoNiNIlQU=,BWat3Y3g8dQYT0AFSIH+B3e7MdE=
14,-48,WJXidnjy3eh+Ah4+pjZoNiNIlQU=,BWat3Y3g8dQYT0AFSIH+B3e7MdE=
13,-48,WJXidnjy3eh+Ah4+pjZoNiNIlQU=,BWat3Y3g8dQYT0AFSIH+B3e7MdE=
12,-45,WJXidnjy3eh+Ah4+pjZoNiNIlQU=,BWat3Y3g8dQYT0AFSIH+B3e7MdE=
12,-48,WJXidnjy3eh+Ah4+pjZoNiNIlQU=,BWat3Y3g8dQYT0AFSIH+B3e7MdE=
0,-35,WJXidnjy3eh+Ah4+pjZoNiNIlQU=,IzZgP74opMf9n1CKBAaBs7N+Vgw=
