-383,196,q2uRK291y7GCQVkHR+uZ++8oVxA=,SEDvh619YVVmkXQs8PcXF1Zd8Zg=
-378,193,q2uRK291y7GCQVkHR+uZ++8oVxA=,SEDvh619YVVmkXQs8PcXF1Zd8Zg=
-379,193,q2uRK291y7GCQVkHR+uZ++8oVxA=,SEDvh619YVVmkXQs8PcXF1Zd8Zg=
-378,195,q2uRK291y7GCQVkHR+uZ++8oVxA=,SEDvh619YVVmkXQs8PcXF1Zd8Zg=
-379,195,q2uRK291y7GCQVkHR+uZ++8oVxA=,SEDvh619YVVmkXQs8PcXF1Zd8Zg=
-380,195,q2uRK291y7GCQVkHR+uZ++8oVxA=,SEDvh619YVVmkXQs8PcXF1Zd8Zg=
-381,195,q2uRK291y7GCQVkHR+uZ++8oVxA=,SEDvh619YVVmkXQs8PcXF1Zd8Zg=
-382,195,q2uRK291y7GCQVkHR+uZ++8oVxA=,SEDvh619YVVmkXQs8PcXF1Zd8Zg=
-380,193,q2uRK291y7GCQVkHR+uZ++8oVxA=,SEDvh619YVVmkXQs8PcXF1Zd8Zg=
-378,197,q2uRK291y7GCQVkHR+uZ++8oVxA=,SEDvh619YVVmkXQs8PcXF1Zd8Zg=
-378,194,q2uRK291y7GCQVkHR+uZ++8oVxA=,SEDvh619YVVmkXQs8PcXF1Zd8Zg=
-378,196,q2uRK291y7GCQVkHR+uZ++8oVxA=,SEDvh619YVVmkXQs8PcXF1Zd8Zg=
-379,194,q2uRK291y7GCQVkHR+uZ++8oVxA=,SEDvh619YVVmkXQs8PcXF1Zd8Zg=
-381,193,q2uRK291y7GCQVkHR+uZ++8oVxA=,SEDvh619YVVmkXQs8PcXF1Zd8Zg=
-380,194,q2uRK291y7GCQVkHR+uZ++8oVxA=,SEDvh619YVVmkXQs8PcXF1Zd8Zg=
-382,193,q2uRK291y7GCQVkHR+uZ++8oVxA=,SEDvh619YVVmkXQs8PcXF1Zd8Zg=
-379,197,q2uRK291y7GCQVkHR+uZ++8oVxA=,SEDvh619YVVmkXQs8PcXF1Zd8Zg=
-383,193,q2uRK291y7GCQVkHR+uZ++8oVxA=,SEDvh619YVVmkXQs8PcXF1Zd8Zg=
-379,196,q2uRK291y7GCQVkHR+uZ++8oVxA=,SEDvh619YVVmkXQs8PcXF1Zd8Zg=
-380,197,q2uRK291y7GCQVkHR+uZ++8oVxA=,SEDvh619YVVmkXQs8PcXF1Zd8Zg=
-381,194,q2uRK291y7GCQVkHR+uZ++8oVxA=,SEDvh619YVVmkXQs8PcXF1Zd8Zg=
-380,196,q2uRK291y7GCQVkHR+uZ++8oVxA=,SEDvh619YVVmkXQs8PcXF1Zd8Zg=
-383,195,q2uRK291y7GCQVkHR+uZ++8oVxA=,SEDvh619YVVmkXQs8PcXF1Zd8Zg=
-382,194,q2uRK291y7GCQVkHR+uZ++8oVxA=,SEDvh619YVVmkXQs8PcXF1Zd8Zg=
-383,194,q2uRK291y7GCQVkHR+uZ++8oVxA=,SEDvh619YVVmkXQs8PcXF1Zd8Zg=
-381,196,q2uRK291y7GCQVkHR+uZ++8oVxA=,SEDvh619YVVmkXQs8PcXF1Zd8Zg=
-382,196,q2uRK291y7GCQVkHR+uZ++8oVxA=,SEDvh619YVVmkXQs8PcXF1Zd8Zg=
-380,192,q2uRK291y7GCQVkHR+uZ++8oVxA=,SEDvh619YVVmkXQs8PcXF1Zd8Zg=
-382,192,q2uRK291y7GCQVkHR+uZ++8oVxA=,SEDvh619YVVmkXQs8PcXF1Zd8Zg=
-379,192,q2uRK291y7GCQVkHR+uZ++8oVxA=,SEDvh619YVVmkXQs8PcXF1Zd8Zg=
-378,192,q2uRK291y7GCQVkHR+uZ++8oVxA=,SEDvh619YVVmkXQs8PcXF1Zd8Zg=
-383,192,q2uRK291y7GCQVkHR+uZ++8oVxA=,SEDvh619YVVmkXQs8PcXF1Zd8Zg=
-381,192,q2uRK291y7GCQVkHR+uZ++8oVxA=,SEDvh619YVVmkXQs8PcXF1Zd8Zg=
-378,198,q2uRK291y7GCQVkHR+uZ++8oVxA=,SEDvh619YVVmkXQs8PcXF1Zd8Zg=
-376,192,q2uRK291y7GCQVkHR+uZ++8oVxA=,b6iLGF1FKFjFIz7j/bWGHUpCmPw=
-377,198,q2uRK291y7GCQVkHR+uZ++8oVxA=,SEDvh619YVVmkXQs8PcXF1Zd8Zg=
-375,198,q2uRK291y7GCQVkHR+uZ++8oVxA=,b6iLGF1FKFjFIz7j/bWGHUpCmPw=
-376,198,q2uRK291y7GCQVkHR+uZ++8oVxA=,b6iLGF1FKFjFIz7j/bWGHUpCmPw=
-377,193,q2uRK291y7GCQVkHR+uZ++8oVxA=,SEDvh619YVVmkXQs8PcXF1Zd8Zg=
-377,197,q2uRK291y7GCQVkHR+uZ++8oVxA=,SEDvh619YVVmkXQs8PcXF1Zd8Zg=
-377,192,q2uRK291y7GCQVkHR+uZ++8oVxA=,SEDvh619YVVmkXQs8PcXF1Zd8Zg=
-377,195,q2uRK291y7GCQVkHR+uZ++8oVxA=,SEDvh619YVVmkXQs8PcXF1Zd8Zg=
-377,194,q2uRK291y7GCQVkHR+uZ++8oVxA=,SEDvh619YVVmkXQs8PcXF1Zd8Zg=
-375,197,q2uRK291y7GCQVkHR+uZ++8oVxA=,b6iLGF1FKFjFIz7j/bWGHUpCmPw=
-377,196,q2uRK291y7GCQVkHR+uZ++8oVxA=,SEDvh619YVVmkXQs8PcXF1Zd8Zg=
-376,197,q2uRK291y7GCQVkHR+uZ++8oVxA=,b6iLGF1FKFjFIz7j/bWGHUpCmPw=
-374,196,q2uRK291y7GCQVkHR+uZ++8oVxA=,b6iLGF1FKFjFIz7j/bWGHUpCmPw=
-375,196,q2uRK291y7GCQVkHR+uZ++8oVxA=,b6iLGF1FKFjFIz7j/bWGHUpCmPw=
-376,196,q2uRK291y7GCQVkHR+uZ++8oVxA=,b6iLGF1FKFjFIz7j/bWGHUpCmPw=
-372,195,q2uRK291y7GCQVkHR+uZ++8oVxA=,b6iLGF1FKFjFIz7j/bWGHUpCmPw=
-373,195,q2uRK291y7GCQVkHR+uZ++8oVxA=,b6iLGF1FKFjFIz7j/bWGHUpCmPw=
-374,195,q2uRK291y7GCQVkHR+uZ++8oVxA=,b6iLGF1FKFjFIz7j/bWGHUpCmPw=
-375,195,q2uRK291y7GCQVkHR+uZ++8oVxA=,b6iLGF1FKFjFIz7j/bWGHUpCmPw=
-376,195,q2uRK291y7GCQVkHR+uZ++8oVxA=,b6iLGF1FKFjFIz7j/bWGHUpCmPw=
-372,194,q2uRK291y7GCQVkHR+uZ++8oVxA=,b6iLGF1FKFjFIz7j/bWGHUpCmPw=
-373,194,q2uRK291y7GCQVkHR+uZ++8oVxA=,b6iLGF1FKFjFIz7j/bWGHUpCmPw=
-374,194,q2uRK291y7GCQVkHR+uZ++8oVxA=,b6iLGF1FKFjFIz7j/bWGHUpCmPw=
-375,194,q2uRK291y7GCQVkHR+uZ++8oVxA=,b6iLGF1FKFjFIz7j/bWGHUpCmPw=
-376,194,q2uRK291y7GCQVkHR+uZ++8oVxA=,b6iLGF1FKFjFIz7j/bWGHUpCmPw=
-372,193,q2uRK291y7GCQVkHR+uZ++8oVxA=,b6iLGF1FKFjFIz7j/bWGHUpCmPw=
-373,193,q2uRK291y7GCQVkHR+uZ++8oVxA=,b6iLGF1FKFjFIz7j/bWGHUpCmPw=
-374,193,q2uRK291y7GCQVkHR+uZ++8oVxA=,b6iLGF1FKFjFIz7j/bWGHUpCmPw=
-375,193,q2uRK291y7GCQVkHR+uZ++8oVxA=,b6iLGF1FKFjFIz7j/bWGHUpCmPw=
-376,193,q2uRK291y7GCQVkHR+uZ++8oVxA=,b6iLGF1FKFjFIz7j/bWGHUpCmPw=
-370,192,q2uRK291y7GCQVkHR+uZ++8oVxA=,b6iLGF1FKFjFIz7j/bWGHUpCmPw=
-371,192,q2uRK291y7GCQVkHR+uZ++8oVxA=,b6iLGF1FKFjFIz7j/bWGHUpCmPw=
-372,192,q2uRK291y7GCQVkHR+uZ++8oVxA=,b6iLGF1FKFjFIz7j/bWGHUpCmPw=
-373,192,q2uRK291y7GCQVkHR+uZ++8oVxA=,b6iLGF1FKFjFIz7j/bWGHUpCmPw=
-374,192,q2uRK291y7GCQVkHR+uZ++8oVxA=,b6iLGF1FKFjFIz7j/bWGHUpCmPw=
-375,192,q2uRK291y7GCQVkHR+uZ++8oVxA=,b6iLGF1FKFjFIz7j/bWGHUpCmPw=
-375,206,q2uRK291y7GCQVkHR+uZ++8oVxA=,MOhO7mBfxRfBbGmIIF/I3zF+jU0=
-375,199,q2uRK291y7GCQVkHR+uZ++8oVxA=,b6iLGF1FKFjFIz7j/bWGHUpCmPw=
-375,205,q2uRK291y7GCQVkHR+uZ++8oVxA=,MOhO7mBfxRfBbGmIIF/I3zF+jU0=
-383,205,q2uRK291y7GCQVkHR+uZ++8oVxA=,Cto3OTNGCfusk4h1pCskyv+mTFw=
-377,204,q2uRK291y7GCQVkHR+uZ++8oVxA=,Cto3OTNGCfusk4h1pCskyv+mTFw=
-378,204,q2uRK291y7GCQVkHR+uZ++8oVxA=,Cto3OTNGCfusk4h1pCskyv+mTFw=
-379,204,hW8fjWEJVyYA8q18nMtlK/hLXEE=,Cto3OTNGCfusk4h1pCskyv+mTFw=
-380,204,hW8fjWEJVyYA8q18nMtlK/hLXEE=,Cto3OTNGCfusk4h1pCskyv+mTFw=
-381,204,hW8fjWEJVyYA8q18nMtlK/hLXEE=,Cto3OTNGCfusk4h1pCskyv+mTFw=
-382,204,hW8fjWEJVyYA8q18nMtlK/hLXEE=,Cto3OTNGCfusk4h1pCskyv+mTFw=
-383,204,hW8fjWEJVyYA8q18nMtlK/hLXEE=,Cto3OTNGCfusk4h1pCskyv+mTFw=
-383,203,hW8fjWEJVyYA8q18nMtlK/hLXEE=,Cto3OTNGCfusk4h1pCskyv+mTFw=
-374,197,hW8fjWEJVyYA8q18nMtlK/hLXEE=,b6iLGF1FKFjFIz7j/bWGHUpCmPw=
-379,198,hW8fjWEJVyYA8q18nMtlK/hLXEE=,SEDvh619YVVmkXQs8PcXF1Zd8Zg=
-380,198,hW8fjWEJVyYA8q18nMtlK/hLXEE=,SEDvh619YVVmkXQs8PcXF1Zd8Zg=
-373,197,hW8fjWEJVyYA8q18nMtlK/hLXEE=,b6iLGF1FKFjFIz7j/bWGHUpCmPw=
-380,202,hW8fjWEJVyYA8q18nMtlK/hLXEE=,Cto3OTNGCfusk4h1pCskyv+mTFw=
-374,203,hW8fjWEJVyYA8q18nMtlK/hLXEE=,MOhO7mBfxRfBbGmIIF/I3zF+jU0=
-384,205,hW8fjWEJVyYA8q18nMtlK/hLXEE=,Cto3OTNGCfusk4h1pCskyv+mTFw=
-384,206,hW8fjWEJVyYA8q18nMtlK/hLXEE=,Cto3OTNGCfusk4h1pCskyv+mTFw=
-384,203,hW8fjWEJVyYA8q18nMtlK/hLXEE=,Cto3OTNGCfusk4h1pCskyv+mTFw=
-384,204,hW8fjWEJVyYA8q18nMtlK/hLXEE=,Cto3OTNGCfusk4h1pCskyv+mTFw=
-378,201,hW8fjWEJVyYA8q18nMtlK/hLXEE=,Cto3OTNGCfusk4h1pCskyv+mTFw=
-375,207,hW8fjWEJVyYA8q18nMtlK/hLXEE=,MOhO7mBfxRfBbGmIIF/I3zF+jU0=
-369,199,hW8fjWEJVyYA8q18nMtlK/hLXEE=,b6iLGF1FKFjFIz7j/bWGHUpCmPw=
-379,202,hW8fjWEJVyYA8q18nMtlK/hLXEE=,Cto3OTNGCfusk4h1pCskyv+mTFw=
-373,202,hW8fjWEJVyYA8q18nMtlK/hLXEE=,MOhO7mBfxRfBbGmIIF/I3zF+jU0=
-373,196,hW8fjWEJVyYA8q18nMtlK/hLXEE=,b6iLGF1FKFjFIz7j/bWGHUpCmPw=
-374,202,hW8fjWEJVyYA8q18nMtlK/hLXEE=,MOhO7mBfxRfBbGmIIF/I3zF+jU0=
-376,200,hW8fjWEJVyYA8q18nMtlK/hLXEE=,MOhO7mBfxRfBbGmIIF/I3zF+jU0=
-376,206,hW8fjWEJVyYA8q18nMtlK/hLXEE=,MOhO7mBfxRfBbGmIIF/I3zF+jU0=
-383,207,hW8fjWEJVyYA8q18nMtlK/hLXEE=,Cto3OTNGCfusk4h1pCskyv+mTFw=
-382,207,hW8fjWEJVyYA8q18nMtlK/hLXEE=,Cto3OTNGCfusk4h1pCskyv+mTFw=
-381,207,hW8fjWEJVyYA8q18nMtlK/hLXEE=,Cto3OTNGCfusk4h1pCskyv+mTFw=
-380,207,hW8fjWEJVyYA8q18nMtlK/hLXEE=,Cto3OTNGCfusk4h1pCskyv+mTFw=
-379,207,hW8fjWEJVyYA8q18nMtlK/hLXEE=,Cto3OTNGCfusk4h1pCskyv+mTFw=
-378,207,hW8fjWEJVyYA8q18nMtlK/hLXEE=,Cto3OTNGCfusk4h1pCskyv+mTFw=
-377,207,hW8fjWEJVyYA8q18nMtlK/hLXEE=,Cto3OTNGCfusk4h1pCskyv+mTFw=
-376,207,hW8fjWEJVyYA8q18nMtlK/hLXEE=,MOhO7mBfxRfBbGmIIF/I3zF+jU0=
-379,201,hW8fjWEJVyYA8q18nMtlK/hLXEE=,Cto3OTNGCfusk4h1pCskyv+mTFw=
-384,207,hW8fjWEJVyYA8q18nMtlK/hLXEE=,Cto3OTNGCfusk4h1pCskyv+mTFw=
-377,201,hW8fjWEJVyYA8q18nMtlK/hLXEE=,Cto3OTNGCfusk4h1pCskyv+mTFw=
-373,198,hW8fjWEJVyYA8q18nMtlK/hLXEE=,b6iLGF1FKFjFIz7j/bWGHUpCmPw=
-376,205,hW8fjWEJVyYA8q18nMtlK/hLXEE=,MOhO7mBfxRfBbGmIIF/I3zF+jU0=
-373,203,hW8fjWEJVyYA8q18nMtlK/hLXEE=,MOhO7mBfxRfBbGmIIF/I3zF+jU0=
-377,200,hW8fjWEJVyYA8q18nMtlK/hLXEE=,Cto3OTNGCfusk4h1pCskyv+mTFw=
-373,207,hW8fjWEJVyYA8q18nMtlK/hLXEE=,MOhO7mBfxRfBbGmIIF/I3zF+jU0=
-374,201,hW8fjWEJVyYA8q18nMtlK/hLXEE=,MOhO7mBfxRfBbGmIIF/I3zF+jU0=
-373,200,hW8fjWEJVyYA8q18nMtlK/hLXEE=,MOhO7mBfxRfBbGmIIF/I3zF+jU0=
-374,200,hW8fjWEJVyYA8q18nMtlK/hLXEE=,MOhO7mBfxRfBbGmIIF/I3zF+jU0=
-375,202,hW8fjWEJVyYA8q18nMtlK/hLXEE=,MOhO7mBfxRfBbGmIIF/I3zF+jU0=
-380,200,hW8fjWEJVyYA8q18nMtlK/hLXEE=,Cto3OTNGCfusk4h1pCskyv+mTFw=
-375,200,hW8fjWEJVyYA8q18nMtlK/hLXEE=,MOhO7mBfxRfBbGmIIF/I3zF+jU0=
-374,199,hW8fjWEJVyYA8q18nMtlK/hLXEE=,b6iLGF1FKFjFIz7j/bWGHUpCmPw=
-379,200,hW8fjWEJVyYA8q18nMtlK/hLXEE=,Cto3OTNGCfusk4h1pCskyv+mTFw=
-376,199,hW8fjWEJVyYA8q18nMtlK/hLXEE=,b6iLGF1FKFjFIz7j/bWGHUpCmPw=
-376,204,hW8fjWEJVyYA8q18nMtlK/hLXEE=,MOhO7mBfxRfBbGmIIF/I3zF+jU0=
-377,206,hW8fjWEJVyYA8q18nMtlK/hLXEE=,Cto3OTNGCfusk4h1pCskyv+mTFw=
-378,206,hW8fjWEJVyYA8q18nMtlK/hLXEE=,Cto3OTNGCfusk4h1pCskyv+mTFw=
-374,198,hW8fjWEJVyYA8q18nMtlK/hLXEE=,b6iLGF1FKFjFIz7j/bWGHUpCmPw=
-379,206,hW8fjWEJVyYA8q18nMtlK/hLXEE=,Cto3OTNGCfusk4h1pCskyv+mTFw=
-380,206,hW8fjWEJVyYA8q18nMtlK/hLXEE=,Cto3OTNGCfusk4h1pCskyv+mTFw=
-381,206,hW8fjWEJVyYA8q18nMtlK/hLXEE=,Cto3OTNGCfusk4h1pCskyv+mTFw=
-379,203,hW8fjWEJVyYA8q18nMtlK/hLXEE=,Cto3OTNGCfusk4h1pCskyv+mTFw=
-375,203,hW8fjWEJVyYA8q18nMtlK/hLXEE=,MOhO7mBfxRfBbGmIIF/I3zF+jU0=
-369,202,hW8fjWEJVyYA8q18nMtlK/hLXEE=,MOhO7mBfxRfBbGmIIF/I3zF+jU0=
-378,203,hW8fjWEJVyYA8q18nMtlK/hLXEE=,Cto3OTNGCfusk4h1pCskyv+mTFw=
-375,201,hW8fjWEJVyYA8q18nMtlK/hLXEE=,MOhO7mBfxRfBbGmIIF/I3zF+jU0=
-378,200,hW8fjWEJVyYA8q18nMtlK/hLXEE=,Cto3OTNGCfusk4h1pCskyv+mTFw=
-377,202,hW8fjWEJVyYA8q18nMtlK/hLXEE=,Cto3OTNGCfusk4h1pCskyv+mTFw=
-382,206,hW8fjWEJVyYA8q18nMtlK/hLXEE=,Cto3OTNGCfusk4h1pCskyv+mTFw=
-377,203,hW8fjWEJVyYA8q18nMtlK/hLXEE=,Cto3OTNGCfusk4h1pCskyv+mTFw=
-378,202,hW8fjWEJVyYA8q18nMtlK/hLXEE=,Cto3OTNGCfusk4h1pCskyv+mTFw=
-383,206,hW8fjWEJVyYA8q18nMtlK/hLXEE=,Cto3OTNGCfusk4h1pCskyv+mTFw=
-377,199,hW8fjWEJVyYA8q18nMtlK/hLXEE=,SEDvh619YVVmkXQs8PcXF1Zd8Zg=
-380,203,hW8fjWEJVyYA8q18nMtlK/hLXEE=,Cto3OTNGCfusk4h1pCskyv+mTFw=
-384,193,hW8fjWEJVyYA8q18nMtlK/hLXEE=,SEDvh619YVVmkXQs8PcXF1Zd8Zg=
-384,195,hW8fjWEJVyYA8q18nMtlK/hLXEE=,SEDvh619YVVmkXQs8PcXF1Zd8Zg=
-384,194,hW8fjWEJVyYA8q18nMtlK/hLXEE=,SEDvh619YVVmkXQs8PcXF1Zd8Zg=
-384,192,hW8fjWEJVyYA8q18nMtlK/hLXEE=,SEDvh619YVVmkXQs8PcXF1Zd8Zg=
-371,198,hW8fjWEJVyYA8q18nMtlK/hLXEE=,b6iLGF1FKFjFIz7j/bWGHUpCmPw=
-377,205,hW8fjWEJVyYA8q18nMtlK/hLXEE=,Cto3OTNGCfusk4h1pCskyv+mTFw=
-369,192,hW8fjWEJVyYA8q18nMtlK/hLXEE=,b6iLGF1FKFjFIz7j/bWGHUpCmPw=
-384,200,hW8fjWEJVyYA8q18nMtlK/hLXEE=,Cto3OTNGCfusk4h1pCskyv+mTFw=
-376,203,hW8fjWEJVyYA8q18nMtlK/hLXEE=,MOhO7mBfxRfBbGmIIF/I3zF+jU0=
-371,193,hW8fjWEJVyYA8q18nMtlK/hLXEE=,b6iLGF1FKFjFIz7j/bWGHUpCmPw=
-378,205,hW8fjWEJVyYA8q18nMtlK/hLXEE=,Cto3OTNGCfusk4h1pCskyv+mTFw=
-376,201,hW8fjWEJVyYA8q18nMtlK/hLXEE=,MOhO7mBfxRfBbGmIIF/I3zF+jU0=
-378,199,hW8fjWEJVyYA8q18nMtlK/hLXEE=,SEDvh619YVVmkXQs8PcXF1Zd8Zg=
-379,205,hW8fjWEJVyYA8q18nMtlK/hLXEE=,Cto3OTNGCfusk4h1pCskyv+mTFw=
-370,193,hW8fjWEJVyYA8q18nMtlK/hLXEE=,b6iLGF1FKFjFIz7j/bWGHUpCmPw=
-373,204,hW8fjWEJVyYA8q18nMtlK/hLXEE=,MOhO7mBfxRfBbGmIIF/I3zF+jU0=
-375,204,hW8fjWEJVyYA8q18nMtlK/hLXEE=,MOhO7mBfxRfBbGmIIF/I3zF+jU0=
-373,201,hW8fjWEJVyYA8q18nMtlK/hLXEE=,MOhO7mBfxRfBbGmIIF/I3zF+jU0=
-380,201,hW8fjWEJVyYA8q18nMtlK/hLXEE=,Cto3OTNGCfusk4h1pCskyv+mTFw=
-374,206,hW8fjWEJVyYA8q18nMtlK/hLXEE=,MOhO7mBfxRfBbGmIIF/I3zF+jU0=
-384,199,hW8fjWEJVyYA8q18nMtlK/hLXEE=,SEDvh619YVVmkXQs8PcXF1Zd8Zg=
-383,200,hW8fjWEJVyYA8q18nMtlK/hLXEE=,Cto3OTNGCfusk4h1pCskyv+mTFw=
-372,203,hW8fjWEJVyYA8q18nMtlK/hLXEE=,MOhO7mBfxRfBbGmIIF/I3zF+jU0=
-380,205,hW8fjWEJVyYA8q18nMtlK/hLXEE=,Cto3OTNGCfusk4h1pCskyv+mTFw=
-370,203,hW8fjWEJVyYA8q18nMtlK/hLXEE=,MOhO7mBfxRfBbGmIIF/I3zF+jU0=
-371,202,hW8fjWEJVyYA8q18nMtlK/hLXEE=,MOhO7mBfxRfBbGmIIF/I3zF+jU0=
-382,200,hW8fjWEJVyYA8q18nMtlK/hLXEE=,Cto3OTNGCfusk4h1pCskyv+mTFw=
-374,204,hW8fjWEJVyYA8q18nMtlK/hLXEE=,MOhO7mBfxRfBbGmIIF/I3zF+jU0=
-371,203,hW8fjWEJVyYA8q18nMtlK/hLXEE=,MOhO7mBfxRfBbGmIIF/I3zF+jU0=
-374,205,hW8fjWEJVyYA8q18nMtlK/hLXEE=,MOhO7mBfxRfBbGmIIF/I3zF+jU0=
-370,202,hW8fjWEJVyYA8q18nMtlK/hLXEE=,MOhO7mBfxRfBbGmIIF/I3zF+jU0=
-370,197,hW8fjWEJVyYA8q18nMtlK/hLXEE=,b6iLGF1FKFjFIz7j/bWGHUpCmPw=
-369,193,hW8fjWEJVyYA8q18nMtlK/hLXEE=,b6iLGF1FKFjFIz7j/bWGHUpCmPw=
-371,194,hW8fjWEJVyYA8q18nMtlK/hLXEE=,b6iLGF1FKFjFIz7j/bWGHUpCmPw=
-370,201,hW8fjWEJVyYA8q18nMtlK/hLXEE=,MOhO7mBfxRfBbGmIIF/I3zF+jU0=
-371,201,hW8fjWEJVyYA8q18nMtlK/hLXEE=,MOhO7mBfxRfBbGmIIF/I3zF+jU0=
-381,205,hW8fjWEJVyYA8q18nMtlK/hLXEE=,Cto3OTNGCfusk4h1pCskyv+mTFw=
-371,204,hW8fjWEJVyYA8q18nMtlK/hLXEE=,MOhO7mBfxRfBbGmIIF/I3zF+jU0=
-382,205,hW8fjWEJVyYA8q18nMtlK/hLXEE=,Cto3OTNGCfusk4h1pCskyv+mTFw=
-369,197,hW8fjWEJVyYA8q18nMtlK/hLXEE=,b6iLGF1FKFjFIz7j/bWGHUpCmPw=
-380,199,hW8fjWEJVyYA8q18nMtlK/hLXEE=,SEDvh619YVVmkXQs8PcXF1Zd8Zg=
-370,194,hW8fjWEJVyYA8q18nMtlK/hLXEE=,b6iLGF1FKFjFIz7j/bWGHUpCmPw=
-372,199,hW8fjWEJVyYA8q18nMtlK/hLXEE=,b6iLGF1FKFjFIz7j/bWGHUpCmPw=
-370,200,hW8fjWEJVyYA8q18nMtlK/hLXEE=,MOhO7mBfxRfBbGmIIF/I3zF+jU0=
-372,198,hW8fjWEJVyYA8q18nMtlK/hLXEE=,b6iLGF1FKFjFIz7j/bWGHUpCmPw=
-372,200,hW8fjWEJVyYA8q18nMtlK/hLXEE=,MOhO7mBfxRfBbGmIIF/I3zF+jU0=
-370,198,hW8fjWEJVyYA8q18nMtlK/hLXEE=,b6iLGF1FKFjFIz7j/bWGHUpCmPw=
-372,202,hW8fjWEJVyYA8q18nMtlK/hLXEE=,MOhO7mBfxRfBbGmIIF/I3zF+jU0=
-374,207,hW8fjWEJVyYA8q18nMtlK/hLXEE=,MOhO7mBfxRfBbGmIIF/I3zF+jU0=
-371,200,hW8fjWEJVyYA8q18nMtlK/hLXEE=,MOhO7mBfxRfBbGmIIF/I3zF+jU0=
-371,199,hW8fjWEJVyYA8q18nMtlK/hLXEE=,b6iLGF1FKFjFIz7j/bWGHUpCmPw=
-384,198,hW8fjWEJVyYA8q18nMtlK/hLXEE=,SEDvh619YVVmkXQs8PcXF1Zd8Zg=
-369,194,hW8fjWEJVyYA8q18nMtlK/hLXEE=,b6iLGF1FKFjFIz7j/bWGHUpCmPw=
-384,197,hW8fjWEJVyYA8q18nMtlK/hLXEE=,SEDvh619YVVmkXQs8PcXF1Zd8Zg=
-384,196,hW8fjWEJVyYA8q18nMtlK/hLXEE=,SEDvh619YVVmkXQs8PcXF1Zd8Zg=
-371,195,hW8fjWEJVyYA8q18nMtlK/hLXEE=,b6iLGF1FKFjFIz7j/bWGHUpCmPw=
-379,199,hW8fjWEJVyYA8q18nMtlK/hLXEE=,SEDvh619YVVmkXQs8PcXF1Zd8Zg=
-370,199,hW8fjWEJVyYA8q18nMtlK/hLXEE=,b6iLGF1FKFjFIz7j/bWGHUpCmPw=
-372,206,hW8fjWEJVyYA8q18nMtlK/hLXEE=,MOhO7mBfxRfBbGmIIF/I3zF+jU0=
-370,195,hW8fjWEJVyYA8q18nMtlK/hLXEE=,b6iLGF1FKFjFIz7j/bWGHUpCmPw=
-372,204,hW8fjWEJVyYA8q18nMtlK/hLXEE=,MOhO7mBfxRfBbGmIIF/I3zF+jU0=
-382,198,hW8fjWEJVyYA8q18nMtlK/hLXEE=,SEDvh619YVVmkXQs8PcXF1Zd8Zg=
-372,205,hW8fjWEJVyYA8q18nMtlK/hLXEE=,MOhO7mBfxRfBbGmIIF/I3zF+jU0=
-373,206,hW8fjWEJVyYA8q18nMtlK/hLXEE=,MOhO7mBfxRfBbGmIIF/I3zF+jU0=
-371,197,hW8fjWEJVyYA8q18nMtlK/hLXEE=,b6iLGF1FKFjFIz7j/bWGHUpCmPw=
-381,197,hW8fjWEJVyYA8q18nMtlK/hLXEE=,SEDvh619YVVmkXQs8PcXF1Zd8Zg=
-372,197,hW8fjWEJVyYA8q18nMtlK/hLXEE=,b6iLGF1FKFjFIz7j/bWGHUpCmPw=
-370,207,hW8fjWEJVyYA8q18nMtlK/hLXEE=,MOhO7mBfxRfBbGmIIF/I3zF+jU0=
-383,199,hW8fjWEJVyYA8q18nMtlK/hLXEE=,SEDvh619YVVmkXQs8PcXF1Zd8Zg=
-381,198,hW8fjWEJVyYA8q18nMtlK/hLXEE=,SEDvh619YVVmkXQs8PcXF1Zd8Zg=
-382,197,hW8fjWEJVyYA8q18nMtlK/hLXEE=,SEDvh619YVVmkXQs8PcXF1Zd8Zg=
-369,196,hW8fjWEJVyYA8q18nMtlK/hLXEE=,b6iLGF1FKFjFIz7j/bWGHUpCmPw=
-372,196,hW8fjWEJVyYA8q18nMtlK/hLXEE=,b6iLGF1FKFjFIz7j/bWGHUpCmPw=
-369,206,hW8fjWEJVyYA8q18nMtlK/hLXEE=,MOhO7mBfxRfBbGmIIF/I3zF+jU0=
-371,207,hW8fjWEJVyYA8q18nMtlK/hLXEE=,MOhO7mBfxRfBbGmIIF/I3zF+jU0=
-369,200,hW8fjWEJVyYA8q18nMtlK/hLXEE=,MOhO7mBfxRfBbGmIIF/I3zF+jU0=
-382,203,hW8fjWEJVyYA8q18nMtlK/hLXEE=,Cto3OTNGCfusk4h1pCskyv+mTFw=
-381,203,hW8fjWEJVyYA8q18nMtlK/hLXEE=,Cto3OTNGCfusk4h1pCskyv+mTFw=
-383,197,hW8fjWEJVyYA8q18nMtlK/hLXEE=,SEDvh619YVVmkXQs8PcXF1Zd8Zg=
-369,203,hW8fjWEJVyYA8q18nMtlK/hLXEE=,MOhO7mBfxRfBbGmIIF/I3zF+jU0=
-383,202,hW8fjWEJVyYA8q18nMtlK/hLXEE=,Cto3OTNGCfusk4h1pCskyv+mTFw=
-369,204,hW8fjWEJVyYA8q18nMtlK/hLXEE=,MOhO7mBfxRfBbGmIIF/I3zF+jU0=
-382,201,hW8fjWEJVyYA8q18nMtlK/hLXEE=,Cto3OTNGCfusk4h1pCskyv+mTFw=
-383,201,hW8fjWEJVyYA8q18nMtlK/hLXEE=,Cto3OTNGCfusk4h1pCskyv+mTFw=
-384,201,hW8fjWEJVyYA8q18nMtlK/hLXEE=,Cto3OTNGCfusk4h1pCskyv+mTFw=
-369,205,hW8fjWEJVyYA8q18nMtlK/hLXEE=,MOhO7mBfxRfBbGmIIF/I3zF+jU0=
-371,196,hW8fjWEJVyYA8q18nMtlK/hLXEE=,b6iLGF1FKFjFIz7j/bWGHUpCmPw=
-369,207,hW8fjWEJVyYA8q18nMtlK/hLXEE=,MOhO7mBfxRfBbGmIIF/I3zF+jU0=
-381,200,hW8fjWEJVyYA8q18nMtlK/hLXEE=,Cto3OTNGCfusk4h1pCskyv+mTFw=
-384,202,hW8fjWEJVyYA8q18nMtlK/hLXEE=,Cto3OTNGCfusk4h1pCskyv+mTFw=
-373,199,hW8fjWEJVyYA8q18nMtlK/hLXEE=,b6iLGF1FKFjFIz7j/bWGHUpCmPw=
-381,199,hW8fjWEJVyYA8q18nMtlK/hLXEE=,SEDvh619YVVmkXQs8PcXF1Zd8Zg=
-381,201,hW8fjWEJVyYA8q18nMtlK/hLXEE=,Cto3OTNGCfusk4h1pCskyv+mTFw=
-381,202,hW8fjWEJVyYA8q18nMtlK/hLXEE=,Cto3OTNGCfusk4h1pCskyv+mTFw=
-383,198,hW8fjWEJVyYA8q18nMtlK/hLXEE=,SEDvh619YVVmkXQs8PcXF1Zd8Zg=
-370,196,hW8fjWEJVyYA8q18nMtlK/hLXEE=,b6iLGF1FKFjFIz7j/bWGHUpCmPw=
-373,205,hW8fjWEJVyYA8q18nMtlK/hLXEE=,MOhO7mBfxRfBbGmIIF/I3zF+jU0=
-382,202,hW8fjWEJVyYA8q18nMtlK/hLXEE=,Cto3OTNGCfusk4h1pCskyv+mTFw=
-371,206,hW8fjWEJVyYA8q18nMtlK/hLXEE=,MOhO7mBfxRfBbGmIIF/I3zF+jU0=
-371,205,hW8fjWEJVyYA8q18nMtlK/hLXEE=,MOhO7mBfxRfBbGmIIF/I3zF+jU0=
-369,198,hW8fjWEJVyYA8q18nMtlK/hLXEE=,b6iLGF1FKFjFIz7j/bWGHUpCmPw=
-370,205,hW8fjWEJVyYA8q18nMtlK/hLXEE=,MOhO7mBfxRfBbGmIIF/I3zF+jU0=
-370,206,hW8fjWEJVyYA8q18nMtlK/hLXEE=,MOhO7mBfxRfBbGmIIF/I3zF+jU0=
-376,202,hW8fjWEJVyYA8q18nMtlK/hLXEE=,MOhO7mBfxRfBbGmIIF/I3zF+jU0=
-372,201,hW8fjWEJVyYA8q18nMtlK/hLXEE=,MOhO7mBfxRfBbGmIIF/I3zF+jU0=
-370,204,hW8fjWEJVyYA8q18nMtlK/hLXEE=,MOhO7mBfxRfBbGmIIF/I3zF+jU0=
-369,201,hW8fjWEJVyYA8q18nMtlK/hLXEE=,MOhO7mBfxRfBbGmIIF/I3zF+jU0=
-382,199,hW8fjWEJVyYA8q18nMtlK/hLXEE=,SEDvh619YVVmkXQs8PcXF1Zd8Zg=
-369,195,hW8fjWEJVyYA8q18nMtlK/hLXEE=,b6iLGF1FKFjFIz7j/bWGHUpCmPw=
-372,207,hW8fjWEJVyYA8q18nMtlK/hLXEE=,MOhO7mBfxRfBbGmIIF/I3zF+jU0=
-383,210,hW8fjWEJVyYA8q18nMtlK/hLXEE=,mShhE3weM5HNKTVSF0d/DOKNOeE=
-380,211,hW8fjWEJVyYA8q18nMtlK/hLXEE=,mShhE3weM5HNKTVSF0d/DOKNOeE=
-379,211,hW8fjWEJVyYA8q18nMtlK/hLXEE=,mShhE3weM5HNKTVSF0d/DOKNOeE=
-378,209,hW8fjWEJVyYA8q18nMtlK/hLXEE=,mShhE3weM5HNKTVSF0d/DOKNOeE=
-382,210,hW8fjWEJVyYA8q18nMtlK/hLXEE=,mShhE3weM5HNKTVSF0d/DOKNOeE=
-381,210,hW8fjWEJVyYA8q18nMtlK/hLXEE=,mShhE3weM5HNKTVSF0d/DOKNOeE=
-380,210,hW8fjWEJVyYA8q18nMtlK/hLXEE=,mShhE3weM5HNKTVSF0d/DOKNOeE=
-379,210,hW8fjWEJVyYA8q18nMtlK/hLXEE=,mShhE3weM5HNKTVSF0d/DOKNOeE=
-378,210,hW8fjWEJVyYA8q18nMtlK/hLXEE=,mShhE3weM5HNKTVSF0d/DOKNOeE=
-383,211,hW8fjWEJVyYA8q18nMtlK/hLXEE=,mShhE3weM5HNKTVSF0d/DOKNOeE=
-380,212,hW8fjWEJVyYA8q18nMtlK/hLXEE=,mShhE3weM5HNKTVSF0d/DOKNOeE=
-383,209,hW8fjWEJVyYA8q18nMtlK/hLXEE=,mShhE3weM5HNKTVSF0d/DOKNOeE=
-382,209,hW8fjWEJVyYA8q18nMtlK/hLXEE=,mShhE3weM5HNKTVSF0d/DOKNOeE=
-383,214,hW8fjWEJVyYA8q18nMtlK/hLXEE=,mShhE3weM5HNKTVSF0d/DOKNOeE=
-383,213,hW8fjWEJVyYA8q18nMtlK/hLXEE=,mShhE3weM5HNKTVSF0d/DOKNOeE=
-383,212,hW8fjWEJVyYA8q18nMtlK/hLXEE=,mShhE3weM5HNKTVSF0d/DOKNOeE=
-382,214,hW8fjWEJVyYA8q18nMtlK/hLXEE=,mShhE3weM5HNKTVSF0d/DOKNOeE=
-382,211,hW8fjWEJVyYA8q18nMtlK/hLXEE=,mShhE3weM5HNKTVSF0d/DOKNOeE=
-382,212,hW8fjWEJVyYA8q18nMtlK/hLXEE=,mShhE3weM5HNKTVSF0d/DOKNOeE=
-381,211,hW8fjWEJVyYA8q18nMtlK/hLXEE=,mShhE3weM5HNKTVSF0d/DOKNOeE=
-381,209,hW8fjWEJVyYA8q18nMtlK/hLXEE=,mShhE3weM5HNKTVSF0d/DOKNOeE=
-380,209,hW8fjWEJVyYA8q18nMtlK/hLXEE=,mShhE3weM5HNKTVSF0d/DOKNOeE=
-382,213,hW8fjWEJVyYA8q18nMtlK/hLXEE=,mShhE3weM5HNKTVSF0d/DOKNOeE=
-379,209,hW8fjWEJVyYA8q18nMtlK/hLXEE=,mShhE3weM5HNKTVSF0d/DOKNOeE=
-381,212,hW8fjWEJVyYA8q18nMtlK/hLXEE=,mShhE3weM5HNKTVSF0d/DOKNOeE=
-381,213,hW8fjWEJVyYA8q18nMtlK/hLXEE=,mShhE3weM5HNKTVSF0d/DOKNOeE=
-377,209,hW8fjWEJVyYA8q18nMtlK/hLXEE=,mShhE3weM5HNKTVSF0d/DOKNOeE=
-375,208,hW8fjWEJVyYA8q18nMtlK/hLXEE=,vwFGWaAC+t9uAftdA9eY/fPLNtM=
-376,209,hW8fjWEJVyYA8q18nMtlK/hLXEE=,vwFGWaAC+t9uAftdA9eY/fPLNtM=
-375,209,hW8fjWEJVyYA8q18nMtlK/hLXEE=,vwFGWaAC+t9uAftdA9eY/fPLNtM=
-376,210,hW8fjWEJVyYA8q18nMtlK/hLXEE=,vwFGWaAC+t9uAftdA9eY/fPLNtM=
-377,210,hW8fjWEJVyYA8q18nMtlK/hLXEE=,mShhE3weM5HNKTVSF0d/DOKNOeE=
-383,215,hW8fjWEJVyYA8q18nMtlK/hLXEE=,mShhE3weM5HNKTVSF0d/DOKNOeE=
-369,219,hW8fjWEJVyYA8q18nMtlK/hLXEE=,D0Kg/tGCrJtuMyKa3UJPOr+WlVY=
-372,222,hW8fjWEJVyYA8q18nMtlK/hLXEE=,D0Kg/tGCrJtuMyKa3UJPOr+WlVY=
-373,222,hW8fjWEJVyYA8q18nMtlK/hLXEE=,D0Kg/tGCrJtuMyKa3UJPOr+WlVY=
-371,221,hW8fjWEJVyYA8q18nMtlK/hLXEE=,D0Kg/tGCrJtuMyKa3UJPOr+WlVY=
-372,221,hW8fjWEJVyYA8q18nMtlK/hLXEE=,D0Kg/tGCrJtuMyKa3UJPOr+WlVY=
-369,220,hW8fjWEJVyYA8q18nMtlK/hLXEE=,D0Kg/tGCrJtuMyKa3UJPOr+WlVY=
-370,220,hW8fjWEJVyYA8q18nMtlK/hLXEE=,D0Kg/tGCrJtuMyKa3UJPOr+WlVY=
-371,220,hW8fjWEJVyYA8q18nMtlK/hLXEE=,D0Kg/tGCrJtuMyKa3UJPOr+WlVY=
-379,212,hW8fjWEJVyYA8q18nMtlK/hLXEE=,mShhE3weM5HNKTVSF0d/DOKNOeE=
-378,214,hW8fjWEJVyYA8q18nMtlK/hLXEE=,mShhE3weM5HNKTVSF0d/DOKNOeE=
-379,213,hW8fjWEJVyYA8q18nMtlK/hLXEE=,mShhE3weM5HNKTVSF0d/DOKNOeE=
-378,213,hW8fjWEJVyYA8q18nMtlK/hLXEE=,mShhE3weM5HNKTVSF0d/DOKNOeE=
-369,223,hW8fjWEJVyYA8q18nMtlK/hLXEE=,D0Kg/tGCrJtuMyKa3UJPOr+WlVY=
-378,212,hW8fjWEJVyYA8q18nMtlK/hLXEE=,mShhE3weM5HNKTVSF0d/DOKNOeE=
-372,220,g90cUcI86hE1Vrv8CBSxVBSi+gk=,D0Kg/tGCrJtuMyKa3UJPOr+WlVY=
-379,214,g90cUcI86hE1Vrv8CBSxVBSi+gk=,mShhE3weM5HNKTVSF0d/DOKNOeE=
-374,214,g90cUcI86hE1Vrv8CBSxVBSi+gk=,vwFGWaAC+t9uAftdA9eY/fPLNtM=
-380,214,g90cUcI86hE1Vrv8CBSxVBSi+gk=,mShhE3weM5HNKTVSF0d/DOKNOeE=
-371,222,g90cUcI86hE1Vrv8CBSxVBSi+gk=,D0Kg/tGCrJtuMyKa3UJPOr+WlVY=
-373,214,g90cUcI86hE1Vrv8CBSxVBSi+gk=,vwFGWaAC+t9uAftdA9eY/fPLNtM=
-369,222,g90cUcI86hE1Vrv8CBSxVBSi+gk=,D0Kg/tGCrJtuMyKa3UJPOr+WlVY=
-376,214,g90cUcI86hE1Vrv8CBSxVBSi+gk=,vwFGWaAC+t9uAftdA9eY/fPLNtM=
-370,221,g90cUcI86hE1Vrv8CBSxVBSi+gk=,D0Kg/tGCrJtuMyKa3UJPOr+WlVY=
-369,221,g90cUcI86hE1Vrv8CBSxVBSi+gk=,D0Kg/tGCrJtuMyKa3UJPOr+WlVY=
-369,213,g90cUcI86hE1Vrv8CBSxVBSi+gk=,vwFGWaAC+t9uAftdA9eY/fPLNtM=
-372,213,g90cUcI86hE1Vrv8CBSxVBSi+gk=,vwFGWaAC+t9uAftdA9eY/fPLNtM=
-371,223,g90cUcI86hE1Vrv8CBSxVBSi+gk=,D0Kg/tGCrJtuMyKa3UJPOr+WlVY=
-375,214,g90cUcI86hE1Vrv8CBSxVBSi+gk=,vwFGWaAC+t9uAftdA9eY/fPLNtM=
-370,213,g90cUcI86hE1Vrv8CBSxVBSi+gk=,vwFGWaAC+t9uAftdA9eY/fPLNtM=
-371,213,g90cUcI86hE1Vrv8CBSxVBSi+gk=,vwFGWaAC+t9uAftdA9eY/fPLNtM=
-373,213,g90cUcI86hE1Vrv8CBSxVBSi+gk=,vwFGWaAC+t9uAftdA9eY/fPLNtM=
-380,213,g90cUcI86hE1Vrv8CBSxVBSi+gk=,mShhE3weM5HNKTVSF0d/DOKNOeE=
-369,212,g90cUcI86hE1Vrv8CBSxVBSi+gk=,vwFGWaAC+t9uAftdA9eY/fPLNtM=
-384,209,g90cUcI86hE1Vrv8CBSxVBSi+gk=,mShhE3weM5HNKTVSF0d/DOKNOeE=
-384,211,g90cUcI86hE1Vrv8CBSxVBSi+gk=,mShhE3weM5HNKTVSF0d/DOKNOeE=
-384,214,g90cUcI86hE1Vrv8CBSxVBSi+gk=,mShhE3weM5HNKTVSF0d/DOKNOeE=
-384,213,g90cUcI86hE1Vrv8CBSxVBSi+gk=,mShhE3weM5HNKTVSF0d/DOKNOeE=
-384,212,g90cUcI86hE1Vrv8CBSxVBSi+gk=,mShhE3weM5HNKTVSF0d/DOKNOeE=
-384,210,g90cUcI86hE1Vrv8CBSxVBSi+gk=,mShhE3weM5HNKTVSF0d/DOKNOeE=
-372,212,g90cUcI86hE1Vrv8CBSxVBSi+gk=,vwFGWaAC+t9uAftdA9eY/fPLNtM=
-370,212,g90cUcI86hE1Vrv8CBSxVBSi+gk=,vwFGWaAC+t9uAftdA9eY/fPLNtM=
-371,212,g90cUcI86hE1Vrv8CBSxVBSi+gk=,vwFGWaAC+t9uAftdA9eY/fPLNtM=
-374,213,g90cUcI86hE1Vrv8CBSxVBSi+gk=,vwFGWaAC+t9uAftdA9eY/fPLNtM=
-369,214,g90cUcI86hE1Vrv8CBSxVBSi+gk=,vwFGWaAC+t9uAftdA9eY/fPLNtM=
-376,213,g90cUcI86hE1Vrv8CBSxVBSi+gk=,vwFGWaAC+t9uAftdA9eY/fPLNtM=
-375,213,g90cUcI86hE1Vrv8CBSxVBSi+gk=,vwFGWaAC+t9uAftdA9eY/fPLNtM=
-377,213,g90cUcI86hE1Vrv8CBSxVBSi+gk=,mShhE3weM5HNKTVSF0d/DOKNOeE=
-379,216,3f1mWhODBubFIhIwu96s79mdeqE=,wifq7zazatYbE+Oh84ZzQf2sRAU=
-370,214,g90cUcI86hE1Vrv8CBSxVBSi+gk=,vwFGWaAC+t9uAftdA9eY/fPLNtM=
-376,212,g90cUcI86hE1Vrv8CBSxVBSi+gk=,vwFGWaAC+t9uAftdA9eY/fPLNtM=
-378,216,3f1mWhODBubFIhIwu96s79mdeqE=,wifq7zazatYbE+Oh84ZzQf2sRAU=
-378,215,g90cUcI86hE1Vrv8CBSxVBSi+gk=,mShhE3weM5HNKTVSF0d/DOKNOeE=
-380,218,3f1mWhODBubFIhIwu96s79mdeqE=,wifq7zazatYbE+Oh84ZzQf2sRAU=
-378,219,3f1mWhODBubFIhIwu96s79mdeqE=,wifq7zazatYbE+Oh84ZzQf2sRAU=
-378,218,3f1mWhODBubFIhIwu96s79mdeqE=,wifq7zazatYbE+Oh84ZzQf2sRAU=
-379,218,3f1mWhODBubFIhIwu96s79mdeqE=,wifq7zazatYbE+Oh84ZzQf2sRAU=
-378,217,3f1mWhODBubFIhIwu96s79mdeqE=,wifq7zazatYbE+Oh84ZzQf2sRAU=
-380,219,3f1mWhODBubFIhIwu96s79mdeqE=,wifq7zazatYbE+Oh84ZzQf2sRAU=
-377,217,3f1mWhODBubFIhIwu96s79mdeqE=,wifq7zazatYbE+Oh84ZzQf2sRAU=
-380,216,3f1mWhODBubFIhIwu96s79mdeqE=,wifq7zazatYbE+Oh84ZzQf2sRAU=
-370,223,g90cUcI86hE1Vrv8CBSxVBSi+gk=,D0Kg/tGCrJtuMyKa3UJPOr+WlVY=
-379,215,g90cUcI86hE1Vrv8CBSxVBSi+gk=,mShhE3weM5HNKTVSF0d/DOKNOeE=
-374,212,g90cUcI86hE1Vrv8CBSxVBSi+gk=,vwFGWaAC+t9uAftdA9eY/fPLNtM=
-373,215,g90cUcI86hE1Vrv8CBSxVBSi+gk=,vwFGWaAC+t9uAftdA9eY/fPLNtM=
-372,223,g90cUcI86hE1Vrv8CBSxVBSi+gk=,D0Kg/tGCrJtuMyKa3UJPOr+WlVY=
-374,215,g90cUcI86hE1Vrv8CBSxVBSi+gk=,vwFGWaAC+t9uAftdA9eY/fPLNtM=
-380,217,3f1mWhODBubFIhIwu96s79mdeqE=,wifq7zazatYbE+Oh84ZzQf2sRAU=
-370,215,g90cUcI86hE1Vrv8CBSxVBSi+gk=,vwFGWaAC+t9uAftdA9eY/fPLNtM=
-379,219,3f1mWhODBubFIhIwu96s79mdeqE=,wifq7zazatYbE+Oh84ZzQf2sRAU=
-375,212,g90cUcI86hE1Vrv8CBSxVBSi+gk=,vwFGWaAC+t9uAftdA9eY/fPLNtM=
-369,217,g90cUcI86hE1Vrv8CBSxVBSi+gk=,D0Kg/tGCrJtuMyKa3UJPOr+WlVY=
-369,215,g90cUcI86hE1Vrv8CBSxVBSi+gk=,vwFGWaAC+t9uAftdA9eY/fPLNtM=
-376,218,g90cUcI86hE1Vrv8CBSxVBSi+gk=,D0Kg/tGCrJtuMyKa3UJPOr+WlVY=
-377,219,3f1mWhODBubFIhIwu96s79mdeqE=,wifq7zazatYbE+Oh84ZzQf2sRAU=
-376,215,g90cUcI86hE1Vrv8CBSxVBSi+gk=,vwFGWaAC+t9uAftdA9eY/fPLNtM=
-374,218,g90cUcI86hE1Vrv8CBSxVBSi+gk=,D0Kg/tGCrJtuMyKa3UJPOr+WlVY=
-375,218,g90cUcI86hE1Vrv8CBSxVBSi+gk=,D0Kg/tGCrJtuMyKa3UJPOr+WlVY=
-372,214,g90cUcI86hE1Vrv8CBSxVBSi+gk=,vwFGWaAC+t9uAftdA9eY/fPLNtM=
-371,218,g90cUcI86hE1Vrv8CBSxVBSi+gk=,D0Kg/tGCrJtuMyKa3UJPOr+WlVY=
-370,218,g90cUcI86hE1Vrv8CBSxVBSi+gk=,D0Kg/tGCrJtuMyKa3UJPOr+WlVY=
-375,219,g90cUcI86hE1Vrv8CBSxVBSi+gk=,D0Kg/tGCrJtuMyKa3UJPOr+WlVY=
-370,219,g90cUcI86hE1Vrv8CBSxVBSi+gk=,D0Kg/tGCrJtuMyKa3UJPOr+WlVY=
-374,219,g90cUcI86hE1Vrv8CBSxVBSi+gk=,D0Kg/tGCrJtuMyKa3UJPOr+WlVY=
-373,219,g90cUcI86hE1Vrv8CBSxVBSi+gk=,D0Kg/tGCrJtuMyKa3UJPOr+WlVY=
-371,219,g90cUcI86hE1Vrv8CBSxVBSi+gk=,D0Kg/tGCrJtuMyKa3UJPOr+WlVY=
-376,219,g90cUcI86hE1Vrv8CBSxVBSi+gk=,D0Kg/tGCrJtuMyKa3UJPOr+WlVY=
-377,216,3f1mWhODBubFIhIwu96s79mdeqE=,wifq7zazatYbE+Oh84ZzQf2sRAU=
-372,219,g90cUcI86hE1Vrv8CBSxVBSi+gk=,D0Kg/tGCrJtuMyKa3UJPOr+WlVY=
-374,217,g90cUcI86hE1Vrv8CBSxVBSi+gk=,D0Kg/tGCrJtuMyKa3UJPOr+WlVY=
-375,217,g90cUcI86hE1Vrv8CBSxVBSi+gk=,D0Kg/tGCrJtuMyKa3UJPOr+WlVY=
-376,208,g90cUcI86hE1Vrv8CBSxVBSi+gk=,vwFGWaAC+t9uAftdA9eY/fPLNtM=
-380,208,g90cUcI86hE1Vrv8CBSxVBSi+gk=,mShhE3weM5HNKTVSF0d/DOKNOeE=
-379,208,g90cUcI86hE1Vrv8CBSxVBSi+gk=,mShhE3weM5HNKTVSF0d/DOKNOeE=
-378,208,g90cUcI86hE1Vrv8CBSxVBSi+gk=,mShhE3weM5HNKTVSF0d/DOKNOeE=
-384,208,g90cUcI86hE1Vrv8CBSxVBSi+gk=,mShhE3weM5HNKTVSF0d/DOKNOeE=
-377,208,g90cUcI86hE1Vrv8CBSxVBSi+gk=,mShhE3weM5HNKTVSF0d/DOKNOeE=
-382,208,g90cUcI86hE1Vrv8CBSxVBSi+gk=,mShhE3weM5HNKTVSF0d/DOKNOeE=
-372,216,g90cUcI86hE1Vrv8CBSxVBSi+gk=,D0Kg/tGCrJtuMyKa3UJPOr+WlVY=
-377,215,g90cUcI86hE1Vrv8CBSxVBSi+gk=,mShhE3weM5HNKTVSF0d/DOKNOeE=
-373,216,g90cUcI86hE1Vrv8CBSxVBSi+gk=,D0Kg/tGCrJtuMyKa3UJPOr+WlVY=
-376,217,g90cUcI86hE1Vrv8CBSxVBSi+gk=,D0Kg/tGCrJtuMyKa3UJPOr+WlVY=
-378,222,3f1mWhODBubFIhIwu96s79mdeqE=,wifq7zazatYbE+Oh84ZzQf2sRAU=
-377,218,3f1mWhODBubFIhIwu96s79mdeqE=,wifq7zazatYbE+Oh84ZzQf2sRAU=
-380,222,3f1mWhODBubFIhIwu96s79mdeqE=,wifq7zazatYbE+Oh84ZzQf2sRAU=
-383,208,g90cUcI86hE1Vrv8CBSxVBSi+gk=,mShhE3weM5HNKTVSF0d/DOKNOeE=
-377,211,g90cUcI86hE1Vrv8CBSxVBSi+gk=,mShhE3weM5HNKTVSF0d/DOKNOeE=
-375,216,g90cUcI86hE1Vrv8CBSxVBSi+gk=,D0Kg/tGCrJtuMyKa3UJPOr+WlVY=
-381,208,g90cUcI86hE1Vrv8CBSxVBSi+gk=,mShhE3weM5HNKTVSF0d/DOKNOeE=
-378,221,3f1mWhODBubFIhIwu96s79mdeqE=,wifq7zazatYbE+Oh84ZzQf2sRAU=
-379,221,3f1mWhODBubFIhIwu96s79mdeqE=,wifq7zazatYbE+Oh84ZzQf2sRAU=
-378,220,3f1mWhODBubFIhIwu96s79mdeqE=,wifq7zazatYbE+Oh84ZzQf2sRAU=
-372,217,g90cUcI86hE1Vrv8CBSxVBSi+gk=,D0Kg/tGCrJtuMyKa3UJPOr+WlVY=
-371,215,g90cUcI86hE1Vrv8CBSxVBSi+gk=,vwFGWaAC+t9uAftdA9eY/fPLNtM=
-380,221,3f1mWhODBubFIhIwu96s79mdeqE=,wifq7zazatYbE+Oh84ZzQf2sRAU=
-374,222,g90cUcI86hE1Vrv8CBSxVBSi+gk=,D0Kg/tGCrJtuMyKa3UJPOr+WlVY=
-373,223,g90cUcI86hE1Vrv8CBSxVBSi+gk=,D0Kg/tGCrJtuMyKa3UJPOr+WlVY=
-374,208,g90cUcI86hE1Vrv8CBSxVBSi+gk=,vwFGWaAC+t9uAftdA9eY/fPLNtM=
-377,222,3f1mWhODBubFIhIwu96s79mdeqE=,wifq7zazatYbE+Oh84ZzQf2sRAU=
-373,221,g90cUcI86hE1Vrv8CBSxVBSi+gk=,D0Kg/tGCrJtuMyKa3UJPOr+WlVY=
-378,211,g90cUcI86hE1Vrv8CBSxVBSi+gk=,mShhE3weM5HNKTVSF0d/DOKNOeE=
-384,216,3f1mWhODBubFIhIwu96s79mdeqE=,wifq7zazatYbE+Oh84ZzQf2sRAU=
-384,215,g90cUcI86hE1Vrv8CBSxVBSi+gk=,mShhE3weM5HNKTVSF0d/DOKNOeE=
-382,215,g90cUcI86hE1Vrv8CBSxVBSi+gk=,mShhE3weM5HNKTVSF0d/DOKNOeE=
-375,222,g90cUcI86hE1Vrv8CBSxVBSi+gk=,D0Kg/tGCrJtuMyKa3UJPOr+WlVY=
-376,222,g90cUcI86hE1Vrv8CBSxVBSi+gk=,D0Kg/tGCrJtuMyKa3UJPOr+WlVY=
-379,217,3f1mWhODBubFIhIwu96s79mdeqE=,wifq7zazatYbE+Oh84ZzQf2sRAU=
-373,218,g90cUcI86hE1Vrv8CBSxVBSi+gk=,D0Kg/tGCrJtuMyKa3UJPOr+WlVY=
-379,222,3f1mWhODBubFIhIwu96s79mdeqE=,wifq7zazatYbE+Oh84ZzQf2sRAU=
-376,221,g90cUcI86hE1Vrv8CBSxVBSi+gk=,D0Kg/tGCrJtuMyKa3UJPOr+WlVY=
-370,217,g90cUcI86hE1Vrv8CBSxVBSi+gk=,D0Kg/tGCrJtuMyKa3UJPOr+WlVY=
-370,222,g90cUcI86hE1Vrv8CBSxVBSi+gk=,D0Kg/tGCrJtuMyKa3UJPOr+WlVY=
-371,217,g90cUcI86hE1Vrv8CBSxVBSi+gk=,D0Kg/tGCrJtuMyKa3UJPOr+WlVY=
-374,221,g90cUcI86hE1Vrv8CBSxVBSi+gk=,D0Kg/tGCrJtuMyKa3UJPOr+WlVY=
-375,215,g90cUcI86hE1Vrv8CBSxVBSi+gk=,vwFGWaAC+t9uAftdA9eY/fPLNtM=
-375,210,g90cUcI86hE1Vrv8CBSxVBSi+gk=,vwFGWaAC+t9uAftdA9eY/fPLNtM=
-372,208,g90cUcI86hE1Vrv8CBSxVBSi+gk=,vwFGWaAC+t9uAftdA9eY/fPLNtM=
-376,220,g90cUcI86hE1Vrv8CBSxVBSi+gk=,D0Kg/tGCrJtuMyKa3UJPOr+WlVY=
-377,214,g90cUcI86hE1Vrv8CBSxVBSi+gk=,mShhE3weM5HNKTVSF0d/DOKNOeE=
-372,215,g90cUcI86hE1Vrv8CBSxVBSi+gk=,vwFGWaAC+t9uAftdA9eY/fPLNtM=
-374,210,g90cUcI86hE1Vrv8CBSxVBSi+gk=,vwFGWaAC+t9uAftdA9eY/fPLNtM=
-374,216,g90cUcI86hE1Vrv8CBSxVBSi+gk=,D0Kg/tGCrJtuMyKa3UJPOr+WlVY=
-381,215,g90cUcI86hE1Vrv8CBSxVBSi+gk=,mShhE3weM5HNKTVSF0d/DOKNOeE=
-377,212,g90cUcI86hE1Vrv8CBSxVBSi+gk=,mShhE3weM5HNKTVSF0d/DOKNOeE=
-373,212,g90cUcI86hE1Vrv8CBSxVBSi+gk=,vwFGWaAC+t9uAftdA9eY/fPLNtM=
-383,217,3f1mWhODBubFIhIwu96s79mdeqE=,wifq7zazatYbE+Oh84ZzQf2sRAU=
-369,218,g90cUcI86hE1Vrv8CBSxVBSi+gk=,D0Kg/tGCrJtuMyKa3UJPOr+WlVY=
-376,211,g90cUcI86hE1Vrv8CBSxVBSi+gk=,vwFGWaAC+t9uAftdA9eY/fPLNtM=
-374,209,g90cUcI86hE1Vrv8CBSxVBSi+gk=,vwFGWaAC+t9uAftdA9eY/fPLNtM=
-380,223,3f1mWhODBubFIhIwu96s79mdeqE=,wifq7zazatYbE+Oh84ZzQf2sRAU=
-377,221,3f1mWhODBubFIhIwu96s79mdeqE=,wifq7zazatYbE+Oh84ZzQf2sRAU=
-380,215,g90cUcI86hE1Vrv8CBSxVBSi+gk=,mShhE3weM5HNKTVSF0d/DOKNOeE=
-377,223,3f1mWhODBubFIhIwu96s79mdeqE=,wifq7zazatYbE+Oh84ZzQf2sRAU=
-381,214,g90cUcI86hE1Vrv8CBSxVBSi+gk=,mShhE3weM5HNKTVSF0d/DOKNOeE=
-376,216,g90cUcI86hE1Vrv8CBSxVBSi+gk=,D0Kg/tGCrJtuMyKa3UJPOr+WlVY=
-369,216,g90cUcI86hE1Vrv8CBSxVBSi+gk=,D0Kg/tGCrJtuMyKa3UJPOr+WlVY=
-373,210,g90cUcI86hE1Vrv8CBSxVBSi+gk=,vwFGWaAC+t9uAftdA9eY/fPLNtM=
-383,216,3f1mWhODBubFIhIwu96s79mdeqE=,wifq7zazatYbE+Oh84ZzQf2sRAU=
-382,216,3f1mWhODBubFIhIwu96s79mdeqE=,wifq7zazatYbE+Oh84ZzQf2sRAU=
-373,208,g90cUcI86hE1Vrv8CBSxVBSi+gk=,vwFGWaAC+t9uAftdA9eY/fPLNtM=
-380,220,3f1mWhODBubFIhIwu96s79mdeqE=,wifq7zazatYbE+Oh84ZzQf2sRAU=
-375,220,g90cUcI86hE1Vrv8CBSxVBSi+gk=,D0Kg/tGCrJtuMyKa3UJPOr+WlVY=
-381,219,3f1mWhODBubFIhIwu96s79mdeqE=,wifq7zazatYbE+Oh84ZzQf2sRAU=
-384,222,3f1mWhODBubFIhIwu96s79mdeqE=,wifq7zazatYbE+Oh84ZzQf2sRAU=
-369,208,g90cUcI86hE1Vrv8CBSxVBSi+gk=,vwFGWaAC+t9uAftdA9eY/fPLNtM=
-374,223,g90cUcI86hE1Vrv8CBSxVBSi+gk=,D0Kg/tGCrJtuMyKa3UJPOr+WlVY=
-384,219,3f1mWhODBubFIhIwu96s79mdeqE=,wifq7zazatYbE+Oh84ZzQf2sRAU=
-372,218,g90cUcI86hE1Vrv8CBSxVBSi+gk=,D0Kg/tGCrJtuMyKa3UJPOr+WlVY=
-370,216,g90cUcI86hE1Vrv8CBSxVBSi+gk=,D0Kg/tGCrJtuMyKa3UJPOr+WlVY=
-371,208,g90cUcI86hE1Vrv8CBSxVBSi+gk=,vwFGWaAC+t9uAftdA9eY/fPLNtM=
-373,209,g90cUcI86hE1Vrv8CBSxVBSi+gk=,vwFGWaAC+t9uAftdA9eY/fPLNtM=
-373,217,g90cUcI86hE1Vrv8CBSxVBSi+gk=,D0Kg/tGCrJtuMyKa3UJPOr+WlVY=
-371,216,g90cUcI86hE1Vrv8CBSxVBSi+gk=,D0Kg/tGCrJtuMyKa3UJPOr+WlVY=
-384,221,3f1mWhODBubFIhIwu96s79mdeqE=,wifq7zazatYbE+Oh84ZzQf2sRAU=
-375,221,g90cUcI86hE1Vrv8CBSxVBSi+gk=,D0Kg/tGCrJtuMyKa3UJPOr+WlVY=
-373,211,g90cUcI86hE1Vrv8CBSxVBSi+gk=,vwFGWaAC+t9uAftdA9eY/fPLNtM=
-382,219,3f1mWhODBubFIhIwu96s79mdeqE=,wifq7zazatYbE+Oh84ZzQf2sRAU=
-381,216,3f1mWhODBubFIhIwu96s79mdeqE=,wifq7zazatYbE+Oh84ZzQf2sRAU=
-376,223,g90cUcI86hE1Vrv8CBSxVBSi+gk=,D0Kg/tGCrJtuMyKa3UJPOr+WlVY=
-379,220,3f1mWhODBubFIhIwu96s79mdeqE=,wifq7zazatYbE+Oh84ZzQf2sRAU=
-375,223,g90cUcI86hE1Vrv8CBSxVBSi+gk=,D0Kg/tGCrJtuMyKa3UJPOr+WlVY=
-372,209,g90cUcI86hE1Vrv8CBSxVBSi+gk=,vwFGWaAC+t9uAftdA9eY/fPLNtM=
-370,208,g90cUcI86hE1Vrv8CBSxVBSi+gk=,vwFGWaAC+t9uAftdA9eY/fPLNtM=
-383,219,3f1mWhODBubFIhIwu96s79mdeqE=,wifq7zazatYbE+Oh84ZzQf2sRAU=
-377,220,3f1mWhODBubFIhIwu96s79mdeqE=,wifq7zazatYbE+Oh84ZzQf2sRAU=
-373,220,g90cUcI86hE1Vrv8CBSxVBSi+gk=,D0Kg/tGCrJtuMyKa3UJPOr+WlVY=
-370,211,g90cUcI86hE1Vrv8CBSxVBSi+gk=,vwFGWaAC+t9uAftdA9eY/fPLNtM=
-371,209,g90cUcI86hE1Vrv8CBSxVBSi+gk=,vwFGWaAC+t9uAftdA9eY/fPLNtM=
-371,214,g90cUcI86hE1Vrv8CBSxVBSi+gk=,vwFGWaAC+t9uAftdA9eY/fPLNtM=
-381,222,3f1mWhODBubFIhIwu96s79mdeqE=,wifq7zazatYbE+Oh84ZzQf2sRAU=
-384,223,3f1mWhODBubFIhIwu96s79mdeqE=,wifq7zazatYbE+Oh84ZzQf2sRAU=
-371,211,g90cUcI86hE1Vrv8CBSxVBSi+gk=,vwFGWaAC+t9uAftdA9eY/fPLNtM=
-384,217,3f1mWhODBubFIhIwu96s79mdeqE=,wifq7zazatYbE+Oh84ZzQf2sRAU=
-375,211,g90cUcI86hE1Vrv8CBSxVBSi+gk=,vwFGWaAC+t9uAftdA9eY/fPLNtM=
-379,223,3f1mWhODBubFIhIwu96s79mdeqE=,wifq7zazatYbE+Oh84ZzQf2sRAU=
-381,218,3f1mWhODBubFIhIwu96s79mdeqE=,wifq7zazatYbE+Oh84ZzQf2sRAU=
-372,210,g90cUcI86hE1Vrv8CBSxVBSi+gk=,vwFGWaAC+t9uAftdA9eY/fPLNtM=
-369,211,g90cUcI86hE1Vrv8CBSxVBSi+gk=,vwFGWaAC+t9uAftdA9eY/fPLNtM=
-382,222,3f1mWhODBubFIhIwu96s79mdeqE=,wifq7zazatYbE+Oh84ZzQf2sRAU=
-378,223,3f1mWhODBubFIhIwu96s79mdeqE=,wifq7zazatYbE+Oh84ZzQf2sRAU=
-374,220,g90cUcI86hE1Vrv8CBSxVBSi+gk=,D0Kg/tGCrJtuMyKa3UJPOr+WlVY=
-382,218,3f1mWhODBubFIhIwu96s79mdeqE=,wifq7zazatYbE+Oh84ZzQf2sRAU=
-369,210,g90cUcI86hE1Vrv8CBSxVBSi+gk=,vwFGWaAC+t9uAftdA9eY/fPLNtM=
-382,220,3f1mWhODBubFIhIwu96s79mdeqE=,wifq7zazatYbE+Oh84ZzQf2sRAU=
-370,210,g90cUcI86hE1Vrv8CBSxVBSi+gk=,vwFGWaAC+t9uAftdA9eY/fPLNtM=
-381,223,3f1mWhODBubFIhIwu96s79mdeqE=,wifq7zazatYbE+Oh84ZzQf2sRAU=
-384,218,3f1mWhODBubFIhIwu96s79mdeqE=,wifq7zazatYbE+Oh84ZzQf2sRAU=
-383,218,3f1mWhODBubFIhIwu96s79mdeqE=,wifq7zazatYbE+Oh84ZzQf2sRAU=
-374,211,g90cUcI86hE1Vrv8CBSxVBSi+gk=,vwFGWaAC+t9uAftdA9eY/fPLNtM=
-370,209,g90cUcI86hE1Vrv8CBSxVBSi+gk=,vwFGWaAC+t9uAftdA9eY/fPLNtM=
-372,211,g90cUcI86hE1Vrv8CBSxVBSi+gk=,vwFGWaAC+t9uAftdA9eY/fPLNtM=
-381,217,3f1mWhODBubFIhIwu96s79mdeqE=,wifq7zazatYbE+Oh84ZzQf2sRAU=
-382,221,3f1mWhODBubFIhIwu96s79mdeqE=,wifq7zazatYbE+Oh84ZzQf2sRAU=
-381,220,3f1mWhODBubFIhIwu96s79mdeqE=,wifq7zazatYbE+Oh84ZzQf2sRAU=
-382,223,3f1mWhODBubFIhIwu96s79mdeqE=,wifq7zazatYbE+Oh84ZzQf2sRAU=
-383,222,3f1mWhODBubFIhIwu96s79mdeqE=,wifq7zazatYbE+Oh84ZzQf2sRAU=
-369,209,g90cUcI86hE1Vrv8CBSxVBSi+gk=,vwFGWaAC+t9uAftdA9eY/fPLNtM=
-371,210,g90cUcI86hE1Vrv8CBSxVBSi+gk=,vwFGWaAC+t9uAftdA9eY/fPLNtM=
-383,221,3f1mWhODBubFIhIwu96s79mdeqE=,wifq7zazatYbE+Oh84ZzQf2sRAU=
-384,220,3f1mWhODBubFIhIwu96s79mdeqE=,wifq7zazatYbE+Oh84ZzQf2sRAU=
-382,217,3f1mWhODBubFIhIwu96s79mdeqE=,wifq7zazatYbE+Oh84ZzQf2sRAU=
-381,221,3f1mWhODBubFIhIwu96s79mdeqE=,wifq7zazatYbE+Oh84ZzQf2sRAU=
-383,223,3f1mWhODBubFIhIwu96s79mdeqE=,wifq7zazatYbE+Oh84ZzQf2sRAU=
-383,220,3f1mWhODBubFIhIwu96s79mdeqE=,wifq7zazatYbE+Oh84ZzQf2sRAU=
-356,214,Y+2crj7Ch80B7YHYlTzsjYJ0tA4=,Tkk1EjYegXgcwByaI65R3DvbR1E=
-355,214,Y+2crj7Ch80B7YHYlTzsjYJ0tA4=,Tkk1EjYegXgcwByaI65R3DvbR1E=
-357,214,Y+2crj7Ch80B7YHYlTzsjYJ0tA4=,Tkk1EjYegXgcwByaI65R3DvbR1E=
-358,214,Y+2crj7Ch80B7YHYlTzsjYJ0tA4=,Tkk1EjYegXgcwByaI65R3DvbR1E=
-359,214,Y+2crj7Ch80B7YHYlTzsjYJ0tA4=,Tkk1EjYegXgcwByaI65R3DvbR1E=
-354,213,Y+2crj7Ch80B7YHYlTzsjYJ0tA4=,Tkk1EjYegXgcwByaI65R3DvbR1E=
-353,213,Y+2crj7Ch80B7YHYlTzsjYJ0tA4=,Tkk1EjYegXgcwByaI65R3DvbR1E=
-355,213,Y+2crj7Ch80B7YHYlTzsjYJ0tA4=,Tkk1EjYegXgcwByaI65R3DvbR1E=
-356,213,Y+2crj7Ch80B7YHYlTzsjYJ0tA4=,Tkk1EjYegXgcwByaI65R3DvbR1E=
-357,213,Y+2crj7Ch80B7YHYlTzsjYJ0tA4=,Tkk1EjYegXgcwByaI65R3DvbR1E=
-358,213,Y+2crj7Ch80B7YHYlTzsjYJ0tA4=,Tkk1EjYegXgcwByaI65R3DvbR1E=
-353,212,Y+2crj7Ch80B7YHYlTzsjYJ0tA4=,Tkk1EjYegXgcwByaI65R3DvbR1E=
-359,213,Y+2crj7Ch80B7YHYlTzsjYJ0tA4=,Tkk1EjYegXgcwByaI65R3DvbR1E=
-354,212,Y+2crj7Ch80B7YHYlTzsjYJ0tA4=,Tkk1EjYegXgcwByaI65R3DvbR1E=
-355,212,Y+2crj7Ch80B7YHYlTzsjYJ0tA4=,Tkk1EjYegXgcwByaI65R3DvbR1E=
-356,212,Y+2crj7Ch80B7YHYlTzsjYJ0tA4=,Tkk1EjYegXgcwByaI65R3DvbR1E=
-357,212,Y+2crj7Ch80B7YHYlTzsjYJ0tA4=,Tkk1EjYegXgcwByaI65R3DvbR1E=
-358,212,Y+2crj7Ch80B7YHYlTzsjYJ0tA4=,Tkk1EjYegXgcwByaI65R3DvbR1E=
-359,212,Y+2crj7Ch80B7YHYlTzsjYJ0tA4=,Tkk1EjYegXgcwByaI65R3DvbR1E=
-353,211,Y+2crj7Ch80B7YHYlTzsjYJ0tA4=,Tkk1EjYegXgcwByaI65R3DvbR1E=
-354,211,Y+2crj7Ch80B7YHYlTzsjYJ0tA4=,Tkk1EjYegXgcwByaI65R3DvbR1E=
-355,211,Y+2crj7Ch80B7YHYlTzsjYJ0tA4=,Tkk1EjYegXgcwByaI65R3DvbR1E=
-357,211,Y+2crj7Ch80B7YHYlTzsjYJ0tA4=,Tkk1EjYegXgcwByaI65R3DvbR1E=
-356,211,Y+2crj7Ch80B7YHYlTzsjYJ0tA4=,Tkk1EjYegXgcwByaI65R3DvbR1E=
-359,211,Y+2crj7Ch80B7YHYlTzsjYJ0tA4=,Tkk1EjYegXgcwByaI65R3DvbR1E=
-358,211,Y+2crj7Ch80B7YHYlTzsjYJ0tA4=,Tkk1EjYegXgcwByaI65R3DvbR1E=
-354,210,Y+2crj7Ch80B7YHYlTzsjYJ0tA4=,Tkk1EjYegXgcwByaI65R3DvbR1E=
-355,210,Y+2crj7Ch80B7YHYlTzsjYJ0tA4=,Tkk1EjYegXgcwByaI65R3DvbR1E=
-356,210,Y+2crj7Ch80B7YHYlTzsjYJ0tA4=,Tkk1EjYegXgcwByaI65R3DvbR1E=
-357,210,Y+2crj7Ch80B7YHYlTzsjYJ0tA4=,Tkk1EjYegXgcwByaI65R3DvbR1E=
-358,210,Y+2crj7Ch80B7YHYlTzsjYJ0tA4=,Tkk1EjYegXgcwByaI65R3DvbR1E=
-359,210,Y+2crj7Ch80B7YHYlTzsjYJ0tA4=,Tkk1EjYegXgcwByaI65R3DvbR1E=
-353,209,Y+2crj7Ch80B7YHYlTzsjYJ0tA4=,Tkk1EjYegXgcwByaI65R3DvbR1E=
-354,209,Y+2crj7Ch80B7YHYlTzsjYJ0tA4=,Tkk1EjYegXgcwByaI65R3DvbR1E=
-355,209,Y+2crj7Ch80B7YHYlTzsjYJ0tA4=,Tkk1EjYegXgcwByaI65R3DvbR1E=
-356,209,Y+2crj7Ch80B7YHYlTzsjYJ0tA4=,Tkk1EjYegXgcwByaI65R3DvbR1E=
-357,209,Y+2crj7Ch80B7YHYlTzsjYJ0tA4=,Tkk1EjYegXgcwByaI65R3DvbR1E=
-358,209,Y+2crj7Ch80B7YHYlTzsjYJ0tA4=,Tkk1EjYegXgcwByaI65R3DvbR1E=
-353,214,Y+2crj7Ch80B7YHYlTzsjYJ0tA4=,Tkk1EjYegXgcwByaI65R3DvbR1E=
-353,210,Y+2crj7Ch80B7YHYlTzsjYJ0tA4=,Tkk1EjYegXgcwByaI65R3DvbR1E=
-359,209,Y+2crj7Ch80B7YHYlTzsjYJ0tA4=,Tkk1EjYegXgcwByaI65R3DvbR1E=
-354,214,Y+2crj7Ch80B7YHYlTzsjYJ0tA4=,Tkk1EjYegXgcwByaI65R3DvbR1E=
-354,218,Y+2crj7Ch80B7YHYlTzsjYJ0tA4=,0ApbYh0rPsIddiANhqndCng/Bbc=
-355,218,Y+2crj7Ch80B7YHYlTzsjYJ0tA4=,0ApbYh0rPsIddiANhqndCng/Bbc=
-356,218,Y+2crj7Ch80B7YHYlTzsjYJ0tA4=,0ApbYh0rPsIddiANhqndCng/Bbc=
-354,223,Y+2crj7Ch80B7YHYlTzsjYJ0tA4=,0ApbYh0rPsIddiANhqndCng/Bbc=
-353,218,Y+2crj7Ch80B7YHYlTzsjYJ0tA4=,0ApbYh0rPsIddiANhqndCng/Bbc=
-357,218,Y+2crj7Ch80B7YHYlTzsjYJ0tA4=,0ApbYh0rPsIddiANhqndCng/Bbc=
-355,223,Y+2crj7Ch80B7YHYlTzsjYJ0tA4=,0ApbYh0rPsIddiANhqndCng/Bbc=
-353,222,Y+2crj7Ch80B7YHYlTzsjYJ0tA4=,0ApbYh0rPsIddiANhqndCng/Bbc=
-354,222,Y+2crj7Ch80B7YHYlTzsjYJ0tA4=,0ApbYh0rPsIddiANhqndCng/Bbc=
-355,222,Y+2crj7Ch80B7YHYlTzsjYJ0tA4=,0ApbYh0rPsIddiANhqndCng/Bbc=
-358,218,Y+2crj7Ch80B7YHYlTzsjYJ0tA4=,0ApbYh0rPsIddiANhqndCng/Bbc=
-353,221,Y+2crj7Ch80B7YHYlTzsjYJ0tA4=,0ApbYh0rPsIddiANhqndCng/Bbc=
-354,221,Y+2crj7Ch80B7YHYlTzsjYJ0tA4=,0ApbYh0rPsIddiANhqndCng/Bbc=
-355,221,Y+2crj7Ch80B7YHYlTzsjYJ0tA4=,0ApbYh0rPsIddiANhqndCng/Bbc=
-359,218,Y+2crj7Ch80B7YHYlTzsjYJ0tA4=,0ApbYh0rPsIddiANhqndCng/Bbc=
-353,217,Y+2crj7Ch80B7YHYlTzsjYJ0tA4=,0ApbYh0rPsIddiANhqndCng/Bbc=
-354,217,Y+2crj7Ch80B7YHYlTzsjYJ0tA4=,0ApbYh0rPsIddiANhqndCng/Bbc=
-355,217,Y+2crj7Ch80B7YHYlTzsjYJ0tA4=,0ApbYh0rPsIddiANhqndCng/Bbc=
-356,217,Y+2crj7Ch80B7YHYlTzsjYJ0tA4=,0ApbYh0rPsIddiANhqndCng/Bbc=
-357,217,Y+2crj7Ch80B7YHYlTzsjYJ0tA4=,0ApbYh0rPsIddiANhqndCng/Bbc=
-358,217,Y+2crj7Ch80B7YHYlTzsjYJ0tA4=,0ApbYh0rPsIddiANhqndCng/Bbc=
-359,217,Y+2crj7Ch80B7YHYlTzsjYJ0tA4=,0ApbYh0rPsIddiANhqndCng/Bbc=
-353,216,Y+2crj7Ch80B7YHYlTzsjYJ0tA4=,0ApbYh0rPsIddiANhqndCng/Bbc=
-354,216,Y+2crj7Ch80B7YHYlTzsjYJ0tA4=,0ApbYh0rPsIddiANhqndCng/Bbc=
-355,216,Y+2crj7Ch80B7YHYlTzsjYJ0tA4=,0ApbYh0rPsIddiANhqndCng/Bbc=
-353,220,Y+2crj7Ch80B7YHYlTzsjYJ0tA4=,0ApbYh0rPsIddiANhqndCng/Bbc=
-356,216,Y+2crj7Ch80B7YHYlTzsjYJ0tA4=,0ApbYh0rPsIddiANhqndCng/Bbc=
-357,216,Y+2crj7Ch80B7YHYlTzsjYJ0tA4=,0ApbYh0rPsIddiANhqndCng/Bbc=
-358,216,Y+2crj7Ch80B7YHYlTzsjYJ0tA4=,0ApbYh0rPsIddiANhqndCng/Bbc=
-354,220,Y+2crj7Ch80B7YHYlTzsjYJ0tA4=,0ApbYh0rPsIddiANhqndCng/Bbc=
-359,216,Y+2crj7Ch80B7YHYlTzsjYJ0tA4=,0ApbYh0rPsIddiANhqndCng/Bbc=
-355,220,Y+2crj7Ch80B7YHYlTzsjYJ0tA4=,0ApbYh0rPsIddiANhqndCng/Bbc=
-353,219,Y+2crj7Ch80B7YHYlTzsjYJ0tA4=,0ApbYh0rPsIddiANhqndCng/Bbc=
-354,219,Y+2crj7Ch80B7YHYlTzsjYJ0tA4=,0ApbYh0rPsIddiANhqndCng/Bbc=
-355,219,Y+2crj7Ch80B7YHYlTzsjYJ0tA4=,0ApbYh0rPsIddiANhqndCng/Bbc=
-353,215,Y+2crj7Ch80B7YHYlTzsjYJ0tA4=,Tkk1EjYegXgcwByaI65R3DvbR1E=
-354,215,Y+2crj7Ch80B7YHYlTzsjYJ0tA4=,Tkk1EjYegXgcwByaI65R3DvbR1E=
-355,215,Y+2crj7Ch80B7YHYlTzsjYJ0tA4=,Tkk1EjYegXgcwByaI65R3DvbR1E=
-356,215,Y+2crj7Ch80B7YHYlTzsjYJ0tA4=,Tkk1EjYegXgcwByaI65R3DvbR1E=
-357,215,Y+2crj7Ch80B7YHYlTzsjYJ0tA4=,Tkk1EjYegXgcwByaI65R3DvbR1E=
-358,215,Y+2crj7Ch80B7YHYlTzsjYJ0tA4=,Tkk1EjYegXgcwByaI65R3DvbR1E=
-359,215,Y+2crj7Ch80B7YHYlTzsjYJ0tA4=,Tkk1EjYegXgcwByaI65R3DvbR1E=
-356,219,Y+2crj7Ch80B7YHYlTzsjYJ0tA4=,0ApbYh0rPsIddiANhqndCng/Bbc=
-364,214,Y+2crj7Ch80B7YHYlTzsjYJ0tA4=,OvCYYBPz5VknranqnKjuQBHH11A=
-363,214,Y+2crj7Ch80B7YHYlTzsjYJ0tA4=,OvCYYBPz5VknranqnKjuQBHH11A=
-364,213,Y+2crj7Ch80B7YHYlTzsjYJ0tA4=,OvCYYBPz5VknranqnKjuQBHH11A=
-363,213,Y+2crj7Ch80B7YHYlTzsjYJ0tA4=,OvCYYBPz5VknranqnKjuQBHH11A=
-362,214,Y+2crj7Ch80B7YHYlTzsjYJ0tA4=,OvCYYBPz5VknranqnKjuQBHH11A=
-361,214,Y+2crj7Ch80B7YHYlTzsjYJ0tA4=,OvCYYBPz5VknranqnKjuQBHH11A=
-362,213,Y+2crj7Ch80B7YHYlTzsjYJ0tA4=,OvCYYBPz5VknranqnKjuQBHH11A=
-361,213,Y+2crj7Ch80B7YHYlTzsjYJ0tA4=,OvCYYBPz5VknranqnKjuQBHH11A=
-362,209,Y+2crj7Ch80B7YHYlTzsjYJ0tA4=,OvCYYBPz5VknranqnKjuQBHH11A=
-364,212,Y+2crj7Ch80B7YHYlTzsjYJ0tA4=,OvCYYBPz5VknranqnKjuQBHH11A=
-363,212,Y+2crj7Ch80B7YHYlTzsjYJ0tA4=,OvCYYBPz5VknranqnKjuQBHH11A=
-362,212,nzav+u/rHT/aCMziy8dx9F6+4yI=,OvCYYBPz5VknranqnKjuQBHH11A=
-360,209,nzav+u/rHT/aCMziy8dx9F6+4yI=,Tkk1EjYegXgcwByaI65R3DvbR1E=
-360,210,nzav+u/rHT/aCMziy8dx9F6+4yI=,Tkk1EjYegXgcwByaI65R3DvbR1E=
-361,212,nzav+u/rHT/aCMziy8dx9F6+4yI=,OvCYYBPz5VknranqnKjuQBHH11A=
-360,211,nzav+u/rHT/aCMziy8dx9F6+4yI=,Tkk1EjYegXgcwByaI65R3DvbR1E=
-363,210,nzav+u/rHT/aCMziy8dx9F6+4yI=,OvCYYBPz5VknranqnKjuQBHH11A=
-360,212,nzav+u/rHT/aCMziy8dx9F6+4yI=,Tkk1EjYegXgcwByaI65R3DvbR1E=
-362,210,nzav+u/rHT/aCMziy8dx9F6+4yI=,OvCYYBPz5VknranqnKjuQBHH11A=
-361,210,nzav+u/rHT/aCMziy8dx9F6+4yI=,OvCYYBPz5VknranqnKjuQBHH11A=
-364,211,nzav+u/rHT/aCMziy8dx9F6+4yI=,OvCYYBPz5VknranqnKjuQBHH11A=
-363,211,nzav+u/rHT/aCMziy8dx9F6+4yI=,OvCYYBPz5VknranqnKjuQBHH11A=
-362,211,nzav+u/rHT/aCMziy8dx9F6+4yI=,OvCYYBPz5VknranqnKjuQBHH11A=
-361,211,nzav+u/rHT/aCMziy8dx9F6+4yI=,OvCYYBPz5VknranqnKjuQBHH11A=
-363,209,nzav+u/rHT/aCMziy8dx9F6+4yI=,OvCYYBPz5VknranqnKjuQBHH11A=
-360,213,nzav+u/rHT/aCMziy8dx9F6+4yI=,Tkk1EjYegXgcwByaI65R3DvbR1E=
-360,214,nzav+u/rHT/aCMziy8dx9F6+4yI=,Tkk1EjYegXgcwByaI65R3DvbR1E=
-361,209,nzav+u/rHT/aCMziy8dx9F6+4yI=,OvCYYBPz5VknranqnKjuQBHH11A=
-360,215,nzav+u/rHT/aCMziy8dx9F6+4yI=,Tkk1EjYegXgcwByaI65R3DvbR1E=
-365,215,nzav+u/rHT/aCMziy8dx9F6+4yI=,OvCYYBPz5VknranqnKjuQBHH11A=
-364,215,nzav+u/rHT/aCMziy8dx9F6+4yI=,OvCYYBPz5VknranqnKjuQBHH11A=
-363,215,nzav+u/rHT/aCMziy8dx9F6+4yI=,OvCYYBPz5VknranqnKjuQBHH11A=
-362,215,nzav+u/rHT/aCMziy8dx9F6+4yI=,OvCYYBPz5VknranqnKjuQBHH11A=
-361,215,nzav+u/rHT/aCMziy8dx9F6+4yI=,OvCYYBPz5VknranqnKjuQBHH11A=
-366,216,kq6HH/ULjLtSFOfP4Jwcmh7w2dU=,zppB2HldynJa/P1043Wc83HxY8M=
-365,216,kq6HH/ULjLtSFOfP4Jwcmh7w2dU=,zppB2HldynJa/P1043Wc83HxY8M=
-364,216,kq6HH/ULjLtSFOfP4Jwcmh7w2dU=,zppB2HldynJa/P1043Wc83HxY8M=
-363,216,kq6HH/ULjLtSFOfP4Jwcmh7w2dU=,zppB2HldynJa/P1043Wc83HxY8M=
-362,216,kq6HH/ULjLtSFOfP4Jwcmh7w2dU=,zppB2HldynJa/P1043Wc83HxY8M=
-361,216,kq6HH/ULjLtSFOfP4Jwcmh7w2dU=,zppB2HldynJa/P1043Wc83HxY8M=
-366,217,kq6HH/ULjLtSFOfP4Jwcmh7w2dU=,zppB2HldynJa/P1043Wc83HxY8M=
-365,217,kq6HH/ULjLtSFOfP4Jwcmh7w2dU=,zppB2HldynJa/P1043Wc83HxY8M=
-360,216,nzav+u/rHT/aCMziy8dx9F6+4yI=,0ApbYh0rPsIddiANhqndCng/Bbc=
-364,217,kq6HH/ULjLtSFOfP4Jwcmh7w2dU=,zppB2HldynJa/P1043Wc83HxY8M=
-363,217,kq6HH/ULjLtSFOfP4Jwcmh7w2dU=,zppB2HldynJa/P1043Wc83HxY8M=
-362,217,kq6HH/ULjLtSFOfP4Jwcmh7w2dU=,zppB2HldynJa/P1043Wc83HxY8M=
-361,217,kq6HH/ULjLtSFOfP4Jwcmh7w2dU=,zppB2HldynJa/P1043Wc83HxY8M=
-360,217,nzav+u/rHT/aCMziy8dx9F6+4yI=,0ApbYh0rPsIddiANhqndCng/Bbc=
-367,218,kq6HH/ULjLtSFOfP4Jwcmh7w2dU=,zppB2HldynJa/P1043Wc83HxY8M=
-360,223,nzav+u/rHT/aCMziy8dx9F6+4yI=,0ApbYh0rPsIddiANhqndCng/Bbc=
-364,220,kq6HH/ULjLtSFOfP4Jwcmh7w2dU=,zppB2HldynJa/P1043Wc83HxY8M=
-361,219,kq6HH/ULjLtSFOfP4Jwcmh7w2dU=,zppB2HldynJa/P1043Wc83HxY8M=
-361,220,kq6HH/ULjLtSFOfP4Jwcmh7w2dU=,zppB2HldynJa/P1043Wc83HxY8M=
-365,219,kq6HH/ULjLtSFOfP4Jwcmh7w2dU=,zppB2HldynJa/P1043Wc83HxY8M=
-366,219,kq6HH/ULjLtSFOfP4Jwcmh7w2dU=,zppB2HldynJa/P1043Wc83HxY8M=
-367,219,kq6HH/ULjLtSFOfP4Jwcmh7w2dU=,zppB2HldynJa/P1043Wc83HxY8M=
-361,218,kq6HH/ULjLtSFOfP4Jwcmh7w2dU=,zppB2HldynJa/P1043Wc83HxY8M=
-362,218,kq6HH/ULjLtSFOfP4Jwcmh7w2dU=,zppB2HldynJa/P1043Wc83HxY8M=
-363,218,kq6HH/ULjLtSFOfP4Jwcmh7w2dU=,zppB2HldynJa/P1043Wc83HxY8M=
-364,218,kq6HH/ULjLtSFOfP4Jwcmh7w2dU=,zppB2HldynJa/P1043Wc83HxY8M=
-360,218,nzav+u/rHT/aCMziy8dx9F6+4yI=,0ApbYh0rPsIddiANhqndCng/Bbc=
-365,218,kq6HH/ULjLtSFOfP4Jwcmh7w2dU=,zppB2HldynJa/P1043Wc83HxY8M=
-361,223,kq6HH/ULjLtSFOfP4Jwcmh7w2dU=,zppB2HldynJa/P1043Wc83HxY8M=
-363,220,kq6HH/ULjLtSFOfP4Jwcmh7w2dU=,zppB2HldynJa/P1043Wc83HxY8M=
-366,218,kq6HH/ULjLtSFOfP4Jwcmh7w2dU=,zppB2HldynJa/P1043Wc83HxY8M=
-362,220,kq6HH/ULjLtSFOfP4Jwcmh7w2dU=,zppB2HldynJa/P1043Wc83HxY8M=
-364,219,kq6HH/ULjLtSFOfP4Jwcmh7w2dU=,zppB2HldynJa/P1043Wc83HxY8M=
-363,219,kq6HH/ULjLtSFOfP4Jwcmh7w2dU=,zppB2HldynJa/P1043Wc83HxY8M=
-362,219,kq6HH/ULjLtSFOfP4Jwcmh7w2dU=,zppB2HldynJa/P1043Wc83HxY8M=
-360,222,nzav+u/rHT/aCMziy8dx9F6+4yI=,0ApbYh0rPsIddiANhqndCng/Bbc=
-358,223,nzav+u/rHT/aCMziy8dx9F6+4yI=,0ApbYh0rPsIddiANhqndCng/Bbc=
-360,221,nzav+u/rHT/aCMziy8dx9F6+4yI=,0ApbYh0rPsIddiANhqndCng/Bbc=
-358,222,nzav+u/rHT/aCMziy8dx9F6+4yI=,0ApbYh0rPsIddiANhqndCng/Bbc=
-362,223,kq6HH/ULjLtSFOfP4Jwcmh7w2dU=,zppB2HldynJa/P1043Wc83HxY8M=
-357,222,nzav+u/rHT/aCMziy8dx9F6+4yI=,0ApbYh0rPsIddiANhqndCng/Bbc=
-368,219,kq6HH/ULjLtSFOfP4Jwcmh7w2dU=,zppB2HldynJa/P1043Wc83HxY8M=
-368,220,kq6HH/ULjLtSFOfP4Jwcmh7w2dU=,zppB2HldynJa/P1043Wc83HxY8M=
-357,221,nzav+u/rHT/aCMziy8dx9F6+4yI=,0ApbYh0rPsIddiANhqndCng/Bbc=
-359,221,nzav+u/rHT/aCMziy8dx9F6+4yI=,0ApbYh0rPsIddiANhqndCng/Bbc=
-357,223,nzav+u/rHT/aCMziy8dx9F6+4yI=,0ApbYh0rPsIddiANhqndCng/Bbc=
-359,223,nzav+u/rHT/aCMziy8dx9F6+4yI=,0ApbYh0rPsIddiANhqndCng/Bbc=
-357,220,nzav+u/rHT/aCMziy8dx9F6+4yI=,0ApbYh0rPsIddiANhqndCng/Bbc=
-359,219,nzav+u/rHT/aCMziy8dx9F6+4yI=,0ApbYh0rPsIddiANhqndCng/Bbc=
-358,219,nzav+u/rHT/aCMziy8dx9F6+4yI=,0ApbYh0rPsIddiANhqndCng/Bbc=
-363,223,kq6HH/ULjLtSFOfP4Jwcmh7w2dU=,zppB2HldynJa/P1043Wc83HxY8M=
-358,221,nzav+u/rHT/aCMziy8dx9F6+4yI=,0ApbYh0rPsIddiANhqndCng/Bbc=
-359,222,nzav+u/rHT/aCMziy8dx9F6+4yI=,0ApbYh0rPsIddiANhqndCng/Bbc=
-363,221,kq6HH/ULjLtSFOfP4Jwcmh7w2dU=,zppB2HldynJa/P1043Wc83HxY8M=
-364,221,kq6HH/ULjLtSFOfP4Jwcmh7w2dU=,zppB2HldynJa/P1043Wc83HxY8M=
-360,219,nzav+u/rHT/aCMziy8dx9F6+4yI=,0ApbYh0rPsIddiANhqndCng/Bbc=
-359,220,nzav+u/rHT/aCMziy8dx9F6+4yI=,0ApbYh0rPsIddiANhqndCng/Bbc=
-357,219,nzav+u/rHT/aCMziy8dx9F6+4yI=,0ApbYh0rPsIddiANhqndCng/Bbc=
-358,220,nzav+u/rHT/aCMziy8dx9F6+4yI=,0ApbYh0rPsIddiANhqndCng/Bbc=
-363,222,kq6HH/ULjLtSFOfP4Jwcmh7w2dU=,zppB2HldynJa/P1043Wc83HxY8M=
-364,223,kq6HH/ULjLtSFOfP4Jwcmh7w2dU=,zppB2HldynJa/P1043Wc83HxY8M=
-364,222,kq6HH/ULjLtSFOfP4Jwcmh7w2dU=,zppB2HldynJa/P1043Wc83HxY8M=
-362,221,kq6HH/ULjLtSFOfP4Jwcmh7w2dU=,zppB2HldynJa/P1043Wc83HxY8M=
-360,220,nzav+u/rHT/aCMziy8dx9F6+4yI=,0ApbYh0rPsIddiANhqndCng/Bbc=
-361,222,kq6HH/ULjLtSFOfP4Jwcmh7w2dU=,zppB2HldynJa/P1043Wc83HxY8M=
-359,208,nzav+u/rHT/aCMziy8dx9F6+4yI=,Tkk1EjYegXgcwByaI65R3DvbR1E=
-361,221,kq6HH/ULjLtSFOfP4Jwcmh7w2dU=,zppB2HldynJa/P1043Wc83HxY8M=
-358,208,nzav+u/rHT/aCMziy8dx9F6+4yI=,Tkk1EjYegXgcwByaI65R3DvbR1E=
-357,208,nzav+u/rHT/aCMziy8dx9F6+4yI=,Tkk1EjYegXgcwByaI65R3DvbR1E=
-356,208,nzav+u/rHT/aCMziy8dx9F6+4yI=,Tkk1EjYegXgcwByaI65R3DvbR1E=
-354,208,nzav+u/rHT/aCMziy8dx9F6+4yI=,Tkk1EjYegXgcwByaI65R3DvbR1E=
-355,208,nzav+u/rHT/aCMziy8dx9F6+4yI=,Tkk1EjYegXgcwByaI65R3DvbR1E=
-353,208,nzav+u/rHT/aCMziy8dx9F6+4yI=,Tkk1EjYegXgcwByaI65R3DvbR1E=
-368,216,kq6HH/ULjLtSFOfP4Jwcmh7w2dU=,zppB2HldynJa/P1043Wc83HxY8M=
-356,220,nzav+u/rHT/aCMziy8dx9F6+4yI=,0ApbYh0rPsIddiANhqndCng/Bbc=
-368,212,nzav+u/rHT/aCMziy8dx9F6+4yI=,OvCYYBPz5VknranqnKjuQBHH11A=
-365,212,nzav+u/rHT/aCMziy8dx9F6+4yI=,OvCYYBPz5VknranqnKjuQBHH11A=
-368,213,nzav+u/rHT/aCMziy8dx9F6+4yI=,OvCYYBPz5VknranqnKjuQBHH11A=
-356,221,nzav+u/rHT/aCMziy8dx9F6+4yI=,0ApbYh0rPsIddiANhqndCng/Bbc=
-353,223,nzav+u/rHT/aCMziy8dx9F6+4yI=,0ApbYh0rPsIddiANhqndCng/Bbc=
-360,208,nzav+u/rHT/aCMziy8dx9F6+4yI=,Tkk1EjYegXgcwByaI65R3DvbR1E=
-362,222,kq6HH/ULjLtSFOfP4Jwcmh7w2dU=,zppB2HldynJa/P1043Wc83HxY8M=
-366,208,nzav+u/rHT/aCMziy8dx9F6+4yI=,OvCYYBPz5VknranqnKjuQBHH11A=
-364,208,nzav+u/rHT/aCMziy8dx9F6+4yI=,OvCYYBPz5VknranqnKjuQBHH11A=
-367,210,nzav+u/rHT/aCMziy8dx9F6+4yI=,OvCYYBPz5VknranqnKjuQBHH11A=
-367,208,nzav+u/rHT/aCMziy8dx9F6+4yI=,OvCYYBPz5VknranqnKjuQBHH11A=
-367,211,nzav+u/rHT/aCMziy8dx9F6+4yI=,OvCYYBPz5VknranqnKjuQBHH11A=
-366,211,nzav+u/rHT/aCMziy8dx9F6+4yI=,OvCYYBPz5VknranqnKjuQBHH11A=
-366,210,nzav+u/rHT/aCMziy8dx9F6+4yI=,OvCYYBPz5VknranqnKjuQBHH11A=
-366,212,nzav+u/rHT/aCMziy8dx9F6+4yI=,OvCYYBPz5VknranqnKjuQBHH11A=
-365,210,nzav+u/rHT/aCMziy8dx9F6+4yI=,OvCYYBPz5VknranqnKjuQBHH11A=
-367,209,nzav+u/rHT/aCMziy8dx9F6+4yI=,OvCYYBPz5VknranqnKjuQBHH11A=
-365,211,nzav+u/rHT/aCMziy8dx9F6+4yI=,OvCYYBPz5VknranqnKjuQBHH11A=
-365,209,nzav+u/rHT/aCMziy8dx9F6+4yI=,OvCYYBPz5VknranqnKjuQBHH11A=
-367,213,nzav+u/rHT/aCMziy8dx9F6+4yI=,OvCYYBPz5VknranqnKjuQBHH11A=
-365,214,nzav+u/rHT/aCMziy8dx9F6+4yI=,OvCYYBPz5VknranqnKjuQBHH11A=
-366,215,nzav+u/rHT/aCMziy8dx9F6+4yI=,OvCYYBPz5VknranqnKjuQBHH11A=
-368,218,kq6HH/ULjLtSFOfP4Jwcmh7w2dU=,zppB2HldynJa/P1043Wc83HxY8M=
-368,209,nzav+u/rHT/aCMziy8dx9F6+4yI=,OvCYYBPz5VknranqnKjuQBHH11A=
-365,213,nzav+u/rHT/aCMziy8dx9F6+4yI=,OvCYYBPz5VknranqnKjuQBHH11A=
-367,217,kq6HH/ULjLtSFOfP4Jwcmh7w2dU=,zppB2HldynJa/P1043Wc83HxY8M=
-366,213,nzav+u/rHT/aCMziy8dx9F6+4yI=,OvCYYBPz5VknranqnKjuQBHH11A=
-368,214,nzav+u/rHT/aCMziy8dx9F6+4yI=,OvCYYBPz5VknranqnKjuQBHH11A=
-368,217,kq6HH/ULjLtSFOfP4Jwcmh7w2dU=,zppB2HldynJa/P1043Wc83HxY8M=
-367,215,nzav+u/rHT/aCMziy8dx9F6+4yI=,OvCYYBPz5VknranqnKjuQBHH11A=
-367,216,kq6HH/ULjLtSFOfP4Jwcmh7w2dU=,zppB2HldynJa/P1043Wc83HxY8M=
-367,212,nzav+u/rHT/aCMziy8dx9F6+4yI=,OvCYYBPz5VknranqnKjuQBHH11A=
-362,208,nzav+u/rHT/aCMziy8dx9F6+4yI=,OvCYYBPz5VknranqnKjuQBHH11A=
-366,209,nzav+u/rHT/aCMziy8dx9F6+4yI=,OvCYYBPz5VknranqnKjuQBHH11A=
-363,208,nzav+u/rHT/aCMziy8dx9F6+4yI=,OvCYYBPz5VknranqnKjuQBHH11A=
-368,211,nzav+u/rHT/aCMziy8dx9F6+4yI=,OvCYYBPz5VknranqnKjuQBHH11A=
-368,210,nzav+u/rHT/aCMziy8dx9F6+4yI=,OvCYYBPz5VknranqnKjuQBHH11A=
-364,209,nzav+u/rHT/aCMziy8dx9F6+4yI=,OvCYYBPz5VknranqnKjuQBHH11A=
-356,222,nzav+u/rHT/aCMziy8dx9F6+4yI=,0ApbYh0rPsIddiANhqndCng/Bbc=
-356,223,nzav+u/rHT/aCMziy8dx9F6+4yI=,0ApbYh0rPsIddiANhqndCng/Bbc=
-361,208,nzav+u/rHT/aCMziy8dx9F6+4yI=,OvCYYBPz5VknranqnKjuQBHH11A=
-366,214,nzav+u/rHT/aCMziy8dx9F6+4yI=,OvCYYBPz5VknranqnKjuQBHH11A=
-366,220,kq6HH/ULjLtSFOfP4Jwcmh7w2dU=,zppB2HldynJa/P1043Wc83HxY8M=
-367,220,kq6HH/ULjLtSFOfP4Jwcmh7w2dU=,zppB2HldynJa/P1043Wc83HxY8M=
-365,222,kq6HH/ULjLtSFOfP4Jwcmh7w2dU=,zppB2HldynJa/P1043Wc83HxY8M=
-367,223,kq6HH/ULjLtSFOfP4Jwcmh7w2dU=,zppB2HldynJa/P1043Wc83HxY8M=
-365,221,kq6HH/ULjLtSFOfP4Jwcmh7w2dU=,zppB2HldynJa/P1043Wc83HxY8M=
-366,221,kq6HH/ULjLtSFOfP4Jwcmh7w2dU=,zppB2HldynJa/P1043Wc83HxY8M=
-367,222,kq6HH/ULjLtSFOfP4Jwcmh7w2dU=,zppB2HldynJa/P1043Wc83HxY8M=
-368,222,kq6HH/ULjLtSFOfP4Jwcmh7w2dU=,zppB2HldynJa/P1043Wc83HxY8M=
-367,221,kq6HH/ULjLtSFOfP4Jwcmh7w2dU=,zppB2HldynJa/P1043Wc83HxY8M=
-366,222,kq6HH/ULjLtSFOfP4Jwcmh7w2dU=,zppB2HldynJa/P1043Wc83HxY8M=
-366,223,kq6HH/ULjLtSFOfP4Jwcmh7w2dU=,zppB2HldynJa/P1043Wc83HxY8M=
-365,220,kq6HH/ULjLtSFOfP4Jwcmh7w2dU=,zppB2HldynJa/P1043Wc83HxY8M=
-365,223,kq6HH/ULjLtSFOfP4Jwcmh7w2dU=,zppB2HldynJa/P1043Wc83HxY8M=
-368,215,nzav+u/rHT/aCMziy8dx9F6+4yI=,OvCYYBPz5VknranqnKjuQBHH11A=
-368,221,kq6HH/ULjLtSFOfP4Jwcmh7w2dU=,zppB2HldynJa/P1043Wc83HxY8M=
-364,210,nzav+u/rHT/aCMziy8dx9F6+4yI=,OvCYYBPz5VknranqnKjuQBHH11A=
-367,214,nzav+u/rHT/aCMziy8dx9F6+4yI=,OvCYYBPz5VknranqnKjuQBHH11A=
-368,223,kq6HH/ULjLtSFOfP4Jwcmh7w2dU=,zppB2HldynJa/P1043Wc83HxY8M=
-365,208,nzav+u/rHT/aCMziy8dx9F6+4yI=,OvCYYBPz5VknranqnKjuQBHH11A=
-368,208,nzav+u/rHT/aCMziy8dx9F6+4yI=,OvCYYBPz5VknranqnKjuQBHH11A=
-354,202,nzav+u/rHT/aCMziy8dx9F6+4yI=,zSPnsoTutNB4M2LsaLsAZO7GEPA=
-356,203,nzav+u/rHT/aCMziy8dx9F6+4yI=,zSPnsoTutNB4M2LsaLsAZO7GEPA=
-355,203,nzav+u/rHT/aCMziy8dx9F6+4yI=,zSPnsoTutNB4M2LsaLsAZO7GEPA=
-354,206,nzav+u/rHT/aCMziy8dx9F6+4yI=,zSPnsoTutNB4M2LsaLsAZO7GEPA=
-355,206,nzav+u/rHT/aCMziy8dx9F6+4yI=,zSPnsoTutNB4M2LsaLsAZO7GEPA=
-356,206,nzav+u/rHT/aCMziy8dx9F6+4yI=,zSPnsoTutNB4M2LsaLsAZO7GEPA=
-357,206,nzav+u/rHT/aCMziy8dx9F6+4yI=,zSPnsoTutNB4M2LsaLsAZO7GEPA=
-358,206,nzav+u/rHT/aCMziy8dx9F6+4yI=,zSPnsoTutNB4M2LsaLsAZO7GEPA=
-359,206,nzav+u/rHT/aCMziy8dx9F6+4yI=,zSPnsoTutNB4M2LsaLsAZO7GEPA=
-354,205,nzav+u/rHT/aCMziy8dx9F6+4yI=,zSPnsoTutNB4M2LsaLsAZO7GEPA=
-355,205,nzav+u/rHT/aCMziy8dx9F6+4yI=,zSPnsoTutNB4M2LsaLsAZO7GEPA=
-356,205,nzav+u/rHT/aCMziy8dx9F6+4yI=,zSPnsoTutNB4M2LsaLsAZO7GEPA=
-357,205,nzav+u/rHT/aCMziy8dx9F6+4yI=,zSPnsoTutNB4M2LsaLsAZO7GEPA=
-358,205,nzav+u/rHT/aCMziy8dx9F6+4yI=,zSPnsoTutNB4M2LsaLsAZO7GEPA=
-354,204,nzav+u/rHT/aCMziy8dx9F6+4yI=,zSPnsoTutNB4M2LsaLsAZO7GEPA=
-355,204,nzav+u/rHT/aCMziy8dx9F6+4yI=,zSPnsoTutNB4M2LsaLsAZO7GEPA=
-356,204,nzav+u/rHT/aCMziy8dx9F6+4yI=,zSPnsoTutNB4M2LsaLsAZO7GEPA=
-357,204,nzav+u/rHT/aCMziy8dx9F6+4yI=,zSPnsoTutNB4M2LsaLsAZO7GEPA=
-354,203,nzav+u/rHT/aCMziy8dx9F6+4yI=,zSPnsoTutNB4M2LsaLsAZO7GEPA=
-361,199,kq6HH/ULjLtSFOfP4Jwcmh7w2dU=,V6U+uR4cCjSD85e/oYIJKwGUynY=
-363,199,kq6HH/ULjLtSFOfP4Jwcmh7w2dU=,V6U+uR4cCjSD85e/oYIJKwGUynY=
-359,207,nzav+u/rHT/aCMziy8dx9F6+4yI=,zSPnsoTutNB4M2LsaLsAZO7GEPA=
-354,207,nzav+u/rHT/aCMziy8dx9F6+4yI=,zSPnsoTutNB4M2LsaLsAZO7GEPA=
-363,192,kq6HH/ULjLtSFOfP4Jwcmh7w2dU=,V6U+uR4cCjSD85e/oYIJKwGUynY=
-364,201,kq6HH/ULjLtSFOfP4Jwcmh7w2dU=,oNMs7pNgJkFToHvYXwXib9R3mXc=
-355,207,nzav+u/rHT/aCMziy8dx9F6+4yI=,zSPnsoTutNB4M2LsaLsAZO7GEPA=
-356,207,nzav+u/rHT/aCMziy8dx9F6+4yI=,zSPnsoTutNB4M2LsaLsAZO7GEPA=
-357,207,nzav+u/rHT/aCMziy8dx9F6+4yI=,zSPnsoTutNB4M2LsaLsAZO7GEPA=
-358,207,nzav+u/rHT/aCMziy8dx9F6+4yI=,zSPnsoTutNB4M2LsaLsAZO7GEPA=
-358,202,nzav+u/rHT/aCMziy8dx9F6+4yI=,zSPnsoTutNB4M2LsaLsAZO7GEPA=
-362,199,kq6HH/ULjLtSFOfP4Jwcmh7w2dU=,V6U+uR4cCjSD85e/oYIJKwGUynY=
-364,199,kq6HH/ULjLtSFOfP4Jwcmh7w2dU=,V6U+uR4cCjSD85e/oYIJKwGUynY=
-364,200,kq6HH/ULjLtSFOfP4Jwcmh7w2dU=,oNMs7pNgJkFToHvYXwXib9R3mXc=
-358,203,nzav+u/rHT/aCMziy8dx9F6+4yI=,zSPnsoTutNB4M2LsaLsAZO7GEPA=
-360,199,nzav+u/rHT/aCMziy8dx9F6+4yI=,NZv+PINTp3H+19IB9ac1BmDdn4E=
-359,202,nzav+u/rHT/aCMziy8dx9F6+4yI=,zSPnsoTutNB4M2LsaLsAZO7GEPA=
-357,203,nzav+u/rHT/aCMziy8dx9F6+4yI=,zSPnsoTutNB4M2LsaLsAZO7GEPA=
-358,201,nzav+u/rHT/aCMziy8dx9F6+4yI=,zSPnsoTutNB4M2LsaLsAZO7GEPA=
-359,200,nzav+u/rHT/aCMziy8dx9F6+4yI=,zSPnsoTutNB4M2LsaLsAZO7GEPA=
-360,200,nzav+u/rHT/aCMziy8dx9F6+4yI=,zSPnsoTutNB4M2LsaLsAZO7GEPA=
-359,193,nzav+u/rHT/aCMziy8dx9F6+4yI=,NZv+PINTp3H+19IB9ac1BmDdn4E=
-362,201,kq6HH/ULjLtSFOfP4Jwcmh7w2dU=,oNMs7pNgJkFToHvYXwXib9R3mXc=
-357,201,nzav+u/rHT/aCMziy8dx9F6+4yI=,zSPnsoTutNB4M2LsaLsAZO7GEPA=
-359,203,nzav+u/rHT/aCMziy8dx9F6+4yI=,zSPnsoTutNB4M2LsaLsAZO7GEPA=
-361,192,kq6HH/ULjLtSFOfP4Jwcmh7w2dU=,V6U+uR4cCjSD85e/oYIJKwGUynY=
-362,192,kq6HH/ULjLtSFOfP4Jwcmh7w2dU=,V6U+uR4cCjSD85e/oYIJKwGUynY=
-359,194,YZT424QsWl86zuWQi1FKRu1q17w=,NZv+PINTp3H+19IB9ac1BmDdn4E=
-358,200,YZT424QsWl86zuWQi1FKRu1q17w=,zSPnsoTutNB4M2LsaLsAZO7GEPA=
-363,196,kq6HH/ULjLtSFOfP4Jwcmh7w2dU=,V6U+uR4cCjSD85e/oYIJKwGUynY=
-357,194,YZT424QsWl86zuWQi1FKRu1q17w=,NZv+PINTp3H+19IB9ac1BmDdn4E=
-360,202,YZT424QsWl86zuWQi1FKRu1q17w=,zSPnsoTutNB4M2LsaLsAZO7GEPA=
-357,200,YZT424QsWl86zuWQi1FKRu1q17w=,zSPnsoTutNB4M2LsaLsAZO7GEPA=
-364,195,kq6HH/ULjLtSFOfP4Jwcmh7w2dU=,V6U+uR4cCjSD85e/oYIJKwGUynY=
-360,203,YZT424QsWl86zuWQi1FKRu1q17w=,zSPnsoTutNB4M2LsaLsAZO7GEPA=
-360,194,YZT424QsWl86zuWQi1FKRu1q17w=,NZv+PINTp3H+19IB9ac1BmDdn4E=
-363,195,kq6HH/ULjLtSFOfP4Jwcmh7w2dU=,V6U+uR4cCjSD85e/oYIJKwGUynY=
-360,201,YZT424QsWl86zuWQi1FKRu1q17w=,zSPnsoTutNB4M2LsaLsAZO7GEPA=
-364,192,kq6HH/ULjLtSFOfP4Jwcmh7w2dU=,V6U+uR4cCjSD85e/oYIJKwGUynY=
-358,194,YZT424QsWl86zuWQi1FKRu1q17w=,NZv+PINTp3H+19IB9ac1BmDdn4E=
-362,193,kq6HH/ULjLtSFOfP4Jwcmh7w2dU=,V6U+uR4cCjSD85e/oYIJKwGUynY=
-360,192,YZT424QsWl86zuWQi1FKRu1q17w=,NZv+PINTp3H+19IB9ac1BmDdn4E=
-364,202,kq6HH/ULjLtSFOfP4Jwcmh7w2dU=,oNMs7pNgJkFToHvYXwXib9R3mXc=
-358,195,YZT424QsWl86zuWQi1FKRu1q17w=,NZv+PINTp3H+19IB9ac1BmDdn4E=
-363,194,kq6HH/ULjLtSFOfP4Jwcmh7w2dU=,V6U+uR4cCjSD85e/oYIJKwGUynY=
-364,193,kq6HH/ULjLtSFOfP4Jwcmh7w2dU=,V6U+uR4cCjSD85e/oYIJKwGUynY=
-359,195,YZT424QsWl86zuWQi1FKRu1q17w=,NZv+PINTp3H+19IB9ac1BmDdn4E=
-358,199,YZT424QsWl86zuWQi1FKRu1q17w=,NZv+PINTp3H+19IB9ac1BmDdn4E=
-364,194,kq6HH/ULjLtSFOfP4Jwcmh7w2dU=,V6U+uR4cCjSD85e/oYIJKwGUynY=
-353,201,YZT424QsWl86zuWQi1FKRu1q17w=,zSPnsoTutNB4M2LsaLsAZO7GEPA=
-353,202,YZT424QsWl86zuWQi1FKRu1q17w=,zSPnsoTutNB4M2LsaLsAZO7GEPA=
-353,203,YZT424QsWl86zuWQi1FKRu1q17w=,zSPnsoTutNB4M2LsaLsAZO7GEPA=
-353,204,YZT424QsWl86zuWQi1FKRu1q17w=,zSPnsoTutNB4M2LsaLsAZO7GEPA=
-353,205,YZT424QsWl86zuWQi1FKRu1q17w=,zSPnsoTutNB4M2LsaLsAZO7GEPA=
-353,206,YZT424QsWl86zuWQi1FKRu1q17w=,zSPnsoTutNB4M2LsaLsAZO7GEPA=
-363,200,kq6HH/ULjLtSFOfP4Jwcmh7w2dU=,oNMs7pNgJkFToHvYXwXib9R3mXc=
-368,192,kq6HH/ULjLtSFOfP4Jwcmh7w2dU=,V6U+uR4cCjSD85e/oYIJKwGUynY=
-353,199,YZT424QsWl86zuWQi1FKRu1q17w=,NZv+PINTp3H+19IB9ac1BmDdn4E=
-362,202,kq6HH/ULjLtSFOfP4Jwcmh7w2dU=,oNMs7pNgJkFToHvYXwXib9R3mXc=
-364,203,kq6HH/ULjLtSFOfP4Jwcmh7w2dU=,oNMs7pNgJkFToHvYXwXib9R3mXc=
-353,207,YZT424QsWl86zuWQi1FKRu1q17w=,zSPnsoTutNB4M2LsaLsAZO7GEPA=
-358,192,YZT424QsWl86zuWQi1FKRu1q17w=,NZv+PINTp3H+19IB9ac1BmDdn4E=
-363,202,kq6HH/ULjLtSFOfP4Jwcmh7w2dU=,oNMs7pNgJkFToHvYXwXib9R3mXc=
-363,193,kq6HH/ULjLtSFOfP4Jwcmh7w2dU=,V6U+uR4cCjSD85e/oYIJKwGUynY=
-364,197,kq6HH/ULjLtSFOfP4Jwcmh7w2dU=,V6U+uR4cCjSD85e/oYIJKwGUynY=
-360,195,YZT424QsWl86zuWQi1FKRu1q17w=,NZv+PINTp3H+19IB9ac1BmDdn4E=
-361,203,kq6HH/ULjLtSFOfP4Jwcmh7w2dU=,oNMs7pNgJkFToHvYXwXib9R3mXc=
-357,195,YZT424QsWl86zuWQi1FKRu1q17w=,NZv+PINTp3H+19IB9ac1BmDdn4E=
-362,200,kq6HH/ULjLtSFOfP4Jwcmh7w2dU=,oNMs7pNgJkFToHvYXwXib9R3mXc=
-359,196,YZT424QsWl86zuWQi1FKRu1q17w=,NZv+PINTp3H+19IB9ac1BmDdn4E=
-361,201,kq6HH/ULjLtSFOfP4Jwcmh7w2dU=,oNMs7pNgJkFToHvYXwXib9R3mXc=
-359,199,YZT424QsWl86zuWQi1FKRu1q17w=,NZv+PINTp3H+19IB9ac1BmDdn4E=
-359,201,YZT424QsWl86zuWQi1FKRu1q17w=,zSPnsoTutNB4M2LsaLsAZO7GEPA=
-362,195,kq6HH/ULjLtSFOfP4Jwcmh7w2dU=,V6U+uR4cCjSD85e/oYIJKwGUynY=
-360,207,YZT424QsWl86zuWQi1FKRu1q17w=,zSPnsoTutNB4M2LsaLsAZO7GEPA=
-361,195,kq6HH/ULjLtSFOfP4Jwcmh7w2dU=,V6U+uR4cCjSD85e/oYIJKwGUynY=
-368,200,kq6HH/ULjLtSFOfP4Jwcmh7w2dU=,oNMs7pNgJkFToHvYXwXib9R3mXc=
-366,194,kq6HH/ULjLtSFOfP4Jwcmh7w2dU=,V6U+uR4cCjSD85e/oYIJKwGUynY=
-368,194,kq6HH/ULjLtSFOfP4Jwcmh7w2dU=,V6U+uR4cCjSD85e/oYIJKwGUynY=
-362,194,kq6HH/ULjLtSFOfP4Jwcmh7w2dU=,V6U+uR4cCjSD85e/oYIJKwGUynY=
-359,192,YZT424QsWl86zuWQi1FKRu1q17w=,NZv+PINTp3H+19IB9ac1BmDdn4E=
-368,197,kq6HH/ULjLtSFOfP4Jwcmh7w2dU=,V6U+uR4cCjSD85e/oYIJKwGUynY=
-365,194,kq6HH/ULjLtSFOfP4Jwcmh7w2dU=,V6U+uR4cCjSD85e/oYIJKwGUynY=
-361,207,kq6HH/ULjLtSFOfP4Jwcmh7w2dU=,oNMs7pNgJkFToHvYXwXib9R3mXc=
-357,192,YZT424QsWl86zuWQi1FKRu1q17w=,NZv+PINTp3H+19IB9ac1BmDdn4E=
-358,193,YZT424QsWl86zuWQi1FKRu1q17w=,NZv+PINTp3H+19IB9ac1BmDdn4E=
-354,201,YZT424QsWl86zuWQi1FKRu1q17w=,zSPnsoTutNB4M2LsaLsAZO7GEPA=
-357,199,YZT424QsWl86zuWQi1FKRu1q17w=,NZv+PINTp3H+19IB9ac1BmDdn4E=
-357,193,YZT424QsWl86zuWQi1FKRu1q17w=,NZv+PINTp3H+19IB9ac1BmDdn4E=
-362,207,kq6HH/ULjLtSFOfP4Jwcmh7w2dU=,oNMs7pNgJkFToHvYXwXib9R3mXc=
-361,194,kq6HH/ULjLtSFOfP4Jwcmh7w2dU=,V6U+uR4cCjSD85e/oYIJKwGUynY=
-356,202,YZT424QsWl86zuWQi1FKRu1q17w=,zSPnsoTutNB4M2LsaLsAZO7GEPA=
-366,193,kq6HH/ULjLtSFOfP4Jwcmh7w2dU=,V6U+uR4cCjSD85e/oYIJKwGUynY=
-363,201,kq6HH/ULjLtSFOfP4Jwcmh7w2dU=,oNMs7pNgJkFToHvYXwXib9R3mXc=
-354,198,YZT424QsWl86zuWQi1FKRu1q17w=,NZv+PINTp3H+19IB9ac1BmDdn4E=
-368,199,kq6HH/ULjLtSFOfP4Jwcmh7w2dU=,V6U+uR4cCjSD85e/oYIJKwGUynY=
-364,207,kq6HH/ULjLtSFOfP4Jwcmh7w2dU=,oNMs7pNgJkFToHvYXwXib9R3mXc=
-356,198,YZT424QsWl86zuWQi1FKRu1q17w=,NZv+PINTp3H+19IB9ac1BmDdn4E=
-353,200,YZT424QsWl86zuWQi1FKRu1q17w=,zSPnsoTutNB4M2LsaLsAZO7GEPA=
-368,198,kq6HH/ULjLtSFOfP4Jwcmh7w2dU=,V6U+uR4cCjSD85e/oYIJKwGUynY=
-353,197,YZT424QsWl86zuWQi1FKRu1q17w=,NZv+PINTp3H+19IB9ac1BmDdn4E=
-355,198,YZT424QsWl86zuWQi1FKRu1q17w=,NZv+PINTp3H+19IB9ac1BmDdn4E=
-357,202,YZT424QsWl86zuWQi1FKRu1q17w=,zSPnsoTutNB4M2LsaLsAZO7GEPA=
-360,193,YZT424QsWl86zuWQi1FKRu1q17w=,NZv+PINTp3H+19IB9ac1BmDdn4E=
-356,200,YZT424QsWl86zuWQi1FKRu1q17w=,zSPnsoTutNB4M2LsaLsAZO7GEPA=
-365,195,kq6HH/ULjLtSFOfP4Jwcmh7w2dU=,V6U+uR4cCjSD85e/oYIJKwGUynY=
-359,205,YZT424QsWl86zuWQi1FKRu1q17w=,zSPnsoTutNB4M2LsaLsAZO7GEPA=
-367,197,kq6HH/ULjLtSFOfP4Jwcmh7w2dU=,V6U+uR4cCjSD85e/oYIJKwGUynY=
-367,195,kq6HH/ULjLtSFOfP4Jwcmh7w2dU=,V6U+uR4cCjSD85e/oYIJKwGUynY=
-366,198,kq6HH/ULjLtSFOfP4Jwcmh7w2dU=,V6U+uR4cCjSD85e/oYIJKwGUynY=
-363,203,kq6HH/ULjLtSFOfP4Jwcmh7w2dU=,oNMs7pNgJkFToHvYXwXib9R3mXc=
-356,201,YZT424QsWl86zuWQi1FKRu1q17w=,zSPnsoTutNB4M2LsaLsAZO7GEPA=
-358,204,YZT424QsWl86zuWQi1FKRu1q17w=,zSPnsoTutNB4M2LsaLsAZO7GEPA=
-354,200,YZT424QsWl86zuWQi1FKRu1q17w=,zSPnsoTutNB4M2LsaLsAZO7GEPA=
-355,200,YZT424QsWl86zuWQi1FKRu1q17w=,zSPnsoTutNB4M2LsaLsAZO7GEPA=
-355,202,YZT424QsWl86zuWQi1FKRu1q17w=,zSPnsoTutNB4M2LsaLsAZO7GEPA=
-360,204,YZT424QsWl86zuWQi1FKRu1q17w=,zSPnsoTutNB4M2LsaLsAZO7GEPA=
-365,193,kq6HH/ULjLtSFOfP4Jwcmh7w2dU=,V6U+uR4cCjSD85e/oYIJKwGUynY=
-366,201,kq6HH/ULjLtSFOfP4Jwcmh7w2dU=,oNMs7pNgJkFToHvYXwXib9R3mXc=
-365,192,kq6HH/ULjLtSFOfP4Jwcmh7w2dU=,V6U+uR4cCjSD85e/oYIJKwGUynY=
-353,198,YZT424QsWl86zuWQi1FKRu1q17w=,NZv+PINTp3H+19IB9ac1BmDdn4E=
-367,198,kq6HH/ULjLtSFOfP4Jwcmh7w2dU=,V6U+uR4cCjSD85e/oYIJKwGUynY=
-362,196,kq6HH/ULjLtSFOfP4Jwcmh7w2dU=,V6U+uR4cCjSD85e/oYIJKwGUynY=
-365,197,kq6HH/ULjLtSFOfP4Jwcmh7w2dU=,V6U+uR4cCjSD85e/oYIJKwGUynY=
-366,197,kq6HH/ULjLtSFOfP4Jwcmh7w2dU=,V6U+uR4cCjSD85e/oYIJKwGUynY=
-361,200,kq6HH/ULjLtSFOfP4Jwcmh7w2dU=,oNMs7pNgJkFToHvYXwXib9R3mXc=
-367,196,kq6HH/ULjLtSFOfP4Jwcmh7w2dU=,V6U+uR4cCjSD85e/oYIJKwGUynY=
-368,195,kq6HH/ULjLtSFOfP4Jwcmh7w2dU=,V6U+uR4cCjSD85e/oYIJKwGUynY=
-365,207,kq6HH/ULjLtSFOfP4Jwcmh7w2dU=,oNMs7pNgJkFToHvYXwXib9R3mXc=
-367,193,kq6HH/ULjLtSFOfP4Jwcmh7w2dU=,V6U+uR4cCjSD85e/oYIJKwGUynY=
-356,199,YZT424QsWl86zuWQi1FKRu1q17w=,NZv+PINTp3H+19IB9ac1BmDdn4E=
-359,204,YZT424QsWl86zuWQi1FKRu1q17w=,zSPnsoTutNB4M2LsaLsAZO7GEPA=
-367,192,kq6HH/ULjLtSFOfP4Jwcmh7w2dU=,V6U+uR4cCjSD85e/oYIJKwGUynY=
-355,201,YZT424QsWl86zuWQi1FKRu1q17w=,zSPnsoTutNB4M2LsaLsAZO7GEPA=
-361,202,kq6HH/ULjLtSFOfP4Jwcmh7w2dU=,oNMs7pNgJkFToHvYXwXib9R3mXc=
-368,201,kq6HH/ULjLtSFOfP4Jwcmh7w2dU=,oNMs7pNgJkFToHvYXwXib9R3mXc=
-366,195,kq6HH/ULjLtSFOfP4Jwcmh7w2dU=,V6U+uR4cCjSD85e/oYIJKwGUynY=
-362,203,kq6HH/ULjLtSFOfP4Jwcmh7w2dU=,oNMs7pNgJkFToHvYXwXib9R3mXc=
-366,192,kq6HH/ULjLtSFOfP4Jwcmh7w2dU=,V6U+uR4cCjSD85e/oYIJKwGUynY=
-365,198,kq6HH/ULjLtSFOfP4Jwcmh7w2dU=,V6U+uR4cCjSD85e/oYIJKwGUynY=
-363,207,kq6HH/ULjLtSFOfP4Jwcmh7w2dU=,oNMs7pNgJkFToHvYXwXib9R3mXc=
-355,197,YZT424QsWl86zuWQi1FKRu1q17w=,NZv+PINTp3H+19IB9ac1BmDdn4E=
-364,198,kq6HH/ULjLtSFOfP4Jwcmh7w2dU=,V6U+uR4cCjSD85e/oYIJKwGUynY=
-365,201,kq6HH/ULjLtSFOfP4Jwcmh7w2dU=,oNMs7pNgJkFToHvYXwXib9R3mXc=
-361,193,kq6HH/ULjLtSFOfP4Jwcmh7w2dU=,V6U+uR4cCjSD85e/oYIJKwGUynY=
-355,199,YZT424QsWl86zuWQi1FKRu1q17w=,NZv+PINTp3H+19IB9ac1BmDdn4E=
-363,198,kq6HH/ULjLtSFOfP4Jwcmh7w2dU=,V6U+uR4cCjSD85e/oYIJKwGUynY=
-366,196,kq6HH/ULjLtSFOfP4Jwcmh7w2dU=,V6U+uR4cCjSD85e/oYIJKwGUynY=
-357,198,YZT424QsWl86zuWQi1FKRu1q17w=,NZv+PINTp3H+19IB9ac1BmDdn4E=
-365,196,kq6HH/ULjLtSFOfP4Jwcmh7w2dU=,V6U+uR4cCjSD85e/oYIJKwGUynY=
-354,197,YZT424QsWl86zuWQi1FKRu1q17w=,NZv+PINTp3H+19IB9ac1BmDdn4E=
-360,198,YZT424QsWl86zuWQi1FKRu1q17w=,NZv+PINTp3H+19IB9ac1BmDdn4E=
-357,197,YZT424QsWl86zuWQi1FKRu1q17w=,NZv+PINTp3H+19IB9ac1BmDdn4E=
-361,196,kq6HH/ULjLtSFOfP4Jwcmh7w2dU=,V6U+uR4cCjSD85e/oYIJKwGUynY=
-359,197,YZT424QsWl86zuWQi1FKRu1q17w=,NZv+PINTp3H+19IB9ac1BmDdn4E=
-358,198,YZT424QsWl86zuWQi1FKRu1q17w=,NZv+PINTp3H+19IB9ac1BmDdn4E=
-361,197,kq6HH/ULjLtSFOfP4Jwcmh7w2dU=,V6U+uR4cCjSD85e/oYIJKwGUynY=
-358,196,YZT424QsWl86zuWQi1FKRu1q17w=,NZv+PINTp3H+19IB9ac1BmDdn4E=
-357,196,YZT424QsWl86zuWQi1FKRu1q17w=,NZv+PINTp3H+19IB9ac1BmDdn4E=
-362,198,kq6HH/ULjLtSFOfP4Jwcmh7w2dU=,V6U+uR4cCjSD85e/oYIJKwGUynY=
-367,201,kq6HH/ULjLtSFOfP4Jwcmh7w2dU=,oNMs7pNgJkFToHvYXwXib9R3mXc=
-360,197,YZT424QsWl86zuWQi1FKRu1q17w=,NZv+PINTp3H+19IB9ac1BmDdn4E=
-363,197,kq6HH/ULjLtSFOfP4Jwcmh7w2dU=,V6U+uR4cCjSD85e/oYIJKwGUynY=
-362,197,kq6HH/ULjLtSFOfP4Jwcmh7w2dU=,V6U+uR4cCjSD85e/oYIJKwGUynY=
-360,196,YZT424QsWl86zuWQi1FKRu1q17w=,NZv+PINTp3H+19IB9ac1BmDdn4E=
-365,199,kq6HH/ULjLtSFOfP4Jwcmh7w2dU=,V6U+uR4cCjSD85e/oYIJKwGUynY=
-365,200,kq6HH/ULjLtSFOfP4Jwcmh7w2dU=,oNMs7pNgJkFToHvYXwXib9R3mXc=
-366,203,kq6HH/ULjLtSFOfP4Jwcmh7w2dU=,oNMs7pNgJkFToHvYXwXib9R3mXc=
-367,194,kq6HH/ULjLtSFOfP4Jwcmh7w2dU=,V6U+uR4cCjSD85e/oYIJKwGUynY=
-361,198,kq6HH/ULjLtSFOfP4Jwcmh7w2dU=,V6U+uR4cCjSD85e/oYIJKwGUynY=
-359,198,YZT424QsWl86zuWQi1FKRu1q17w=,NZv+PINTp3H+19IB9ac1BmDdn4E=
-365,203,kq6HH/ULjLtSFOfP4Jwcmh7w2dU=,oNMs7pNgJkFToHvYXwXib9R3mXc=
-356,197,YZT424QsWl86zuWQi1FKRu1q17w=,NZv+PINTp3H+19IB9ac1BmDdn4E=
-368,203,kq6HH/ULjLtSFOfP4Jwcmh7w2dU=,oNMs7pNgJkFToHvYXwXib9R3mXc=
-365,202,kq6HH/ULjLtSFOfP4Jwcmh7w2dU=,oNMs7pNgJkFToHvYXwXib9R3mXc=
-367,202,kq6HH/ULjLtSFOfP4Jwcmh7w2dU=,oNMs7pNgJkFToHvYXwXib9R3mXc=
-353,196,YZT424QsWl86zuWQi1FKRu1q17w=,NZv+PINTp3H+19IB9ac1BmDdn4E=
-366,200,kq6HH/ULjLtSFOfP4Jwcmh7w2dU=,oNMs7pNgJkFToHvYXwXib9R3mXc=
-358,197,YZT424QsWl86zuWQi1FKRu1q17w=,NZv+PINTp3H+19IB9ac1BmDdn4E=
-368,202,kq6HH/ULjLtSFOfP4Jwcmh7w2dU=,oNMs7pNgJkFToHvYXwXib9R3mXc=
-366,207,kq6HH/ULjLtSFOfP4Jwcmh7w2dU=,oNMs7pNgJkFToHvYXwXib9R3mXc=
-354,196,YZT424QsWl86zuWQi1FKRu1q17w=,NZv+PINTp3H+19IB9ac1BmDdn4E=
-368,196,kq6HH/ULjLtSFOfP4Jwcmh7w2dU=,V6U+uR4cCjSD85e/oYIJKwGUynY=
-364,196,kq6HH/ULjLtSFOfP4Jwcmh7w2dU=,V6U+uR4cCjSD85e/oYIJKwGUynY=
-366,199,kq6HH/ULjLtSFOfP4Jwcmh7w2dU=,V6U+uR4cCjSD85e/oYIJKwGUynY=
-364,206,kq6HH/ULjLtSFOfP4Jwcmh7w2dU=,oNMs7pNgJkFToHvYXwXib9R3mXc=
-363,206,kq6HH/ULjLtSFOfP4Jwcmh7w2dU=,oNMs7pNgJkFToHvYXwXib9R3mXc=
-367,199,kq6HH/ULjLtSFOfP4Jwcmh7w2dU=,V6U+uR4cCjSD85e/oYIJKwGUynY=
-367,203,kq6HH/ULjLtSFOfP4Jwcmh7w2dU=,oNMs7pNgJkFToHvYXwXib9R3mXc=
-368,193,kq6HH/ULjLtSFOfP4Jwcmh7w2dU=,V6U+uR4cCjSD85e/oYIJKwGUynY=
-361,206,kq6HH/ULjLtSFOfP4Jwcmh7w2dU=,oNMs7pNgJkFToHvYXwXib9R3mXc=
-362,206,kq6HH/ULjLtSFOfP4Jwcmh7w2dU=,oNMs7pNgJkFToHvYXwXib9R3mXc=
-361,205,kq6HH/ULjLtSFOfP4Jwcmh7w2dU=,oNMs7pNgJkFToHvYXwXib9R3mXc=
-360,206,YZT424QsWl86zuWQi1FKRu1q17w=,zSPnsoTutNB4M2LsaLsAZO7GEPA=
-364,205,kq6HH/ULjLtSFOfP4Jwcmh7w2dU=,oNMs7pNgJkFToHvYXwXib9R3mXc=
-366,206,kq6HH/ULjLtSFOfP4Jwcmh7w2dU=,oNMs7pNgJkFToHvYXwXib9R3mXc=
-360,205,YZT424QsWl86zuWQi1FKRu1q17w=,zSPnsoTutNB4M2LsaLsAZO7GEPA=
-367,200,kq6HH/ULjLtSFOfP4Jwcmh7w2dU=,oNMs7pNgJkFToHvYXwXib9R3mXc=
-368,205,kq6HH/ULjLtSFOfP4Jwcmh7w2dU=,oNMs7pNgJkFToHvYXwXib9R3mXc=
-368,206,kq6HH/ULjLtSFOfP4Jwcmh7w2dU=,oNMs7pNgJkFToHvYXwXib9R3mXc=
-364,204,kq6HH/ULjLtSFOfP4Jwcmh7w2dU=,oNMs7pNgJkFToHvYXwXib9R3mXc=
-366,205,kq6HH/ULjLtSFOfP4Jwcmh7w2dU=,oNMs7pNgJkFToHvYXwXib9R3mXc=
-366,202,kq6HH/ULjLtSFOfP4Jwcmh7w2dU=,oNMs7pNgJkFToHvYXwXib9R3mXc=
-367,207,kq6HH/ULjLtSFOfP4Jwcmh7w2dU=,oNMs7pNgJkFToHvYXwXib9R3mXc=
-365,206,kq6HH/ULjLtSFOfP4Jwcmh7w2dU=,oNMs7pNgJkFToHvYXwXib9R3mXc=
-356,196,YZT424QsWl86zuWQi1FKRu1q17w=,NZv+PINTp3H+19IB9ac1BmDdn4E=
-354,199,YZT424QsWl86zuWQi1FKRu1q17w=,NZv+PINTp3H+19IB9ac1BmDdn4E=
-368,207,kq6HH/ULjLtSFOfP4Jwcmh7w2dU=,oNMs7pNgJkFToHvYXwXib9R3mXc=
-366,204,kq6HH/ULjLtSFOfP4Jwcmh7w2dU=,oNMs7pNgJkFToHvYXwXib9R3mXc=
-367,206,kq6HH/ULjLtSFOfP4Jwcmh7w2dU=,oNMs7pNgJkFToHvYXwXib9R3mXc=
-363,205,kq6HH/ULjLtSFOfP4Jwcmh7w2dU=,oNMs7pNgJkFToHvYXwXib9R3mXc=
-353,193,YZT424QsWl86zuWQi1FKRu1q17w=,NZv+PINTp3H+19IB9ac1BmDdn4E=
-361,204,kq6HH/ULjLtSFOfP4Jwcmh7w2dU=,oNMs7pNgJkFToHvYXwXib9R3mXc=
-362,204,kq6HH/ULjLtSFOfP4Jwcmh7w2dU=,oNMs7pNgJkFToHvYXwXib9R3mXc=
-353,192,YZT424QsWl86zuWQi1FKRu1q17w=,NZv+PINTp3H+19IB9ac1BmDdn4E=
-362,205,kq6HH/ULjLtSFOfP4Jwcmh7w2dU=,oNMs7pNgJkFToHvYXwXib9R3mXc=
-365,205,kq6HH/ULjLtSFOfP4Jwcmh7w2dU=,oNMs7pNgJkFToHvYXwXib9R3mXc=
-354,193,YZT424QsWl86zuWQi1FKRu1q17w=,NZv+PINTp3H+19IB9ac1BmDdn4E=
-367,205,kq6HH/ULjLtSFOfP4Jwcmh7w2dU=,oNMs7pNgJkFToHvYXwXib9R3mXc=
-363,204,kq6HH/ULjLtSFOfP4Jwcmh7w2dU=,oNMs7pNgJkFToHvYXwXib9R3mXc=
-356,195,YZT424QsWl86zuWQi1FKRu1q17w=,NZv+PINTp3H+19IB9ac1BmDdn4E=
-355,196,YZT424QsWl86zuWQi1FKRu1q17w=,NZv+PINTp3H+19IB9ac1BmDdn4E=
-356,194,YZT424QsWl86zuWQi1FKRu1q17w=,NZv+PINTp3H+19IB9ac1BmDdn4E=
-368,204,kq6HH/ULjLtSFOfP4Jwcmh7w2dU=,oNMs7pNgJkFToHvYXwXib9R3mXc=
-354,195,YZT424QsWl86zuWQi1FKRu1q17w=,NZv+PINTp3H+19IB9ac1BmDdn4E=
-365,204,kq6HH/ULjLtSFOfP4Jwcmh7w2dU=,oNMs7pNgJkFToHvYXwXib9R3mXc=
-356,193,YZT424QsWl86zuWQi1FKRu1q17w=,NZv+PINTp3H+19IB9ac1BmDdn4E=
-356,192,YZT424QsWl86zuWQi1FKRu1q17w=,NZv+PINTp3H+19IB9ac1BmDdn4E=
-367,204,kq6HH/ULjLtSFOfP4Jwcmh7w2dU=,oNMs7pNgJkFToHvYXwXib9R3mXc=
-355,192,YZT424QsWl86zuWQi1FKRu1q17w=,NZv+PINTp3H+19IB9ac1BmDdn4E=
-353,195,YZT424QsWl86zuWQi1FKRu1q17w=,NZv+PINTp3H+19IB9ac1BmDdn4E=
-355,195,YZT424QsWl86zuWQi1FKRu1q17w=,NZv+PINTp3H+19IB9ac1BmDdn4E=
-353,194,YZT424QsWl86zuWQi1FKRu1q17w=,NZv+PINTp3H+19IB9ac1BmDdn4E=
-354,192,YZT424QsWl86zuWQi1FKRu1q17w=,NZv+PINTp3H+19IB9ac1BmDdn4E=
-355,193,YZT424QsWl86zuWQi1FKRu1q17w=,NZv+PINTp3H+19IB9ac1BmDdn4E=
-354,194,YZT424QsWl86zuWQi1FKRu1q17w=,NZv+PINTp3H+19IB9ac1BmDdn4E=
-355,194,YZT424QsWl86zuWQi1FKRu1q17w=,NZv+PINTp3H+19IB9ac1BmDdn4E=
