-39,-40,6cJg9Q1uI7P5eON0rMJuni7Bifg=,sus8htwWKJWc97bCDZks/XSlaiw=
-40,-40,36hAb9cb8pJnQe5rWtH6OQK8we0=,sus8htwWKJWc97bCDZks/XSlaiw=
-38,-37,6cJg9Q1uI7P5eON0rMJuni7Bifg=,sus8htwWKJWc97bCDZks/XSlaiw=
-44,-43,36hAb9cb8pJnQe5rWtH6OQK8we0=,HBp3KhpE+5/cQ4PoJTJS6xoBlvo=
-39,-37,6cJg9Q1uI7P5eON0rMJuni7Bifg=,sus8htwWKJWc97bCDZks/XSlaiw=
-41,-39,6cJg9Q1uI7P5eON0rMJuni7Bifg=,eNEwxbfmxOBnl6sv4XdL0s4w3cI=
-39,-39,6cJg9Q1uI7P5eON0rMJuni7Bifg=,sus8htwWKJWc97bCDZks/XSlaiw=
-43,-43,36hAb9cb8pJnQe5rWtH6OQK8we0=,HBp3KhpE+5/cQ4PoJTJS6xoBlvo=
-44,-42,36hAb9cb8pJnQe5rWtH6OQK8we0=,HBp3KhpE+5/cQ4PoJTJS6xoBlvo=
-43,-44,36hAb9cb8pJnQe5rWtH6OQK8we0=,HBp3KhpE+5/cQ4PoJTJS6xoBlvo=
-44,-39,36hAb9cb8pJnQe5rWtH6OQK8we0=,eNEwxbfmxOBnl6sv4XdL0s4w3cI=
-39,-38,6cJg9Q1uI7P5eON0rMJuni7Bifg=,sus8htwWKJWc97bCDZks/XSlaiw=
-44,-44,36hAb9cb8pJnQe5rWtH6OQK8we0=,HBp3KhpE+5/cQ4PoJTJS6xoBlvo=
-37,-38,6cJg9Q1uI7P5eON0rMJuni7Bifg=,sus8htwWKJWc97bCDZks/XSlaiw=
-41,-38,36hAb9cb8pJnQe5rWtH6OQK8we0=,eNEwxbfmxOBnl6sv4XdL0s4w3cI=
-42,-43,36hAb9cb8pJnQe5rWtH6OQK8we0=,HBp3KhpE+5/cQ4PoJTJS6xoBlvo=
-38,-38,6cJg9Q1uI7P5eON0rMJuni7Bifg=,sus8htwWKJWc97bCDZks/XSlaiw=
-42,-44,36hAb9cb8pJnQe5rWtH6OQK8we0=,HBp3KhpE+5/cQ4PoJTJS6xoBlvo=
-43,-42,6cJg9Q1uI7P5eON0rMJuni7Bifg=,HBp3KhpE+5/cQ4PoJTJS6xoBlvo=
-40,-44,36hAb9cb8pJnQe5rWtH6OQK8we0=,itQk8N1aGsvsWlk8JYV5h8bzvyY=
-42,-40,36hAb9cb8pJnQe5rWtH6OQK8we0=,eNEwxbfmxOBnl6sv4XdL0s4w3cI=
-42,-42,6cJg9Q1uI7P5eON0rMJuni7Bifg=,HBp3KhpE+5/cQ4PoJTJS6xoBlvo=
-38,-39,6cJg9Q1uI7P5eON0rMJuni7Bifg=,sus8htwWKJWc97bCDZks/XSlaiw=
-37,-39,6cJg9Q1uI7P5eON0rMJuni7Bifg=,sus8htwWKJWc97bCDZks/XSlaiw=
-43,-37,36hAb9cb8pJnQe5rWtH6OQK8we0=,eNEwxbfmxOBnl6sv4XdL0s4w3cI=
-42,-37,36hAb9cb8pJnQe5rWtH6OQK8we0=,eNEwxbfmxOBnl6sv4XdL0s4w3cI=
-42,-41,6cJg9Q1uI7P5eON0rMJuni7Bifg=,HBp3KhpE+5/cQ4PoJTJS6xoBlvo=
-43,-40,36hAb9cb8pJnQe5rWtH6OQK8we0=,eNEwxbfmxOBnl6sv4XdL0s4w3cI=
-44,-38,6cJg9Q1uI7P5eON0rMJuni7Bifg=,eNEwxbfmxOBnl6sv4XdL0s4w3cI=
-37,-37,6cJg9Q1uI7P5eON0rMJuni7Bifg=,sus8htwWKJWc97bCDZks/XSlaiw=
-43,-41,6cJg9Q1uI7P5eON0rMJuni7Bifg=,HBp3KhpE+5/cQ4PoJTJS6xoBlvo=
-42,-38,36hAb9cb8pJnQe5rWtH6OQK8we0=,eNEwxbfmxOBnl6sv4XdL0s4w3cI=
-44,-37,36hAb9cb8pJnQe5rWtH6OQK8we0=,eNEwxbfmxOBnl6sv4XdL0s4w3cI=
-44,-41,6cJg9Q1uI7P5eON0rMJuni7Bifg=,HBp3KhpE+5/cQ4PoJTJS6xoBlvo=
-42,-39,36hAb9cb8pJnQe5rWtH6OQK8we0=,eNEwxbfmxOBnl6sv4XdL0s4w3cI=
-41,-41,36hAb9cb8pJnQe5rWtH6OQK8we0=,HBp3KhpE+5/cQ4PoJTJS6xoBlvo=
-41,-40,6cJg9Q1uI7P5eON0rMJuni7Bifg=,eNEwxbfmxOBnl6sv4XdL0s4w3cI=
-43,-38,36hAb9cb8pJnQe5rWtH6OQK8we0=,eNEwxbfmxOBnl6sv4XdL0s4w3cI=
-40,-39,6cJg9Q1uI7P5eON0rMJuni7Bifg=,sus8htwWKJWc97bCDZks/XSlaiw=
-40,-41,36hAb9cb8pJnQe5rWtH6OQK8we0=,itQk8N1aGsvsWlk8JYV5h8bzvyY=
-38,-40,6cJg9Q1uI7P5eON0rMJuni7Bifg=,sus8htwWKJWc97bCDZks/XSlaiw=
-39,-41,6cJg9Q1uI7P5eON0rMJuni7Bifg=,itQk8N1aGsvsWlk8JYV5h8bzvyY=
-38,-42,6cJg9Q1uI7P5eON0rMJuni7Bifg=,itQk8N1aGsvsWlk8JYV5h8bzvyY=
-44,-40,6cJg9Q1uI7P5eON0rMJuni7Bifg=,eNEwxbfmxOBnl6sv4XdL0s4w3cI=
-38,-41,6cJg9Q1uI7P5eON0rMJuni7Bifg=,itQk8N1aGsvsWlk8JYV5h8bzvyY=
-40,-37,6cJg9Q1uI7P5eON0rMJuni7Bifg=,sus8htwWKJWc97bCDZks/XSlaiw=
-39,-44,6cJg9Q1uI7P5eON0rMJuni7Bifg=,itQk8N1aGsvsWlk8JYV5h8bzvyY=
-39,-42,36hAb9cb8pJnQe5rWtH6OQK8we0=,itQk8N1aGsvsWlk8JYV5h8bzvyY=
-40,-38,6cJg9Q1uI7P5eON0rMJuni7Bifg=,sus8htwWKJWc97bCDZks/XSlaiw=
-38,-43,6cJg9Q1uI7P5eON0rMJuni7Bifg=,itQk8N1aGsvsWlk8JYV5h8bzvyY=
-40,-42,36hAb9cb8pJnQe5rWtH6OQK8we0=,itQk8N1aGsvsWlk8JYV5h8bzvyY=
-41,-44,6cJg9Q1uI7P5eON0rMJuni7Bifg=,HBp3KhpE+5/cQ4PoJTJS6xoBlvo=
-41,-42,6cJg9Q1uI7P5eON0rMJuni7Bifg=,HBp3KhpE+5/cQ4PoJTJS6xoBlvo=
-37,-43,6cJg9Q1uI7P5eON0rMJuni7Bifg=,itQk8N1aGsvsWlk8JYV5h8bzvyY=
-39,-43,6cJg9Q1uI7P5eON0rMJuni7Bifg=,itQk8N1aGsvsWlk8JYV5h8bzvyY=
-41,-37,36hAb9cb8pJnQe5rWtH6OQK8we0=,eNEwxbfmxOBnl6sv4XdL0s4w3cI=
-41,-43,6cJg9Q1uI7P5eON0rMJuni7Bifg=,HBp3KhpE+5/cQ4PoJTJS6xoBlvo=
-41,-33,6cJg9Q1uI7P5eON0rMJuni7Bifg=,eNEwxbfmxOBnl6sv4XdL0s4w3cI=
-37,-41,36hAb9cb8pJnQe5rWtH6OQK8we0=,itQk8N1aGsvsWlk8JYV5h8bzvyY=
-37,-40,6cJg9Q1uI7P5eON0rMJuni7Bifg=,sus8htwWKJWc97bCDZks/XSlaiw=
-37,-42,6cJg9Q1uI7P5eON0rMJuni7Bifg=,itQk8N1aGsvsWlk8JYV5h8bzvyY=
-38,-44,6cJg9Q1uI7P5eON0rMJuni7Bifg=,itQk8N1aGsvsWlk8JYV5h8bzvyY=
-45,-44,36hAb9cb8pJnQe5rWtH6OQK8we0=,HBp3KhpE+5/cQ4PoJTJS6xoBlvo=
-43,-39,36hAb9cb8pJnQe5rWtH6OQK8we0=,eNEwxbfmxOBnl6sv4XdL0s4w3cI=
-37,-44,6cJg9Q1uI7P5eON0rMJuni7Bifg=,itQk8N1aGsvsWlk8JYV5h8bzvyY=
-46,-44,36hAb9cb8pJnQe5rWtH6OQK8we0=,HBp3KhpE+5/cQ4PoJTJS6xoBlvo=
-40,-43,6cJg9Q1uI7P5eON0rMJuni7Bifg=,itQk8N1aGsvsWlk8JYV5h8bzvyY=
-46,-40,36hAb9cb8pJnQe5rWtH6OQK8we0=,eNEwxbfmxOBnl6sv4XdL0s4w3cI=
-42,-33,36hAb9cb8pJnQe5rWtH6OQK8we0=,eNEwxbfmxOBnl6sv4XdL0s4w3cI=
-33,-42,36hAb9cb8pJnQe5rWtH6OQK8we0=,itQk8N1aGsvsWlk8JYV5h8bzvyY=
-47,-44,36hAb9cb8pJnQe5rWtH6OQK8we0=,HBp3KhpE+5/cQ4PoJTJS6xoBlvo=
-36,-41,36hAb9cb8pJnQe5rWtH6OQK8we0=,itQk8N1aGsvsWlk8JYV5h8bzvyY=
-45,-40,36hAb9cb8pJnQe5rWtH6OQK8we0=,eNEwxbfmxOBnl6sv4XdL0s4w3cI=
-48,-40,36hAb9cb8pJnQe5rWtH6OQK8we0=,eNEwxbfmxOBnl6sv4XdL0s4w3cI=
-43,-33,36hAb9cb8pJnQe5rWtH6OQK8we0=,eNEwxbfmxOBnl6sv4XdL0s4w3cI=
-46,-43,36hAb9cb8pJnQe5rWtH6OQK8we0=,HBp3KhpE+5/cQ4PoJTJS6xoBlvo=
-47,-39,36hAb9cb8pJnQe5rWtH6OQK8we0=,eNEwxbfmxOBnl6sv4XdL0s4w3cI=
-46,-42,36hAb9cb8pJnQe5rWtH6OQK8we0=,HBp3KhpE+5/cQ4PoJTJS6xoBlvo=
-33,-41,36hAb9cb8pJnQe5rWtH6OQK8we0=,itQk8N1aGsvsWlk8JYV5h8bzvyY=
-45,-43,36hAb9cb8pJnQe5rWtH6OQK8we0=,HBp3KhpE+5/cQ4PoJTJS6xoBlvo=
-46,-39,36hAb9cb8pJnQe5rWtH6OQK8we0=,eNEwxbfmxOBnl6sv4XdL0s4w3cI=
-47,-42,36hAb9cb8pJnQe5rWtH6OQK8we0=,HBp3KhpE+5/cQ4PoJTJS6xoBlvo=
-44,-33,36hAb9cb8pJnQe5rWtH6OQK8we0=,eNEwxbfmxOBnl6sv4XdL0s4w3cI=
-44,-36,36hAb9cb8pJnQe5rWtH6OQK8we0=,eNEwxbfmxOBnl6sv4XdL0s4w3cI=
-33,-38,36hAb9cb8pJnQe5rWtH6OQK8we0=,sus8htwWKJWc97bCDZks/XSlaiw=
-34,-41,36hAb9cb8pJnQe5rWtH6OQK8we0=,itQk8N1aGsvsWlk8JYV5h8bzvyY=
-34,-43,36hAb9cb8pJnQe5rWtH6OQK8we0=,itQk8N1aGsvsWlk8JYV5h8bzvyY=
-45,-33,36hAb9cb8pJnQe5rWtH6OQK8we0=,eNEwxbfmxOBnl6sv4XdL0s4w3cI=
-46,-33,36hAb9cb8pJnQe5rWtH6OQK8we0=,eNEwxbfmxOBnl6sv4XdL0s4w3cI=
-47,-40,36hAb9cb8pJnQe5rWtH6OQK8we0=,eNEwxbfmxOBnl6sv4XdL0s4w3cI=
-45,-42,36hAb9cb8pJnQe5rWtH6OQK8we0=,HBp3KhpE+5/cQ4PoJTJS6xoBlvo=
-43,-36,36hAb9cb8pJnQe5rWtH6OQK8we0=,eNEwxbfmxOBnl6sv4XdL0s4w3cI=
-35,-43,36hAb9cb8pJnQe5rWtH6OQK8we0=,itQk8N1aGsvsWlk8JYV5h8bzvyY=
-45,-39,36hAb9cb8pJnQe5rWtH6OQK8we0=,eNEwxbfmxOBnl6sv4XdL0s4w3cI=
-35,-42,36hAb9cb8pJnQe5rWtH6OQK8we0=,itQk8N1aGsvsWlk8JYV5h8bzvyY=
-42,-36,36hAb9cb8pJnQe5rWtH6OQK8we0=,eNEwxbfmxOBnl6sv4XdL0s4w3cI=
-45,-41,36hAb9cb8pJnQe5rWtH6OQK8we0=,HBp3KhpE+5/cQ4PoJTJS6xoBlvo=
-47,-33,36hAb9cb8pJnQe5rWtH6OQK8we0=,eNEwxbfmxOBnl6sv4XdL0s4w3cI=
-37,-33,36hAb9cb8pJnQe5rWtH6OQK8we0=,sus8htwWKJWc97bCDZks/XSlaiw=
-48,-33,36hAb9cb8pJnQe5rWtH6OQK8we0=,eNEwxbfmxOBnl6sv4XdL0s4w3cI=
-35,-41,36hAb9cb8pJnQe5rWtH6OQK8we0=,itQk8N1aGsvsWlk8JYV5h8bzvyY=
-34,-44,36hAb9cb8pJnQe5rWtH6OQK8we0=,itQk8N1aGsvsWlk8JYV5h8bzvyY=
-47,-43,36hAb9cb8pJnQe5rWtH6OQK8we0=,HBp3KhpE+5/cQ4PoJTJS6xoBlvo=
-45,-34,36hAb9cb8pJnQe5rWtH6OQK8we0=,eNEwxbfmxOBnl6sv4XdL0s4w3cI=
-46,-34,36hAb9cb8pJnQe5rWtH6OQK8we0=,eNEwxbfmxOBnl6sv4XdL0s4w3cI=
-47,-34,36hAb9cb8pJnQe5rWtH6OQK8we0=,eNEwxbfmxOBnl6sv4XdL0s4w3cI=
-37,-34,36hAb9cb8pJnQe5rWtH6OQK8we0=,sus8htwWKJWc97bCDZks/XSlaiw=
-33,-39,36hAb9cb8pJnQe5rWtH6OQK8we0=,sus8htwWKJWc97bCDZks/XSlaiw=
-36,-43,36hAb9cb8pJnQe5rWtH6OQK8we0=,itQk8N1aGsvsWlk8JYV5h8bzvyY=
-41,-36,36hAb9cb8pJnQe5rWtH6OQK8we0=,eNEwxbfmxOBnl6sv4XdL0s4w3cI=
-44,-35,36hAb9cb8pJnQe5rWtH6OQK8we0=,eNEwxbfmxOBnl6sv4XdL0s4w3cI=
-36,-42,36hAb9cb8pJnQe5rWtH6OQK8we0=,itQk8N1aGsvsWlk8JYV5h8bzvyY=
-43,-35,36hAb9cb8pJnQe5rWtH6OQK8we0=,eNEwxbfmxOBnl6sv4XdL0s4w3cI=
-34,-39,36hAb9cb8pJnQe5rWtH6OQK8we0=,sus8htwWKJWc97bCDZks/XSlaiw=
-33,-44,36hAb9cb8pJnQe5rWtH6OQK8we0=,itQk8N1aGsvsWlk8JYV5h8bzvyY=
-34,-38,36hAb9cb8pJnQe5rWtH6OQK8we0=,sus8htwWKJWc97bCDZks/XSlaiw=
-33,-43,36hAb9cb8pJnQe5rWtH6OQK8we0=,itQk8N1aGsvsWlk8JYV5h8bzvyY=
-42,-35,36hAb9cb8pJnQe5rWtH6OQK8we0=,eNEwxbfmxOBnl6sv4XdL0s4w3cI=
-48,-41,36hAb9cb8pJnQe5rWtH6OQK8we0=,HBp3KhpE+5/cQ4PoJTJS6xoBlvo=
-46,-35,36hAb9cb8pJnQe5rWtH6OQK8we0=,eNEwxbfmxOBnl6sv4XdL0s4w3cI=
-47,-35,36hAb9cb8pJnQe5rWtH6OQK8we0=,eNEwxbfmxOBnl6sv4XdL0s4w3cI=
-45,-35,36hAb9cb8pJnQe5rWtH6OQK8we0=,eNEwxbfmxOBnl6sv4XdL0s4w3cI=
-38,-34,36hAb9cb8pJnQe5rWtH6OQK8we0=,sus8htwWKJWc97bCDZks/XSlaiw=
-46,-36,36hAb9cb8pJnQe5rWtH6OQK8we0=,eNEwxbfmxOBnl6sv4XdL0s4w3cI=
-34,-42,36hAb9cb8pJnQe5rWtH6OQK8we0=,itQk8N1aGsvsWlk8JYV5h8bzvyY=
-36,-39,36hAb9cb8pJnQe5rWtH6OQK8we0=,sus8htwWKJWc97bCDZks/XSlaiw=
-41,-34,36hAb9cb8pJnQe5rWtH6OQK8we0=,eNEwxbfmxOBnl6sv4XdL0s4w3cI=
-39,-34,36hAb9cb8pJnQe5rWtH6OQK8we0=,sus8htwWKJWc97bCDZks/XSlaiw=
-42,-34,36hAb9cb8pJnQe5rWtH6OQK8we0=,eNEwxbfmxOBnl6sv4XdL0s4w3cI=
-46,-41,36hAb9cb8pJnQe5rWtH6OQK8we0=,HBp3KhpE+5/cQ4PoJTJS6xoBlvo=
-33,-34,36hAb9cb8pJnQe5rWtH6OQK8we0=,sus8htwWKJWc97bCDZks/XSlaiw=
-48,-36,36hAb9cb8pJnQe5rWtH6OQK8we0=,eNEwxbfmxOBnl6sv4XdL0s4w3cI=
-33,-47,36hAb9cb8pJnQe5rWtH6OQK8we0=,itQk8N1aGsvsWlk8JYV5h8bzvyY=
-47,-38,36hAb9cb8pJnQe5rWtH6OQK8we0=,eNEwxbfmxOBnl6sv4XdL0s4w3cI=
-41,-35,36hAb9cb8pJnQe5rWtH6OQK8we0=,eNEwxbfmxOBnl6sv4XdL0s4w3cI=
-48,-35,36hAb9cb8pJnQe5rWtH6OQK8we0=,eNEwxbfmxOBnl6sv4XdL0s4w3cI=
-44,-34,36hAb9cb8pJnQe5rWtH6OQK8we0=,eNEwxbfmxOBnl6sv4XdL0s4w3cI=
-48,-34,36hAb9cb8pJnQe5rWtH6OQK8we0=,eNEwxbfmxOBnl6sv4XdL0s4w3cI=
-40,-48,36hAb9cb8pJnQe5rWtH6OQK8we0=,itQk8N1aGsvsWlk8JYV5h8bzvyY=
-43,-34,36hAb9cb8pJnQe5rWtH6OQK8we0=,eNEwxbfmxOBnl6sv4XdL0s4w3cI=
-33,-37,36hAb9cb8pJnQe5rWtH6OQK8we0=,sus8htwWKJWc97bCDZks/XSlaiw=
-36,-38,36hAb9cb8pJnQe5rWtH6OQK8we0=,sus8htwWKJWc97bCDZks/XSlaiw=
-35,-44,36hAb9cb8pJnQe5rWtH6OQK8we0=,itQk8N1aGsvsWlk8JYV5h8bzvyY=
-45,-36,36hAb9cb8pJnQe5rWtH6OQK8we0=,eNEwxbfmxOBnl6sv4XdL0s4w3cI=
-48,-42,36hAb9cb8pJnQe5rWtH6OQK8we0=,HBp3KhpE+5/cQ4PoJTJS6xoBlvo=
-35,-39,36hAb9cb8pJnQe5rWtH6OQK8we0=,sus8htwWKJWc97bCDZks/XSlaiw=
-37,-35,36hAb9cb8pJnQe5rWtH6OQK8we0=,sus8htwWKJWc97bCDZks/XSlaiw=
-47,-41,36hAb9cb8pJnQe5rWtH6OQK8we0=,HBp3KhpE+5/cQ4PoJTJS6xoBlvo=
-33,-48,36hAb9cb8pJnQe5rWtH6OQK8we0=,itQk8N1aGsvsWlk8JYV5h8bzvyY=
-45,-37,36hAb9cb8pJnQe5rWtH6OQK8we0=,eNEwxbfmxOBnl6sv4XdL0s4w3cI=
-38,-35,36hAb9cb8pJnQe5rWtH6OQK8we0=,sus8htwWKJWc97bCDZks/XSlaiw=
-33,-40,36hAb9cb8pJnQe5rWtH6OQK8we0=,sus8htwWKJWc97bCDZks/XSlaiw=
-33,-35,36hAb9cb8pJnQe5rWtH6OQK8we0=,sus8htwWKJWc97bCDZks/XSlaiw=
-35,-36,36hAb9cb8pJnQe5rWtH6OQK8we0=,sus8htwWKJWc97bCDZks/XSlaiw=
-39,-35,36hAb9cb8pJnQe5rWtH6OQK8we0=,sus8htwWKJWc97bCDZks/XSlaiw=
-47,-36,36hAb9cb8pJnQe5rWtH6OQK8we0=,eNEwxbfmxOBnl6sv4XdL0s4w3cI=
-36,-33,36hAb9cb8pJnQe5rWtH6OQK8we0=,sus8htwWKJWc97bCDZks/XSlaiw=
-48,-48,36hAb9cb8pJnQe5rWtH6OQK8we0=,HBp3KhpE+5/cQ4PoJTJS6xoBlvo=
-33,-45,36hAb9cb8pJnQe5rWtH6OQK8we0=,itQk8N1aGsvsWlk8JYV5h8bzvyY=
-34,-35,36hAb9cb8pJnQe5rWtH6OQK8we0=,sus8htwWKJWc97bCDZks/XSlaiw=
-35,-38,36hAb9cb8pJnQe5rWtH6OQK8we0=,sus8htwWKJWc97bCDZks/XSlaiw=
-35,-35,36hAb9cb8pJnQe5rWtH6OQK8we0=,sus8htwWKJWc97bCDZks/XSlaiw=
-47,-37,36hAb9cb8pJnQe5rWtH6OQK8we0=,eNEwxbfmxOBnl6sv4XdL0s4w3cI=
-37,-48,36hAb9cb8pJnQe5rWtH6OQK8we0=,itQk8N1aGsvsWlk8JYV5h8bzvyY=
-48,-43,36hAb9cb8pJnQe5rWtH6OQK8we0=,HBp3KhpE+5/cQ4PoJTJS6xoBlvo=
-38,-36,36hAb9cb8pJnQe5rWtH6OQK8we0=,sus8htwWKJWc97bCDZks/XSlaiw=
-46,-37,36hAb9cb8pJnQe5rWtH6OQK8we0=,eNEwxbfmxOBnl6sv4XdL0s4w3cI=
-36,-36,36hAb9cb8pJnQe5rWtH6OQK8we0=,sus8htwWKJWc97bCDZks/XSlaiw=
-37,-36,36hAb9cb8pJnQe5rWtH6OQK8we0=,sus8htwWKJWc97bCDZks/XSlaiw=
-36,-35,36hAb9cb8pJnQe5rWtH6OQK8we0=,sus8htwWKJWc97bCDZks/XSlaiw=
-46,-38,36hAb9cb8pJnQe5rWtH6OQK8we0=,eNEwxbfmxOBnl6sv4XdL0s4w3cI=
-45,-38,36hAb9cb8pJnQe5rWtH6OQK8we0=,eNEwxbfmxOBnl6sv4XdL0s4w3cI=
-35,-37,36hAb9cb8pJnQe5rWtH6OQK8we0=,sus8htwWKJWc97bCDZks/XSlaiw=
-35,-33,36hAb9cb8pJnQe5rWtH6OQK8we0=,sus8htwWKJWc97bCDZks/XSlaiw=
-36,-37,36hAb9cb8pJnQe5rWtH6OQK8we0=,sus8htwWKJWc97bCDZks/XSlaiw=
-47,-48,36hAb9cb8pJnQe5rWtH6OQK8we0=,HBp3KhpE+5/cQ4PoJTJS6xoBlvo=
-36,-44,36hAb9cb8pJnQe5rWtH6OQK8we0=,itQk8N1aGsvsWlk8JYV5h8bzvyY=
-35,-40,36hAb9cb8pJnQe5rWtH6OQK8we0=,sus8htwWKJWc97bCDZks/XSlaiw=
-34,-37,36hAb9cb8pJnQe5rWtH6OQK8we0=,sus8htwWKJWc97bCDZks/XSlaiw=
-34,-36,36hAb9cb8pJnQe5rWtH6OQK8we0=,sus8htwWKJWc97bCDZks/XSlaiw=
-40,-33,36hAb9cb8pJnQe5rWtH6OQK8we0=,sus8htwWKJWc97bCDZks/XSlaiw=
-40,-36,36hAb9cb8pJnQe5rWtH6OQK8we0=,sus8htwWKJWc97bCDZks/XSlaiw=
-35,-47,36hAb9cb8pJnQe5rWtH6OQK8we0=,itQk8N1aGsvsWlk8JYV5h8bzvyY=
-39,-36,36hAb9cb8pJnQe5rWtH6OQK8we0=,sus8htwWKJWc97bCDZks/XSlaiw=
-37,-46,36hAb9cb8pJnQe5rWtH6OQK8we0=,itQk8N1aGsvsWlk8JYV5h8bzvyY=
-36,-34,36hAb9cb8pJnQe5rWtH6OQK8we0=,sus8htwWKJWc97bCDZks/XSlaiw=
-35,-45,36hAb9cb8pJnQe5rWtH6OQK8we0=,itQk8N1aGsvsWlk8JYV5h8bzvyY=
-48,-39,36hAb9cb8pJnQe5rWtH6OQK8we0=,eNEwxbfmxOBnl6sv4XdL0s4w3cI=
-39,-33,36hAb9cb8pJnQe5rWtH6OQK8we0=,sus8htwWKJWc97bCDZks/XSlaiw=
-33,-36,36hAb9cb8pJnQe5rWtH6OQK8we0=,sus8htwWKJWc97bCDZks/XSlaiw=
-35,-46,36hAb9cb8pJnQe5rWtH6OQK8we0=,itQk8N1aGsvsWlk8JYV5h8bzvyY=
-37,-45,36hAb9cb8pJnQe5rWtH6OQK8we0=,itQk8N1aGsvsWlk8JYV5h8bzvyY=
-39,-45,36hAb9cb8pJnQe5rWtH6OQK8we0=,itQk8N1aGsvsWlk8JYV5h8bzvyY=
-34,-45,36hAb9cb8pJnQe5rWtH6OQK8we0=,itQk8N1aGsvsWlk8JYV5h8bzvyY=
-40,-46,36hAb9cb8pJnQe5rWtH6OQK8we0=,itQk8N1aGsvsWlk8JYV5h8bzvyY=
-38,-45,36hAb9cb8pJnQe5rWtH6OQK8we0=,itQk8N1aGsvsWlk8JYV5h8bzvyY=
-34,-46,36hAb9cb8pJnQe5rWtH6OQK8we0=,itQk8N1aGsvsWlk8JYV5h8bzvyY=
-43,-46,36hAb9cb8pJnQe5rWtH6OQK8we0=,HBp3KhpE+5/cQ4PoJTJS6xoBlvo=
-39,-46,36hAb9cb8pJnQe5rWtH6OQK8we0=,itQk8N1aGsvsWlk8JYV5h8bzvyY=
-36,-46,36hAb9cb8pJnQe5rWtH6OQK8we0=,itQk8N1aGsvsWlk8JYV5h8bzvyY=
-38,-33,36hAb9cb8pJnQe5rWtH6OQK8we0=,sus8htwWKJWc97bCDZks/XSlaiw=
-36,-48,36hAb9cb8pJnQe5rWtH6OQK8we0=,itQk8N1aGsvsWlk8JYV5h8bzvyY=
-42,-46,36hAb9cb8pJnQe5rWtH6OQK8we0=,HBp3KhpE+5/cQ4PoJTJS6xoBlvo=
-35,-48,36hAb9cb8pJnQe5rWtH6OQK8we0=,itQk8N1aGsvsWlk8JYV5h8bzvyY=
-43,-45,36hAb9cb8pJnQe5rWtH6OQK8we0=,HBp3KhpE+5/cQ4PoJTJS6xoBlvo=
-48,-38,36hAb9cb8pJnQe5rWtH6OQK8we0=,eNEwxbfmxOBnl6sv4XdL0s4w3cI=
-47,-45,36hAb9cb8pJnQe5rWtH6OQK8we0=,HBp3KhpE+5/cQ4PoJTJS6xoBlvo=
-48,-37,36hAb9cb8pJnQe5rWtH6OQK8we0=,eNEwxbfmxOBnl6sv4XdL0s4w3cI=
-38,-46,36hAb9cb8pJnQe5rWtH6OQK8we0=,itQk8N1aGsvsWlk8JYV5h8bzvyY=
-45,-45,36hAb9cb8pJnQe5rWtH6OQK8we0=,HBp3KhpE+5/cQ4PoJTJS6xoBlvo=
-34,-48,36hAb9cb8pJnQe5rWtH6OQK8we0=,itQk8N1aGsvsWlk8JYV5h8bzvyY=
-46,-45,36hAb9cb8pJnQe5rWtH6OQK8we0=,HBp3KhpE+5/cQ4PoJTJS6xoBlvo=
-33,-33,36hAb9cb8pJnQe5rWtH6OQK8we0=,sus8htwWKJWc97bCDZks/XSlaiw=
-47,-47,36hAb9cb8pJnQe5rWtH6OQK8we0=,HBp3KhpE+5/cQ4PoJTJS6xoBlvo=
-43,-47,36hAb9cb8pJnQe5rWtH6OQK8we0=,HBp3KhpE+5/cQ4PoJTJS6xoBlvo=
-42,-47,36hAb9cb8pJnQe5rWtH6OQK8we0=,HBp3KhpE+5/cQ4PoJTJS6xoBlvo=
-46,-47,36hAb9cb8pJnQe5rWtH6OQK8we0=,HBp3KhpE+5/cQ4PoJTJS6xoBlvo=
-47,-46,36hAb9cb8pJnQe5rWtH6OQK8we0=,HBp3KhpE+5/cQ4PoJTJS6xoBlvo=
-36,-47,36hAb9cb8pJnQe5rWtH6OQK8we0=,itQk8N1aGsvsWlk8JYV5h8bzvyY=
-41,-48,36hAb9cb8pJnQe5rWtH6OQK8we0=,HBp3KhpE+5/cQ4PoJTJS6xoBlvo=
-42,-45,36hAb9cb8pJnQe5rWtH6OQK8we0=,HBp3KhpE+5/cQ4PoJTJS6xoBlvo=
-37,-47,36hAb9cb8pJnQe5rWtH6OQK8we0=,itQk8N1aGsvsWlk8JYV5h8bzvyY=
-39,-48,36hAb9cb8pJnQe5rWtH6OQK8we0=,itQk8N1aGsvsWlk8JYV5h8bzvyY=
-41,-46,36hAb9cb8pJnQe5rWtH6OQK8we0=,HBp3KhpE+5/cQ4PoJTJS6xoBlvo=
-44,-46,36hAb9cb8pJnQe5rWtH6OQK8we0=,HBp3KhpE+5/cQ4PoJTJS6xoBlvo=
-39,-47,36hAb9cb8pJnQe5rWtH6OQK8we0=,itQk8N1aGsvsWlk8JYV5h8bzvyY=
-38,-47,36hAb9cb8pJnQe5rWtH6OQK8we0=,itQk8N1aGsvsWlk8JYV5h8bzvyY=
-34,-40,36hAb9cb8pJnQe5rWtH6OQK8we0=,sus8htwWKJWc97bCDZks/XSlaiw=
-40,-34,36hAb9cb8pJnQe5rWtH6OQK8we0=,sus8htwWKJWc97bCDZks/XSlaiw=
-34,-47,36hAb9cb8pJnQe5rWtH6OQK8we0=,itQk8N1aGsvsWlk8JYV5h8bzvyY=
-33,-46,36hAb9cb8pJnQe5rWtH6OQK8we0=,itQk8N1aGsvsWlk8JYV5h8bzvyY=
-45,-47,36hAb9cb8pJnQe5rWtH6OQK8we0=,HBp3KhpE+5/cQ4PoJTJS6xoBlvo=
-44,-45,36hAb9cb8pJnQe5rWtH6OQK8we0=,HBp3KhpE+5/cQ4PoJTJS6xoBlvo=
-48,-44,36hAb9cb8pJnQe5rWtH6OQK8we0=,HBp3KhpE+5/cQ4PoJTJS6xoBlvo=
-41,-47,36hAb9cb8pJnQe5rWtH6OQK8we0=,HBp3KhpE+5/cQ4PoJTJS6xoBlvo=
-38,-48,36hAb9cb8pJnQe5rWtH6OQK8we0=,itQk8N1aGsvsWlk8JYV5h8bzvyY=
-40,-45,36hAb9cb8pJnQe5rWtH6OQK8we0=,itQk8N1aGsvsWlk8JYV5h8bzvyY=
-40,-35,36hAb9cb8pJnQe5rWtH6OQK8we0=,sus8htwWKJWc97bCDZks/XSlaiw=
-35,-34,36hAb9cb8pJnQe5rWtH6OQK8we0=,sus8htwWKJWc97bCDZks/XSlaiw=
-46,-46,36hAb9cb8pJnQe5rWtH6OQK8we0=,HBp3KhpE+5/cQ4PoJTJS6xoBlvo=
-34,-33,36hAb9cb8pJnQe5rWtH6OQK8we0=,sus8htwWKJWc97bCDZks/XSlaiw=
-34,-34,36hAb9cb8pJnQe5rWtH6OQK8we0=,sus8htwWKJWc97bCDZks/XSlaiw=
-46,-48,36hAb9cb8pJnQe5rWtH6OQK8we0=,HBp3KhpE+5/cQ4PoJTJS6xoBlvo=
-48,-45,36hAb9cb8pJnQe5rWtH6OQK8we0=,HBp3KhpE+5/cQ4PoJTJS6xoBlvo=
-45,-48,36hAb9cb8pJnQe5rWtH6OQK8we0=,HBp3KhpE+5/cQ4PoJTJS6xoBlvo=
-45,-46,36hAb9cb8pJnQe5rWtH6OQK8we0=,HBp3KhpE+5/cQ4PoJTJS6xoBlvo=
-48,-46,36hAb9cb8pJnQe5rWtH6OQK8we0=,HBp3KhpE+5/cQ4PoJTJS6xoBlvo=
-36,-40,36hAb9cb8pJnQe5rWtH6OQK8we0=,sus8htwWKJWc97bCDZks/XSlaiw=
-48,-47,36hAb9cb8pJnQe5rWtH6OQK8we0=,HBp3KhpE+5/cQ4PoJTJS6xoBlvo=
-44,-47,36hAb9cb8pJnQe5rWtH6OQK8we0=,HBp3KhpE+5/cQ4PoJTJS6xoBlvo=
-41,-45,36hAb9cb8pJnQe5rWtH6OQK8we0=,HBp3KhpE+5/cQ4PoJTJS6xoBlvo=
-40,-47,36hAb9cb8pJnQe5rWtH6OQK8we0=,itQk8N1aGsvsWlk8JYV5h8bzvyY=
-43,-48,36hAb9cb8pJnQe5rWtH6OQK8we0=,HBp3KhpE+5/cQ4PoJTJS6xoBlvo=
-36,-45,36hAb9cb8pJnQe5rWtH6OQK8we0=,itQk8N1aGsvsWlk8JYV5h8bzvyY=
-42,-48,36hAb9cb8pJnQe5rWtH6OQK8we0=,HBp3KhpE+5/cQ4PoJTJS6xoBlvo=
-44,-48,36hAb9cb8pJnQe5rWtH6OQK8we0=,HBp3KhpE+5/cQ4PoJTJS6xoBlvo=
-38,-57,KhIcmm8tUS4hH5Fz5a689HtZ8ZA=,S6XmIISEEzzYNXKI7z1bfcbgOKE=
-44,-59,KhIcmm8tUS4hH5Fz5a689HtZ8ZA=,y0avv89JfBaipqWNxVVaMOINkIs=
-41,-55,KhIcmm8tUS4hH5Fz5a689HtZ8ZA=,Emnmsi5zybNY+wXi5pgKqwUu/bA=
-41,-60,KhIcmm8tUS4hH5Fz5a689HtZ8ZA=,y0avv89JfBaipqWNxVVaMOINkIs=
-40,-55,KhIcmm8tUS4hH5Fz5a689HtZ8ZA=,jFllaj6HOTmP/ab9I13NeQeE818=
-40,-56,KhIcmm8tUS4hH5Fz5a689HtZ8ZA=,jFllaj6HOTmP/ab9I13NeQeE818=
-39,-57,KhIcmm8tUS4hH5Fz5a689HtZ8ZA=,S6XmIISEEzzYNXKI7z1bfcbgOKE=
-37,-57,KhIcmm8tUS4hH5Fz5a689HtZ8ZA=,S6XmIISEEzzYNXKI7z1bfcbgOKE=
-40,-58,KhIcmm8tUS4hH5Fz5a689HtZ8ZA=,S6XmIISEEzzYNXKI7z1bfcbgOKE=
-37,-58,KhIcmm8tUS4hH5Fz5a689HtZ8ZA=,S6XmIISEEzzYNXKI7z1bfcbgOKE=
-39,-59,KhIcmm8tUS4hH5Fz5a689HtZ8ZA=,S6XmIISEEzzYNXKI7z1bfcbgOKE=
-42,-60,KhIcmm8tUS4hH5Fz5a689HtZ8ZA=,y0avv89JfBaipqWNxVVaMOINkIs=
-44,-56,KhIcmm8tUS4hH5Fz5a689HtZ8ZA=,Emnmsi5zybNY+wXi5pgKqwUu/bA=
-39,-58,KhIcmm8tUS4hH5Fz5a689HtZ8ZA=,S6XmIISEEzzYNXKI7z1bfcbgOKE=
-44,-60,KhIcmm8tUS4hH5Fz5a689HtZ8ZA=,y0avv89JfBaipqWNxVVaMOINkIs=
-38,-58,KhIcmm8tUS4hH5Fz5a689HtZ8ZA=,S6XmIISEEzzYNXKI7z1bfcbgOKE=
-40,-60,KhIcmm8tUS4hH5Fz5a689HtZ8ZA=,S6XmIISEEzzYNXKI7z1bfcbgOKE=
-44,-55,KhIcmm8tUS4hH5Fz5a689HtZ8ZA=,Emnmsi5zybNY+wXi5pgKqwUu/bA=
-43,-60,KhIcmm8tUS4hH5Fz5a689HtZ8ZA=,y0avv89JfBaipqWNxVVaMOINkIs=
-40,-59,KhIcmm8tUS4hH5Fz5a689HtZ8ZA=,S6XmIISEEzzYNXKI7z1bfcbgOKE=
-43,-53,KhIcmm8tUS4hH5Fz5a689HtZ8ZA=,Emnmsi5zybNY+wXi5pgKqwUu/bA=
-44,-54,KhIcmm8tUS4hH5Fz5a689HtZ8ZA=,Emnmsi5zybNY+wXi5pgKqwUu/bA=
-41,-53,KhIcmm8tUS4hH5Fz5a689HtZ8ZA=,Emnmsi5zybNY+wXi5pgKqwUu/bA=
-42,-53,KhIcmm8tUS4hH5Fz5a689HtZ8ZA=,Emnmsi5zybNY+wXi5pgKqwUu/bA=
-43,-59,KhIcmm8tUS4hH5Fz5a689HtZ8ZA=,y0avv89JfBaipqWNxVVaMOINkIs=
-43,-55,KhIcmm8tUS4hH5Fz5a689HtZ8ZA=,Emnmsi5zybNY+wXi5pgKqwUu/bA=
-37,-59,KhIcmm8tUS4hH5Fz5a689HtZ8ZA=,S6XmIISEEzzYNXKI7z1bfcbgOKE=
-42,-56,KhIcmm8tUS4hH5Fz5a689HtZ8ZA=,Emnmsi5zybNY+wXi5pgKqwUu/bA=
-38,-59,KhIcmm8tUS4hH5Fz5a689HtZ8ZA=,S6XmIISEEzzYNXKI7z1bfcbgOKE=
-41,-54,KhIcmm8tUS4hH5Fz5a689HtZ8ZA=,Emnmsi5zybNY+wXi5pgKqwUu/bA=
-37,-54,KhIcmm8tUS4hH5Fz5a689HtZ8ZA=,jFllaj6HOTmP/ab9I13NeQeE818=
-44,-53,KhIcmm8tUS4hH5Fz5a689HtZ8ZA=,Emnmsi5zybNY+wXi5pgKqwUu/bA=
-44,-57,KhIcmm8tUS4hH5Fz5a689HtZ8ZA=,y0avv89JfBaipqWNxVVaMOINkIs=
-41,-56,KhIcmm8tUS4hH5Fz5a689HtZ8ZA=,Emnmsi5zybNY+wXi5pgKqwUu/bA=
-40,-53,KhIcmm8tUS4hH5Fz5a689HtZ8ZA=,jFllaj6HOTmP/ab9I13NeQeE818=
-38,-53,KhIcmm8tUS4hH5Fz5a689HtZ8ZA=,jFllaj6HOTmP/ab9I13NeQeE818=
-42,-55,KhIcmm8tUS4hH5Fz5a689HtZ8ZA=,Emnmsi5zybNY+wXi5pgKqwUu/bA=
-39,-60,KhIcmm8tUS4hH5Fz5a689HtZ8ZA=,S6XmIISEEzzYNXKI7z1bfcbgOKE=
-42,-59,KhIcmm8tUS4hH5Fz5a689HtZ8ZA=,y0avv89JfBaipqWNxVVaMOINkIs=
-42,-57,KhIcmm8tUS4hH5Fz5a689HtZ8ZA=,y0avv89JfBaipqWNxVVaMOINkIs=
-43,-54,KhIcmm8tUS4hH5Fz5a689HtZ8ZA=,Emnmsi5zybNY+wXi5pgKqwUu/bA=
-41,-57,KhIcmm8tUS4hH5Fz5a689HtZ8ZA=,y0avv89JfBaipqWNxVVaMOINkIs=
-38,-60,KhIcmm8tUS4hH5Fz5a689HtZ8ZA=,S6XmIISEEzzYNXKI7z1bfcbgOKE=
-42,-54,KhIcmm8tUS4hH5Fz5a689HtZ8ZA=,Emnmsi5zybNY+wXi5pgKqwUu/bA=
-37,-60,KhIcmm8tUS4hH5Fz5a689HtZ8ZA=,S6XmIISEEzzYNXKI7z1bfcbgOKE=
-41,-59,36hAb9cb8pJnQe5rWtH6OQK8we0=,y0avv89JfBaipqWNxVVaMOINkIs=
-38,-54,KhIcmm8tUS4hH5Fz5a689HtZ8ZA=,jFllaj6HOTmP/ab9I13NeQeE818=
-39,-53,KhIcmm8tUS4hH5Fz5a689HtZ8ZA=,jFllaj6HOTmP/ab9I13NeQeE818=
-41,-58,KhIcmm8tUS4hH5Fz5a689HtZ8ZA=,y0avv89JfBaipqWNxVVaMOINkIs=
-43,-56,KhIcmm8tUS4hH5Fz5a689HtZ8ZA=,Emnmsi5zybNY+wXi5pgKqwUu/bA=
-39,-55,KhIcmm8tUS4hH5Fz5a689HtZ8ZA=,jFllaj6HOTmP/ab9I13NeQeE818=
-43,-58,KhIcmm8tUS4hH5Fz5a689HtZ8ZA=,y0avv89JfBaipqWNxVVaMOINkIs=
-37,-55,KhIcmm8tUS4hH5Fz5a689HtZ8ZA=,jFllaj6HOTmP/ab9I13NeQeE818=
-44,-58,36hAb9cb8pJnQe5rWtH6OQK8we0=,y0avv89JfBaipqWNxVVaMOINkIs=
-40,-54,KhIcmm8tUS4hH5Fz5a689HtZ8ZA=,jFllaj6HOTmP/ab9I13NeQeE818=
-38,-55,36hAb9cb8pJnQe5rWtH6OQK8we0=,jFllaj6HOTmP/ab9I13NeQeE818=
-39,-54,KhIcmm8tUS4hH5Fz5a689HtZ8ZA=,jFllaj6HOTmP/ab9I13NeQeE818=
-42,-58,36hAb9cb8pJnQe5rWtH6OQK8we0=,y0avv89JfBaipqWNxVVaMOINkIs=
-40,-57,KhIcmm8tUS4hH5Fz5a689HtZ8ZA=,S6XmIISEEzzYNXKI7z1bfcbgOKE=
-37,-56,KhIcmm8tUS4hH5Fz5a689HtZ8ZA=,jFllaj6HOTmP/ab9I13NeQeE818=
-43,-57,KhIcmm8tUS4hH5Fz5a689HtZ8ZA=,y0avv89JfBaipqWNxVVaMOINkIs=
-38,-56,KhIcmm8tUS4hH5Fz5a689HtZ8ZA=,jFllaj6HOTmP/ab9I13NeQeE818=
-37,-53,KhIcmm8tUS4hH5Fz5a689HtZ8ZA=,jFllaj6HOTmP/ab9I13NeQeE818=
-39,-56,KhIcmm8tUS4hH5Fz5a689HtZ8ZA=,jFllaj6HOTmP/ab9I13NeQeE818=
-46,-55,KhIcmm8tUS4hH5Fz5a689HtZ8ZA=,Emnmsi5zybNY+wXi5pgKqwUu/bA=
-45,-57,KhIcmm8tUS4hH5Fz5a689HtZ8ZA=,y0avv89JfBaipqWNxVVaMOINkIs=
-45,-55,KhIcmm8tUS4hH5Fz5a689HtZ8ZA=,Emnmsi5zybNY+wXi5pgKqwUu/bA=
-47,-57,KhIcmm8tUS4hH5Fz5a689HtZ8ZA=,y0avv89JfBaipqWNxVVaMOINkIs=
-45,-51,KhIcmm8tUS4hH5Fz5a689HtZ8ZA=,Emnmsi5zybNY+wXi5pgKqwUu/bA=
-47,-58,KhIcmm8tUS4hH5Fz5a689HtZ8ZA=,y0avv89JfBaipqWNxVVaMOINkIs=
-45,-52,KhIcmm8tUS4hH5Fz5a689HtZ8ZA=,Emnmsi5zybNY+wXi5pgKqwUu/bA=
-46,-51,KhIcmm8tUS4hH5Fz5a689HtZ8ZA=,Emnmsi5zybNY+wXi5pgKqwUu/bA=
-47,-54,KhIcmm8tUS4hH5Fz5a689HtZ8ZA=,Emnmsi5zybNY+wXi5pgKqwUu/bA=
-47,-55,KhIcmm8tUS4hH5Fz5a689HtZ8ZA=,Emnmsi5zybNY+wXi5pgKqwUu/bA=
-47,-51,KhIcmm8tUS4hH5Fz5a689HtZ8ZA=,Emnmsi5zybNY+wXi5pgKqwUu/bA=
-47,-50,KhIcmm8tUS4hH5Fz5a689HtZ8ZA=,Emnmsi5zybNY+wXi5pgKqwUu/bA=
-47,-56,KhIcmm8tUS4hH5Fz5a689HtZ8ZA=,Emnmsi5zybNY+wXi5pgKqwUu/bA=
-46,-50,KhIcmm8tUS4hH5Fz5a689HtZ8ZA=,Emnmsi5zybNY+wXi5pgKqwUu/bA=
-45,-59,KhIcmm8tUS4hH5Fz5a689HtZ8ZA=,y0avv89JfBaipqWNxVVaMOINkIs=
-48,-53,KhIcmm8tUS4hH5Fz5a689HtZ8ZA=,Emnmsi5zybNY+wXi5pgKqwUu/bA=
-48,-55,KhIcmm8tUS4hH5Fz5a689HtZ8ZA=,Emnmsi5zybNY+wXi5pgKqwUu/bA=
-45,-56,KhIcmm8tUS4hH5Fz5a689HtZ8ZA=,Emnmsi5zybNY+wXi5pgKqwUu/bA=
-48,-51,KhIcmm8tUS4hH5Fz5a689HtZ8ZA=,Emnmsi5zybNY+wXi5pgKqwUu/bA=
-45,-50,KhIcmm8tUS4hH5Fz5a689HtZ8ZA=,Emnmsi5zybNY+wXi5pgKqwUu/bA=
-48,-54,KhIcmm8tUS4hH5Fz5a689HtZ8ZA=,Emnmsi5zybNY+wXi5pgKqwUu/bA=
-46,-49,KhIcmm8tUS4hH5Fz5a689HtZ8ZA=,Emnmsi5zybNY+wXi5pgKqwUu/bA=
-48,-56,KhIcmm8tUS4hH5Fz5a689HtZ8ZA=,Emnmsi5zybNY+wXi5pgKqwUu/bA=
-47,-59,KhIcmm8tUS4hH5Fz5a689HtZ8ZA=,y0avv89JfBaipqWNxVVaMOINkIs=
-47,-49,KhIcmm8tUS4hH5Fz5a689HtZ8ZA=,Emnmsi5zybNY+wXi5pgKqwUu/bA=
-45,-49,KhIcmm8tUS4hH5Fz5a689HtZ8ZA=,Emnmsi5zybNY+wXi5pgKqwUu/bA=
-47,-60,KhIcmm8tUS4hH5Fz5a689HtZ8ZA=,y0avv89JfBaipqWNxVVaMOINkIs=
-45,-60,KhIcmm8tUS4hH5Fz5a689HtZ8ZA=,y0avv89JfBaipqWNxVVaMOINkIs=
-45,-54,KhIcmm8tUS4hH5Fz5a689HtZ8ZA=,Emnmsi5zybNY+wXi5pgKqwUu/bA=
-46,-60,KhIcmm8tUS4hH5Fz5a689HtZ8ZA=,y0avv89JfBaipqWNxVVaMOINkIs=
-48,-58,KhIcmm8tUS4hH5Fz5a689HtZ8ZA=,y0avv89JfBaipqWNxVVaMOINkIs=
-48,-59,KhIcmm8tUS4hH5Fz5a689HtZ8ZA=,y0avv89JfBaipqWNxVVaMOINkIs=
-39,-62,KhIcmm8tUS4hH5Fz5a689HtZ8ZA=,S6XmIISEEzzYNXKI7z1bfcbgOKE=
-42,-64,KhIcmm8tUS4hH5Fz5a689HtZ8ZA=,y0avv89JfBaipqWNxVVaMOINkIs=
-38,-62,KhIcmm8tUS4hH5Fz5a689HtZ8ZA=,S6XmIISEEzzYNXKI7z1bfcbgOKE=
-48,-50,KhIcmm8tUS4hH5Fz5a689HtZ8ZA=,Emnmsi5zybNY+wXi5pgKqwUu/bA=
-48,-60,KhIcmm8tUS4hH5Fz5a689HtZ8ZA=,y0avv89JfBaipqWNxVVaMOINkIs=
-46,-59,KhIcmm8tUS4hH5Fz5a689HtZ8ZA=,y0avv89JfBaipqWNxVVaMOINkIs=
-46,-54,KhIcmm8tUS4hH5Fz5a689HtZ8ZA=,Emnmsi5zybNY+wXi5pgKqwUu/bA=
-36,-63,KhIcmm8tUS4hH5Fz5a689HtZ8ZA=,S6XmIISEEzzYNXKI7z1bfcbgOKE=
-41,-64,KhIcmm8tUS4hH5Fz5a689HtZ8ZA=,y0avv89JfBaipqWNxVVaMOINkIs=
-47,-53,KhIcmm8tUS4hH5Fz5a689HtZ8ZA=,Emnmsi5zybNY+wXi5pgKqwUu/bA=
-45,-58,KhIcmm8tUS4hH5Fz5a689HtZ8ZA=,y0avv89JfBaipqWNxVVaMOINkIs=
-44,-62,KhIcmm8tUS4hH5Fz5a689HtZ8ZA=,y0avv89JfBaipqWNxVVaMOINkIs=
-36,-64,KhIcmm8tUS4hH5Fz5a689HtZ8ZA=,S6XmIISEEzzYNXKI7z1bfcbgOKE=
-37,-62,KhIcmm8tUS4hH5Fz5a689HtZ8ZA=,S6XmIISEEzzYNXKI7z1bfcbgOKE=
-47,-52,KhIcmm8tUS4hH5Fz5a689HtZ8ZA=,Emnmsi5zybNY+wXi5pgKqwUu/bA=
-37,-61,KhIcmm8tUS4hH5Fz5a689HtZ8ZA=,S6XmIISEEzzYNXKI7z1bfcbgOKE=
-48,-52,KhIcmm8tUS4hH5Fz5a689HtZ8ZA=,Emnmsi5zybNY+wXi5pgKqwUu/bA=
-34,-62,KhIcmm8tUS4hH5Fz5a689HtZ8ZA=,S6XmIISEEzzYNXKI7z1bfcbgOKE=
-46,-53,KhIcmm8tUS4hH5Fz5a689HtZ8ZA=,Emnmsi5zybNY+wXi5pgKqwUu/bA=
-48,-49,KhIcmm8tUS4hH5Fz5a689HtZ8ZA=,Emnmsi5zybNY+wXi5pgKqwUu/bA=
-37,-63,KhIcmm8tUS4hH5Fz5a689HtZ8ZA=,S6XmIISEEzzYNXKI7z1bfcbgOKE=
-40,-62,KhIcmm8tUS4hH5Fz5a689HtZ8ZA=,S6XmIISEEzzYNXKI7z1bfcbgOKE=
-46,-57,KhIcmm8tUS4hH5Fz5a689HtZ8ZA=,y0avv89JfBaipqWNxVVaMOINkIs=
-45,-53,KhIcmm8tUS4hH5Fz5a689HtZ8ZA=,Emnmsi5zybNY+wXi5pgKqwUu/bA=
-38,-63,KhIcmm8tUS4hH5Fz5a689HtZ8ZA=,S6XmIISEEzzYNXKI7z1bfcbgOKE=
-34,-63,KhIcmm8tUS4hH5Fz5a689HtZ8ZA=,S6XmIISEEzzYNXKI7z1bfcbgOKE=
-36,-61,KhIcmm8tUS4hH5Fz5a689HtZ8ZA=,S6XmIISEEzzYNXKI7z1bfcbgOKE=
-36,-62,KhIcmm8tUS4hH5Fz5a689HtZ8ZA=,S6XmIISEEzzYNXKI7z1bfcbgOKE=
-48,-64,KhIcmm8tUS4hH5Fz5a689HtZ8ZA=,y0avv89JfBaipqWNxVVaMOINkIs=
-40,-64,KhIcmm8tUS4hH5Fz5a689HtZ8ZA=,S6XmIISEEzzYNXKI7z1bfcbgOKE=
-42,-62,KhIcmm8tUS4hH5Fz5a689HtZ8ZA=,y0avv89JfBaipqWNxVVaMOINkIs=
-34,-61,KhIcmm8tUS4hH5Fz5a689HtZ8ZA=,S6XmIISEEzzYNXKI7z1bfcbgOKE=
-38,-61,KhIcmm8tUS4hH5Fz5a689HtZ8ZA=,S6XmIISEEzzYNXKI7z1bfcbgOKE=
-40,-61,KhIcmm8tUS4hH5Fz5a689HtZ8ZA=,S6XmIISEEzzYNXKI7z1bfcbgOKE=
-35,-62,KhIcmm8tUS4hH5Fz5a689HtZ8ZA=,S6XmIISEEzzYNXKI7z1bfcbgOKE=
-43,-63,KhIcmm8tUS4hH5Fz5a689HtZ8ZA=,y0avv89JfBaipqWNxVVaMOINkIs=
-41,-61,KhIcmm8tUS4hH5Fz5a689HtZ8ZA=,y0avv89JfBaipqWNxVVaMOINkIs=
-34,-64,KhIcmm8tUS4hH5Fz5a689HtZ8ZA=,S6XmIISEEzzYNXKI7z1bfcbgOKE=
-46,-58,KhIcmm8tUS4hH5Fz5a689HtZ8ZA=,y0avv89JfBaipqWNxVVaMOINkIs=
-39,-63,KhIcmm8tUS4hH5Fz5a689HtZ8ZA=,S6XmIISEEzzYNXKI7z1bfcbgOKE=
-39,-61,KhIcmm8tUS4hH5Fz5a689HtZ8ZA=,S6XmIISEEzzYNXKI7z1bfcbgOKE=
-35,-64,KhIcmm8tUS4hH5Fz5a689HtZ8ZA=,S6XmIISEEzzYNXKI7z1bfcbgOKE=
-35,-63,KhIcmm8tUS4hH5Fz5a689HtZ8ZA=,S6XmIISEEzzYNXKI7z1bfcbgOKE=
-33,-58,KhIcmm8tUS4hH5Fz5a689HtZ8ZA=,S6XmIISEEzzYNXKI7z1bfcbgOKE=
-40,-63,KhIcmm8tUS4hH5Fz5a689HtZ8ZA=,S6XmIISEEzzYNXKI7z1bfcbgOKE=
-43,-64,KhIcmm8tUS4hH5Fz5a689HtZ8ZA=,y0avv89JfBaipqWNxVVaMOINkIs=
-48,-57,KhIcmm8tUS4hH5Fz5a689HtZ8ZA=,y0avv89JfBaipqWNxVVaMOINkIs=
-47,-61,KhIcmm8tUS4hH5Fz5a689HtZ8ZA=,y0avv89JfBaipqWNxVVaMOINkIs=
-33,-61,KhIcmm8tUS4hH5Fz5a689HtZ8ZA=,S6XmIISEEzzYNXKI7z1bfcbgOKE=
-41,-62,KhIcmm8tUS4hH5Fz5a689HtZ8ZA=,y0avv89JfBaipqWNxVVaMOINkIs=
-33,-64,KhIcmm8tUS4hH5Fz5a689HtZ8ZA=,S6XmIISEEzzYNXKI7z1bfcbgOKE=
-42,-61,KhIcmm8tUS4hH5Fz5a689HtZ8ZA=,y0avv89JfBaipqWNxVVaMOINkIs=
-46,-62,KhIcmm8tUS4hH5Fz5a689HtZ8ZA=,y0avv89JfBaipqWNxVVaMOINkIs=
-45,-62,KhIcmm8tUS4hH5Fz5a689HtZ8ZA=,y0avv89JfBaipqWNxVVaMOINkIs=
-46,-52,KhIcmm8tUS4hH5Fz5a689HtZ8ZA=,Emnmsi5zybNY+wXi5pgKqwUu/bA=
-43,-62,KhIcmm8tUS4hH5Fz5a689HtZ8ZA=,y0avv89JfBaipqWNxVVaMOINkIs=
-35,-61,KhIcmm8tUS4hH5Fz5a689HtZ8ZA=,S6XmIISEEzzYNXKI7z1bfcbgOKE=
-33,-62,KhIcmm8tUS4hH5Fz5a689HtZ8ZA=,S6XmIISEEzzYNXKI7z1bfcbgOKE=
-35,-53,KhIcmm8tUS4hH5Fz5a689HtZ8ZA=,jFllaj6HOTmP/ab9I13NeQeE818=
-41,-63,KhIcmm8tUS4hH5Fz5a689HtZ8ZA=,y0avv89JfBaipqWNxVVaMOINkIs=
-46,-56,KhIcmm8tUS4hH5Fz5a689HtZ8ZA=,Emnmsi5zybNY+wXi5pgKqwUu/bA=
-45,-61,KhIcmm8tUS4hH5Fz5a689HtZ8ZA=,y0avv89JfBaipqWNxVVaMOINkIs=
-44,-63,KhIcmm8tUS4hH5Fz5a689HtZ8ZA=,y0avv89JfBaipqWNxVVaMOINkIs=
-43,-61,KhIcmm8tUS4hH5Fz5a689HtZ8ZA=,y0avv89JfBaipqWNxVVaMOINkIs=
-39,-64,KhIcmm8tUS4hH5Fz5a689HtZ8ZA=,S6XmIISEEzzYNXKI7z1bfcbgOKE=
-44,-64,KhIcmm8tUS4hH5Fz5a689HtZ8ZA=,y0avv89JfBaipqWNxVVaMOINkIs=
-33,-53,KhIcmm8tUS4hH5Fz5a689HtZ8ZA=,jFllaj6HOTmP/ab9I13NeQeE818=
-33,-63,KhIcmm8tUS4hH5Fz5a689HtZ8ZA=,S6XmIISEEzzYNXKI7z1bfcbgOKE=
-46,-61,KhIcmm8tUS4hH5Fz5a689HtZ8ZA=,y0avv89JfBaipqWNxVVaMOINkIs=
-44,-61,KhIcmm8tUS4hH5Fz5a689HtZ8ZA=,y0avv89JfBaipqWNxVVaMOINkIs=
-42,-63,KhIcmm8tUS4hH5Fz5a689HtZ8ZA=,y0avv89JfBaipqWNxVVaMOINkIs=
-36,-53,KhIcmm8tUS4hH5Fz5a689HtZ8ZA=,jFllaj6HOTmP/ab9I13NeQeE818=
-33,-57,KhIcmm8tUS4hH5Fz5a689HtZ8ZA=,S6XmIISEEzzYNXKI7z1bfcbgOKE=
-34,-55,KhIcmm8tUS4hH5Fz5a689HtZ8ZA=,jFllaj6HOTmP/ab9I13NeQeE818=
-35,-56,KhIcmm8tUS4hH5Fz5a689HtZ8ZA=,jFllaj6HOTmP/ab9I13NeQeE818=
-48,-61,KhIcmm8tUS4hH5Fz5a689HtZ8ZA=,y0avv89JfBaipqWNxVVaMOINkIs=
-47,-62,KhIcmm8tUS4hH5Fz5a689HtZ8ZA=,y0avv89JfBaipqWNxVVaMOINkIs=
-34,-57,KhIcmm8tUS4hH5Fz5a689HtZ8ZA=,S6XmIISEEzzYNXKI7z1bfcbgOKE=
-48,-63,KhIcmm8tUS4hH5Fz5a689HtZ8ZA=,y0avv89JfBaipqWNxVVaMOINkIs=
-35,-54,KhIcmm8tUS4hH5Fz5a689HtZ8ZA=,jFllaj6HOTmP/ab9I13NeQeE818=
-35,-55,KhIcmm8tUS4hH5Fz5a689HtZ8ZA=,jFllaj6HOTmP/ab9I13NeQeE818=
-34,-54,KhIcmm8tUS4hH5Fz5a689HtZ8ZA=,jFllaj6HOTmP/ab9I13NeQeE818=
-35,-57,KhIcmm8tUS4hH5Fz5a689HtZ8ZA=,S6XmIISEEzzYNXKI7z1bfcbgOKE=
-36,-55,KhIcmm8tUS4hH5Fz5a689HtZ8ZA=,jFllaj6HOTmP/ab9I13NeQeE818=
-33,-59,KhIcmm8tUS4hH5Fz5a689HtZ8ZA=,S6XmIISEEzzYNXKI7z1bfcbgOKE=
-36,-56,KhIcmm8tUS4hH5Fz5a689HtZ8ZA=,jFllaj6HOTmP/ab9I13NeQeE818=
-34,-53,KhIcmm8tUS4hH5Fz5a689HtZ8ZA=,jFllaj6HOTmP/ab9I13NeQeE818=
-36,-54,KhIcmm8tUS4hH5Fz5a689HtZ8ZA=,jFllaj6HOTmP/ab9I13NeQeE818=
-38,-64,KhIcmm8tUS4hH5Fz5a689HtZ8ZA=,S6XmIISEEzzYNXKI7z1bfcbgOKE=
-34,-56,KhIcmm8tUS4hH5Fz5a689HtZ8ZA=,jFllaj6HOTmP/ab9I13NeQeE818=
-34,-58,KhIcmm8tUS4hH5Fz5a689HtZ8ZA=,S6XmIISEEzzYNXKI7z1bfcbgOKE=
-45,-63,KhIcmm8tUS4hH5Fz5a689HtZ8ZA=,y0avv89JfBaipqWNxVVaMOINkIs=
-46,-63,KhIcmm8tUS4hH5Fz5a689HtZ8ZA=,y0avv89JfBaipqWNxVVaMOINkIs=
-47,-63,KhIcmm8tUS4hH5Fz5a689HtZ8ZA=,y0avv89JfBaipqWNxVVaMOINkIs=
-33,-55,KhIcmm8tUS4hH5Fz5a689HtZ8ZA=,jFllaj6HOTmP/ab9I13NeQeE818=
-33,-54,KhIcmm8tUS4hH5Fz5a689HtZ8ZA=,jFllaj6HOTmP/ab9I13NeQeE818=
-36,-59,KhIcmm8tUS4hH5Fz5a689HtZ8ZA=,S6XmIISEEzzYNXKI7z1bfcbgOKE=
-33,-56,KhIcmm8tUS4hH5Fz5a689HtZ8ZA=,jFllaj6HOTmP/ab9I13NeQeE818=
-36,-57,KhIcmm8tUS4hH5Fz5a689HtZ8ZA=,S6XmIISEEzzYNXKI7z1bfcbgOKE=
-37,-64,KhIcmm8tUS4hH5Fz5a689HtZ8ZA=,S6XmIISEEzzYNXKI7z1bfcbgOKE=
-48,-62,KhIcmm8tUS4hH5Fz5a689HtZ8ZA=,y0avv89JfBaipqWNxVVaMOINkIs=
-36,-58,KhIcmm8tUS4hH5Fz5a689HtZ8ZA=,S6XmIISEEzzYNXKI7z1bfcbgOKE=
-46,-64,KhIcmm8tUS4hH5Fz5a689HtZ8ZA=,y0avv89JfBaipqWNxVVaMOINkIs=
-34,-60,KhIcmm8tUS4hH5Fz5a689HtZ8ZA=,S6XmIISEEzzYNXKI7z1bfcbgOKE=
-33,-60,KhIcmm8tUS4hH5Fz5a689HtZ8ZA=,S6XmIISEEzzYNXKI7z1bfcbgOKE=
-39,-52,KhIcmm8tUS4hH5Fz5a689HtZ8ZA=,jFllaj6HOTmP/ab9I13NeQeE818=
-34,-59,KhIcmm8tUS4hH5Fz5a689HtZ8ZA=,S6XmIISEEzzYNXKI7z1bfcbgOKE=
-35,-58,KhIcmm8tUS4hH5Fz5a689HtZ8ZA=,S6XmIISEEzzYNXKI7z1bfcbgOKE=
-47,-64,KhIcmm8tUS4hH5Fz5a689HtZ8ZA=,y0avv89JfBaipqWNxVVaMOINkIs=
-34,-52,KhIcmm8tUS4hH5Fz5a689HtZ8ZA=,jFllaj6HOTmP/ab9I13NeQeE818=
-34,-50,KhIcmm8tUS4hH5Fz5a689HtZ8ZA=,jFllaj6HOTmP/ab9I13NeQeE818=
-45,-64,KhIcmm8tUS4hH5Fz5a689HtZ8ZA=,y0avv89JfBaipqWNxVVaMOINkIs=
-38,-51,KhIcmm8tUS4hH5Fz5a689HtZ8ZA=,jFllaj6HOTmP/ab9I13NeQeE818=
-35,-50,KhIcmm8tUS4hH5Fz5a689HtZ8ZA=,jFllaj6HOTmP/ab9I13NeQeE818=
-42,-52,KhIcmm8tUS4hH5Fz5a689HtZ8ZA=,Emnmsi5zybNY+wXi5pgKqwUu/bA=
-35,-59,KhIcmm8tUS4hH5Fz5a689HtZ8ZA=,S6XmIISEEzzYNXKI7z1bfcbgOKE=
-39,-50,KhIcmm8tUS4hH5Fz5a689HtZ8ZA=,jFllaj6HOTmP/ab9I13NeQeE818=
-36,-50,KhIcmm8tUS4hH5Fz5a689HtZ8ZA=,jFllaj6HOTmP/ab9I13NeQeE818=
-43,-52,KhIcmm8tUS4hH5Fz5a689HtZ8ZA=,Emnmsi5zybNY+wXi5pgKqwUu/bA=
-36,-52,KhIcmm8tUS4hH5Fz5a689HtZ8ZA=,jFllaj6HOTmP/ab9I13NeQeE818=
-40,-49,KhIcmm8tUS4hH5Fz5a689HtZ8ZA=,jFllaj6HOTmP/ab9I13NeQeE818=
-36,-60,KhIcmm8tUS4hH5Fz5a689HtZ8ZA=,S6XmIISEEzzYNXKI7z1bfcbgOKE=
-36,-51,KhIcmm8tUS4hH5Fz5a689HtZ8ZA=,jFllaj6HOTmP/ab9I13NeQeE818=
-39,-51,KhIcmm8tUS4hH5Fz5a689HtZ8ZA=,jFllaj6HOTmP/ab9I13NeQeE818=
-40,-51,KhIcmm8tUS4hH5Fz5a689HtZ8ZA=,jFllaj6HOTmP/ab9I13NeQeE818=
-38,-50,KhIcmm8tUS4hH5Fz5a689HtZ8ZA=,jFllaj6HOTmP/ab9I13NeQeE818=
-35,-60,KhIcmm8tUS4hH5Fz5a689HtZ8ZA=,S6XmIISEEzzYNXKI7z1bfcbgOKE=
-44,-52,KhIcmm8tUS4hH5Fz5a689HtZ8ZA=,Emnmsi5zybNY+wXi5pgKqwUu/bA=
-37,-51,KhIcmm8tUS4hH5Fz5a689HtZ8ZA=,jFllaj6HOTmP/ab9I13NeQeE818=
-41,-49,KhIcmm8tUS4hH5Fz5a689HtZ8ZA=,Emnmsi5zybNY+wXi5pgKqwUu/bA=
-37,-50,KhIcmm8tUS4hH5Fz5a689HtZ8ZA=,jFllaj6HOTmP/ab9I13NeQeE818=
-41,-52,KhIcmm8tUS4hH5Fz5a689HtZ8ZA=,Emnmsi5zybNY+wXi5pgKqwUu/bA=
-34,-49,KhIcmm8tUS4hH5Fz5a689HtZ8ZA=,jFllaj6HOTmP/ab9I13NeQeE818=
-33,-52,KhIcmm8tUS4hH5Fz5a689HtZ8ZA=,jFllaj6HOTmP/ab9I13NeQeE818=
-41,-51,KhIcmm8tUS4hH5Fz5a689HtZ8ZA=,Emnmsi5zybNY+wXi5pgKqwUu/bA=
-34,-51,KhIcmm8tUS4hH5Fz5a689HtZ8ZA=,jFllaj6HOTmP/ab9I13NeQeE818=
-35,-49,KhIcmm8tUS4hH5Fz5a689HtZ8ZA=,jFllaj6HOTmP/ab9I13NeQeE818=
-42,-51,KhIcmm8tUS4hH5Fz5a689HtZ8ZA=,Emnmsi5zybNY+wXi5pgKqwUu/bA=
-35,-52,KhIcmm8tUS4hH5Fz5a689HtZ8ZA=,jFllaj6HOTmP/ab9I13NeQeE818=
-38,-52,KhIcmm8tUS4hH5Fz5a689HtZ8ZA=,jFllaj6HOTmP/ab9I13NeQeE818=
-44,-51,KhIcmm8tUS4hH5Fz5a689HtZ8ZA=,Emnmsi5zybNY+wXi5pgKqwUu/bA=
-37,-52,KhIcmm8tUS4hH5Fz5a689HtZ8ZA=,jFllaj6HOTmP/ab9I13NeQeE818=
-33,-49,KhIcmm8tUS4hH5Fz5a689HtZ8ZA=,jFllaj6HOTmP/ab9I13NeQeE818=
-40,-52,KhIcmm8tUS4hH5Fz5a689HtZ8ZA=,jFllaj6HOTmP/ab9I13NeQeE818=
-35,-51,KhIcmm8tUS4hH5Fz5a689HtZ8ZA=,jFllaj6HOTmP/ab9I13NeQeE818=
-36,-49,KhIcmm8tUS4hH5Fz5a689HtZ8ZA=,jFllaj6HOTmP/ab9I13NeQeE818=
-37,-49,KhIcmm8tUS4hH5Fz5a689HtZ8ZA=,jFllaj6HOTmP/ab9I13NeQeE818=
-42,-49,KhIcmm8tUS4hH5Fz5a689HtZ8ZA=,Emnmsi5zybNY+wXi5pgKqwUu/bA=
-43,-51,KhIcmm8tUS4hH5Fz5a689HtZ8ZA=,Emnmsi5zybNY+wXi5pgKqwUu/bA=
-40,-50,KhIcmm8tUS4hH5Fz5a689HtZ8ZA=,jFllaj6HOTmP/ab9I13NeQeE818=
-39,-49,KhIcmm8tUS4hH5Fz5a689HtZ8ZA=,jFllaj6HOTmP/ab9I13NeQeE818=
-42,-50,KhIcmm8tUS4hH5Fz5a689HtZ8ZA=,Emnmsi5zybNY+wXi5pgKqwUu/bA=
-33,-51,KhIcmm8tUS4hH5Fz5a689HtZ8ZA=,jFllaj6HOTmP/ab9I13NeQeE818=
-33,-50,KhIcmm8tUS4hH5Fz5a689HtZ8ZA=,jFllaj6HOTmP/ab9I13NeQeE818=
-41,-50,KhIcmm8tUS4hH5Fz5a689HtZ8ZA=,Emnmsi5zybNY+wXi5pgKqwUu/bA=
-43,-49,KhIcmm8tUS4hH5Fz5a689HtZ8ZA=,Emnmsi5zybNY+wXi5pgKqwUu/bA=
-44,-50,KhIcmm8tUS4hH5Fz5a689HtZ8ZA=,Emnmsi5zybNY+wXi5pgKqwUu/bA=
-38,-49,KhIcmm8tUS4hH5Fz5a689HtZ8ZA=,jFllaj6HOTmP/ab9I13NeQeE818=
-43,-50,KhIcmm8tUS4hH5Fz5a689HtZ8ZA=,Emnmsi5zybNY+wXi5pgKqwUu/bA=
-44,-49,KhIcmm8tUS4hH5Fz5a689HtZ8ZA=,Emnmsi5zybNY+wXi5pgKqwUu/bA=
-58,-58,RgZ/6hdXoQrepPSZ6GDahbxVcXk=,jRMxFEDYVAfnDrPW/rv4x7mucpo=
-56,-56,RgZ/6hdXoQrepPSZ6GDahbxVcXk=,U53kGircMViMONeIbdBhugAKaMM=
-60,-55,RgZ/6hdXoQrepPSZ6GDahbxVcXk=,ojZSj9QrIlECJh6hn5BqnrfRny0=
-54,-56,RgZ/6hdXoQrepPSZ6GDahbxVcXk=,U53kGircMViMONeIbdBhugAKaMM=
-57,-55,RgZ/6hdXoQrepPSZ6GDahbxVcXk=,ojZSj9QrIlECJh6hn5BqnrfRny0=
-58,-59,RgZ/6hdXoQrepPSZ6GDahbxVcXk=,jRMxFEDYVAfnDrPW/rv4x7mucpo=
-58,-54,RgZ/6hdXoQrepPSZ6GDahbxVcXk=,ojZSj9QrIlECJh6hn5BqnrfRny0=
-58,-60,RgZ/6hdXoQrepPSZ6GDahbxVcXk=,jRMxFEDYVAfnDrPW/rv4x7mucpo=
-56,-54,RgZ/6hdXoQrepPSZ6GDahbxVcXk=,U53kGircMViMONeIbdBhugAKaMM=
-59,-59,RgZ/6hdXoQrepPSZ6GDahbxVcXk=,jRMxFEDYVAfnDrPW/rv4x7mucpo=
-59,-53,RgZ/6hdXoQrepPSZ6GDahbxVcXk=,ojZSj9QrIlECJh6hn5BqnrfRny0=
-59,-58,RgZ/6hdXoQrepPSZ6GDahbxVcXk=,jRMxFEDYVAfnDrPW/rv4x7mucpo=
-59,-60,RgZ/6hdXoQrepPSZ6GDahbxVcXk=,jRMxFEDYVAfnDrPW/rv4x7mucpo=
-60,-59,RgZ/6hdXoQrepPSZ6GDahbxVcXk=,jRMxFEDYVAfnDrPW/rv4x7mucpo=
-60,-54,RgZ/6hdXoQrepPSZ6GDahbxVcXk=,ojZSj9QrIlECJh6hn5BqnrfRny0=
-59,-54,RgZ/6hdXoQrepPSZ6GDahbxVcXk=,ojZSj9QrIlECJh6hn5BqnrfRny0=
-53,-59,RgZ/6hdXoQrepPSZ6GDahbxVcXk=,ZQyM+2tAnk+6EY9hirQphrpezTs=
-56,-59,RgZ/6hdXoQrepPSZ6GDahbxVcXk=,ZQyM+2tAnk+6EY9hirQphrpezTs=
-54,-58,RgZ/6hdXoQrepPSZ6GDahbxVcXk=,ZQyM+2tAnk+6EY9hirQphrpezTs=
-54,-59,RgZ/6hdXoQrepPSZ6GDahbxVcXk=,ZQyM+2tAnk+6EY9hirQphrpezTs=
-55,-58,RgZ/6hdXoQrepPSZ6GDahbxVcXk=,ZQyM+2tAnk+6EY9hirQphrpezTs=
-54,-60,RgZ/6hdXoQrepPSZ6GDahbxVcXk=,ZQyM+2tAnk+6EY9hirQphrpezTs=
-56,-58,RgZ/6hdXoQrepPSZ6GDahbxVcXk=,ZQyM+2tAnk+6EY9hirQphrpezTs=
-57,-59,RgZ/6hdXoQrepPSZ6GDahbxVcXk=,jRMxFEDYVAfnDrPW/rv4x7mucpo=
-57,-57,RgZ/6hdXoQrepPSZ6GDahbxVcXk=,jRMxFEDYVAfnDrPW/rv4x7mucpo=
-55,-59,RgZ/6hdXoQrepPSZ6GDahbxVcXk=,ZQyM+2tAnk+6EY9hirQphrpezTs=
-58,-55,RgZ/6hdXoQrepPSZ6GDahbxVcXk=,ojZSj9QrIlECJh6hn5BqnrfRny0=
-53,-58,RgZ/6hdXoQrepPSZ6GDahbxVcXk=,ZQyM+2tAnk+6EY9hirQphrpezTs=
-57,-56,RgZ/6hdXoQrepPSZ6GDahbxVcXk=,ojZSj9QrIlECJh6hn5BqnrfRny0=
-53,-60,RgZ/6hdXoQrepPSZ6GDahbxVcXk=,ZQyM+2tAnk+6EY9hirQphrpezTs=
-55,-60,RgZ/6hdXoQrepPSZ6GDahbxVcXk=,ZQyM+2tAnk+6EY9hirQphrpezTs=
-53,-53,RgZ/6hdXoQrepPSZ6GDahbxVcXk=,U53kGircMViMONeIbdBhugAKaMM=
-57,-60,RgZ/6hdXoQrepPSZ6GDahbxVcXk=,jRMxFEDYVAfnDrPW/rv4x7mucpo=
-53,-56,RgZ/6hdXoQrepPSZ6GDahbxVcXk=,U53kGircMViMONeIbdBhugAKaMM=
-53,-54,RgZ/6hdXoQrepPSZ6GDahbxVcXk=,U53kGircMViMONeIbdBhugAKaMM=
-54,-53,RgZ/6hdXoQrepPSZ6GDahbxVcXk=,U53kGircMViMONeIbdBhugAKaMM=
-60,-60,RgZ/6hdXoQrepPSZ6GDahbxVcXk=,jRMxFEDYVAfnDrPW/rv4x7mucpo=
-57,-58,RgZ/6hdXoQrepPSZ6GDahbxVcXk=,jRMxFEDYVAfnDrPW/rv4x7mucpo=
-55,-54,RgZ/6hdXoQrepPSZ6GDahbxVcXk=,U53kGircMViMONeIbdBhugAKaMM=
-59,-55,RgZ/6hdXoQrepPSZ6GDahbxVcXk=,ojZSj9QrIlECJh6hn5BqnrfRny0=
-58,-57,RgZ/6hdXoQrepPSZ6GDahbxVcXk=,jRMxFEDYVAfnDrPW/rv4x7mucpo=
-56,-53,RgZ/6hdXoQrepPSZ6GDahbxVcXk=,U53kGircMViMONeIbdBhugAKaMM=
-60,-53,RgZ/6hdXoQrepPSZ6GDahbxVcXk=,ojZSj9QrIlECJh6hn5BqnrfRny0=
-54,-55,RgZ/6hdXoQrepPSZ6GDahbxVcXk=,U53kGircMViMONeIbdBhugAKaMM=
-60,-58,RgZ/6hdXoQrepPSZ6GDahbxVcXk=,jRMxFEDYVAfnDrPW/rv4x7mucpo=
-55,-57,RgZ/6hdXoQrepPSZ6GDahbxVcXk=,ZQyM+2tAnk+6EY9hirQphrpezTs=
-59,-57,RgZ/6hdXoQrepPSZ6GDahbxVcXk=,jRMxFEDYVAfnDrPW/rv4x7mucpo=
-58,-53,RgZ/6hdXoQrepPSZ6GDahbxVcXk=,ojZSj9QrIlECJh6hn5BqnrfRny0=
-53,-57,RgZ/6hdXoQrepPSZ6GDahbxVcXk=,ZQyM+2tAnk+6EY9hirQphrpezTs=
-60,-56,RgZ/6hdXoQrepPSZ6GDahbxVcXk=,ojZSj9QrIlECJh6hn5BqnrfRny0=
-57,-53,RgZ/6hdXoQrepPSZ6GDahbxVcXk=,ojZSj9QrIlECJh6hn5BqnrfRny0=
-58,-56,RgZ/6hdXoQrepPSZ6GDahbxVcXk=,ojZSj9QrIlECJh6hn5BqnrfRny0=
-53,-55,RgZ/6hdXoQrepPSZ6GDahbxVcXk=,U53kGircMViMONeIbdBhugAKaMM=
-59,-56,RgZ/6hdXoQrepPSZ6GDahbxVcXk=,ojZSj9QrIlECJh6hn5BqnrfRny0=
-54,-54,RgZ/6hdXoQrepPSZ6GDahbxVcXk=,U53kGircMViMONeIbdBhugAKaMM=
-50,-53,RgZ/6hdXoQrepPSZ6GDahbxVcXk=,U53kGircMViMONeIbdBhugAKaMM=
-50,-60,RgZ/6hdXoQrepPSZ6GDahbxVcXk=,ZQyM+2tAnk+6EY9hirQphrpezTs=
-54,-57,RgZ/6hdXoQrepPSZ6GDahbxVcXk=,ZQyM+2tAnk+6EY9hirQphrpezTs=
-55,-55,RgZ/6hdXoQrepPSZ6GDahbxVcXk=,U53kGircMViMONeIbdBhugAKaMM=
-56,-57,RgZ/6hdXoQrepPSZ6GDahbxVcXk=,ZQyM+2tAnk+6EY9hirQphrpezTs=
-55,-56,RgZ/6hdXoQrepPSZ6GDahbxVcXk=,U53kGircMViMONeIbdBhugAKaMM=
-57,-54,RgZ/6hdXoQrepPSZ6GDahbxVcXk=,ojZSj9QrIlECJh6hn5BqnrfRny0=
-50,-58,RgZ/6hdXoQrepPSZ6GDahbxVcXk=,ZQyM+2tAnk+6EY9hirQphrpezTs=
-52,-59,RgZ/6hdXoQrepPSZ6GDahbxVcXk=,ZQyM+2tAnk+6EY9hirQphrpezTs=
-56,-55,RgZ/6hdXoQrepPSZ6GDahbxVcXk=,U53kGircMViMONeIbdBhugAKaMM=
-56,-60,RgZ/6hdXoQrepPSZ6GDahbxVcXk=,ZQyM+2tAnk+6EY9hirQphrpezTs=
-49,-59,RgZ/6hdXoQrepPSZ6GDahbxVcXk=,ZQyM+2tAnk+6EY9hirQphrpezTs=
-49,-56,RgZ/6hdXoQrepPSZ6GDahbxVcXk=,U53kGircMViMONeIbdBhugAKaMM=
-51,-60,RgZ/6hdXoQrepPSZ6GDahbxVcXk=,ZQyM+2tAnk+6EY9hirQphrpezTs=
-49,-58,RgZ/6hdXoQrepPSZ6GDahbxVcXk=,ZQyM+2tAnk+6EY9hirQphrpezTs=
-51,-53,RgZ/6hdXoQrepPSZ6GDahbxVcXk=,U53kGircMViMONeIbdBhugAKaMM=
-49,-57,RgZ/6hdXoQrepPSZ6GDahbxVcXk=,ZQyM+2tAnk+6EY9hirQphrpezTs=
-51,-58,RgZ/6hdXoQrepPSZ6GDahbxVcXk=,ZQyM+2tAnk+6EY9hirQphrpezTs=
-50,-54,RgZ/6hdXoQrepPSZ6GDahbxVcXk=,U53kGircMViMONeIbdBhugAKaMM=
-52,-53,RgZ/6hdXoQrepPSZ6GDahbxVcXk=,U53kGircMViMONeIbdBhugAKaMM=
-64,-56,RgZ/6hdXoQrepPSZ6GDahbxVcXk=,ojZSj9QrIlECJh6hn5BqnrfRny0=
-60,-57,RgZ/6hdXoQrepPSZ6GDahbxVcXk=,jRMxFEDYVAfnDrPW/rv4x7mucpo=
-49,-60,RgZ/6hdXoQrepPSZ6GDahbxVcXk=,ZQyM+2tAnk+6EY9hirQphrpezTs=
-57,-49,RgZ/6hdXoQrepPSZ6GDahbxVcXk=,ojZSj9QrIlECJh6hn5BqnrfRny0=
-51,-59,RgZ/6hdXoQrepPSZ6GDahbxVcXk=,ZQyM+2tAnk+6EY9hirQphrpezTs=
-63,-60,RgZ/6hdXoQrepPSZ6GDahbxVcXk=,jRMxFEDYVAfnDrPW/rv4x7mucpo=
-52,-58,RgZ/6hdXoQrepPSZ6GDahbxVcXk=,ZQyM+2tAnk+6EY9hirQphrpezTs=
-50,-57,RgZ/6hdXoQrepPSZ6GDahbxVcXk=,ZQyM+2tAnk+6EY9hirQphrpezTs=
-61,-60,RgZ/6hdXoQrepPSZ6GDahbxVcXk=,jRMxFEDYVAfnDrPW/rv4x7mucpo=
-51,-54,RgZ/6hdXoQrepPSZ6GDahbxVcXk=,U53kGircMViMONeIbdBhugAKaMM=
-49,-53,RgZ/6hdXoQrepPSZ6GDahbxVcXk=,U53kGircMViMONeIbdBhugAKaMM=
-52,-54,RgZ/6hdXoQrepPSZ6GDahbxVcXk=,U53kGircMViMONeIbdBhugAKaMM=
-62,-60,RgZ/6hdXoQrepPSZ6GDahbxVcXk=,jRMxFEDYVAfnDrPW/rv4x7mucpo=
-50,-59,RgZ/6hdXoQrepPSZ6GDahbxVcXk=,ZQyM+2tAnk+6EY9hirQphrpezTs=
-64,-57,RgZ/6hdXoQrepPSZ6GDahbxVcXk=,jRMxFEDYVAfnDrPW/rv4x7mucpo=
-55,-53,RgZ/6hdXoQrepPSZ6GDahbxVcXk=,U53kGircMViMONeIbdBhugAKaMM=
-62,-59,RgZ/6hdXoQrepPSZ6GDahbxVcXk=,jRMxFEDYVAfnDrPW/rv4x7mucpo=
-52,-60,RgZ/6hdXoQrepPSZ6GDahbxVcXk=,ZQyM+2tAnk+6EY9hirQphrpezTs=
-52,-55,RgZ/6hdXoQrepPSZ6GDahbxVcXk=,U53kGircMViMONeIbdBhugAKaMM=
-64,-58,RgZ/6hdXoQrepPSZ6GDahbxVcXk=,jRMxFEDYVAfnDrPW/rv4x7mucpo=
-51,-57,RgZ/6hdXoQrepPSZ6GDahbxVcXk=,ZQyM+2tAnk+6EY9hirQphrpezTs=
-58,-49,RgZ/6hdXoQrepPSZ6GDahbxVcXk=,ojZSj9QrIlECJh6hn5BqnrfRny0=
-63,-58,RgZ/6hdXoQrepPSZ6GDahbxVcXk=,jRMxFEDYVAfnDrPW/rv4x7mucpo=
-52,-57,RgZ/6hdXoQrepPSZ6GDahbxVcXk=,ZQyM+2tAnk+6EY9hirQphrpezTs=
-62,-55,RgZ/6hdXoQrepPSZ6GDahbxVcXk=,ojZSj9QrIlECJh6hn5BqnrfRny0=
-52,-56,RgZ/6hdXoQrepPSZ6GDahbxVcXk=,U53kGircMViMONeIbdBhugAKaMM=
-63,-54,RgZ/6hdXoQrepPSZ6GDahbxVcXk=,ojZSj9QrIlECJh6hn5BqnrfRny0=
-63,-55,RgZ/6hdXoQrepPSZ6GDahbxVcXk=,ojZSj9QrIlECJh6hn5BqnrfRny0=
-61,-54,RgZ/6hdXoQrepPSZ6GDahbxVcXk=,ojZSj9QrIlECJh6hn5BqnrfRny0=
-49,-54,RgZ/6hdXoQrepPSZ6GDahbxVcXk=,U53kGircMViMONeIbdBhugAKaMM=
-58,-64,RgZ/6hdXoQrepPSZ6GDahbxVcXk=,jRMxFEDYVAfnDrPW/rv4x7mucpo=
-62,-58,RgZ/6hdXoQrepPSZ6GDahbxVcXk=,jRMxFEDYVAfnDrPW/rv4x7mucpo=
-61,-53,RgZ/6hdXoQrepPSZ6GDahbxVcXk=,ojZSj9QrIlECJh6hn5BqnrfRny0=
-63,-57,RgZ/6hdXoQrepPSZ6GDahbxVcXk=,jRMxFEDYVAfnDrPW/rv4x7mucpo=
-62,-54,RgZ/6hdXoQrepPSZ6GDahbxVcXk=,ojZSj9QrIlECJh6hn5BqnrfRny0=
-63,-59,RgZ/6hdXoQrepPSZ6GDahbxVcXk=,jRMxFEDYVAfnDrPW/rv4x7mucpo=
-59,-64,RgZ/6hdXoQrepPSZ6GDahbxVcXk=,jRMxFEDYVAfnDrPW/rv4x7mucpo=
-50,-56,RgZ/6hdXoQrepPSZ6GDahbxVcXk=,U53kGircMViMONeIbdBhugAKaMM=
-62,-56,RgZ/6hdXoQrepPSZ6GDahbxVcXk=,ojZSj9QrIlECJh6hn5BqnrfRny0=
-64,-59,RgZ/6hdXoQrepPSZ6GDahbxVcXk=,jRMxFEDYVAfnDrPW/rv4x7mucpo=
-61,-58,RgZ/6hdXoQrepPSZ6GDahbxVcXk=,jRMxFEDYVAfnDrPW/rv4x7mucpo=
-51,-56,RgZ/6hdXoQrepPSZ6GDahbxVcXk=,U53kGircMViMONeIbdBhugAKaMM=
-62,-57,RgZ/6hdXoQrepPSZ6GDahbxVcXk=,jRMxFEDYVAfnDrPW/rv4x7mucpo=
-61,-59,RgZ/6hdXoQrepPSZ6GDahbxVcXk=,jRMxFEDYVAfnDrPW/rv4x7mucpo=
-51,-55,RgZ/6hdXoQrepPSZ6GDahbxVcXk=,U53kGircMViMONeIbdBhugAKaMM=
-61,-55,RgZ/6hdXoQrepPSZ6GDahbxVcXk=,ojZSj9QrIlECJh6hn5BqnrfRny0=
-61,-56,RgZ/6hdXoQrepPSZ6GDahbxVcXk=,ojZSj9QrIlECJh6hn5BqnrfRny0=
-64,-55,RgZ/6hdXoQrepPSZ6GDahbxVcXk=,ojZSj9QrIlECJh6hn5BqnrfRny0=
-50,-55,RgZ/6hdXoQrepPSZ6GDahbxVcXk=,U53kGircMViMONeIbdBhugAKaMM=
-63,-53,RgZ/6hdXoQrepPSZ6GDahbxVcXk=,ojZSj9QrIlECJh6hn5BqnrfRny0=
-64,-60,RgZ/6hdXoQrepPSZ6GDahbxVcXk=,jRMxFEDYVAfnDrPW/rv4x7mucpo=
-61,-57,RgZ/6hdXoQrepPSZ6GDahbxVcXk=,jRMxFEDYVAfnDrPW/rv4x7mucpo=
-59,-49,RgZ/6hdXoQrepPSZ6GDahbxVcXk=,ojZSj9QrIlECJh6hn5BqnrfRny0=
-64,-54,RgZ/6hdXoQrepPSZ6GDahbxVcXk=,ojZSj9QrIlECJh6hn5BqnrfRny0=
-63,-56,RgZ/6hdXoQrepPSZ6GDahbxVcXk=,ojZSj9QrIlECJh6hn5BqnrfRny0=
-56,-49,RgZ/6hdXoQrepPSZ6GDahbxVcXk=,U53kGircMViMONeIbdBhugAKaMM=
-64,-53,RgZ/6hdXoQrepPSZ6GDahbxVcXk=,ojZSj9QrIlECJh6hn5BqnrfRny0=
-60,-52,RgZ/6hdXoQrepPSZ6GDahbxVcXk=,ojZSj9QrIlECJh6hn5BqnrfRny0=
-49,-55,RgZ/6hdXoQrepPSZ6GDahbxVcXk=,U53kGircMViMONeIbdBhugAKaMM=
-60,-51,RgZ/6hdXoQrepPSZ6GDahbxVcXk=,ojZSj9QrIlECJh6hn5BqnrfRny0=
-59,-52,RgZ/6hdXoQrepPSZ6GDahbxVcXk=,ojZSj9QrIlECJh6hn5BqnrfRny0=
-60,-50,RgZ/6hdXoQrepPSZ6GDahbxVcXk=,ojZSj9QrIlECJh6hn5BqnrfRny0=
-58,-52,RgZ/6hdXoQrepPSZ6GDahbxVcXk=,ojZSj9QrIlECJh6hn5BqnrfRny0=
-60,-49,RgZ/6hdXoQrepPSZ6GDahbxVcXk=,ojZSj9QrIlECJh6hn5BqnrfRny0=
-59,-51,RgZ/6hdXoQrepPSZ6GDahbxVcXk=,ojZSj9QrIlECJh6hn5BqnrfRny0=
-64,-49,RgZ/6hdXoQrepPSZ6GDahbxVcXk=,ojZSj9QrIlECJh6hn5BqnrfRny0=
-64,-64,RgZ/6hdXoQrepPSZ6GDahbxVcXk=,jRMxFEDYVAfnDrPW/rv4x7mucpo=
-54,-50,RgZ/6hdXoQrepPSZ6GDahbxVcXk=,U53kGircMViMONeIbdBhugAKaMM=
-63,-49,RgZ/6hdXoQrepPSZ6GDahbxVcXk=,ojZSj9QrIlECJh6hn5BqnrfRny0=
-63,-52,RgZ/6hdXoQrepPSZ6GDahbxVcXk=,ojZSj9QrIlECJh6hn5BqnrfRny0=
-61,-52,RgZ/6hdXoQrepPSZ6GDahbxVcXk=,ojZSj9QrIlECJh6hn5BqnrfRny0=
-62,-51,RgZ/6hdXoQrepPSZ6GDahbxVcXk=,ojZSj9QrIlECJh6hn5BqnrfRny0=
-61,-61,RgZ/6hdXoQrepPSZ6GDahbxVcXk=,jRMxFEDYVAfnDrPW/rv4x7mucpo=
-63,-50,RgZ/6hdXoQrepPSZ6GDahbxVcXk=,ojZSj9QrIlECJh6hn5BqnrfRny0=
-62,-61,RgZ/6hdXoQrepPSZ6GDahbxVcXk=,jRMxFEDYVAfnDrPW/rv4x7mucpo=
-61,-49,RgZ/6hdXoQrepPSZ6GDahbxVcXk=,ojZSj9QrIlECJh6hn5BqnrfRny0=
-61,-50,RgZ/6hdXoQrepPSZ6GDahbxVcXk=,ojZSj9QrIlECJh6hn5BqnrfRny0=
-61,-51,RgZ/6hdXoQrepPSZ6GDahbxVcXk=,ojZSj9QrIlECJh6hn5BqnrfRny0=
-62,-49,RgZ/6hdXoQrepPSZ6GDahbxVcXk=,ojZSj9QrIlECJh6hn5BqnrfRny0=
-63,-51,RgZ/6hdXoQrepPSZ6GDahbxVcXk=,ojZSj9QrIlECJh6hn5BqnrfRny0=
-56,-62,RgZ/6hdXoQrepPSZ6GDahbxVcXk=,ZQyM+2tAnk+6EY9hirQphrpezTs=
-64,-52,RgZ/6hdXoQrepPSZ6GDahbxVcXk=,ojZSj9QrIlECJh6hn5BqnrfRny0=
-57,-64,RgZ/6hdXoQrepPSZ6GDahbxVcXk=,jRMxFEDYVAfnDrPW/rv4x7mucpo=
-55,-64,RgZ/6hdXoQrepPSZ6GDahbxVcXk=,ZQyM+2tAnk+6EY9hirQphrpezTs=
-59,-62,RgZ/6hdXoQrepPSZ6GDahbxVcXk=,jRMxFEDYVAfnDrPW/rv4x7mucpo=
-53,-52,RgZ/6hdXoQrepPSZ6GDahbxVcXk=,U53kGircMViMONeIbdBhugAKaMM=
-53,-50,RgZ/6hdXoQrepPSZ6GDahbxVcXk=,U53kGircMViMONeIbdBhugAKaMM=
-64,-51,RgZ/6hdXoQrepPSZ6GDahbxVcXk=,ojZSj9QrIlECJh6hn5BqnrfRny0=
-56,-63,RgZ/6hdXoQrepPSZ6GDahbxVcXk=,ZQyM+2tAnk+6EY9hirQphrpezTs=
-54,-51,RgZ/6hdXoQrepPSZ6GDahbxVcXk=,U53kGircMViMONeIbdBhugAKaMM=
-60,-62,RgZ/6hdXoQrepPSZ6GDahbxVcXk=,jRMxFEDYVAfnDrPW/rv4x7mucpo=
-58,-62,RgZ/6hdXoQrepPSZ6GDahbxVcXk=,jRMxFEDYVAfnDrPW/rv4x7mucpo=
-60,-61,RgZ/6hdXoQrepPSZ6GDahbxVcXk=,jRMxFEDYVAfnDrPW/rv4x7mucpo=
-55,-62,RgZ/6hdXoQrepPSZ6GDahbxVcXk=,ZQyM+2tAnk+6EY9hirQphrpezTs=
-54,-64,RgZ/6hdXoQrepPSZ6GDahbxVcXk=,ZQyM+2tAnk+6EY9hirQphrpezTs=
-59,-61,RgZ/6hdXoQrepPSZ6GDahbxVcXk=,jRMxFEDYVAfnDrPW/rv4x7mucpo=
-58,-50,RgZ/6hdXoQrepPSZ6GDahbxVcXk=,ojZSj9QrIlECJh6hn5BqnrfRny0=
-53,-62,RgZ/6hdXoQrepPSZ6GDahbxVcXk=,ZQyM+2tAnk+6EY9hirQphrpezTs=
-53,-51,RgZ/6hdXoQrepPSZ6GDahbxVcXk=,U53kGircMViMONeIbdBhugAKaMM=
-57,-50,RgZ/6hdXoQrepPSZ6GDahbxVcXk=,ojZSj9QrIlECJh6hn5BqnrfRny0=
-59,-63,RgZ/6hdXoQrepPSZ6GDahbxVcXk=,jRMxFEDYVAfnDrPW/rv4x7mucpo=
-54,-62,RgZ/6hdXoQrepPSZ6GDahbxVcXk=,ZQyM+2tAnk+6EY9hirQphrpezTs=
-53,-64,RgZ/6hdXoQrepPSZ6GDahbxVcXk=,ZQyM+2tAnk+6EY9hirQphrpezTs=
-52,-62,RgZ/6hdXoQrepPSZ6GDahbxVcXk=,ZQyM+2tAnk+6EY9hirQphrpezTs=
-55,-49,RgZ/6hdXoQrepPSZ6GDahbxVcXk=,U53kGircMViMONeIbdBhugAKaMM=
-64,-50,RgZ/6hdXoQrepPSZ6GDahbxVcXk=,ojZSj9QrIlECJh6hn5BqnrfRny0=
-60,-63,RgZ/6hdXoQrepPSZ6GDahbxVcXk=,jRMxFEDYVAfnDrPW/rv4x7mucpo=
-52,-64,RgZ/6hdXoQrepPSZ6GDahbxVcXk=,ZQyM+2tAnk+6EY9hirQphrpezTs=
-57,-63,RgZ/6hdXoQrepPSZ6GDahbxVcXk=,jRMxFEDYVAfnDrPW/rv4x7mucpo=
-57,-51,RgZ/6hdXoQrepPSZ6GDahbxVcXk=,ojZSj9QrIlECJh6hn5BqnrfRny0=
-58,-63,RgZ/6hdXoQrepPSZ6GDahbxVcXk=,jRMxFEDYVAfnDrPW/rv4x7mucpo=
-55,-51,RgZ/6hdXoQrepPSZ6GDahbxVcXk=,U53kGircMViMONeIbdBhugAKaMM=
-51,-62,RgZ/6hdXoQrepPSZ6GDahbxVcXk=,ZQyM+2tAnk+6EY9hirQphrpezTs=
-62,-50,RgZ/6hdXoQrepPSZ6GDahbxVcXk=,ojZSj9QrIlECJh6hn5BqnrfRny0=
-59,-50,RgZ/6hdXoQrepPSZ6GDahbxVcXk=,ojZSj9QrIlECJh6hn5BqnrfRny0=
-60,-64,RgZ/6hdXoQrepPSZ6GDahbxVcXk=,jRMxFEDYVAfnDrPW/rv4x7mucpo=
-58,-61,RgZ/6hdXoQrepPSZ6GDahbxVcXk=,jRMxFEDYVAfnDrPW/rv4x7mucpo=
-62,-52,RgZ/6hdXoQrepPSZ6GDahbxVcXk=,ojZSj9QrIlECJh6hn5BqnrfRny0=
-54,-52,RgZ/6hdXoQrepPSZ6GDahbxVcXk=,U53kGircMViMONeIbdBhugAKaMM=
-57,-61,RgZ/6hdXoQrepPSZ6GDahbxVcXk=,jRMxFEDYVAfnDrPW/rv4x7mucpo=
-57,-52,RgZ/6hdXoQrepPSZ6GDahbxVcXk=,ojZSj9QrIlECJh6hn5BqnrfRny0=
-63,-61,RgZ/6hdXoQrepPSZ6GDahbxVcXk=,jRMxFEDYVAfnDrPW/rv4x7mucpo=
-56,-51,RgZ/6hdXoQrepPSZ6GDahbxVcXk=,U53kGircMViMONeIbdBhugAKaMM=
-63,-63,RgZ/6hdXoQrepPSZ6GDahbxVcXk=,jRMxFEDYVAfnDrPW/rv4x7mucpo=
-53,-61,RgZ/6hdXoQrepPSZ6GDahbxVcXk=,ZQyM+2tAnk+6EY9hirQphrpezTs=
-62,-53,RgZ/6hdXoQrepPSZ6GDahbxVcXk=,ojZSj9QrIlECJh6hn5BqnrfRny0=
-51,-61,RgZ/6hdXoQrepPSZ6GDahbxVcXk=,ZQyM+2tAnk+6EY9hirQphrpezTs=
-55,-61,RgZ/6hdXoQrepPSZ6GDahbxVcXk=,ZQyM+2tAnk+6EY9hirQphrpezTs=
-62,-62,RgZ/6hdXoQrepPSZ6GDahbxVcXk=,jRMxFEDYVAfnDrPW/rv4x7mucpo=
-63,-62,RgZ/6hdXoQrepPSZ6GDahbxVcXk=,jRMxFEDYVAfnDrPW/rv4x7mucpo=
-57,-62,RgZ/6hdXoQrepPSZ6GDahbxVcXk=,jRMxFEDYVAfnDrPW/rv4x7mucpo=
-63,-64,RgZ/6hdXoQrepPSZ6GDahbxVcXk=,jRMxFEDYVAfnDrPW/rv4x7mucpo=
-50,-62,RgZ/6hdXoQrepPSZ6GDahbxVcXk=,ZQyM+2tAnk+6EY9hirQphrpezTs=
-50,-61,RgZ/6hdXoQrepPSZ6GDahbxVcXk=,ZQyM+2tAnk+6EY9hirQphrpezTs=
-56,-61,RgZ/6hdXoQrepPSZ6GDahbxVcXk=,ZQyM+2tAnk+6EY9hirQphrpezTs=
-61,-62,RgZ/6hdXoQrepPSZ6GDahbxVcXk=,jRMxFEDYVAfnDrPW/rv4x7mucpo=
-55,-52,RgZ/6hdXoQrepPSZ6GDahbxVcXk=,U53kGircMViMONeIbdBhugAKaMM=
-64,-61,RgZ/6hdXoQrepPSZ6GDahbxVcXk=,jRMxFEDYVAfnDrPW/rv4x7mucpo=
-55,-50,RgZ/6hdXoQrepPSZ6GDahbxVcXk=,U53kGircMViMONeIbdBhugAKaMM=
-55,-63,RgZ/6hdXoQrepPSZ6GDahbxVcXk=,ZQyM+2tAnk+6EY9hirQphrpezTs=
-54,-61,RgZ/6hdXoQrepPSZ6GDahbxVcXk=,ZQyM+2tAnk+6EY9hirQphrpezTs=
-64,-62,RgZ/6hdXoQrepPSZ6GDahbxVcXk=,jRMxFEDYVAfnDrPW/rv4x7mucpo=
-54,-63,RgZ/6hdXoQrepPSZ6GDahbxVcXk=,ZQyM+2tAnk+6EY9hirQphrpezTs=
-64,-63,RgZ/6hdXoQrepPSZ6GDahbxVcXk=,jRMxFEDYVAfnDrPW/rv4x7mucpo=
-56,-50,RgZ/6hdXoQrepPSZ6GDahbxVcXk=,U53kGircMViMONeIbdBhugAKaMM=
-52,-61,RgZ/6hdXoQrepPSZ6GDahbxVcXk=,ZQyM+2tAnk+6EY9hirQphrpezTs=
-62,-64,RgZ/6hdXoQrepPSZ6GDahbxVcXk=,jRMxFEDYVAfnDrPW/rv4x7mucpo=
-58,-51,RgZ/6hdXoQrepPSZ6GDahbxVcXk=,ojZSj9QrIlECJh6hn5BqnrfRny0=
-62,-63,RgZ/6hdXoQrepPSZ6GDahbxVcXk=,jRMxFEDYVAfnDrPW/rv4x7mucpo=
-51,-63,RgZ/6hdXoQrepPSZ6GDahbxVcXk=,ZQyM+2tAnk+6EY9hirQphrpezTs=
-53,-63,RgZ/6hdXoQrepPSZ6GDahbxVcXk=,ZQyM+2tAnk+6EY9hirQphrpezTs=
-52,-63,RgZ/6hdXoQrepPSZ6GDahbxVcXk=,ZQyM+2tAnk+6EY9hirQphrpezTs=
-53,-49,RgZ/6hdXoQrepPSZ6GDahbxVcXk=,U53kGircMViMONeIbdBhugAKaMM=
-52,-52,RgZ/6hdXoQrepPSZ6GDahbxVcXk=,U53kGircMViMONeIbdBhugAKaMM=
-61,-64,RgZ/6hdXoQrepPSZ6GDahbxVcXk=,jRMxFEDYVAfnDrPW/rv4x7mucpo=
-56,-52,RgZ/6hdXoQrepPSZ6GDahbxVcXk=,U53kGircMViMONeIbdBhugAKaMM=
-54,-49,RgZ/6hdXoQrepPSZ6GDahbxVcXk=,U53kGircMViMONeIbdBhugAKaMM=
-49,-62,RgZ/6hdXoQrepPSZ6GDahbxVcXk=,ZQyM+2tAnk+6EY9hirQphrpezTs=
-61,-63,RgZ/6hdXoQrepPSZ6GDahbxVcXk=,jRMxFEDYVAfnDrPW/rv4x7mucpo=
-50,-63,RgZ/6hdXoQrepPSZ6GDahbxVcXk=,ZQyM+2tAnk+6EY9hirQphrpezTs=
-52,-51,RgZ/6hdXoQrepPSZ6GDahbxVcXk=,U53kGircMViMONeIbdBhugAKaMM=
-49,-49,RgZ/6hdXoQrepPSZ6GDahbxVcXk=,U53kGircMViMONeIbdBhugAKaMM=
-50,-49,RgZ/6hdXoQrepPSZ6GDahbxVcXk=,U53kGircMViMONeIbdBhugAKaMM=
-51,-64,RgZ/6hdXoQrepPSZ6GDahbxVcXk=,ZQyM+2tAnk+6EY9hirQphrpezTs=
-50,-51,RgZ/6hdXoQrepPSZ6GDahbxVcXk=,U53kGircMViMONeIbdBhugAKaMM=
-52,-49,RgZ/6hdXoQrepPSZ6GDahbxVcXk=,U53kGircMViMONeIbdBhugAKaMM=
-51,-52,RgZ/6hdXoQrepPSZ6GDahbxVcXk=,U53kGircMViMONeIbdBhugAKaMM=
-50,-52,RgZ/6hdXoQrepPSZ6GDahbxVcXk=,U53kGircMViMONeIbdBhugAKaMM=
-49,-64,RgZ/6hdXoQrepPSZ6GDahbxVcXk=,ZQyM+2tAnk+6EY9hirQphrpezTs=
-49,-50,RgZ/6hdXoQrepPSZ6GDahbxVcXk=,U53kGircMViMONeIbdBhugAKaMM=
-49,-61,RgZ/6hdXoQrepPSZ6GDahbxVcXk=,ZQyM+2tAnk+6EY9hirQphrpezTs=
-49,-51,RgZ/6hdXoQrepPSZ6GDahbxVcXk=,U53kGircMViMONeIbdBhugAKaMM=
-51,-50,RgZ/6hdXoQrepPSZ6GDahbxVcXk=,U53kGircMViMONeIbdBhugAKaMM=
-51,-51,RgZ/6hdXoQrepPSZ6GDahbxVcXk=,U53kGircMViMONeIbdBhugAKaMM=
-52,-50,RgZ/6hdXoQrepPSZ6GDahbxVcXk=,U53kGircMViMONeIbdBhugAKaMM=
-49,-63,RgZ/6hdXoQrepPSZ6GDahbxVcXk=,ZQyM+2tAnk+6EY9hirQphrpezTs=
-56,-64,RgZ/6hdXoQrepPSZ6GDahbxVcXk=,ZQyM+2tAnk+6EY9hirQphrpezTs=
-51,-49,RgZ/6hdXoQrepPSZ6GDahbxVcXk=,U53kGircMViMONeIbdBhugAKaMM=
-50,-50,RgZ/6hdXoQrepPSZ6GDahbxVcXk=,U53kGircMViMONeIbdBhugAKaMM=
-49,-52,RgZ/6hdXoQrepPSZ6GDahbxVcXk=,U53kGircMViMONeIbdBhugAKaMM=
-50,-64,RgZ/6hdXoQrepPSZ6GDahbxVcXk=,ZQyM+2tAnk+6EY9hirQphrpezTs=
-63,-45,/dprk/KIgGokINKFNphTlgs/Raw=,KgIGmshqGNNFOReKPxSbGvVPFbM=
-62,-46,/dprk/KIgGokINKFNphTlgs/Raw=,KgIGmshqGNNFOReKPxSbGvVPFbM=
-63,-46,/dprk/KIgGokINKFNphTlgs/Raw=,KgIGmshqGNNFOReKPxSbGvVPFbM=
-63,-47,/dprk/KIgGokINKFNphTlgs/Raw=,KgIGmshqGNNFOReKPxSbGvVPFbM=
-61,-43,/dprk/KIgGokINKFNphTlgs/Raw=,KgIGmshqGNNFOReKPxSbGvVPFbM=
-62,-43,/dprk/KIgGokINKFNphTlgs/Raw=,KgIGmshqGNNFOReKPxSbGvVPFbM=
-63,-43,/dprk/KIgGokINKFNphTlgs/Raw=,KgIGmshqGNNFOReKPxSbGvVPFbM=
-61,-44,/dprk/KIgGokINKFNphTlgs/Raw=,KgIGmshqGNNFOReKPxSbGvVPFbM=
-62,-44,/dprk/KIgGokINKFNphTlgs/Raw=,KgIGmshqGNNFOReKPxSbGvVPFbM=
-63,-44,/dprk/KIgGokINKFNphTlgs/Raw=,KgIGmshqGNNFOReKPxSbGvVPFbM=
-61,-45,/dprk/KIgGokINKFNphTlgs/Raw=,KgIGmshqGNNFOReKPxSbGvVPFbM=
-62,-45,/dprk/KIgGokINKFNphTlgs/Raw=,KgIGmshqGNNFOReKPxSbGvVPFbM=
-57,-40,/dprk/KIgGokINKFNphTlgs/Raw=,g/66euMroIkcyZe0HeuE8GPwvH0=
-59,-43,/dprk/KIgGokINKFNphTlgs/Raw=,KgIGmshqGNNFOReKPxSbGvVPFbM=
-58,-43,/dprk/KIgGokINKFNphTlgs/Raw=,KgIGmshqGNNFOReKPxSbGvVPFbM=
-58,-42,/dprk/KIgGokINKFNphTlgs/Raw=,KgIGmshqGNNFOReKPxSbGvVPFbM=
-60,-43,/dprk/KIgGokINKFNphTlgs/Raw=,KgIGmshqGNNFOReKPxSbGvVPFbM=
-57,-37,DcreX8bzPgiZy8odXdNmWyr1r/k=,g/66euMroIkcyZe0HeuE8GPwvH0=
-60,-41,/dprk/KIgGokINKFNphTlgs/Raw=,KgIGmshqGNNFOReKPxSbGvVPFbM=
-59,-42,/dprk/KIgGokINKFNphTlgs/Raw=,KgIGmshqGNNFOReKPxSbGvVPFbM=
-57,-41,/dprk/KIgGokINKFNphTlgs/Raw=,KgIGmshqGNNFOReKPxSbGvVPFbM=
-57,-38,DcreX8bzPgiZy8odXdNmWyr1r/k=,g/66euMroIkcyZe0HeuE8GPwvH0=
-58,-41,/dprk/KIgGokINKFNphTlgs/Raw=,KgIGmshqGNNFOReKPxSbGvVPFbM=
-59,-41,/dprk/KIgGokINKFNphTlgs/Raw=,KgIGmshqGNNFOReKPxSbGvVPFbM=
-59,-44,/dprk/KIgGokINKFNphTlgs/Raw=,KgIGmshqGNNFOReKPxSbGvVPFbM=
-56,-39,DcreX8bzPgiZy8odXdNmWyr1r/k=,CMXrgQUS3kbCGbCDLJlMixsZLwA=
-56,-38,DcreX8bzPgiZy8odXdNmWyr1r/k=,CMXrgQUS3kbCGbCDLJlMixsZLwA=
-53,-37,/dprk/KIgGokINKFNphTlgs/Raw=,CMXrgQUS3kbCGbCDLJlMixsZLwA=
-54,-37,/dprk/KIgGokINKFNphTlgs/Raw=,CMXrgQUS3kbCGbCDLJlMixsZLwA=
-58,-44,/dprk/KIgGokINKFNphTlgs/Raw=,KgIGmshqGNNFOReKPxSbGvVPFbM=
-60,-39,DcreX8bzPgiZy8odXdNmWyr1r/k=,g/66euMroIkcyZe0HeuE8GPwvH0=
-53,-39,/dprk/KIgGokINKFNphTlgs/Raw=,CMXrgQUS3kbCGbCDLJlMixsZLwA=
-55,-40,/dprk/KIgGokINKFNphTlgs/Raw=,CMXrgQUS3kbCGbCDLJlMixsZLwA=
-56,-37,DcreX8bzPgiZy8odXdNmWyr1r/k=,CMXrgQUS3kbCGbCDLJlMixsZLwA=
-58,-39,DcreX8bzPgiZy8odXdNmWyr1r/k=,g/66euMroIkcyZe0HeuE8GPwvH0=
-53,-38,/dprk/KIgGokINKFNphTlgs/Raw=,CMXrgQUS3kbCGbCDLJlMixsZLwA=
-57,-44,/dprk/KIgGokINKFNphTlgs/Raw=,KgIGmshqGNNFOReKPxSbGvVPFbM=
-55,-39,/dprk/KIgGokINKFNphTlgs/Raw=,CMXrgQUS3kbCGbCDLJlMixsZLwA=
-54,-39,/dprk/KIgGokINKFNphTlgs/Raw=,CMXrgQUS3kbCGbCDLJlMixsZLwA=
-60,-42,/dprk/KIgGokINKFNphTlgs/Raw=,KgIGmshqGNNFOReKPxSbGvVPFbM=
-53,-40,DcreX8bzPgiZy8odXdNmWyr1r/k=,CMXrgQUS3kbCGbCDLJlMixsZLwA=
-55,-37,/dprk/KIgGokINKFNphTlgs/Raw=,CMXrgQUS3kbCGbCDLJlMixsZLwA=
-54,-40,DcreX8bzPgiZy8odXdNmWyr1r/k=,CMXrgQUS3kbCGbCDLJlMixsZLwA=
-54,-41,/dprk/KIgGokINKFNphTlgs/Raw=,DaDL7yiehSwWRoVlGmBMNI/Q00M=
-57,-39,DcreX8bzPgiZy8odXdNmWyr1r/k=,g/66euMroIkcyZe0HeuE8GPwvH0=
-60,-38,DcreX8bzPgiZy8odXdNmWyr1r/k=,g/66euMroIkcyZe0HeuE8GPwvH0=
-54,-38,/dprk/KIgGokINKFNphTlgs/Raw=,CMXrgQUS3kbCGbCDLJlMixsZLwA=
-53,-43,/dprk/KIgGokINKFNphTlgs/Raw=,DaDL7yiehSwWRoVlGmBMNI/Q00M=
-59,-39,DcreX8bzPgiZy8odXdNmWyr1r/k=,g/66euMroIkcyZe0HeuE8GPwvH0=
-60,-44,DcreX8bzPgiZy8odXdNmWyr1r/k=,KgIGmshqGNNFOReKPxSbGvVPFbM=
-53,-42,/dprk/KIgGokINKFNphTlgs/Raw=,DaDL7yiehSwWRoVlGmBMNI/Q00M=
-58,-38,DcreX8bzPgiZy8odXdNmWyr1r/k=,g/66euMroIkcyZe0HeuE8GPwvH0=
-56,-41,/dprk/KIgGokINKFNphTlgs/Raw=,DaDL7yiehSwWRoVlGmBMNI/Q00M=
-55,-38,/dprk/KIgGokINKFNphTlgs/Raw=,CMXrgQUS3kbCGbCDLJlMixsZLwA=
-58,-40,DcreX8bzPgiZy8odXdNmWyr1r/k=,g/66euMroIkcyZe0HeuE8GPwvH0=
-54,-44,DcreX8bzPgiZy8odXdNmWyr1r/k=,DaDL7yiehSwWRoVlGmBMNI/Q00M=
-59,-38,DcreX8bzPgiZy8odXdNmWyr1r/k=,g/66euMroIkcyZe0HeuE8GPwvH0=
-57,-42,/dprk/KIgGokINKFNphTlgs/Raw=,KgIGmshqGNNFOReKPxSbGvVPFbM=
-59,-40,DcreX8bzPgiZy8odXdNmWyr1r/k=,g/66euMroIkcyZe0HeuE8GPwvH0=
-60,-40,DcreX8bzPgiZy8odXdNmWyr1r/k=,g/66euMroIkcyZe0HeuE8GPwvH0=
-60,-37,DcreX8bzPgiZy8odXdNmWyr1r/k=,g/66euMroIkcyZe0HeuE8GPwvH0=
-53,-44,/dprk/KIgGokINKFNphTlgs/Raw=,DaDL7yiehSwWRoVlGmBMNI/Q00M=
-55,-41,/dprk/KIgGokINKFNphTlgs/Raw=,DaDL7yiehSwWRoVlGmBMNI/Q00M=
-56,-44,DcreX8bzPgiZy8odXdNmWyr1r/k=,DaDL7yiehSwWRoVlGmBMNI/Q00M=
-55,-43,/dprk/KIgGokINKFNphTlgs/Raw=,DaDL7yiehSwWRoVlGmBMNI/Q00M=
-56,-42,/dprk/KIgGokINKFNphTlgs/Raw=,DaDL7yiehSwWRoVlGmBMNI/Q00M=
-58,-37,DcreX8bzPgiZy8odXdNmWyr1r/k=,g/66euMroIkcyZe0HeuE8GPwvH0=
-56,-40,DcreX8bzPgiZy8odXdNmWyr1r/k=,CMXrgQUS3kbCGbCDLJlMixsZLwA=
-55,-42,DcreX8bzPgiZy8odXdNmWyr1r/k=,DaDL7yiehSwWRoVlGmBMNI/Q00M=
-53,-41,/dprk/KIgGokINKFNphTlgs/Raw=,DaDL7yiehSwWRoVlGmBMNI/Q00M=
-56,-43,DcreX8bzPgiZy8odXdNmWyr1r/k=,DaDL7yiehSwWRoVlGmBMNI/Q00M=
-57,-43,/dprk/KIgGokINKFNphTlgs/Raw=,KgIGmshqGNNFOReKPxSbGvVPFbM=
-54,-43,DcreX8bzPgiZy8odXdNmWyr1r/k=,DaDL7yiehSwWRoVlGmBMNI/Q00M=
-59,-37,DcreX8bzPgiZy8odXdNmWyr1r/k=,g/66euMroIkcyZe0HeuE8GPwvH0=
-52,-39,/dprk/KIgGokINKFNphTlgs/Raw=,CMXrgQUS3kbCGbCDLJlMixsZLwA=
-52,-37,/dprk/KIgGokINKFNphTlgs/Raw=,CMXrgQUS3kbCGbCDLJlMixsZLwA=
-51,-39,/dprk/KIgGokINKFNphTlgs/Raw=,CMXrgQUS3kbCGbCDLJlMixsZLwA=
-49,-39,/dprk/KIgGokINKFNphTlgs/Raw=,CMXrgQUS3kbCGbCDLJlMixsZLwA=
-54,-42,DcreX8bzPgiZy8odXdNmWyr1r/k=,DaDL7yiehSwWRoVlGmBMNI/Q00M=
-51,-37,/dprk/KIgGokINKFNphTlgs/Raw=,CMXrgQUS3kbCGbCDLJlMixsZLwA=
-49,-37,/dprk/KIgGokINKFNphTlgs/Raw=,CMXrgQUS3kbCGbCDLJlMixsZLwA=
-50,-38,/dprk/KIgGokINKFNphTlgs/Raw=,CMXrgQUS3kbCGbCDLJlMixsZLwA=
-51,-38,/dprk/KIgGokINKFNphTlgs/Raw=,CMXrgQUS3kbCGbCDLJlMixsZLwA=
-49,-38,/dprk/KIgGokINKFNphTlgs/Raw=,CMXrgQUS3kbCGbCDLJlMixsZLwA=
-50,-37,/dprk/KIgGokINKFNphTlgs/Raw=,CMXrgQUS3kbCGbCDLJlMixsZLwA=
-55,-44,/dprk/KIgGokINKFNphTlgs/Raw=,DaDL7yiehSwWRoVlGmBMNI/Q00M=
-52,-40,/dprk/KIgGokINKFNphTlgs/Raw=,CMXrgQUS3kbCGbCDLJlMixsZLwA=
-50,-43,/dprk/KIgGokINKFNphTlgs/Raw=,DaDL7yiehSwWRoVlGmBMNI/Q00M=
-52,-38,/dprk/KIgGokINKFNphTlgs/Raw=,CMXrgQUS3kbCGbCDLJlMixsZLwA=
-49,-43,/dprk/KIgGokINKFNphTlgs/Raw=,DaDL7yiehSwWRoVlGmBMNI/Q00M=
-50,-44,/dprk/KIgGokINKFNphTlgs/Raw=,DaDL7yiehSwWRoVlGmBMNI/Q00M=
-49,-41,/dprk/KIgGokINKFNphTlgs/Raw=,DaDL7yiehSwWRoVlGmBMNI/Q00M=
-52,-44,/dprk/KIgGokINKFNphTlgs/Raw=,DaDL7yiehSwWRoVlGmBMNI/Q00M=
-51,-44,/dprk/KIgGokINKFNphTlgs/Raw=,DaDL7yiehSwWRoVlGmBMNI/Q00M=
-51,-40,/dprk/KIgGokINKFNphTlgs/Raw=,CMXrgQUS3kbCGbCDLJlMixsZLwA=
-52,-42,/dprk/KIgGokINKFNphTlgs/Raw=,DaDL7yiehSwWRoVlGmBMNI/Q00M=
-49,-40,/dprk/KIgGokINKFNphTlgs/Raw=,CMXrgQUS3kbCGbCDLJlMixsZLwA=
-50,-41,/dprk/KIgGokINKFNphTlgs/Raw=,DaDL7yiehSwWRoVlGmBMNI/Q00M=
-51,-42,/dprk/KIgGokINKFNphTlgs/Raw=,DaDL7yiehSwWRoVlGmBMNI/Q00M=
-50,-42,/dprk/KIgGokINKFNphTlgs/Raw=,DaDL7yiehSwWRoVlGmBMNI/Q00M=
-52,-41,/dprk/KIgGokINKFNphTlgs/Raw=,DaDL7yiehSwWRoVlGmBMNI/Q00M=
-52,-43,/dprk/KIgGokINKFNphTlgs/Raw=,DaDL7yiehSwWRoVlGmBMNI/Q00M=
-51,-43,/dprk/KIgGokINKFNphTlgs/Raw=,DaDL7yiehSwWRoVlGmBMNI/Q00M=
-50,-40,/dprk/KIgGokINKFNphTlgs/Raw=,CMXrgQUS3kbCGbCDLJlMixsZLwA=
-50,-39,/dprk/KIgGokINKFNphTlgs/Raw=,CMXrgQUS3kbCGbCDLJlMixsZLwA=
-49,-42,/dprk/KIgGokINKFNphTlgs/Raw=,DaDL7yiehSwWRoVlGmBMNI/Q00M=
-49,-44,/dprk/KIgGokINKFNphTlgs/Raw=,DaDL7yiehSwWRoVlGmBMNI/Q00M=
-50,-35,/dprk/KIgGokINKFNphTlgs/Raw=,CMXrgQUS3kbCGbCDLJlMixsZLwA=
-50,-33,/dprk/KIgGokINKFNphTlgs/Raw=,CMXrgQUS3kbCGbCDLJlMixsZLwA=
-52,-36,/dprk/KIgGokINKFNphTlgs/Raw=,CMXrgQUS3kbCGbCDLJlMixsZLwA=
-50,-36,/dprk/KIgGokINKFNphTlgs/Raw=,CMXrgQUS3kbCGbCDLJlMixsZLwA=
-52,-34,/dprk/KIgGokINKFNphTlgs/Raw=,CMXrgQUS3kbCGbCDLJlMixsZLwA=
-52,-35,/dprk/KIgGokINKFNphTlgs/Raw=,CMXrgQUS3kbCGbCDLJlMixsZLwA=
-51,-34,/dprk/KIgGokINKFNphTlgs/Raw=,CMXrgQUS3kbCGbCDLJlMixsZLwA=
-50,-34,/dprk/KIgGokINKFNphTlgs/Raw=,CMXrgQUS3kbCGbCDLJlMixsZLwA=
-51,-36,/dprk/KIgGokINKFNphTlgs/Raw=,CMXrgQUS3kbCGbCDLJlMixsZLwA=
-49,-33,/dprk/KIgGokINKFNphTlgs/Raw=,CMXrgQUS3kbCGbCDLJlMixsZLwA=
-56,-36,/dprk/KIgGokINKFNphTlgs/Raw=,CMXrgQUS3kbCGbCDLJlMixsZLwA=
-58,-35,/dprk/KIgGokINKFNphTlgs/Raw=,g/66euMroIkcyZe0HeuE8GPwvH0=
-59,-36,/dprk/KIgGokINKFNphTlgs/Raw=,g/66euMroIkcyZe0HeuE8GPwvH0=
-57,-33,/dprk/KIgGokINKFNphTlgs/Raw=,g/66euMroIkcyZe0HeuE8GPwvH0=
-60,-35,/dprk/KIgGokINKFNphTlgs/Raw=,g/66euMroIkcyZe0HeuE8GPwvH0=
-58,-34,/dprk/KIgGokINKFNphTlgs/Raw=,g/66euMroIkcyZe0HeuE8GPwvH0=
-55,-34,/dprk/KIgGokINKFNphTlgs/Raw=,CMXrgQUS3kbCGbCDLJlMixsZLwA=
-59,-34,/dprk/KIgGokINKFNphTlgs/Raw=,g/66euMroIkcyZe0HeuE8GPwvH0=
-51,-41,/dprk/KIgGokINKFNphTlgs/Raw=,DaDL7yiehSwWRoVlGmBMNI/Q00M=
-52,-33,/dprk/KIgGokINKFNphTlgs/Raw=,CMXrgQUS3kbCGbCDLJlMixsZLwA=
-55,-36,/dprk/KIgGokINKFNphTlgs/Raw=,CMXrgQUS3kbCGbCDLJlMixsZLwA=
-53,-34,DcreX8bzPgiZy8odXdNmWyr1r/k=,CMXrgQUS3kbCGbCDLJlMixsZLwA=
-60,-46,/dprk/KIgGokINKFNphTlgs/Raw=,KgIGmshqGNNFOReKPxSbGvVPFbM=
-63,-48,/dprk/KIgGokINKFNphTlgs/Raw=,KgIGmshqGNNFOReKPxSbGvVPFbM=
-55,-35,/dprk/KIgGokINKFNphTlgs/Raw=,CMXrgQUS3kbCGbCDLJlMixsZLwA=
-59,-35,/dprk/KIgGokINKFNphTlgs/Raw=,g/66euMroIkcyZe0HeuE8GPwvH0=
-49,-34,/dprk/KIgGokINKFNphTlgs/Raw=,CMXrgQUS3kbCGbCDLJlMixsZLwA=
-53,-35,/dprk/KIgGokINKFNphTlgs/Raw=,CMXrgQUS3kbCGbCDLJlMixsZLwA=
-59,-48,/dprk/KIgGokINKFNphTlgs/Raw=,KgIGmshqGNNFOReKPxSbGvVPFbM=
-53,-36,/dprk/KIgGokINKFNphTlgs/Raw=,CMXrgQUS3kbCGbCDLJlMixsZLwA=
-58,-36,/dprk/KIgGokINKFNphTlgs/Raw=,g/66euMroIkcyZe0HeuE8GPwvH0=
-60,-48,/dprk/KIgGokINKFNphTlgs/Raw=,KgIGmshqGNNFOReKPxSbGvVPFbM=
-64,-45,/dprk/KIgGokINKFNphTlgs/Raw=,KgIGmshqGNNFOReKPxSbGvVPFbM=
-64,-44,/dprk/KIgGokINKFNphTlgs/Raw=,KgIGmshqGNNFOReKPxSbGvVPFbM=
-64,-43,/dprk/KIgGokINKFNphTlgs/Raw=,KgIGmshqGNNFOReKPxSbGvVPFbM=
-64,-47,/dprk/KIgGokINKFNphTlgs/Raw=,KgIGmshqGNNFOReKPxSbGvVPFbM=
-64,-46,/dprk/KIgGokINKFNphTlgs/Raw=,KgIGmshqGNNFOReKPxSbGvVPFbM=
-54,-34,/dprk/KIgGokINKFNphTlgs/Raw=,CMXrgQUS3kbCGbCDLJlMixsZLwA=
-56,-35,/dprk/KIgGokINKFNphTlgs/Raw=,CMXrgQUS3kbCGbCDLJlMixsZLwA=
-55,-33,/dprk/KIgGokINKFNphTlgs/Raw=,CMXrgQUS3kbCGbCDLJlMixsZLwA=
-54,-35,/dprk/KIgGokINKFNphTlgs/Raw=,CMXrgQUS3kbCGbCDLJlMixsZLwA=
-51,-35,/dprk/KIgGokINKFNphTlgs/Raw=,CMXrgQUS3kbCGbCDLJlMixsZLwA=
-51,-33,/dprk/KIgGokINKFNphTlgs/Raw=,CMXrgQUS3kbCGbCDLJlMixsZLwA=
-49,-36,/dprk/KIgGokINKFNphTlgs/Raw=,CMXrgQUS3kbCGbCDLJlMixsZLwA=
-60,-34,/dprk/KIgGokINKFNphTlgs/Raw=,g/66euMroIkcyZe0HeuE8GPwvH0=
-60,-36,/dprk/KIgGokINKFNphTlgs/Raw=,g/66euMroIkcyZe0HeuE8GPwvH0=
-49,-35,/dprk/KIgGokINKFNphTlgs/Raw=,CMXrgQUS3kbCGbCDLJlMixsZLwA=
-56,-33,/dprk/KIgGokINKFNphTlgs/Raw=,CMXrgQUS3kbCGbCDLJlMixsZLwA=
-56,-34,/dprk/KIgGokINKFNphTlgs/Raw=,CMXrgQUS3kbCGbCDLJlMixsZLwA=
-57,-35,/dprk/KIgGokINKFNphTlgs/Raw=,g/66euMroIkcyZe0HeuE8GPwvH0=
-60,-33,/dprk/KIgGokINKFNphTlgs/Raw=,g/66euMroIkcyZe0HeuE8GPwvH0=
-57,-34,/dprk/KIgGokINKFNphTlgs/Raw=,g/66euMroIkcyZe0HeuE8GPwvH0=
-58,-46,/dprk/KIgGokINKFNphTlgs/Raw=,KgIGmshqGNNFOReKPxSbGvVPFbM=
-58,-33,/dprk/KIgGokINKFNphTlgs/Raw=,g/66euMroIkcyZe0HeuE8GPwvH0=
-53,-33,/dprk/KIgGokINKFNphTlgs/Raw=,CMXrgQUS3kbCGbCDLJlMixsZLwA=
-54,-47,/dprk/KIgGokINKFNphTlgs/Raw=,DaDL7yiehSwWRoVlGmBMNI/Q00M=
-58,-48,/dprk/KIgGokINKFNphTlgs/Raw=,KgIGmshqGNNFOReKPxSbGvVPFbM=
-59,-33,/dprk/KIgGokINKFNphTlgs/Raw=,g/66euMroIkcyZe0HeuE8GPwvH0=
-56,-45,/dprk/KIgGokINKFNphTlgs/Raw=,DaDL7yiehSwWRoVlGmBMNI/Q00M=
-55,-46,/dprk/KIgGokINKFNphTlgs/Raw=,DaDL7yiehSwWRoVlGmBMNI/Q00M=
-53,-46,/dprk/KIgGokINKFNphTlgs/Raw=,DaDL7yiehSwWRoVlGmBMNI/Q00M=
-54,-46,/dprk/KIgGokINKFNphTlgs/Raw=,DaDL7yiehSwWRoVlGmBMNI/Q00M=
-58,-47,/dprk/KIgGokINKFNphTlgs/Raw=,KgIGmshqGNNFOReKPxSbGvVPFbM=
-56,-47,/dprk/KIgGokINKFNphTlgs/Raw=,DaDL7yiehSwWRoVlGmBMNI/Q00M=
-53,-45,/dprk/KIgGokINKFNphTlgs/Raw=,DaDL7yiehSwWRoVlGmBMNI/Q00M=
-54,-33,/dprk/KIgGokINKFNphTlgs/Raw=,CMXrgQUS3kbCGbCDLJlMixsZLwA=
-57,-46,/dprk/KIgGokINKFNphTlgs/Raw=,KgIGmshqGNNFOReKPxSbGvVPFbM=
-55,-45,/dprk/KIgGokINKFNphTlgs/Raw=,DaDL7yiehSwWRoVlGmBMNI/Q00M=
-59,-46,/dprk/KIgGokINKFNphTlgs/Raw=,KgIGmshqGNNFOReKPxSbGvVPFbM=
-57,-48,/dprk/KIgGokINKFNphTlgs/Raw=,KgIGmshqGNNFOReKPxSbGvVPFbM=
-59,-47,/dprk/KIgGokINKFNphTlgs/Raw=,KgIGmshqGNNFOReKPxSbGvVPFbM=
-55,-48,/dprk/KIgGokINKFNphTlgs/Raw=,DaDL7yiehSwWRoVlGmBMNI/Q00M=
-56,-46,/dprk/KIgGokINKFNphTlgs/Raw=,DaDL7yiehSwWRoVlGmBMNI/Q00M=
-57,-36,/dprk/KIgGokINKFNphTlgs/Raw=,g/66euMroIkcyZe0HeuE8GPwvH0=
-54,-36,/dprk/KIgGokINKFNphTlgs/Raw=,CMXrgQUS3kbCGbCDLJlMixsZLwA=
-60,-45,/dprk/KIgGokINKFNphTlgs/Raw=,KgIGmshqGNNFOReKPxSbGvVPFbM=
-60,-47,/dprk/KIgGokINKFNphTlgs/Raw=,KgIGmshqGNNFOReKPxSbGvVPFbM=
-54,-48,/dprk/KIgGokINKFNphTlgs/Raw=,DaDL7yiehSwWRoVlGmBMNI/Q00M=
-57,-47,/dprk/KIgGokINKFNphTlgs/Raw=,KgIGmshqGNNFOReKPxSbGvVPFbM=
-53,-48,/dprk/KIgGokINKFNphTlgs/Raw=,DaDL7yiehSwWRoVlGmBMNI/Q00M=
-56,-48,/dprk/KIgGokINKFNphTlgs/Raw=,DaDL7yiehSwWRoVlGmBMNI/Q00M=
-59,-45,/dprk/KIgGokINKFNphTlgs/Raw=,KgIGmshqGNNFOReKPxSbGvVPFbM=
-49,-46,/dprk/KIgGokINKFNphTlgs/Raw=,DaDL7yiehSwWRoVlGmBMNI/Q00M=
-50,-46,/dprk/KIgGokINKFNphTlgs/Raw=,DaDL7yiehSwWRoVlGmBMNI/Q00M=
-57,-45,/dprk/KIgGokINKFNphTlgs/Raw=,KgIGmshqGNNFOReKPxSbGvVPFbM=
-49,-45,/dprk/KIgGokINKFNphTlgs/Raw=,DaDL7yiehSwWRoVlGmBMNI/Q00M=
-51,-47,/dprk/KIgGokINKFNphTlgs/Raw=,DaDL7yiehSwWRoVlGmBMNI/Q00M=
-51,-46,/dprk/KIgGokINKFNphTlgs/Raw=,DaDL7yiehSwWRoVlGmBMNI/Q00M=
-64,-48,/dprk/KIgGokINKFNphTlgs/Raw=,KgIGmshqGNNFOReKPxSbGvVPFbM=
-50,-47,/dprk/KIgGokINKFNphTlgs/Raw=,DaDL7yiehSwWRoVlGmBMNI/Q00M=
-62,-47,/dprk/KIgGokINKFNphTlgs/Raw=,KgIGmshqGNNFOReKPxSbGvVPFbM=
-61,-46,/dprk/KIgGokINKFNphTlgs/Raw=,KgIGmshqGNNFOReKPxSbGvVPFbM=
-52,-48,/dprk/KIgGokINKFNphTlgs/Raw=,DaDL7yiehSwWRoVlGmBMNI/Q00M=
-54,-45,/dprk/KIgGokINKFNphTlgs/Raw=,DaDL7yiehSwWRoVlGmBMNI/Q00M=
-51,-48,/dprk/KIgGokINKFNphTlgs/Raw=,DaDL7yiehSwWRoVlGmBMNI/Q00M=
-50,-48,/dprk/KIgGokINKFNphTlgs/Raw=,DaDL7yiehSwWRoVlGmBMNI/Q00M=
-50,-45,/dprk/KIgGokINKFNphTlgs/Raw=,DaDL7yiehSwWRoVlGmBMNI/Q00M=
-51,-45,/dprk/KIgGokINKFNphTlgs/Raw=,DaDL7yiehSwWRoVlGmBMNI/Q00M=
-52,-46,/dprk/KIgGokINKFNphTlgs/Raw=,DaDL7yiehSwWRoVlGmBMNI/Q00M=
-55,-47,/dprk/KIgGokINKFNphTlgs/Raw=,DaDL7yiehSwWRoVlGmBMNI/Q00M=
-64,-33,/dprk/KIgGokINKFNphTlgs/Raw=,g/66euMroIkcyZe0HeuE8GPwvH0=
-52,-45,/dprk/KIgGokINKFNphTlgs/Raw=,DaDL7yiehSwWRoVlGmBMNI/Q00M=
-49,-47,/dprk/KIgGokINKFNphTlgs/Raw=,DaDL7yiehSwWRoVlGmBMNI/Q00M=
-49,-48,/dprk/KIgGokINKFNphTlgs/Raw=,DaDL7yiehSwWRoVlGmBMNI/Q00M=
-61,-47,/dprk/KIgGokINKFNphTlgs/Raw=,KgIGmshqGNNFOReKPxSbGvVPFbM=
-62,-48,/dprk/KIgGokINKFNphTlgs/Raw=,KgIGmshqGNNFOReKPxSbGvVPFbM=
-61,-48,/dprk/KIgGokINKFNphTlgs/Raw=,KgIGmshqGNNFOReKPxSbGvVPFbM=
-52,-47,/dprk/KIgGokINKFNphTlgs/Raw=,DaDL7yiehSwWRoVlGmBMNI/Q00M=
-64,-41,/dprk/KIgGokINKFNphTlgs/Raw=,KgIGmshqGNNFOReKPxSbGvVPFbM=
-61,-42,/dprk/KIgGokINKFNphTlgs/Raw=,KgIGmshqGNNFOReKPxSbGvVPFbM=
-63,-37,/dprk/KIgGokINKFNphTlgs/Raw=,g/66euMroIkcyZe0HeuE8GPwvH0=
-61,-38,/dprk/KIgGokINKFNphTlgs/Raw=,g/66euMroIkcyZe0HeuE8GPwvH0=
-63,-38,/dprk/KIgGokINKFNphTlgs/Raw=,g/66euMroIkcyZe0HeuE8GPwvH0=
-61,-39,/dprk/KIgGokINKFNphTlgs/Raw=,g/66euMroIkcyZe0HeuE8GPwvH0=
-58,-45,/dprk/KIgGokINKFNphTlgs/Raw=,KgIGmshqGNNFOReKPxSbGvVPFbM=
-62,-39,/dprk/KIgGokINKFNphTlgs/Raw=,g/66euMroIkcyZe0HeuE8GPwvH0=
-63,-39,/dprk/KIgGokINKFNphTlgs/Raw=,g/66euMroIkcyZe0HeuE8GPwvH0=
-62,-38,/dprk/KIgGokINKFNphTlgs/Raw=,g/66euMroIkcyZe0HeuE8GPwvH0=
-53,-47,/dprk/KIgGokINKFNphTlgs/Raw=,DaDL7yiehSwWRoVlGmBMNI/Q00M=
-62,-34,/dprk/KIgGokINKFNphTlgs/Raw=,g/66euMroIkcyZe0HeuE8GPwvH0=
-61,-36,/dprk/KIgGokINKFNphTlgs/Raw=,g/66euMroIkcyZe0HeuE8GPwvH0=
-64,-35,/dprk/KIgGokINKFNphTlgs/Raw=,g/66euMroIkcyZe0HeuE8GPwvH0=
-62,-42,/dprk/KIgGokINKFNphTlgs/Raw=,KgIGmshqGNNFOReKPxSbGvVPFbM=
-61,-34,/dprk/KIgGokINKFNphTlgs/Raw=,g/66euMroIkcyZe0HeuE8GPwvH0=
-63,-42,/dprk/KIgGokINKFNphTlgs/Raw=,KgIGmshqGNNFOReKPxSbGvVPFbM=
-64,-34,/dprk/KIgGokINKFNphTlgs/Raw=,g/66euMroIkcyZe0HeuE8GPwvH0=
-63,-40,/dprk/KIgGokINKFNphTlgs/Raw=,g/66euMroIkcyZe0HeuE8GPwvH0=
-63,-36,/dprk/KIgGokINKFNphTlgs/Raw=,g/66euMroIkcyZe0HeuE8GPwvH0=
-61,-37,/dprk/KIgGokINKFNphTlgs/Raw=,g/66euMroIkcyZe0HeuE8GPwvH0=
-62,-37,/dprk/KIgGokINKFNphTlgs/Raw=,g/66euMroIkcyZe0HeuE8GPwvH0=
-63,-35,/dprk/KIgGokINKFNphTlgs/Raw=,g/66euMroIkcyZe0HeuE8GPwvH0=
-62,-33,/dprk/KIgGokINKFNphTlgs/Raw=,g/66euMroIkcyZe0HeuE8GPwvH0=
-64,-42,/dprk/KIgGokINKFNphTlgs/Raw=,KgIGmshqGNNFOReKPxSbGvVPFbM=
-61,-40,/dprk/KIgGokINKFNphTlgs/Raw=,g/66euMroIkcyZe0HeuE8GPwvH0=
-64,-38,/dprk/KIgGokINKFNphTlgs/Raw=,g/66euMroIkcyZe0HeuE8GPwvH0=
-62,-41,/dprk/KIgGokINKFNphTlgs/Raw=,KgIGmshqGNNFOReKPxSbGvVPFbM=
-61,-33,/dprk/KIgGokINKFNphTlgs/Raw=,g/66euMroIkcyZe0HeuE8GPwvH0=
-63,-34,/dprk/KIgGokINKFNphTlgs/Raw=,g/66euMroIkcyZe0HeuE8GPwvH0=
-63,-33,/dprk/KIgGokINKFNphTlgs/Raw=,g/66euMroIkcyZe0HeuE8GPwvH0=
-62,-40,/dprk/KIgGokINKFNphTlgs/Raw=,g/66euMroIkcyZe0HeuE8GPwvH0=
-64,-37,/dprk/KIgGokINKFNphTlgs/Raw=,g/66euMroIkcyZe0HeuE8GPwvH0=
-64,-36,/dprk/KIgGokINKFNphTlgs/Raw=,g/66euMroIkcyZe0HeuE8GPwvH0=
-62,-35,/dprk/KIgGokINKFNphTlgs/Raw=,g/66euMroIkcyZe0HeuE8GPwvH0=
-62,-36,/dprk/KIgGokINKFNphTlgs/Raw=,g/66euMroIkcyZe0HeuE8GPwvH0=
-63,-41,/dprk/KIgGokINKFNphTlgs/Raw=,KgIGmshqGNNFOReKPxSbGvVPFbM=
-61,-35,/dprk/KIgGokINKFNphTlgs/Raw=,g/66euMroIkcyZe0HeuE8GPwvH0=
-64,-40,/dprk/KIgGokINKFNphTlgs/Raw=,g/66euMroIkcyZe0HeuE8GPwvH0=
-61,-41,/dprk/KIgGokINKFNphTlgs/Raw=,KgIGmshqGNNFOReKPxSbGvVPFbM=
-64,-39,/dprk/KIgGokINKFNphTlgs/Raw=,g/66euMroIkcyZe0HeuE8GPwvH0=
