57,-43,HWZkR5elR7C0bGPdfbqmLhhml68=,OT0lVMrY6mLM1l/7i27kcU+yVVk=
59,-44,HWZkR5elR7C0bGPdfbqmLhhml68=,OT0lVMrY6mLM1l/7i27kcU+yVVk=
59,-43,HWZkR5elR7C0bGPdfbqmLhhml68=,OT0lVMrY6mLM1l/7i27kcU+yVVk=
52,-43,HWZkR5elR7C0bGPdfbqmLhhml68=,M33XEdWm1pAZYMjxKa21/WntIr8=
58,-44,HWZkR5elR7C0bGPdfbqmLhhml68=,OT0lVMrY6mLM1l/7i27kcU+yVVk=
57,-44,HWZkR5elR7C0bGPdfbqmLhhml68=,OT0lVMrY6mLM1l/7i27kcU+yVVk=
56,-40,HWZkR5elR7C0bGPdfbqmLhhml68=,/oLCX1dzb42VOkCFZkzjgX3mkqE=
57,-41,HWZkR5elR7C0bGPdfbqmLhhml68=,OT0lVMrY6mLM1l/7i27kcU+yVVk=
59,-42,HWZkR5elR7C0bGPdfbqmLhhml68=,OT0lVMrY6mLM1l/7i27kcU+yVVk=
53,-43,HWZkR5elR7C0bGPdfbqmLhhml68=,M33XEdWm1pAZYMjxKa21/WntIr8=
52,-42,HWZkR5elR7C0bGPdfbqmLhhml68=,M33XEdWm1pAZYMjxKa21/WntIr8=
58,-43,HWZkR5elR7C0bGPdfbqmLhhml68=,OT0lVMrY6mLM1l/7i27kcU+yVVk=
55,-44,HWZkR5elR7C0bGPdfbqmLhhml68=,M33XEdWm1pAZYMjxKa21/WntIr8=
59,-41,HWZkR5elR7C0bGPdfbqmLhhml68=,OT0lVMrY6mLM1l/7i27kcU+yVVk=
56,-42,HWZkR5elR7C0bGPdfbqmLhhml68=,OT0lVMrY6mLM1l/7i27kcU+yVVk=
57,-42,HWZkR5elR7C0bGPdfbqmLhhml68=,OT0lVMrY6mLM1l/7i27kcU+yVVk=
58,-42,HWZkR5elR7C0bGPdfbqmLhhml68=,OT0lVMrY6mLM1l/7i27kcU+yVVk=
48,-46,HWZkR5elR7C0bGPdfbqmLhhml68=,M33XEdWm1pAZYMjxKa21/WntIr8=
48,-45,HWZkR5elR7C0bGPdfbqmLhhml68=,M33XEdWm1pAZYMjxKa21/WntIr8=
48,-44,HWZkR5elR7C0bGPdfbqmLhhml68=,M33XEdWm1pAZYMjxKa21/WntIr8=
48,-43,HWZkR5elR7C0bGPdfbqmLhhml68=,M33XEdWm1pAZYMjxKa21/WntIr8=
48,-47,HWZkR5elR7C0bGPdfbqmLhhml68=,M33XEdWm1pAZYMjxKa21/WntIr8=
58,-41,HWZkR5elR7C0bGPdfbqmLhhml68=,OT0lVMrY6mLM1l/7i27kcU+yVVk=
51,-39,HWZkR5elR7C0bGPdfbqmLhhml68=,psopr5dI47Mm8nEt7SQ+U2/E2jE=
50,-39,HWZkR5elR7C0bGPdfbqmLhhml68=,psopr5dI47Mm8nEt7SQ+U2/E2jE=
49,-38,HWZkR5elR7C0bGPdfbqmLhhml68=,psopr5dI47Mm8nEt7SQ+U2/E2jE=
53,-44,HWZkR5elR7C0bGPdfbqmLhhml68=,M33XEdWm1pAZYMjxKa21/WntIr8=
50,-38,HWZkR5elR7C0bGPdfbqmLhhml68=,psopr5dI47Mm8nEt7SQ+U2/E2jE=
53,-41,HWZkR5elR7C0bGPdfbqmLhhml68=,M33XEdWm1pAZYMjxKa21/WntIr8=
56,-41,HWZkR5elR7C0bGPdfbqmLhhml68=,OT0lVMrY6mLM1l/7i27kcU+yVVk=
56,-43,HWZkR5elR7C0bGPdfbqmLhhml68=,OT0lVMrY6mLM1l/7i27kcU+yVVk=
56,-44,HWZkR5elR7C0bGPdfbqmLhhml68=,OT0lVMrY6mLM1l/7i27kcU+yVVk=
48,-41,HWZkR5elR7C0bGPdfbqmLhhml68=,M33XEdWm1pAZYMjxKa21/WntIr8=
54,-41,HWZkR5elR7C0bGPdfbqmLhhml68=,M33XEdWm1pAZYMjxKa21/WntIr8=
54,-42,HWZkR5elR7C0bGPdfbqmLhhml68=,M33XEdWm1pAZYMjxKa21/WntIr8=
52,-41,HWZkR5elR7C0bGPdfbqmLhhml68=,M33XEdWm1pAZYMjxKa21/WntIr8=
58,-37,HWZkR5elR7C0bGPdfbqmLhhml68=,/oLCX1dzb42VOkCFZkzjgX3mkqE=
55,-41,HWZkR5elR7C0bGPdfbqmLhhml68=,M33XEdWm1pAZYMjxKa21/WntIr8=
55,-42,HWZkR5elR7C0bGPdfbqmLhhml68=,M33XEdWm1pAZYMjxKa21/WntIr8=
54,-44,HWZkR5elR7C0bGPdfbqmLhhml68=,M33XEdWm1pAZYMjxKa21/WntIr8=
53,-42,HWZkR5elR7C0bGPdfbqmLhhml68=,M33XEdWm1pAZYMjxKa21/WntIr8=
55,-40,HWZkR5elR7C0bGPdfbqmLhhml68=,psopr5dI47Mm8nEt7SQ+U2/E2jE=
50,-37,HWZkR5elR7C0bGPdfbqmLhhml68=,psopr5dI47Mm8nEt7SQ+U2/E2jE=
51,-37,HWZkR5elR7C0bGPdfbqmLhhml68=,psopr5dI47Mm8nEt7SQ+U2/E2jE=
55,-43,HWZkR5elR7C0bGPdfbqmLhhml68=,M33XEdWm1pAZYMjxKa21/WntIr8=
54,-43,HWZkR5elR7C0bGPdfbqmLhhml68=,M33XEdWm1pAZYMjxKa21/WntIr8=
58,-38,HWZkR5elR7C0bGPdfbqmLhhml68=,/oLCX1dzb42VOkCFZkzjgX3mkqE=
51,-40,HWZkR5elR7C0bGPdfbqmLhhml68=,psopr5dI47Mm8nEt7SQ+U2/E2jE=
48,-42,HWZkR5elR7C0bGPdfbqmLhhml68=,M33XEdWm1pAZYMjxKa21/WntIr8=
52,-44,HWZkR5elR7C0bGPdfbqmLhhml68=,M33XEdWm1pAZYMjxKa21/WntIr8=
49,-40,HWZkR5elR7C0bGPdfbqmLhhml68=,psopr5dI47Mm8nEt7SQ+U2/E2jE=
51,-41,HWZkR5elR7C0bGPdfbqmLhhml68=,M33XEdWm1pAZYMjxKa21/WntIr8=
57,-39,HWZkR5elR7C0bGPdfbqmLhhml68=,/oLCX1dzb42VOkCFZkzjgX3mkqE=
59,-37,HWZkR5elR7C0bGPdfbqmLhhml68=,/oLCX1dzb42VOkCFZkzjgX3mkqE=
54,-40,HWZkR5elR7C0bGPdfbqmLhhml68=,psopr5dI47Mm8nEt7SQ+U2/E2jE=
59,-39,HWZkR5elR7C0bGPdfbqmLhhml68=,/oLCX1dzb42VOkCFZkzjgX3mkqE=
58,-39,HWZkR5elR7C0bGPdfbqmLhhml68=,/oLCX1dzb42VOkCFZkzjgX3mkqE=
53,-40,HWZkR5elR7C0bGPdfbqmLhhml68=,psopr5dI47Mm8nEt7SQ+U2/E2jE=
49,-44,HWZkR5elR7C0bGPdfbqmLhhml68=,M33XEdWm1pAZYMjxKa21/WntIr8=
50,-40,HWZkR5elR7C0bGPdfbqmLhhml68=,psopr5dI47Mm8nEt7SQ+U2/E2jE=
50,-44,HWZkR5elR7C0bGPdfbqmLhhml68=,M33XEdWm1pAZYMjxKa21/WntIr8=
59,-38,HWZkR5elR7C0bGPdfbqmLhhml68=,/oLCX1dzb42VOkCFZkzjgX3mkqE=
49,-37,HWZkR5elR7C0bGPdfbqmLhhml68=,psopr5dI47Mm8nEt7SQ+U2/E2jE=
49,-43,HWZkR5elR7C0bGPdfbqmLhhml68=,M33XEdWm1pAZYMjxKa21/WntIr8=
48,-40,HWZkR5elR7C0bGPdfbqmLhhml68=,psopr5dI47Mm8nEt7SQ+U2/E2jE=
48,-39,HWZkR5elR7C0bGPdfbqmLhhml68=,psopr5dI47Mm8nEt7SQ+U2/E2jE=
50,-43,HWZkR5elR7C0bGPdfbqmLhhml68=,M33XEdWm1pAZYMjxKa21/WntIr8=
49,-39,HWZkR5elR7C0bGPdfbqmLhhml68=,psopr5dI47Mm8nEt7SQ+U2/E2jE=
52,-40,HWZkR5elR7C0bGPdfbqmLhhml68=,psopr5dI47Mm8nEt7SQ+U2/E2jE=
51,-44,HWZkR5elR7C0bGPdfbqmLhhml68=,M33XEdWm1pAZYMjxKa21/WntIr8=
49,-42,HWZkR5elR7C0bGPdfbqmLhhml68=,M33XEdWm1pAZYMjxKa21/WntIr8=
48,-37,HWZkR5elR7C0bGPdfbqmLhhml68=,psopr5dI47Mm8nEt7SQ+U2/E2jE=
51,-38,HWZkR5elR7C0bGPdfbqmLhhml68=,psopr5dI47Mm8nEt7SQ+U2/E2jE=
48,-38,HWZkR5elR7C0bGPdfbqmLhhml68=,psopr5dI47Mm8nEt7SQ+U2/E2jE=
50,-41,HWZkR5elR7C0bGPdfbqmLhhml68=,M33XEdWm1pAZYMjxKa21/WntIr8=
51,-42,HWZkR5elR7C0bGPdfbqmLhhml68=,M33XEdWm1pAZYMjxKa21/WntIr8=
50,-42,HWZkR5elR7C0bGPdfbqmLhhml68=,M33XEdWm1pAZYMjxKa21/WntIr8=
59,-40,HWZkR5elR7C0bGPdfbqmLhhml68=,/oLCX1dzb42VOkCFZkzjgX3mkqE=
57,-37,HWZkR5elR7C0bGPdfbqmLhhml68=,/oLCX1dzb42VOkCFZkzjgX3mkqE=
49,-41,HWZkR5elR7C0bGPdfbqmLhhml68=,M33XEdWm1pAZYMjxKa21/WntIr8=
53,-48,HWZkR5elR7C0bGPdfbqmLhhml68=,M33XEdWm1pAZYMjxKa21/WntIr8=
57,-47,HWZkR5elR7C0bGPdfbqmLhhml68=,OT0lVMrY6mLM1l/7i27kcU+yVVk=
57,-40,HWZkR5elR7C0bGPdfbqmLhhml68=,/oLCX1dzb42VOkCFZkzjgX3mkqE=
51,-43,HWZkR5elR7C0bGPdfbqmLhhml68=,M33XEdWm1pAZYMjxKa21/WntIr8=
56,-39,HWZkR5elR7C0bGPdfbqmLhhml68=,/oLCX1dzb42VOkCFZkzjgX3mkqE=
54,-47,HWZkR5elR7C0bGPdfbqmLhhml68=,M33XEdWm1pAZYMjxKa21/WntIr8=
52,-48,HWZkR5elR7C0bGPdfbqmLhhml68=,M33XEdWm1pAZYMjxKa21/WntIr8=
57,-38,HWZkR5elR7C0bGPdfbqmLhhml68=,/oLCX1dzb42VOkCFZkzjgX3mkqE=
52,-47,HWZkR5elR7C0bGPdfbqmLhhml68=,M33XEdWm1pAZYMjxKa21/WntIr8=
54,-48,HWZkR5elR7C0bGPdfbqmLhhml68=,M33XEdWm1pAZYMjxKa21/WntIr8=
58,-40,HWZkR5elR7C0bGPdfbqmLhhml68=,/oLCX1dzb42VOkCFZkzjgX3mkqE=
63,-42,HWZkR5elR7C0bGPdfbqmLhhml68=,OT0lVMrY6mLM1l/7i27kcU+yVVk=
56,-38,HWZkR5elR7C0bGPdfbqmLhhml68=,/oLCX1dzb42VOkCFZkzjgX3mkqE=
56,-48,HWZkR5elR7C0bGPdfbqmLhhml68=,OT0lVMrY6mLM1l/7i27kcU+yVVk=
55,-47,HWZkR5elR7C0bGPdfbqmLhhml68=,M33XEdWm1pAZYMjxKa21/WntIr8=
53,-47,HWZkR5elR7C0bGPdfbqmLhhml68=,M33XEdWm1pAZYMjxKa21/WntIr8=
55,-48,HWZkR5elR7C0bGPdfbqmLhhml68=,M33XEdWm1pAZYMjxKa21/WntIr8=
58,-47,HWZkR5elR7C0bGPdfbqmLhhml68=,OT0lVMrY6mLM1l/7i27kcU+yVVk=
56,-46,HWZkR5elR7C0bGPdfbqmLhhml68=,OT0lVMrY6mLM1l/7i27kcU+yVVk=
55,-46,HWZkR5elR7C0bGPdfbqmLhhml68=,M33XEdWm1pAZYMjxKa21/WntIr8=
56,-37,HWZkR5elR7C0bGPdfbqmLhhml68=,/oLCX1dzb42VOkCFZkzjgX3mkqE=
52,-39,HWZkR5elR7C0bGPdfbqmLhhml68=,psopr5dI47Mm8nEt7SQ+U2/E2jE=
53,-46,HWZkR5elR7C0bGPdfbqmLhhml68=,M33XEdWm1pAZYMjxKa21/WntIr8=
55,-45,HWZkR5elR7C0bGPdfbqmLhhml68=,M33XEdWm1pAZYMjxKa21/WntIr8=
52,-45,HWZkR5elR7C0bGPdfbqmLhhml68=,M33XEdWm1pAZYMjxKa21/WntIr8=
63,-43,HWZkR5elR7C0bGPdfbqmLhhml68=,OT0lVMrY6mLM1l/7i27kcU+yVVk=
54,-46,HWZkR5elR7C0bGPdfbqmLhhml68=,M33XEdWm1pAZYMjxKa21/WntIr8=
53,-39,HWZkR5elR7C0bGPdfbqmLhhml68=,psopr5dI47Mm8nEt7SQ+U2/E2jE=
52,-46,HWZkR5elR7C0bGPdfbqmLhhml68=,M33XEdWm1pAZYMjxKa21/WntIr8=
63,-44,HWZkR5elR7C0bGPdfbqmLhhml68=,OT0lVMrY6mLM1l/7i27kcU+yVVk=
49,-48,HWZkR5elR7C0bGPdfbqmLhhml68=,M33XEdWm1pAZYMjxKa21/WntIr8=
59,-47,HWZkR5elR7C0bGPdfbqmLhhml68=,OT0lVMrY6mLM1l/7i27kcU+yVVk=
55,-37,HWZkR5elR7C0bGPdfbqmLhhml68=,psopr5dI47Mm8nEt7SQ+U2/E2jE=
62,-41,HWZkR5elR7C0bGPdfbqmLhhml68=,OT0lVMrY6mLM1l/7i27kcU+yVVk=
56,-45,HWZkR5elR7C0bGPdfbqmLhhml68=,OT0lVMrY6mLM1l/7i27kcU+yVVk=
53,-45,HWZkR5elR7C0bGPdfbqmLhhml68=,M33XEdWm1pAZYMjxKa21/WntIr8=
59,-46,HWZkR5elR7C0bGPdfbqmLhhml68=,OT0lVMrY6mLM1l/7i27kcU+yVVk=
48,-48,HWZkR5elR7C0bGPdfbqmLhhml68=,M33XEdWm1pAZYMjxKa21/WntIr8=
59,-48,HWZkR5elR7C0bGPdfbqmLhhml68=,OT0lVMrY6mLM1l/7i27kcU+yVVk=
57,-45,HWZkR5elR7C0bGPdfbqmLhhml68=,OT0lVMrY6mLM1l/7i27kcU+yVVk=
58,-45,HWZkR5elR7C0bGPdfbqmLhhml68=,OT0lVMrY6mLM1l/7i27kcU+yVVk=
54,-45,HWZkR5elR7C0bGPdfbqmLhhml68=,M33XEdWm1pAZYMjxKa21/WntIr8=
61,-41,HWZkR5elR7C0bGPdfbqmLhhml68=,OT0lVMrY6mLM1l/7i27kcU+yVVk=
54,-37,HWZkR5elR7C0bGPdfbqmLhhml68=,psopr5dI47Mm8nEt7SQ+U2/E2jE=
50,-48,HWZkR5elR7C0bGPdfbqmLhhml68=,M33XEdWm1pAZYMjxKa21/WntIr8=
60,-41,HWZkR5elR7C0bGPdfbqmLhhml68=,OT0lVMrY6mLM1l/7i27kcU+yVVk=
59,-45,HWZkR5elR7C0bGPdfbqmLhhml68=,OT0lVMrY6mLM1l/7i27kcU+yVVk=
58,-46,HWZkR5elR7C0bGPdfbqmLhhml68=,OT0lVMrY6mLM1l/7i27kcU+yVVk=
63,-38,HWZkR5elR7C0bGPdfbqmLhhml68=,/oLCX1dzb42VOkCFZkzjgX3mkqE=
57,-46,HWZkR5elR7C0bGPdfbqmLhhml68=,OT0lVMrY6mLM1l/7i27kcU+yVVk=
60,-44,HWZkR5elR7C0bGPdfbqmLhhml68=,OT0lVMrY6mLM1l/7i27kcU+yVVk=
51,-48,HWZkR5elR7C0bGPdfbqmLhhml68=,M33XEdWm1pAZYMjxKa21/WntIr8=
63,-41,HWZkR5elR7C0bGPdfbqmLhhml68=,OT0lVMrY6mLM1l/7i27kcU+yVVk=
58,-48,HWZkR5elR7C0bGPdfbqmLhhml68=,OT0lVMrY6mLM1l/7i27kcU+yVVk=
55,-33,HWZkR5elR7C0bGPdfbqmLhhml68=,psopr5dI47Mm8nEt7SQ+U2/E2jE=
62,-42,HWZkR5elR7C0bGPdfbqmLhhml68=,OT0lVMrY6mLM1l/7i27kcU+yVVk=
57,-48,HWZkR5elR7C0bGPdfbqmLhhml68=,OT0lVMrY6mLM1l/7i27kcU+yVVk=
51,-45,HWZkR5elR7C0bGPdfbqmLhhml68=,M33XEdWm1pAZYMjxKa21/WntIr8=
62,-44,HWZkR5elR7C0bGPdfbqmLhhml68=,OT0lVMrY6mLM1l/7i27kcU+yVVk=
63,-45,HWZkR5elR7C0bGPdfbqmLhhml68=,OT0lVMrY6mLM1l/7i27kcU+yVVk=
54,-39,HWZkR5elR7C0bGPdfbqmLhhml68=,psopr5dI47Mm8nEt7SQ+U2/E2jE=
56,-47,HWZkR5elR7C0bGPdfbqmLhhml68=,OT0lVMrY6mLM1l/7i27kcU+yVVk=
52,-38,HWZkR5elR7C0bGPdfbqmLhhml68=,psopr5dI47Mm8nEt7SQ+U2/E2jE=
61,-44,HWZkR5elR7C0bGPdfbqmLhhml68=,OT0lVMrY6mLM1l/7i27kcU+yVVk=
63,-46,HWZkR5elR7C0bGPdfbqmLhhml68=,OT0lVMrY6mLM1l/7i27kcU+yVVk=
53,-37,HWZkR5elR7C0bGPdfbqmLhhml68=,psopr5dI47Mm8nEt7SQ+U2/E2jE=
61,-42,HWZkR5elR7C0bGPdfbqmLhhml68=,OT0lVMrY6mLM1l/7i27kcU+yVVk=
55,-39,HWZkR5elR7C0bGPdfbqmLhhml68=,psopr5dI47Mm8nEt7SQ+U2/E2jE=
63,-37,HWZkR5elR7C0bGPdfbqmLhhml68=,/oLCX1dzb42VOkCFZkzjgX3mkqE=
63,-48,HWZkR5elR7C0bGPdfbqmLhhml68=,OT0lVMrY6mLM1l/7i27kcU+yVVk=
60,-43,HWZkR5elR7C0bGPdfbqmLhhml68=,OT0lVMrY6mLM1l/7i27kcU+yVVk=
60,-37,HWZkR5elR7C0bGPdfbqmLhhml68=,/oLCX1dzb42VOkCFZkzjgX3mkqE=
52,-37,HWZkR5elR7C0bGPdfbqmLhhml68=,psopr5dI47Mm8nEt7SQ+U2/E2jE=
63,-39,HWZkR5elR7C0bGPdfbqmLhhml68=,/oLCX1dzb42VOkCFZkzjgX3mkqE=
62,-43,HWZkR5elR7C0bGPdfbqmLhhml68=,OT0lVMrY6mLM1l/7i27kcU+yVVk=
61,-37,HWZkR5elR7C0bGPdfbqmLhhml68=,/oLCX1dzb42VOkCFZkzjgX3mkqE=
55,-35,HWZkR5elR7C0bGPdfbqmLhhml68=,psopr5dI47Mm8nEt7SQ+U2/E2jE=
61,-43,HWZkR5elR7C0bGPdfbqmLhhml68=,OT0lVMrY6mLM1l/7i27kcU+yVVk=
60,-47,HWZkR5elR7C0bGPdfbqmLhhml68=,OT0lVMrY6mLM1l/7i27kcU+yVVk=
60,-42,HWZkR5elR7C0bGPdfbqmLhhml68=,OT0lVMrY6mLM1l/7i27kcU+yVVk=
49,-47,HWZkR5elR7C0bGPdfbqmLhhml68=,M33XEdWm1pAZYMjxKa21/WntIr8=
62,-37,HWZkR5elR7C0bGPdfbqmLhhml68=,/oLCX1dzb42VOkCFZkzjgX3mkqE=
61,-38,HWZkR5elR7C0bGPdfbqmLhhml68=,/oLCX1dzb42VOkCFZkzjgX3mkqE=
60,-38,HWZkR5elR7C0bGPdfbqmLhhml68=,/oLCX1dzb42VOkCFZkzjgX3mkqE=
60,-39,HWZkR5elR7C0bGPdfbqmLhhml68=,/oLCX1dzb42VOkCFZkzjgX3mkqE=
54,-35,HWZkR5elR7C0bGPdfbqmLhhml68=,psopr5dI47Mm8nEt7SQ+U2/E2jE=
50,-47,HWZkR5elR7C0bGPdfbqmLhhml68=,M33XEdWm1pAZYMjxKa21/WntIr8=
55,-38,HWZkR5elR7C0bGPdfbqmLhhml68=,psopr5dI47Mm8nEt7SQ+U2/E2jE=
52,-34,HWZkR5elR7C0bGPdfbqmLhhml68=,psopr5dI47Mm8nEt7SQ+U2/E2jE=
62,-40,HWZkR5elR7C0bGPdfbqmLhhml68=,/oLCX1dzb42VOkCFZkzjgX3mkqE=
63,-47,HWZkR5elR7C0bGPdfbqmLhhml68=,OT0lVMrY6mLM1l/7i27kcU+yVVk=
53,-35,HWZkR5elR7C0bGPdfbqmLhhml68=,psopr5dI47Mm8nEt7SQ+U2/E2jE=
63,-40,HWZkR5elR7C0bGPdfbqmLhhml68=,/oLCX1dzb42VOkCFZkzjgX3mkqE=
60,-40,HWZkR5elR7C0bGPdfbqmLhhml68=,/oLCX1dzb42VOkCFZkzjgX3mkqE=
48,-33,HWZkR5elR7C0bGPdfbqmLhhml68=,psopr5dI47Mm8nEt7SQ+U2/E2jE=
62,-48,HWZkR5elR7C0bGPdfbqmLhhml68=,OT0lVMrY6mLM1l/7i27kcU+yVVk=
53,-38,HWZkR5elR7C0bGPdfbqmLhhml68=,psopr5dI47Mm8nEt7SQ+U2/E2jE=
62,-38,HWZkR5elR7C0bGPdfbqmLhhml68=,/oLCX1dzb42VOkCFZkzjgX3mkqE=
48,-34,HWZkR5elR7C0bGPdfbqmLhhml68=,psopr5dI47Mm8nEt7SQ+U2/E2jE=
61,-39,HWZkR5elR7C0bGPdfbqmLhhml68=,/oLCX1dzb42VOkCFZkzjgX3mkqE=
53,-34,HWZkR5elR7C0bGPdfbqmLhhml68=,psopr5dI47Mm8nEt7SQ+U2/E2jE=
54,-34,HWZkR5elR7C0bGPdfbqmLhhml68=,psopr5dI47Mm8nEt7SQ+U2/E2jE=
62,-39,HWZkR5elR7C0bGPdfbqmLhhml68=,/oLCX1dzb42VOkCFZkzjgX3mkqE=
51,-47,HWZkR5elR7C0bGPdfbqmLhhml68=,M33XEdWm1pAZYMjxKa21/WntIr8=
61,-47,HWZkR5elR7C0bGPdfbqmLhhml68=,OT0lVMrY6mLM1l/7i27kcU+yVVk=
60,-46,HWZkR5elR7C0bGPdfbqmLhhml68=,OT0lVMrY6mLM1l/7i27kcU+yVVk=
54,-38,HWZkR5elR7C0bGPdfbqmLhhml68=,psopr5dI47Mm8nEt7SQ+U2/E2jE=
53,-33,HWZkR5elR7C0bGPdfbqmLhhml68=,psopr5dI47Mm8nEt7SQ+U2/E2jE=
62,-47,HWZkR5elR7C0bGPdfbqmLhhml68=,OT0lVMrY6mLM1l/7i27kcU+yVVk=
62,-46,HWZkR5elR7C0bGPdfbqmLhhml68=,OT0lVMrY6mLM1l/7i27kcU+yVVk=
61,-46,HWZkR5elR7C0bGPdfbqmLhhml68=,OT0lVMrY6mLM1l/7i27kcU+yVVk=
55,-34,HWZkR5elR7C0bGPdfbqmLhhml68=,psopr5dI47Mm8nEt7SQ+U2/E2jE=
61,-36,HWZkR5elR7C0bGPdfbqmLhhml68=,/oLCX1dzb42VOkCFZkzjgX3mkqE=
61,-48,HWZkR5elR7C0bGPdfbqmLhhml68=,OT0lVMrY6mLM1l/7i27kcU+yVVk=
52,-36,HWZkR5elR7C0bGPdfbqmLhhml68=,psopr5dI47Mm8nEt7SQ+U2/E2jE=
60,-33,HWZkR5elR7C0bGPdfbqmLhhml68=,/oLCX1dzb42VOkCFZkzjgX3mkqE=
52,-35,HWZkR5elR7C0bGPdfbqmLhhml68=,psopr5dI47Mm8nEt7SQ+U2/E2jE=
60,-48,HWZkR5elR7C0bGPdfbqmLhhml68=,OT0lVMrY6mLM1l/7i27kcU+yVVk=
59,-33,HWZkR5elR7C0bGPdfbqmLhhml68=,/oLCX1dzb42VOkCFZkzjgX3mkqE=
48,-35,HWZkR5elR7C0bGPdfbqmLhhml68=,psopr5dI47Mm8nEt7SQ+U2/E2jE=
62,-35,HWZkR5elR7C0bGPdfbqmLhhml68=,/oLCX1dzb42VOkCFZkzjgX3mkqE=
61,-40,HWZkR5elR7C0bGPdfbqmLhhml68=,/oLCX1dzb42VOkCFZkzjgX3mkqE=
60,-36,HWZkR5elR7C0bGPdfbqmLhhml68=,/oLCX1dzb42VOkCFZkzjgX3mkqE=
54,-33,HWZkR5elR7C0bGPdfbqmLhhml68=,psopr5dI47Mm8nEt7SQ+U2/E2jE=
61,-45,HWZkR5elR7C0bGPdfbqmLhhml68=,OT0lVMrY6mLM1l/7i27kcU+yVVk=
50,-45,HWZkR5elR7C0bGPdfbqmLhhml68=,M33XEdWm1pAZYMjxKa21/WntIr8=
55,-36,HWZkR5elR7C0bGPdfbqmLhhml68=,psopr5dI47Mm8nEt7SQ+U2/E2jE=
51,-33,HWZkR5elR7C0bGPdfbqmLhhml68=,psopr5dI47Mm8nEt7SQ+U2/E2jE=
50,-33,HWZkR5elR7C0bGPdfbqmLhhml68=,psopr5dI47Mm8nEt7SQ+U2/E2jE=
49,-45,HWZkR5elR7C0bGPdfbqmLhhml68=,M33XEdWm1pAZYMjxKa21/WntIr8=
49,-35,HWZkR5elR7C0bGPdfbqmLhhml68=,psopr5dI47Mm8nEt7SQ+U2/E2jE=
50,-36,HWZkR5elR7C0bGPdfbqmLhhml68=,psopr5dI47Mm8nEt7SQ+U2/E2jE=
51,-36,HWZkR5elR7C0bGPdfbqmLhhml68=,psopr5dI47Mm8nEt7SQ+U2/E2jE=
51,-35,HWZkR5elR7C0bGPdfbqmLhhml68=,psopr5dI47Mm8nEt7SQ+U2/E2jE=
49,-34,HWZkR5elR7C0bGPdfbqmLhhml68=,psopr5dI47Mm8nEt7SQ+U2/E2jE=
59,-34,HWZkR5elR7C0bGPdfbqmLhhml68=,/oLCX1dzb42VOkCFZkzjgX3mkqE=
50,-35,HWZkR5elR7C0bGPdfbqmLhhml68=,psopr5dI47Mm8nEt7SQ+U2/E2jE=
62,-34,HWZkR5elR7C0bGPdfbqmLhhml68=,/oLCX1dzb42VOkCFZkzjgX3mkqE=
50,-34,HWZkR5elR7C0bGPdfbqmLhhml68=,psopr5dI47Mm8nEt7SQ+U2/E2jE=
57,-36,HWZkR5elR7C0bGPdfbqmLhhml68=,/oLCX1dzb42VOkCFZkzjgX3mkqE=
58,-34,HWZkR5elR7C0bGPdfbqmLhhml68=,/oLCX1dzb42VOkCFZkzjgX3mkqE=
57,-35,HWZkR5elR7C0bGPdfbqmLhhml68=,/oLCX1dzb42VOkCFZkzjgX3mkqE=
58,-36,HWZkR5elR7C0bGPdfbqmLhhml68=,/oLCX1dzb42VOkCFZkzjgX3mkqE=
48,-36,HWZkR5elR7C0bGPdfbqmLhhml68=,psopr5dI47Mm8nEt7SQ+U2/E2jE=
61,-34,HWZkR5elR7C0bGPdfbqmLhhml68=,/oLCX1dzb42VOkCFZkzjgX3mkqE=
58,-35,HWZkR5elR7C0bGPdfbqmLhhml68=,/oLCX1dzb42VOkCFZkzjgX3mkqE=
60,-35,HWZkR5elR7C0bGPdfbqmLhhml68=,/oLCX1dzb42VOkCFZkzjgX3mkqE=
59,-35,HWZkR5elR7C0bGPdfbqmLhhml68=,/oLCX1dzb42VOkCFZkzjgX3mkqE=
59,-36,HWZkR5elR7C0bGPdfbqmLhhml68=,/oLCX1dzb42VOkCFZkzjgX3mkqE=
63,-35,HWZkR5elR7C0bGPdfbqmLhhml68=,/oLCX1dzb42VOkCFZkzjgX3mkqE=
56,-34,HWZkR5elR7C0bGPdfbqmLhhml68=,/oLCX1dzb42VOkCFZkzjgX3mkqE=
56,-35,HWZkR5elR7C0bGPdfbqmLhhml68=,/oLCX1dzb42VOkCFZkzjgX3mkqE=
56,-36,HWZkR5elR7C0bGPdfbqmLhhml68=,/oLCX1dzb42VOkCFZkzjgX3mkqE=
63,-36,HWZkR5elR7C0bGPdfbqmLhhml68=,/oLCX1dzb42VOkCFZkzjgX3mkqE=
63,-34,HWZkR5elR7C0bGPdfbqmLhhml68=,/oLCX1dzb42VOkCFZkzjgX3mkqE=
61,-35,HWZkR5elR7C0bGPdfbqmLhhml68=,/oLCX1dzb42VOkCFZkzjgX3mkqE=
56,-33,HWZkR5elR7C0bGPdfbqmLhhml68=,/oLCX1dzb42VOkCFZkzjgX3mkqE=
54,-36,HWZkR5elR7C0bGPdfbqmLhhml68=,psopr5dI47Mm8nEt7SQ+U2/E2jE=
53,-36,HWZkR5elR7C0bGPdfbqmLhhml68=,psopr5dI47Mm8nEt7SQ+U2/E2jE=
52,-33,HWZkR5elR7C0bGPdfbqmLhhml68=,psopr5dI47Mm8nEt7SQ+U2/E2jE=
63,-33,HWZkR5elR7C0bGPdfbqmLhhml68=,/oLCX1dzb42VOkCFZkzjgX3mkqE=
49,-36,HWZkR5elR7C0bGPdfbqmLhhml68=,psopr5dI47Mm8nEt7SQ+U2/E2jE=
49,-33,HWZkR5elR7C0bGPdfbqmLhhml68=,psopr5dI47Mm8nEt7SQ+U2/E2jE=
57,-33,HWZkR5elR7C0bGPdfbqmLhhml68=,/oLCX1dzb42VOkCFZkzjgX3mkqE=
62,-33,HWZkR5elR7C0bGPdfbqmLhhml68=,/oLCX1dzb42VOkCFZkzjgX3mkqE=
60,-45,HWZkR5elR7C0bGPdfbqmLhhml68=,OT0lVMrY6mLM1l/7i27kcU+yVVk=
50,-46,HWZkR5elR7C0bGPdfbqmLhhml68=,M33XEdWm1pAZYMjxKa21/WntIr8=
62,-36,HWZkR5elR7C0bGPdfbqmLhhml68=,/oLCX1dzb42VOkCFZkzjgX3mkqE=
58,-33,HWZkR5elR7C0bGPdfbqmLhhml68=,/oLCX1dzb42VOkCFZkzjgX3mkqE=
51,-34,HWZkR5elR7C0bGPdfbqmLhhml68=,psopr5dI47Mm8nEt7SQ+U2/E2jE=
49,-46,HWZkR5elR7C0bGPdfbqmLhhml68=,M33XEdWm1pAZYMjxKa21/WntIr8=
51,-46,HWZkR5elR7C0bGPdfbqmLhhml68=,M33XEdWm1pAZYMjxKa21/WntIr8=
62,-45,HWZkR5elR7C0bGPdfbqmLhhml68=,OT0lVMrY6mLM1l/7i27kcU+yVVk=
61,-33,HWZkR5elR7C0bGPdfbqmLhhml68=,/oLCX1dzb42VOkCFZkzjgX3mkqE=
57,-34,HWZkR5elR7C0bGPdfbqmLhhml68=,/oLCX1dzb42VOkCFZkzjgX3mkqE=
60,-34,HWZkR5elR7C0bGPdfbqmLhhml68=,/oLCX1dzb42VOkCFZkzjgX3mkqE=
57,-63,UyrdhE3zLz4zk6LJch8Ud1XRKys=,DtMQQkD6VgmJRWpWE1+hk/i21L4=
58,-62,7CgHwevLupPBSwVAb7NqB5xy53I=,DtMQQkD6VgmJRWpWE1+hk/i21L4=
58,-63,7CgHwevLupPBSwVAb7NqB5xy53I=,DtMQQkD6VgmJRWpWE1+hk/i21L4=
59,-63,7CgHwevLupPBSwVAb7NqB5xy53I=,DtMQQkD6VgmJRWpWE1+hk/i21L4=
57,-64,7CgHwevLupPBSwVAb7NqB5xy53I=,DtMQQkD6VgmJRWpWE1+hk/i21L4=
59,-64,7CgHwevLupPBSwVAb7NqB5xy53I=,DtMQQkD6VgmJRWpWE1+hk/i21L4=
58,-64,7CgHwevLupPBSwVAb7NqB5xy53I=,DtMQQkD6VgmJRWpWE1+hk/i21L4=
52,-54,UyrdhE3zLz4zk6LJch8Ud1XRKys=,Sxl/C2RJFCyaAF3HBEUmtIc9g5w=
54,-53,UyrdhE3zLz4zk6LJch8Ud1XRKys=,Sxl/C2RJFCyaAF3HBEUmtIc9g5w=
55,-53,UyrdhE3zLz4zk6LJch8Ud1XRKys=,Sxl/C2RJFCyaAF3HBEUmtIc9g5w=
56,-56,UyrdhE3zLz4zk6LJch8Ud1XRKys=,aLfXcgkxOCSR4tOaq6xM5qJ4Ncg=
54,-55,UyrdhE3zLz4zk6LJch8Ud1XRKys=,Sxl/C2RJFCyaAF3HBEUmtIc9g5w=
55,-55,UyrdhE3zLz4zk6LJch8Ud1XRKys=,Sxl/C2RJFCyaAF3HBEUmtIc9g5w=
55,-56,UyrdhE3zLz4zk6LJch8Ud1XRKys=,Sxl/C2RJFCyaAF3HBEUmtIc9g5w=
53,-55,UyrdhE3zLz4zk6LJch8Ud1XRKys=,Sxl/C2RJFCyaAF3HBEUmtIc9g5w=
56,-64,UyrdhE3zLz4zk6LJch8Ud1XRKys=,DtMQQkD6VgmJRWpWE1+hk/i21L4=
56,-53,UyrdhE3zLz4zk6LJch8Ud1XRKys=,aLfXcgkxOCSR4tOaq6xM5qJ4Ncg=
52,-56,UyrdhE3zLz4zk6LJch8Ud1XRKys=,Sxl/C2RJFCyaAF3HBEUmtIc9g5w=
52,-55,UyrdhE3zLz4zk6LJch8Ud1XRKys=,Sxl/C2RJFCyaAF3HBEUmtIc9g5w=
54,-56,UyrdhE3zLz4zk6LJch8Ud1XRKys=,Sxl/C2RJFCyaAF3HBEUmtIc9g5w=
53,-56,UyrdhE3zLz4zk6LJch8Ud1XRKys=,Sxl/C2RJFCyaAF3HBEUmtIc9g5w=
52,-57,UyrdhE3zLz4zk6LJch8Ud1XRKys=,2H2TV9lKG7WHtbDlHq1BwQpsx60=
56,-54,UyrdhE3zLz4zk6LJch8Ud1XRKys=,aLfXcgkxOCSR4tOaq6xM5qJ4Ncg=
53,-57,UyrdhE3zLz4zk6LJch8Ud1XRKys=,2H2TV9lKG7WHtbDlHq1BwQpsx60=
56,-55,UyrdhE3zLz4zk6LJch8Ud1XRKys=,aLfXcgkxOCSR4tOaq6xM5qJ4Ncg=
57,-58,UyrdhE3zLz4zk6LJch8Ud1XRKys=,DtMQQkD6VgmJRWpWE1+hk/i21L4=
59,-58,UyrdhE3zLz4zk6LJch8Ud1XRKys=,DtMQQkD6VgmJRWpWE1+hk/i21L4=
58,-58,UyrdhE3zLz4zk6LJch8Ud1XRKys=,DtMQQkD6VgmJRWpWE1+hk/i21L4=
53,-53,UyrdhE3zLz4zk6LJch8Ud1XRKys=,Sxl/C2RJFCyaAF3HBEUmtIc9g5w=
53,-58,UyrdhE3zLz4zk6LJch8Ud1XRKys=,2H2TV9lKG7WHtbDlHq1BwQpsx60=
54,-58,UyrdhE3zLz4zk6LJch8Ud1XRKys=,2H2TV9lKG7WHtbDlHq1BwQpsx60=
54,-57,UyrdhE3zLz4zk6LJch8Ud1XRKys=,2H2TV9lKG7WHtbDlHq1BwQpsx60=
54,-54,UyrdhE3zLz4zk6LJch8Ud1XRKys=,Sxl/C2RJFCyaAF3HBEUmtIc9g5w=
55,-54,UyrdhE3zLz4zk6LJch8Ud1XRKys=,Sxl/C2RJFCyaAF3HBEUmtIc9g5w=
53,-54,UyrdhE3zLz4zk6LJch8Ud1XRKys=,Sxl/C2RJFCyaAF3HBEUmtIc9g5w=
59,-59,UyrdhE3zLz4zk6LJch8Ud1XRKys=,DtMQQkD6VgmJRWpWE1+hk/i21L4=
48,-63,UyrdhE3zLz4zk6LJch8Ud1XRKys=,2H2TV9lKG7WHtbDlHq1BwQpsx60=
52,-53,UyrdhE3zLz4zk6LJch8Ud1XRKys=,Sxl/C2RJFCyaAF3HBEUmtIc9g5w=
58,-61,7CgHwevLupPBSwVAb7NqB5xy53I=,DtMQQkD6VgmJRWpWE1+hk/i21L4=
57,-59,UyrdhE3zLz4zk6LJch8Ud1XRKys=,DtMQQkD6VgmJRWpWE1+hk/i21L4=
59,-60,UyrdhE3zLz4zk6LJch8Ud1XRKys=,DtMQQkD6VgmJRWpWE1+hk/i21L4=
57,-60,7CgHwevLupPBSwVAb7NqB5xy53I=,DtMQQkD6VgmJRWpWE1+hk/i21L4=
59,-56,UyrdhE3zLz4zk6LJch8Ud1XRKys=,aLfXcgkxOCSR4tOaq6xM5qJ4Ncg=
58,-59,UyrdhE3zLz4zk6LJch8Ud1XRKys=,DtMQQkD6VgmJRWpWE1+hk/i21L4=
55,-58,UyrdhE3zLz4zk6LJch8Ud1XRKys=,2H2TV9lKG7WHtbDlHq1BwQpsx60=
57,-62,7CgHwevLupPBSwVAb7NqB5xy53I=,DtMQQkD6VgmJRWpWE1+hk/i21L4=
52,-58,UyrdhE3zLz4zk6LJch8Ud1XRKys=,2H2TV9lKG7WHtbDlHq1BwQpsx60=
58,-60,7CgHwevLupPBSwVAb7NqB5xy53I=,DtMQQkD6VgmJRWpWE1+hk/i21L4=
49,-55,UyrdhE3zLz4zk6LJch8Ud1XRKys=,Sxl/C2RJFCyaAF3HBEUmtIc9g5w=
59,-61,7CgHwevLupPBSwVAb7NqB5xy53I=,DtMQQkD6VgmJRWpWE1+hk/i21L4=
59,-62,7CgHwevLupPBSwVAb7NqB5xy53I=,DtMQQkD6VgmJRWpWE1+hk/i21L4=
57,-61,7CgHwevLupPBSwVAb7NqB5xy53I=,DtMQQkD6VgmJRWpWE1+hk/i21L4=
48,-57,UyrdhE3zLz4zk6LJch8Ud1XRKys=,2H2TV9lKG7WHtbDlHq1BwQpsx60=
57,-57,UyrdhE3zLz4zk6LJch8Ud1XRKys=,DtMQQkD6VgmJRWpWE1+hk/i21L4=
59,-53,UyrdhE3zLz4zk6LJch8Ud1XRKys=,aLfXcgkxOCSR4tOaq6xM5qJ4Ncg=
56,-63,7CgHwevLupPBSwVAb7NqB5xy53I=,DtMQQkD6VgmJRWpWE1+hk/i21L4=
58,-57,UyrdhE3zLz4zk6LJch8Ud1XRKys=,DtMQQkD6VgmJRWpWE1+hk/i21L4=
48,-64,UyrdhE3zLz4zk6LJch8Ud1XRKys=,2H2TV9lKG7WHtbDlHq1BwQpsx60=
59,-57,UyrdhE3zLz4zk6LJch8Ud1XRKys=,DtMQQkD6VgmJRWpWE1+hk/i21L4=
58,-53,UyrdhE3zLz4zk6LJch8Ud1XRKys=,aLfXcgkxOCSR4tOaq6xM5qJ4Ncg=
55,-64,UyrdhE3zLz4zk6LJch8Ud1XRKys=,2H2TV9lKG7WHtbDlHq1BwQpsx60=
56,-62,UyrdhE3zLz4zk6LJch8Ud1XRKys=,DtMQQkD6VgmJRWpWE1+hk/i21L4=
57,-53,UyrdhE3zLz4zk6LJch8Ud1XRKys=,aLfXcgkxOCSR4tOaq6xM5qJ4Ncg=
51,-58,UyrdhE3zLz4zk6LJch8Ud1XRKys=,2H2TV9lKG7WHtbDlHq1BwQpsx60=
52,-63,7CgHwevLupPBSwVAb7NqB5xy53I=,2H2TV9lKG7WHtbDlHq1BwQpsx60=
48,-58,UyrdhE3zLz4zk6LJch8Ud1XRKys=,2H2TV9lKG7WHtbDlHq1BwQpsx60=
56,-57,UyrdhE3zLz4zk6LJch8Ud1XRKys=,DtMQQkD6VgmJRWpWE1+hk/i21L4=
54,-63,7CgHwevLupPBSwVAb7NqB5xy53I=,2H2TV9lKG7WHtbDlHq1BwQpsx60=
55,-57,UyrdhE3zLz4zk6LJch8Ud1XRKys=,2H2TV9lKG7WHtbDlHq1BwQpsx60=
50,-58,UyrdhE3zLz4zk6LJch8Ud1XRKys=,2H2TV9lKG7WHtbDlHq1BwQpsx60=
56,-61,UyrdhE3zLz4zk6LJch8Ud1XRKys=,DtMQQkD6VgmJRWpWE1+hk/i21L4=
53,-63,7CgHwevLupPBSwVAb7NqB5xy53I=,2H2TV9lKG7WHtbDlHq1BwQpsx60=
48,-59,UyrdhE3zLz4zk6LJch8Ud1XRKys=,2H2TV9lKG7WHtbDlHq1BwQpsx60=
54,-64,UyrdhE3zLz4zk6LJch8Ud1XRKys=,2H2TV9lKG7WHtbDlHq1BwQpsx60=
55,-63,7CgHwevLupPBSwVAb7NqB5xy53I=,2H2TV9lKG7WHtbDlHq1BwQpsx60=
57,-54,UyrdhE3zLz4zk6LJch8Ud1XRKys=,aLfXcgkxOCSR4tOaq6xM5qJ4Ncg=
53,-59,UyrdhE3zLz4zk6LJch8Ud1XRKys=,2H2TV9lKG7WHtbDlHq1BwQpsx60=
49,-58,UyrdhE3zLz4zk6LJch8Ud1XRKys=,2H2TV9lKG7WHtbDlHq1BwQpsx60=
52,-64,UyrdhE3zLz4zk6LJch8Ud1XRKys=,2H2TV9lKG7WHtbDlHq1BwQpsx60=
53,-64,UyrdhE3zLz4zk6LJch8Ud1XRKys=,2H2TV9lKG7WHtbDlHq1BwQpsx60=
50,-55,UyrdhE3zLz4zk6LJch8Ud1XRKys=,Sxl/C2RJFCyaAF3HBEUmtIc9g5w=
55,-60,UyrdhE3zLz4zk6LJch8Ud1XRKys=,2H2TV9lKG7WHtbDlHq1BwQpsx60=
58,-56,UyrdhE3zLz4zk6LJch8Ud1XRKys=,aLfXcgkxOCSR4tOaq6xM5qJ4Ncg=
55,-59,UyrdhE3zLz4zk6LJch8Ud1XRKys=,2H2TV9lKG7WHtbDlHq1BwQpsx60=
52,-59,UyrdhE3zLz4zk6LJch8Ud1XRKys=,2H2TV9lKG7WHtbDlHq1BwQpsx60=
51,-59,UyrdhE3zLz4zk6LJch8Ud1XRKys=,2H2TV9lKG7WHtbDlHq1BwQpsx60=
50,-59,UyrdhE3zLz4zk6LJch8Ud1XRKys=,2H2TV9lKG7WHtbDlHq1BwQpsx60=
53,-60,UyrdhE3zLz4zk6LJch8Ud1XRKys=,2H2TV9lKG7WHtbDlHq1BwQpsx60=
54,-59,UyrdhE3zLz4zk6LJch8Ud1XRKys=,2H2TV9lKG7WHtbDlHq1BwQpsx60=
49,-59,UyrdhE3zLz4zk6LJch8Ud1XRKys=,2H2TV9lKG7WHtbDlHq1BwQpsx60=
48,-60,UyrdhE3zLz4zk6LJch8Ud1XRKys=,2H2TV9lKG7WHtbDlHq1BwQpsx60=
54,-60,UyrdhE3zLz4zk6LJch8Ud1XRKys=,2H2TV9lKG7WHtbDlHq1BwQpsx60=
56,-58,UyrdhE3zLz4zk6LJch8Ud1XRKys=,DtMQQkD6VgmJRWpWE1+hk/i21L4=
51,-55,UyrdhE3zLz4zk6LJch8Ud1XRKys=,Sxl/C2RJFCyaAF3HBEUmtIc9g5w=
52,-60,UyrdhE3zLz4zk6LJch8Ud1XRKys=,2H2TV9lKG7WHtbDlHq1BwQpsx60=
57,-56,UyrdhE3zLz4zk6LJch8Ud1XRKys=,aLfXcgkxOCSR4tOaq6xM5qJ4Ncg=
51,-60,UyrdhE3zLz4zk6LJch8Ud1XRKys=,2H2TV9lKG7WHtbDlHq1BwQpsx60=
50,-54,UyrdhE3zLz4zk6LJch8Ud1XRKys=,Sxl/C2RJFCyaAF3HBEUmtIc9g5w=
49,-54,UyrdhE3zLz4zk6LJch8Ud1XRKys=,Sxl/C2RJFCyaAF3HBEUmtIc9g5w=
55,-61,UyrdhE3zLz4zk6LJch8Ud1XRKys=,2H2TV9lKG7WHtbDlHq1BwQpsx60=
53,-61,UyrdhE3zLz4zk6LJch8Ud1XRKys=,2H2TV9lKG7WHtbDlHq1BwQpsx60=
49,-53,UyrdhE3zLz4zk6LJch8Ud1XRKys=,Sxl/C2RJFCyaAF3HBEUmtIc9g5w=
50,-53,UyrdhE3zLz4zk6LJch8Ud1XRKys=,Sxl/C2RJFCyaAF3HBEUmtIc9g5w=
48,-61,UyrdhE3zLz4zk6LJch8Ud1XRKys=,2H2TV9lKG7WHtbDlHq1BwQpsx60=
50,-60,UyrdhE3zLz4zk6LJch8Ud1XRKys=,2H2TV9lKG7WHtbDlHq1BwQpsx60=
49,-60,UyrdhE3zLz4zk6LJch8Ud1XRKys=,2H2TV9lKG7WHtbDlHq1BwQpsx60=
59,-55,UyrdhE3zLz4zk6LJch8Ud1XRKys=,aLfXcgkxOCSR4tOaq6xM5qJ4Ncg=
54,-61,UyrdhE3zLz4zk6LJch8Ud1XRKys=,2H2TV9lKG7WHtbDlHq1BwQpsx60=
48,-62,UyrdhE3zLz4zk6LJch8Ud1XRKys=,2H2TV9lKG7WHtbDlHq1BwQpsx60=
51,-54,UyrdhE3zLz4zk6LJch8Ud1XRKys=,Sxl/C2RJFCyaAF3HBEUmtIc9g5w=
52,-61,UyrdhE3zLz4zk6LJch8Ud1XRKys=,2H2TV9lKG7WHtbDlHq1BwQpsx60=
51,-61,UyrdhE3zLz4zk6LJch8Ud1XRKys=,2H2TV9lKG7WHtbDlHq1BwQpsx60=
51,-53,7CgHwevLupPBSwVAb7NqB5xy53I=,Sxl/C2RJFCyaAF3HBEUmtIc9g5w=
54,-62,7CgHwevLupPBSwVAb7NqB5xy53I=,2H2TV9lKG7WHtbDlHq1BwQpsx60=
55,-62,7CgHwevLupPBSwVAb7NqB5xy53I=,2H2TV9lKG7WHtbDlHq1BwQpsx60=
50,-61,UyrdhE3zLz4zk6LJch8Ud1XRKys=,2H2TV9lKG7WHtbDlHq1BwQpsx60=
63,-53,UyrdhE3zLz4zk6LJch8Ud1XRKys=,aLfXcgkxOCSR4tOaq6xM5qJ4Ncg=
58,-55,UyrdhE3zLz4zk6LJch8Ud1XRKys=,aLfXcgkxOCSR4tOaq6xM5qJ4Ncg=
63,-56,UyrdhE3zLz4zk6LJch8Ud1XRKys=,aLfXcgkxOCSR4tOaq6xM5qJ4Ncg=
49,-61,UyrdhE3zLz4zk6LJch8Ud1XRKys=,2H2TV9lKG7WHtbDlHq1BwQpsx60=
53,-62,7CgHwevLupPBSwVAb7NqB5xy53I=,2H2TV9lKG7WHtbDlHq1BwQpsx60=
63,-64,UyrdhE3zLz4zk6LJch8Ud1XRKys=,DtMQQkD6VgmJRWpWE1+hk/i21L4=
56,-59,UyrdhE3zLz4zk6LJch8Ud1XRKys=,DtMQQkD6VgmJRWpWE1+hk/i21L4=
63,-54,UyrdhE3zLz4zk6LJch8Ud1XRKys=,aLfXcgkxOCSR4tOaq6xM5qJ4Ncg=
63,-57,UyrdhE3zLz4zk6LJch8Ud1XRKys=,DtMQQkD6VgmJRWpWE1+hk/i21L4=
48,-53,7CgHwevLupPBSwVAb7NqB5xy53I=,Sxl/C2RJFCyaAF3HBEUmtIc9g5w=
61,-58,UyrdhE3zLz4zk6LJch8Ud1XRKys=,DtMQQkD6VgmJRWpWE1+hk/i21L4=
63,-58,UyrdhE3zLz4zk6LJch8Ud1XRKys=,DtMQQkD6VgmJRWpWE1+hk/i21L4=
60,-54,UyrdhE3zLz4zk6LJch8Ud1XRKys=,aLfXcgkxOCSR4tOaq6xM5qJ4Ncg=
61,-55,7CgHwevLupPBSwVAb7NqB5xy53I=,aLfXcgkxOCSR4tOaq6xM5qJ4Ncg=
60,-55,UyrdhE3zLz4zk6LJch8Ud1XRKys=,aLfXcgkxOCSR4tOaq6xM5qJ4Ncg=
60,-53,UyrdhE3zLz4zk6LJch8Ud1XRKys=,aLfXcgkxOCSR4tOaq6xM5qJ4Ncg=
62,-56,UyrdhE3zLz4zk6LJch8Ud1XRKys=,aLfXcgkxOCSR4tOaq6xM5qJ4Ncg=
62,-54,UyrdhE3zLz4zk6LJch8Ud1XRKys=,aLfXcgkxOCSR4tOaq6xM5qJ4Ncg=
60,-58,UyrdhE3zLz4zk6LJch8Ud1XRKys=,DtMQQkD6VgmJRWpWE1+hk/i21L4=
62,-59,UyrdhE3zLz4zk6LJch8Ud1XRKys=,DtMQQkD6VgmJRWpWE1+hk/i21L4=
48,-56,UyrdhE3zLz4zk6LJch8Ud1XRKys=,Sxl/C2RJFCyaAF3HBEUmtIc9g5w=
50,-62,7CgHwevLupPBSwVAb7NqB5xy53I=,2H2TV9lKG7WHtbDlHq1BwQpsx60=
62,-55,7CgHwevLupPBSwVAb7NqB5xy53I=,aLfXcgkxOCSR4tOaq6xM5qJ4Ncg=
61,-59,UyrdhE3zLz4zk6LJch8Ud1XRKys=,DtMQQkD6VgmJRWpWE1+hk/i21L4=
60,-56,UyrdhE3zLz4zk6LJch8Ud1XRKys=,aLfXcgkxOCSR4tOaq6xM5qJ4Ncg=
61,-56,UyrdhE3zLz4zk6LJch8Ud1XRKys=,aLfXcgkxOCSR4tOaq6xM5qJ4Ncg=
61,-53,7CgHwevLupPBSwVAb7NqB5xy53I=,aLfXcgkxOCSR4tOaq6xM5qJ4Ncg=
60,-59,UyrdhE3zLz4zk6LJch8Ud1XRKys=,DtMQQkD6VgmJRWpWE1+hk/i21L4=
49,-56,7CgHwevLupPBSwVAb7NqB5xy53I=,Sxl/C2RJFCyaAF3HBEUmtIc9g5w=
49,-62,7CgHwevLupPBSwVAb7NqB5xy53I=,2H2TV9lKG7WHtbDlHq1BwQpsx60=
50,-56,7CgHwevLupPBSwVAb7NqB5xy53I=,Sxl/C2RJFCyaAF3HBEUmtIc9g5w=
62,-53,7CgHwevLupPBSwVAb7NqB5xy53I=,aLfXcgkxOCSR4tOaq6xM5qJ4Ncg=
62,-61,UyrdhE3zLz4zk6LJch8Ud1XRKys=,DtMQQkD6VgmJRWpWE1+hk/i21L4=
62,-60,UyrdhE3zLz4zk6LJch8Ud1XRKys=,DtMQQkD6VgmJRWpWE1+hk/i21L4=
51,-62,7CgHwevLupPBSwVAb7NqB5xy53I=,2H2TV9lKG7WHtbDlHq1BwQpsx60=
61,-60,UyrdhE3zLz4zk6LJch8Ud1XRKys=,DtMQQkD6VgmJRWpWE1+hk/i21L4=
59,-54,UyrdhE3zLz4zk6LJch8Ud1XRKys=,aLfXcgkxOCSR4tOaq6xM5qJ4Ncg=
52,-62,7CgHwevLupPBSwVAb7NqB5xy53I=,2H2TV9lKG7WHtbDlHq1BwQpsx60=
48,-54,7CgHwevLupPBSwVAb7NqB5xy53I=,Sxl/C2RJFCyaAF3HBEUmtIc9g5w=
60,-61,UyrdhE3zLz4zk6LJch8Ud1XRKys=,DtMQQkD6VgmJRWpWE1+hk/i21L4=
55,-49,UyrdhE3zLz4zk6LJch8Ud1XRKys=,Sxl/C2RJFCyaAF3HBEUmtIc9g5w=
61,-61,UyrdhE3zLz4zk6LJch8Ud1XRKys=,DtMQQkD6VgmJRWpWE1+hk/i21L4=
63,-59,UyrdhE3zLz4zk6LJch8Ud1XRKys=,DtMQQkD6VgmJRWpWE1+hk/i21L4=
48,-55,7CgHwevLupPBSwVAb7NqB5xy53I=,Sxl/C2RJFCyaAF3HBEUmtIc9g5w=
56,-60,UyrdhE3zLz4zk6LJch8Ud1XRKys=,DtMQQkD6VgmJRWpWE1+hk/i21L4=
62,-62,UyrdhE3zLz4zk6LJch8Ud1XRKys=,DtMQQkD6VgmJRWpWE1+hk/i21L4=
55,-51,UyrdhE3zLz4zk6LJch8Ud1XRKys=,Sxl/C2RJFCyaAF3HBEUmtIc9g5w=
50,-49,UyrdhE3zLz4zk6LJch8Ud1XRKys=,Sxl/C2RJFCyaAF3HBEUmtIc9g5w=
54,-51,UyrdhE3zLz4zk6LJch8Ud1XRKys=,Sxl/C2RJFCyaAF3HBEUmtIc9g5w=
60,-62,UyrdhE3zLz4zk6LJch8Ud1XRKys=,DtMQQkD6VgmJRWpWE1+hk/i21L4=
62,-58,UyrdhE3zLz4zk6LJch8Ud1XRKys=,DtMQQkD6VgmJRWpWE1+hk/i21L4=
60,-60,UyrdhE3zLz4zk6LJch8Ud1XRKys=,DtMQQkD6VgmJRWpWE1+hk/i21L4=
62,-63,UyrdhE3zLz4zk6LJch8Ud1XRKys=,DtMQQkD6VgmJRWpWE1+hk/i21L4=
61,-62,UyrdhE3zLz4zk6LJch8Ud1XRKys=,DtMQQkD6VgmJRWpWE1+hk/i21L4=
49,-57,UyrdhE3zLz4zk6LJch8Ud1XRKys=,2H2TV9lKG7WHtbDlHq1BwQpsx60=
49,-52,7CgHwevLupPBSwVAb7NqB5xy53I=,Sxl/C2RJFCyaAF3HBEUmtIc9g5w=
48,-49,UyrdhE3zLz4zk6LJch8Ud1XRKys=,Sxl/C2RJFCyaAF3HBEUmtIc9g5w=
51,-56,7CgHwevLupPBSwVAb7NqB5xy53I=,Sxl/C2RJFCyaAF3HBEUmtIc9g5w=
63,-55,UyrdhE3zLz4zk6LJch8Ud1XRKys=,aLfXcgkxOCSR4tOaq6xM5qJ4Ncg=
61,-54,UyrdhE3zLz4zk6LJch8Ud1XRKys=,aLfXcgkxOCSR4tOaq6xM5qJ4Ncg=
49,-49,UyrdhE3zLz4zk6LJch8Ud1XRKys=,Sxl/C2RJFCyaAF3HBEUmtIc9g5w=
53,-51,UyrdhE3zLz4zk6LJch8Ud1XRKys=,Sxl/C2RJFCyaAF3HBEUmtIc9g5w=
57,-55,UyrdhE3zLz4zk6LJch8Ud1XRKys=,aLfXcgkxOCSR4tOaq6xM5qJ4Ncg=
51,-63,UyrdhE3zLz4zk6LJch8Ud1XRKys=,2H2TV9lKG7WHtbDlHq1BwQpsx60=
51,-49,7CgHwevLupPBSwVAb7NqB5xy53I=,Sxl/C2RJFCyaAF3HBEUmtIc9g5w=
51,-52,UyrdhE3zLz4zk6LJch8Ud1XRKys=,Sxl/C2RJFCyaAF3HBEUmtIc9g5w=
52,-51,UyrdhE3zLz4zk6LJch8Ud1XRKys=,Sxl/C2RJFCyaAF3HBEUmtIc9g5w=
61,-63,UyrdhE3zLz4zk6LJch8Ud1XRKys=,DtMQQkD6VgmJRWpWE1+hk/i21L4=
63,-60,UyrdhE3zLz4zk6LJch8Ud1XRKys=,DtMQQkD6VgmJRWpWE1+hk/i21L4=
49,-63,UyrdhE3zLz4zk6LJch8Ud1XRKys=,2H2TV9lKG7WHtbDlHq1BwQpsx60=
48,-50,UyrdhE3zLz4zk6LJch8Ud1XRKys=,Sxl/C2RJFCyaAF3HBEUmtIc9g5w=
50,-63,UyrdhE3zLz4zk6LJch8Ud1XRKys=,2H2TV9lKG7WHtbDlHq1BwQpsx60=
61,-64,UyrdhE3zLz4zk6LJch8Ud1XRKys=,DtMQQkD6VgmJRWpWE1+hk/i21L4=
61,-57,UyrdhE3zLz4zk6LJch8Ud1XRKys=,DtMQQkD6VgmJRWpWE1+hk/i21L4=
50,-57,UyrdhE3zLz4zk6LJch8Ud1XRKys=,2H2TV9lKG7WHtbDlHq1BwQpsx60=
50,-51,UyrdhE3zLz4zk6LJch8Ud1XRKys=,Sxl/C2RJFCyaAF3HBEUmtIc9g5w=
50,-52,UyrdhE3zLz4zk6LJch8Ud1XRKys=,Sxl/C2RJFCyaAF3HBEUmtIc9g5w=
62,-64,UyrdhE3zLz4zk6LJch8Ud1XRKys=,DtMQQkD6VgmJRWpWE1+hk/i21L4=
60,-57,UyrdhE3zLz4zk6LJch8Ud1XRKys=,DtMQQkD6VgmJRWpWE1+hk/i21L4=
60,-63,UyrdhE3zLz4zk6LJch8Ud1XRKys=,DtMQQkD6VgmJRWpWE1+hk/i21L4=
58,-54,UyrdhE3zLz4zk6LJch8Ud1XRKys=,aLfXcgkxOCSR4tOaq6xM5qJ4Ncg=
60,-64,UyrdhE3zLz4zk6LJch8Ud1XRKys=,DtMQQkD6VgmJRWpWE1+hk/i21L4=
51,-51,UyrdhE3zLz4zk6LJch8Ud1XRKys=,Sxl/C2RJFCyaAF3HBEUmtIc9g5w=
48,-51,UyrdhE3zLz4zk6LJch8Ud1XRKys=,Sxl/C2RJFCyaAF3HBEUmtIc9g5w=
55,-52,UyrdhE3zLz4zk6LJch8Ud1XRKys=,Sxl/C2RJFCyaAF3HBEUmtIc9g5w=
63,-61,UyrdhE3zLz4zk6LJch8Ud1XRKys=,DtMQQkD6VgmJRWpWE1+hk/i21L4=
50,-50,UyrdhE3zLz4zk6LJch8Ud1XRKys=,Sxl/C2RJFCyaAF3HBEUmtIc9g5w=
63,-62,UyrdhE3zLz4zk6LJch8Ud1XRKys=,DtMQQkD6VgmJRWpWE1+hk/i21L4=
51,-57,UyrdhE3zLz4zk6LJch8Ud1XRKys=,2H2TV9lKG7WHtbDlHq1BwQpsx60=
48,-52,UyrdhE3zLz4zk6LJch8Ud1XRKys=,Sxl/C2RJFCyaAF3HBEUmtIc9g5w=
51,-64,UyrdhE3zLz4zk6LJch8Ud1XRKys=,2H2TV9lKG7WHtbDlHq1BwQpsx60=
62,-52,7CgHwevLupPBSwVAb7NqB5xy53I=,aLfXcgkxOCSR4tOaq6xM5qJ4Ncg=
50,-64,UyrdhE3zLz4zk6LJch8Ud1XRKys=,2H2TV9lKG7WHtbDlHq1BwQpsx60=
62,-57,UyrdhE3zLz4zk6LJch8Ud1XRKys=,DtMQQkD6VgmJRWpWE1+hk/i21L4=
51,-50,UyrdhE3zLz4zk6LJch8Ud1XRKys=,Sxl/C2RJFCyaAF3HBEUmtIc9g5w=
49,-50,UyrdhE3zLz4zk6LJch8Ud1XRKys=,Sxl/C2RJFCyaAF3HBEUmtIc9g5w=
54,-52,UyrdhE3zLz4zk6LJch8Ud1XRKys=,Sxl/C2RJFCyaAF3HBEUmtIc9g5w=
61,-49,UyrdhE3zLz4zk6LJch8Ud1XRKys=,aLfXcgkxOCSR4tOaq6xM5qJ4Ncg=
59,-51,7CgHwevLupPBSwVAb7NqB5xy53I=,aLfXcgkxOCSR4tOaq6xM5qJ4Ncg=
49,-64,UyrdhE3zLz4zk6LJch8Ud1XRKys=,2H2TV9lKG7WHtbDlHq1BwQpsx60=
62,-50,7CgHwevLupPBSwVAb7NqB5xy53I=,aLfXcgkxOCSR4tOaq6xM5qJ4Ncg=
61,-50,7CgHwevLupPBSwVAb7NqB5xy53I=,aLfXcgkxOCSR4tOaq6xM5qJ4Ncg=
58,-50,7CgHwevLupPBSwVAb7NqB5xy53I=,aLfXcgkxOCSR4tOaq6xM5qJ4Ncg=
57,-50,7CgHwevLupPBSwVAb7NqB5xy53I=,aLfXcgkxOCSR4tOaq6xM5qJ4Ncg=
59,-50,7CgHwevLupPBSwVAb7NqB5xy53I=,aLfXcgkxOCSR4tOaq6xM5qJ4Ncg=
57,-51,7CgHwevLupPBSwVAb7NqB5xy53I=,aLfXcgkxOCSR4tOaq6xM5qJ4Ncg=
58,-51,7CgHwevLupPBSwVAb7NqB5xy53I=,aLfXcgkxOCSR4tOaq6xM5qJ4Ncg=
60,-52,7CgHwevLupPBSwVAb7NqB5xy53I=,aLfXcgkxOCSR4tOaq6xM5qJ4Ncg=
57,-52,7CgHwevLupPBSwVAb7NqB5xy53I=,aLfXcgkxOCSR4tOaq6xM5qJ4Ncg=
53,-52,UyrdhE3zLz4zk6LJch8Ud1XRKys=,Sxl/C2RJFCyaAF3HBEUmtIc9g5w=
60,-50,7CgHwevLupPBSwVAb7NqB5xy53I=,aLfXcgkxOCSR4tOaq6xM5qJ4Ncg=
56,-51,7CgHwevLupPBSwVAb7NqB5xy53I=,aLfXcgkxOCSR4tOaq6xM5qJ4Ncg=
63,-63,UyrdhE3zLz4zk6LJch8Ud1XRKys=,DtMQQkD6VgmJRWpWE1+hk/i21L4=
56,-50,7CgHwevLupPBSwVAb7NqB5xy53I=,aLfXcgkxOCSR4tOaq6xM5qJ4Ncg=
62,-49,UyrdhE3zLz4zk6LJch8Ud1XRKys=,aLfXcgkxOCSR4tOaq6xM5qJ4Ncg=
52,-52,UyrdhE3zLz4zk6LJch8Ud1XRKys=,Sxl/C2RJFCyaAF3HBEUmtIc9g5w=
62,-51,7CgHwevLupPBSwVAb7NqB5xy53I=,aLfXcgkxOCSR4tOaq6xM5qJ4Ncg=
61,-52,7CgHwevLupPBSwVAb7NqB5xy53I=,aLfXcgkxOCSR4tOaq6xM5qJ4Ncg=
56,-49,7CgHwevLupPBSwVAb7NqB5xy53I=,aLfXcgkxOCSR4tOaq6xM5qJ4Ncg=
60,-51,7CgHwevLupPBSwVAb7NqB5xy53I=,aLfXcgkxOCSR4tOaq6xM5qJ4Ncg=
54,-49,UyrdhE3zLz4zk6LJch8Ud1XRKys=,Sxl/C2RJFCyaAF3HBEUmtIc9g5w=
60,-49,7CgHwevLupPBSwVAb7NqB5xy53I=,aLfXcgkxOCSR4tOaq6xM5qJ4Ncg=
61,-51,7CgHwevLupPBSwVAb7NqB5xy53I=,aLfXcgkxOCSR4tOaq6xM5qJ4Ncg=
58,-52,7CgHwevLupPBSwVAb7NqB5xy53I=,aLfXcgkxOCSR4tOaq6xM5qJ4Ncg=
52,-50,UyrdhE3zLz4zk6LJch8Ud1XRKys=,Sxl/C2RJFCyaAF3HBEUmtIc9g5w=
63,-50,UyrdhE3zLz4zk6LJch8Ud1XRKys=,aLfXcgkxOCSR4tOaq6xM5qJ4Ncg=
63,-51,UyrdhE3zLz4zk6LJch8Ud1XRKys=,aLfXcgkxOCSR4tOaq6xM5qJ4Ncg=
59,-52,7CgHwevLupPBSwVAb7NqB5xy53I=,aLfXcgkxOCSR4tOaq6xM5qJ4Ncg=
63,-52,7CgHwevLupPBSwVAb7NqB5xy53I=,aLfXcgkxOCSR4tOaq6xM5qJ4Ncg=
57,-49,7CgHwevLupPBSwVAb7NqB5xy53I=,aLfXcgkxOCSR4tOaq6xM5qJ4Ncg=
59,-49,7CgHwevLupPBSwVAb7NqB5xy53I=,aLfXcgkxOCSR4tOaq6xM5qJ4Ncg=
52,-49,UyrdhE3zLz4zk6LJch8Ud1XRKys=,Sxl/C2RJFCyaAF3HBEUmtIc9g5w=
63,-49,UyrdhE3zLz4zk6LJch8Ud1XRKys=,aLfXcgkxOCSR4tOaq6xM5qJ4Ncg=
55,-50,UyrdhE3zLz4zk6LJch8Ud1XRKys=,Sxl/C2RJFCyaAF3HBEUmtIc9g5w=
53,-50,UyrdhE3zLz4zk6LJch8Ud1XRKys=,Sxl/C2RJFCyaAF3HBEUmtIc9g5w=
58,-49,UyrdhE3zLz4zk6LJch8Ud1XRKys=,aLfXcgkxOCSR4tOaq6xM5qJ4Ncg=
56,-52,7CgHwevLupPBSwVAb7NqB5xy53I=,aLfXcgkxOCSR4tOaq6xM5qJ4Ncg=
53,-49,UyrdhE3zLz4zk6LJch8Ud1XRKys=,Sxl/C2RJFCyaAF3HBEUmtIc9g5w=
49,-51,UyrdhE3zLz4zk6LJch8Ud1XRKys=,Sxl/C2RJFCyaAF3HBEUmtIc9g5w=
54,-50,UyrdhE3zLz4zk6LJch8Ud1XRKys=,Sxl/C2RJFCyaAF3HBEUmtIc9g5w=
39,-56,JWqm/XOo0Gf7+6v87Ak44Wu8fng=,5iwfP9Gm5El6trAoB6Bf72Wrfjg=
39,-59,JWqm/XOo0Gf7+6v87Ak44Wu8fng=,iaZlBbkmTndz8t0sNgLTim8OE5Q=
40,-60,JWqm/XOo0Gf7+6v87Ak44Wu8fng=,gHJMlIqHK8tjnM0GXdGeGUwOH18=
38,-59,JWqm/XOo0Gf7+6v87Ak44Wu8fng=,iaZlBbkmTndz8t0sNgLTim8OE5Q=
37,-59,JWqm/XOo0Gf7+6v87Ak44Wu8fng=,iaZlBbkmTndz8t0sNgLTim8OE5Q=
35,-59,JWqm/XOo0Gf7+6v87Ak44Wu8fng=,iaZlBbkmTndz8t0sNgLTim8OE5Q=
38,-56,JWqm/XOo0Gf7+6v87Ak44Wu8fng=,5iwfP9Gm5El6trAoB6Bf72Wrfjg=
40,-56,JWqm/XOo0Gf7+6v87Ak44Wu8fng=,QxZXA7gP0nfPFaRH4qS/ppsLSk4=
36,-59,JWqm/XOo0Gf7+6v87Ak44Wu8fng=,iaZlBbkmTndz8t0sNgLTim8OE5Q=
40,-59,JWqm/XOo0Gf7+6v87Ak44Wu8fng=,gHJMlIqHK8tjnM0GXdGeGUwOH18=
40,-55,JWqm/XOo0Gf7+6v87Ak44Wu8fng=,QxZXA7gP0nfPFaRH4qS/ppsLSk4=
34,-59,JWqm/XOo0Gf7+6v87Ak44Wu8fng=,iaZlBbkmTndz8t0sNgLTim8OE5Q=
43,-60,JWqm/XOo0Gf7+6v87Ak44Wu8fng=,gHJMlIqHK8tjnM0GXdGeGUwOH18=
40,-53,JWqm/XOo0Gf7+6v87Ak44Wu8fng=,QxZXA7gP0nfPFaRH4qS/ppsLSk4=
41,-59,JWqm/XOo0Gf7+6v87Ak44Wu8fng=,gHJMlIqHK8tjnM0GXdGeGUwOH18=
34,-55,JWqm/XOo0Gf7+6v87Ak44Wu8fng=,5iwfP9Gm5El6trAoB6Bf72Wrfjg=
33,-59,JWqm/XOo0Gf7+6v87Ak44Wu8fng=,iaZlBbkmTndz8t0sNgLTim8OE5Q=
43,-59,JWqm/XOo0Gf7+6v87Ak44Wu8fng=,gHJMlIqHK8tjnM0GXdGeGUwOH18=
42,-59,JWqm/XOo0Gf7+6v87Ak44Wu8fng=,gHJMlIqHK8tjnM0GXdGeGUwOH18=
39,-60,JWqm/XOo0Gf7+6v87Ak44Wu8fng=,iaZlBbkmTndz8t0sNgLTim8OE5Q=
32,-59,JWqm/XOo0Gf7+6v87Ak44Wu8fng=,iaZlBbkmTndz8t0sNgLTim8OE5Q=
42,-60,JWqm/XOo0Gf7+6v87Ak44Wu8fng=,gHJMlIqHK8tjnM0GXdGeGUwOH18=
41,-60,JWqm/XOo0Gf7+6v87Ak44Wu8fng=,gHJMlIqHK8tjnM0GXdGeGUwOH18=
40,-54,JWqm/XOo0Gf7+6v87Ak44Wu8fng=,QxZXA7gP0nfPFaRH4qS/ppsLSk4=
35,-55,JWqm/XOo0Gf7+6v87Ak44Wu8fng=,5iwfP9Gm5El6trAoB6Bf72Wrfjg=
42,-58,JWqm/XOo0Gf7+6v87Ak44Wu8fng=,gHJMlIqHK8tjnM0GXdGeGUwOH18=
43,-58,JWqm/XOo0Gf7+6v87Ak44Wu8fng=,gHJMlIqHK8tjnM0GXdGeGUwOH18=
38,-60,JWqm/XOo0Gf7+6v87Ak44Wu8fng=,iaZlBbkmTndz8t0sNgLTim8OE5Q=
33,-55,JWqm/XOo0Gf7+6v87Ak44Wu8fng=,5iwfP9Gm5El6trAoB6Bf72Wrfjg=
39,-57,JWqm/XOo0Gf7+6v87Ak44Wu8fng=,iaZlBbkmTndz8t0sNgLTim8OE5Q=
32,-58,JWqm/XOo0Gf7+6v87Ak44Wu8fng=,iaZlBbkmTndz8t0sNgLTim8OE5Q=
33,-57,JWqm/XOo0Gf7+6v87Ak44Wu8fng=,iaZlBbkmTndz8t0sNgLTim8OE5Q=
37,-56,JWqm/XOo0Gf7+6v87Ak44Wu8fng=,5iwfP9Gm5El6trAoB6Bf72Wrfjg=
41,-58,JWqm/XOo0Gf7+6v87Ak44Wu8fng=,gHJMlIqHK8tjnM0GXdGeGUwOH18=
32,-57,JWqm/XOo0Gf7+6v87Ak44Wu8fng=,iaZlBbkmTndz8t0sNgLTim8OE5Q=
42,-57,JWqm/XOo0Gf7+6v87Ak44Wu8fng=,gHJMlIqHK8tjnM0GXdGeGUwOH18=
37,-60,JWqm/XOo0Gf7+6v87Ak44Wu8fng=,iaZlBbkmTndz8t0sNgLTim8OE5Q=
43,-56,JWqm/XOo0Gf7+6v87Ak44Wu8fng=,QxZXA7gP0nfPFaRH4qS/ppsLSk4=
41,-57,JWqm/XOo0Gf7+6v87Ak44Wu8fng=,gHJMlIqHK8tjnM0GXdGeGUwOH18=
38,-57,JWqm/XOo0Gf7+6v87Ak44Wu8fng=,iaZlBbkmTndz8t0sNgLTim8OE5Q=
35,-57,JWqm/XOo0Gf7+6v87Ak44Wu8fng=,iaZlBbkmTndz8t0sNgLTim8OE5Q=
37,-57,JWqm/XOo0Gf7+6v87Ak44Wu8fng=,iaZlBbkmTndz8t0sNgLTim8OE5Q=
43,-57,JWqm/XOo0Gf7+6v87Ak44Wu8fng=,gHJMlIqHK8tjnM0GXdGeGUwOH18=
35,-60,JWqm/XOo0Gf7+6v87Ak44Wu8fng=,iaZlBbkmTndz8t0sNgLTim8OE5Q=
36,-60,JWqm/XOo0Gf7+6v87Ak44Wu8fng=,iaZlBbkmTndz8t0sNgLTim8OE5Q=
39,-58,JWqm/XOo0Gf7+6v87Ak44Wu8fng=,iaZlBbkmTndz8t0sNgLTim8OE5Q=
40,-57,JWqm/XOo0Gf7+6v87Ak44Wu8fng=,gHJMlIqHK8tjnM0GXdGeGUwOH18=
42,-55,JWqm/XOo0Gf7+6v87Ak44Wu8fng=,QxZXA7gP0nfPFaRH4qS/ppsLSk4=
36,-56,JWqm/XOo0Gf7+6v87Ak44Wu8fng=,5iwfP9Gm5El6trAoB6Bf72Wrfjg=
33,-58,JWqm/XOo0Gf7+6v87Ak44Wu8fng=,iaZlBbkmTndz8t0sNgLTim8OE5Q=
42,-56,JWqm/XOo0Gf7+6v87Ak44Wu8fng=,QxZXA7gP0nfPFaRH4qS/ppsLSk4=
36,-57,JWqm/XOo0Gf7+6v87Ak44Wu8fng=,iaZlBbkmTndz8t0sNgLTim8OE5Q=
43,-55,JWqm/XOo0Gf7+6v87Ak44Wu8fng=,QxZXA7gP0nfPFaRH4qS/ppsLSk4=
41,-55,JWqm/XOo0Gf7+6v87Ak44Wu8fng=,QxZXA7gP0nfPFaRH4qS/ppsLSk4=
40,-58,JWqm/XOo0Gf7+6v87Ak44Wu8fng=,gHJMlIqHK8tjnM0GXdGeGUwOH18=
41,-54,JWqm/XOo0Gf7+6v87Ak44Wu8fng=,QxZXA7gP0nfPFaRH4qS/ppsLSk4=
42,-53,JWqm/XOo0Gf7+6v87Ak44Wu8fng=,QxZXA7gP0nfPFaRH4qS/ppsLSk4=
43,-54,JWqm/XOo0Gf7+6v87Ak44Wu8fng=,QxZXA7gP0nfPFaRH4qS/ppsLSk4=
35,-56,JWqm/XOo0Gf7+6v87Ak44Wu8fng=,5iwfP9Gm5El6trAoB6Bf72Wrfjg=
36,-55,JWqm/XOo0Gf7+6v87Ak44Wu8fng=,5iwfP9Gm5El6trAoB6Bf72Wrfjg=
42,-54,JWqm/XOo0Gf7+6v87Ak44Wu8fng=,QxZXA7gP0nfPFaRH4qS/ppsLSk4=
41,-53,JWqm/XOo0Gf7+6v87Ak44Wu8fng=,QxZXA7gP0nfPFaRH4qS/ppsLSk4=
34,-57,JWqm/XOo0Gf7+6v87Ak44Wu8fng=,iaZlBbkmTndz8t0sNgLTim8OE5Q=
34,-58,JWqm/XOo0Gf7+6v87Ak44Wu8fng=,iaZlBbkmTndz8t0sNgLTim8OE5Q=
33,-60,JWqm/XOo0Gf7+6v87Ak44Wu8fng=,iaZlBbkmTndz8t0sNgLTim8OE5Q=
37,-55,JWqm/XOo0Gf7+6v87Ak44Wu8fng=,5iwfP9Gm5El6trAoB6Bf72Wrfjg=
41,-56,JWqm/XOo0Gf7+6v87Ak44Wu8fng=,QxZXA7gP0nfPFaRH4qS/ppsLSk4=
34,-60,JWqm/XOo0Gf7+6v87Ak44Wu8fng=,iaZlBbkmTndz8t0sNgLTim8OE5Q=
38,-58,JWqm/XOo0Gf7+6v87Ak44Wu8fng=,iaZlBbkmTndz8t0sNgLTim8OE5Q=
35,-58,JWqm/XOo0Gf7+6v87Ak44Wu8fng=,iaZlBbkmTndz8t0sNgLTim8OE5Q=
38,-55,JWqm/XOo0Gf7+6v87Ak44Wu8fng=,5iwfP9Gm5El6trAoB6Bf72Wrfjg=
37,-58,JWqm/XOo0Gf7+6v87Ak44Wu8fng=,iaZlBbkmTndz8t0sNgLTim8OE5Q=
34,-56,JWqm/XOo0Gf7+6v87Ak44Wu8fng=,5iwfP9Gm5El6trAoB6Bf72Wrfjg=
32,-60,JWqm/XOo0Gf7+6v87Ak44Wu8fng=,iaZlBbkmTndz8t0sNgLTim8OE5Q=
43,-53,JWqm/XOo0Gf7+6v87Ak44Wu8fng=,QxZXA7gP0nfPFaRH4qS/ppsLSk4=
38,-54,JWqm/XOo0Gf7+6v87Ak44Wu8fng=,5iwfP9Gm5El6trAoB6Bf72Wrfjg=
33,-53,JWqm/XOo0Gf7+6v87Ak44Wu8fng=,5iwfP9Gm5El6trAoB6Bf72Wrfjg=
32,-54,JWqm/XOo0Gf7+6v87Ak44Wu8fng=,5iwfP9Gm5El6trAoB6Bf72Wrfjg=
34,-53,JWqm/XOo0Gf7+6v87Ak44Wu8fng=,5iwfP9Gm5El6trAoB6Bf72Wrfjg=
39,-54,JWqm/XOo0Gf7+6v87Ak44Wu8fng=,5iwfP9Gm5El6trAoB6Bf72Wrfjg=
34,-54,JWqm/XOo0Gf7+6v87Ak44Wu8fng=,5iwfP9Gm5El6trAoB6Bf72Wrfjg=
32,-55,JWqm/XOo0Gf7+6v87Ak44Wu8fng=,5iwfP9Gm5El6trAoB6Bf72Wrfjg=
35,-54,JWqm/XOo0Gf7+6v87Ak44Wu8fng=,5iwfP9Gm5El6trAoB6Bf72Wrfjg=
39,-53,JWqm/XOo0Gf7+6v87Ak44Wu8fng=,5iwfP9Gm5El6trAoB6Bf72Wrfjg=
33,-54,JWqm/XOo0Gf7+6v87Ak44Wu8fng=,5iwfP9Gm5El6trAoB6Bf72Wrfjg=
33,-56,JWqm/XOo0Gf7+6v87Ak44Wu8fng=,5iwfP9Gm5El6trAoB6Bf72Wrfjg=
32,-56,JWqm/XOo0Gf7+6v87Ak44Wu8fng=,5iwfP9Gm5El6trAoB6Bf72Wrfjg=
36,-58,JWqm/XOo0Gf7+6v87Ak44Wu8fng=,iaZlBbkmTndz8t0sNgLTim8OE5Q=
32,-53,JWqm/XOo0Gf7+6v87Ak44Wu8fng=,5iwfP9Gm5El6trAoB6Bf72Wrfjg=
35,-53,JWqm/XOo0Gf7+6v87Ak44Wu8fng=,5iwfP9Gm5El6trAoB6Bf72Wrfjg=
36,-63,JWqm/XOo0Gf7+6v87Ak44Wu8fng=,iaZlBbkmTndz8t0sNgLTim8OE5Q=
37,-62,JWqm/XOo0Gf7+6v87Ak44Wu8fng=,iaZlBbkmTndz8t0sNgLTim8OE5Q=
37,-63,JWqm/XOo0Gf7+6v87Ak44Wu8fng=,iaZlBbkmTndz8t0sNgLTim8OE5Q=
32,-62,JWqm/XOo0Gf7+6v87Ak44Wu8fng=,iaZlBbkmTndz8t0sNgLTim8OE5Q=
41,-63,JWqm/XOo0Gf7+6v87Ak44Wu8fng=,gHJMlIqHK8tjnM0GXdGeGUwOH18=
41,-62,JWqm/XOo0Gf7+6v87Ak44Wu8fng=,gHJMlIqHK8tjnM0GXdGeGUwOH18=
32,-64,JWqm/XOo0Gf7+6v87Ak44Wu8fng=,iaZlBbkmTndz8t0sNgLTim8OE5Q=
39,-62,JWqm/XOo0Gf7+6v87Ak44Wu8fng=,iaZlBbkmTndz8t0sNgLTim8OE5Q=
42,-64,JWqm/XOo0Gf7+6v87Ak44Wu8fng=,gHJMlIqHK8tjnM0GXdGeGUwOH18=
36,-61,JWqm/XOo0Gf7+6v87Ak44Wu8fng=,iaZlBbkmTndz8t0sNgLTim8OE5Q=
38,-53,JWqm/XOo0Gf7+6v87Ak44Wu8fng=,5iwfP9Gm5El6trAoB6Bf72Wrfjg=
43,-64,JWqm/XOo0Gf7+6v87Ak44Wu8fng=,gHJMlIqHK8tjnM0GXdGeGUwOH18=
36,-54,JWqm/XOo0Gf7+6v87Ak44Wu8fng=,5iwfP9Gm5El6trAoB6Bf72Wrfjg=
38,-61,JWqm/XOo0Gf7+6v87Ak44Wu8fng=,iaZlBbkmTndz8t0sNgLTim8OE5Q=
38,-63,JWqm/XOo0Gf7+6v87Ak44Wu8fng=,iaZlBbkmTndz8t0sNgLTim8OE5Q=
39,-55,JWqm/XOo0Gf7+6v87Ak44Wu8fng=,5iwfP9Gm5El6trAoB6Bf72Wrfjg=
37,-53,JWqm/XOo0Gf7+6v87Ak44Wu8fng=,5iwfP9Gm5El6trAoB6Bf72Wrfjg=
39,-64,JWqm/XOo0Gf7+6v87Ak44Wu8fng=,iaZlBbkmTndz8t0sNgLTim8OE5Q=
37,-61,JWqm/XOo0Gf7+6v87Ak44Wu8fng=,iaZlBbkmTndz8t0sNgLTim8OE5Q=
33,-61,JWqm/XOo0Gf7+6v87Ak44Wu8fng=,iaZlBbkmTndz8t0sNgLTim8OE5Q=
36,-53,JWqm/XOo0Gf7+6v87Ak44Wu8fng=,5iwfP9Gm5El6trAoB6Bf72Wrfjg=
41,-61,JWqm/XOo0Gf7+6v87Ak44Wu8fng=,gHJMlIqHK8tjnM0GXdGeGUwOH18=
36,-62,JWqm/XOo0Gf7+6v87Ak44Wu8fng=,iaZlBbkmTndz8t0sNgLTim8OE5Q=
35,-62,JWqm/XOo0Gf7+6v87Ak44Wu8fng=,iaZlBbkmTndz8t0sNgLTim8OE5Q=
38,-64,JWqm/XOo0Gf7+6v87Ak44Wu8fng=,iaZlBbkmTndz8t0sNgLTim8OE5Q=
36,-64,JWqm/XOo0Gf7+6v87Ak44Wu8fng=,iaZlBbkmTndz8t0sNgLTim8OE5Q=
39,-63,JWqm/XOo0Gf7+6v87Ak44Wu8fng=,iaZlBbkmTndz8t0sNgLTim8OE5Q=
34,-62,JWqm/XOo0Gf7+6v87Ak44Wu8fng=,iaZlBbkmTndz8t0sNgLTim8OE5Q=
43,-62,JWqm/XOo0Gf7+6v87Ak44Wu8fng=,gHJMlIqHK8tjnM0GXdGeGUwOH18=
39,-49,JWqm/XOo0Gf7+6v87Ak44Wu8fng=,5iwfP9Gm5El6trAoB6Bf72Wrfjg=
37,-64,JWqm/XOo0Gf7+6v87Ak44Wu8fng=,iaZlBbkmTndz8t0sNgLTim8OE5Q=
42,-61,JWqm/XOo0Gf7+6v87Ak44Wu8fng=,gHJMlIqHK8tjnM0GXdGeGUwOH18=
41,-64,JWqm/XOo0Gf7+6v87Ak44Wu8fng=,gHJMlIqHK8tjnM0GXdGeGUwOH18=
39,-61,JWqm/XOo0Gf7+6v87Ak44Wu8fng=,iaZlBbkmTndz8t0sNgLTim8OE5Q=
37,-54,JWqm/XOo0Gf7+6v87Ak44Wu8fng=,5iwfP9Gm5El6trAoB6Bf72Wrfjg=
32,-61,JWqm/XOo0Gf7+6v87Ak44Wu8fng=,iaZlBbkmTndz8t0sNgLTim8OE5Q=
40,-64,JWqm/XOo0Gf7+6v87Ak44Wu8fng=,gHJMlIqHK8tjnM0GXdGeGUwOH18=
34,-61,JWqm/XOo0Gf7+6v87Ak44Wu8fng=,iaZlBbkmTndz8t0sNgLTim8OE5Q=
35,-64,JWqm/XOo0Gf7+6v87Ak44Wu8fng=,iaZlBbkmTndz8t0sNgLTim8OE5Q=
38,-50,JWqm/XOo0Gf7+6v87Ak44Wu8fng=,5iwfP9Gm5El6trAoB6Bf72Wrfjg=
33,-62,JWqm/XOo0Gf7+6v87Ak44Wu8fng=,iaZlBbkmTndz8t0sNgLTim8OE5Q=
33,-64,JWqm/XOo0Gf7+6v87Ak44Wu8fng=,iaZlBbkmTndz8t0sNgLTim8OE5Q=
34,-63,JWqm/XOo0Gf7+6v87Ak44Wu8fng=,iaZlBbkmTndz8t0sNgLTim8OE5Q=
41,-51,JWqm/XOo0Gf7+6v87Ak44Wu8fng=,QxZXA7gP0nfPFaRH4qS/ppsLSk4=
33,-49,JWqm/XOo0Gf7+6v87Ak44Wu8fng=,5iwfP9Gm5El6trAoB6Bf72Wrfjg=
47,-53,JWqm/XOo0Gf7+6v87Ak44Wu8fng=,QxZXA7gP0nfPFaRH4qS/ppsLSk4=
36,-50,JWqm/XOo0Gf7+6v87Ak44Wu8fng=,5iwfP9Gm5El6trAoB6Bf72Wrfjg=
43,-49,JWqm/XOo0Gf7+6v87Ak44Wu8fng=,QxZXA7gP0nfPFaRH4qS/ppsLSk4=
35,-63,JWqm/XOo0Gf7+6v87Ak44Wu8fng=,iaZlBbkmTndz8t0sNgLTim8OE5Q=
42,-51,JWqm/XOo0Gf7+6v87Ak44Wu8fng=,QxZXA7gP0nfPFaRH4qS/ppsLSk4=
34,-64,JWqm/XOo0Gf7+6v87Ak44Wu8fng=,iaZlBbkmTndz8t0sNgLTim8OE5Q=
37,-50,JWqm/XOo0Gf7+6v87Ak44Wu8fng=,5iwfP9Gm5El6trAoB6Bf72Wrfjg=
40,-61,JWqm/XOo0Gf7+6v87Ak44Wu8fng=,gHJMlIqHK8tjnM0GXdGeGUwOH18=
42,-63,JWqm/XOo0Gf7+6v87Ak44Wu8fng=,gHJMlIqHK8tjnM0GXdGeGUwOH18=
42,-49,JWqm/XOo0Gf7+6v87Ak44Wu8fng=,QxZXA7gP0nfPFaRH4qS/ppsLSk4=
36,-49,JWqm/XOo0Gf7+6v87Ak44Wu8fng=,5iwfP9Gm5El6trAoB6Bf72Wrfjg=
42,-62,JWqm/XOo0Gf7+6v87Ak44Wu8fng=,gHJMlIqHK8tjnM0GXdGeGUwOH18=
43,-63,JWqm/XOo0Gf7+6v87Ak44Wu8fng=,gHJMlIqHK8tjnM0GXdGeGUwOH18=
32,-63,JWqm/XOo0Gf7+6v87Ak44Wu8fng=,iaZlBbkmTndz8t0sNgLTim8OE5Q=
41,-50,JWqm/XOo0Gf7+6v87Ak44Wu8fng=,QxZXA7gP0nfPFaRH4qS/ppsLSk4=
33,-52,JWqm/XOo0Gf7+6v87Ak44Wu8fng=,5iwfP9Gm5El6trAoB6Bf72Wrfjg=
35,-49,JWqm/XOo0Gf7+6v87Ak44Wu8fng=,5iwfP9Gm5El6trAoB6Bf72Wrfjg=
34,-49,JWqm/XOo0Gf7+6v87Ak44Wu8fng=,5iwfP9Gm5El6trAoB6Bf72Wrfjg=
38,-62,JWqm/XOo0Gf7+6v87Ak44Wu8fng=,iaZlBbkmTndz8t0sNgLTim8OE5Q=
35,-61,JWqm/XOo0Gf7+6v87Ak44Wu8fng=,iaZlBbkmTndz8t0sNgLTim8OE5Q=
39,-51,JWqm/XOo0Gf7+6v87Ak44Wu8fng=,5iwfP9Gm5El6trAoB6Bf72Wrfjg=
47,-54,JWqm/XOo0Gf7+6v87Ak44Wu8fng=,QxZXA7gP0nfPFaRH4qS/ppsLSk4=
33,-63,JWqm/XOo0Gf7+6v87Ak44Wu8fng=,iaZlBbkmTndz8t0sNgLTim8OE5Q=
44,-49,JWqm/XOo0Gf7+6v87Ak44Wu8fng=,QxZXA7gP0nfPFaRH4qS/ppsLSk4=
32,-49,JWqm/XOo0Gf7+6v87Ak44Wu8fng=,5iwfP9Gm5El6trAoB6Bf72Wrfjg=
45,-49,JWqm/XOo0Gf7+6v87Ak44Wu8fng=,QxZXA7gP0nfPFaRH4qS/ppsLSk4=
43,-61,JWqm/XOo0Gf7+6v87Ak44Wu8fng=,gHJMlIqHK8tjnM0GXdGeGUwOH18=
43,-51,JWqm/XOo0Gf7+6v87Ak44Wu8fng=,QxZXA7gP0nfPFaRH4qS/ppsLSk4=
40,-51,JWqm/XOo0Gf7+6v87Ak44Wu8fng=,QxZXA7gP0nfPFaRH4qS/ppsLSk4=
42,-50,JWqm/XOo0Gf7+6v87Ak44Wu8fng=,QxZXA7gP0nfPFaRH4qS/ppsLSk4=
40,-50,JWqm/XOo0Gf7+6v87Ak44Wu8fng=,QxZXA7gP0nfPFaRH4qS/ppsLSk4=
40,-63,JWqm/XOo0Gf7+6v87Ak44Wu8fng=,gHJMlIqHK8tjnM0GXdGeGUwOH18=
41,-49,JWqm/XOo0Gf7+6v87Ak44Wu8fng=,QxZXA7gP0nfPFaRH4qS/ppsLSk4=
46,-49,JWqm/XOo0Gf7+6v87Ak44Wu8fng=,QxZXA7gP0nfPFaRH4qS/ppsLSk4=
40,-49,JWqm/XOo0Gf7+6v87Ak44Wu8fng=,QxZXA7gP0nfPFaRH4qS/ppsLSk4=
39,-50,JWqm/XOo0Gf7+6v87Ak44Wu8fng=,5iwfP9Gm5El6trAoB6Bf72Wrfjg=
40,-62,JWqm/XOo0Gf7+6v87Ak44Wu8fng=,gHJMlIqHK8tjnM0GXdGeGUwOH18=
43,-52,JWqm/XOo0Gf7+6v87Ak44Wu8fng=,QxZXA7gP0nfPFaRH4qS/ppsLSk4=
34,-52,JWqm/XOo0Gf7+6v87Ak44Wu8fng=,5iwfP9Gm5El6trAoB6Bf72Wrfjg=
42,-52,JWqm/XOo0Gf7+6v87Ak44Wu8fng=,QxZXA7gP0nfPFaRH4qS/ppsLSk4=
38,-51,JWqm/XOo0Gf7+6v87Ak44Wu8fng=,5iwfP9Gm5El6trAoB6Bf72Wrfjg=
47,-50,JWqm/XOo0Gf7+6v87Ak44Wu8fng=,QxZXA7gP0nfPFaRH4qS/ppsLSk4=
32,-50,JWqm/XOo0Gf7+6v87Ak44Wu8fng=,5iwfP9Gm5El6trAoB6Bf72Wrfjg=
36,-52,JWqm/XOo0Gf7+6v87Ak44Wu8fng=,5iwfP9Gm5El6trAoB6Bf72Wrfjg=
40,-52,JWqm/XOo0Gf7+6v87Ak44Wu8fng=,QxZXA7gP0nfPFaRH4qS/ppsLSk4=
41,-52,JWqm/XOo0Gf7+6v87Ak44Wu8fng=,QxZXA7gP0nfPFaRH4qS/ppsLSk4=
35,-52,JWqm/XOo0Gf7+6v87Ak44Wu8fng=,5iwfP9Gm5El6trAoB6Bf72Wrfjg=
38,-49,JWqm/XOo0Gf7+6v87Ak44Wu8fng=,5iwfP9Gm5El6trAoB6Bf72Wrfjg=
47,-55,JWqm/XOo0Gf7+6v87Ak44Wu8fng=,QxZXA7gP0nfPFaRH4qS/ppsLSk4=
43,-50,JWqm/XOo0Gf7+6v87Ak44Wu8fng=,QxZXA7gP0nfPFaRH4qS/ppsLSk4=
47,-56,JWqm/XOo0Gf7+6v87Ak44Wu8fng=,QxZXA7gP0nfPFaRH4qS/ppsLSk4=
35,-51,JWqm/XOo0Gf7+6v87Ak44Wu8fng=,5iwfP9Gm5El6trAoB6Bf72Wrfjg=
37,-49,JWqm/XOo0Gf7+6v87Ak44Wu8fng=,5iwfP9Gm5El6trAoB6Bf72Wrfjg=
32,-51,JWqm/XOo0Gf7+6v87Ak44Wu8fng=,5iwfP9Gm5El6trAoB6Bf72Wrfjg=
47,-51,JWqm/XOo0Gf7+6v87Ak44Wu8fng=,QxZXA7gP0nfPFaRH4qS/ppsLSk4=
34,-51,JWqm/XOo0Gf7+6v87Ak44Wu8fng=,5iwfP9Gm5El6trAoB6Bf72Wrfjg=
37,-52,JWqm/XOo0Gf7+6v87Ak44Wu8fng=,5iwfP9Gm5El6trAoB6Bf72Wrfjg=
46,-53,JWqm/XOo0Gf7+6v87Ak44Wu8fng=,QxZXA7gP0nfPFaRH4qS/ppsLSk4=
33,-51,JWqm/XOo0Gf7+6v87Ak44Wu8fng=,5iwfP9Gm5El6trAoB6Bf72Wrfjg=
47,-59,JWqm/XOo0Gf7+6v87Ak44Wu8fng=,gHJMlIqHK8tjnM0GXdGeGUwOH18=
47,-58,JWqm/XOo0Gf7+6v87Ak44Wu8fng=,gHJMlIqHK8tjnM0GXdGeGUwOH18=
37,-51,JWqm/XOo0Gf7+6v87Ak44Wu8fng=,5iwfP9Gm5El6trAoB6Bf72Wrfjg=
47,-57,JWqm/XOo0Gf7+6v87Ak44Wu8fng=,gHJMlIqHK8tjnM0GXdGeGUwOH18=
36,-51,JWqm/XOo0Gf7+6v87Ak44Wu8fng=,5iwfP9Gm5El6trAoB6Bf72Wrfjg=
33,-50,JWqm/XOo0Gf7+6v87Ak44Wu8fng=,5iwfP9Gm5El6trAoB6Bf72Wrfjg=
35,-50,JWqm/XOo0Gf7+6v87Ak44Wu8fng=,5iwfP9Gm5El6trAoB6Bf72Wrfjg=
47,-49,JWqm/XOo0Gf7+6v87Ak44Wu8fng=,QxZXA7gP0nfPFaRH4qS/ppsLSk4=
38,-52,JWqm/XOo0Gf7+6v87Ak44Wu8fng=,5iwfP9Gm5El6trAoB6Bf72Wrfjg=
47,-64,JWqm/XOo0Gf7+6v87Ak44Wu8fng=,gHJMlIqHK8tjnM0GXdGeGUwOH18=
39,-52,JWqm/XOo0Gf7+6v87Ak44Wu8fng=,5iwfP9Gm5El6trAoB6Bf72Wrfjg=
47,-60,JWqm/XOo0Gf7+6v87Ak44Wu8fng=,gHJMlIqHK8tjnM0GXdGeGUwOH18=
47,-62,JWqm/XOo0Gf7+6v87Ak44Wu8fng=,gHJMlIqHK8tjnM0GXdGeGUwOH18=
32,-52,JWqm/XOo0Gf7+6v87Ak44Wu8fng=,5iwfP9Gm5El6trAoB6Bf72Wrfjg=
47,-61,JWqm/XOo0Gf7+6v87Ak44Wu8fng=,gHJMlIqHK8tjnM0GXdGeGUwOH18=
47,-52,JWqm/XOo0Gf7+6v87Ak44Wu8fng=,QxZXA7gP0nfPFaRH4qS/ppsLSk4=
44,-63,JWqm/XOo0Gf7+6v87Ak44Wu8fng=,gHJMlIqHK8tjnM0GXdGeGUwOH18=
34,-50,JWqm/XOo0Gf7+6v87Ak44Wu8fng=,5iwfP9Gm5El6trAoB6Bf72Wrfjg=
45,-55,JWqm/XOo0Gf7+6v87Ak44Wu8fng=,QxZXA7gP0nfPFaRH4qS/ppsLSk4=
46,-61,JWqm/XOo0Gf7+6v87Ak44Wu8fng=,gHJMlIqHK8tjnM0GXdGeGUwOH18=
44,-60,JWqm/XOo0Gf7+6v87Ak44Wu8fng=,gHJMlIqHK8tjnM0GXdGeGUwOH18=
46,-63,JWqm/XOo0Gf7+6v87Ak44Wu8fng=,gHJMlIqHK8tjnM0GXdGeGUwOH18=
45,-63,JWqm/XOo0Gf7+6v87Ak44Wu8fng=,gHJMlIqHK8tjnM0GXdGeGUwOH18=
44,-61,JWqm/XOo0Gf7+6v87Ak44Wu8fng=,gHJMlIqHK8tjnM0GXdGeGUwOH18=
46,-55,JWqm/XOo0Gf7+6v87Ak44Wu8fng=,QxZXA7gP0nfPFaRH4qS/ppsLSk4=
46,-54,JWqm/XOo0Gf7+6v87Ak44Wu8fng=,QxZXA7gP0nfPFaRH4qS/ppsLSk4=
46,-62,JWqm/XOo0Gf7+6v87Ak44Wu8fng=,gHJMlIqHK8tjnM0GXdGeGUwOH18=
44,-58,JWqm/XOo0Gf7+6v87Ak44Wu8fng=,gHJMlIqHK8tjnM0GXdGeGUwOH18=
46,-57,JWqm/XOo0Gf7+6v87Ak44Wu8fng=,gHJMlIqHK8tjnM0GXdGeGUwOH18=
45,-64,JWqm/XOo0Gf7+6v87Ak44Wu8fng=,gHJMlIqHK8tjnM0GXdGeGUwOH18=
44,-56,JWqm/XOo0Gf7+6v87Ak44Wu8fng=,QxZXA7gP0nfPFaRH4qS/ppsLSk4=
45,-52,JWqm/XOo0Gf7+6v87Ak44Wu8fng=,QxZXA7gP0nfPFaRH4qS/ppsLSk4=
45,-56,JWqm/XOo0Gf7+6v87Ak44Wu8fng=,QxZXA7gP0nfPFaRH4qS/ppsLSk4=
44,-62,JWqm/XOo0Gf7+6v87Ak44Wu8fng=,gHJMlIqHK8tjnM0GXdGeGUwOH18=
46,-56,JWqm/XOo0Gf7+6v87Ak44Wu8fng=,QxZXA7gP0nfPFaRH4qS/ppsLSk4=
44,-53,JWqm/XOo0Gf7+6v87Ak44Wu8fng=,QxZXA7gP0nfPFaRH4qS/ppsLSk4=
46,-52,JWqm/XOo0Gf7+6v87Ak44Wu8fng=,QxZXA7gP0nfPFaRH4qS/ppsLSk4=
46,-64,JWqm/XOo0Gf7+6v87Ak44Wu8fng=,gHJMlIqHK8tjnM0GXdGeGUwOH18=
44,-57,JWqm/XOo0Gf7+6v87Ak44Wu8fng=,gHJMlIqHK8tjnM0GXdGeGUwOH18=
44,-55,JWqm/XOo0Gf7+6v87Ak44Wu8fng=,QxZXA7gP0nfPFaRH4qS/ppsLSk4=
45,-57,JWqm/XOo0Gf7+6v87Ak44Wu8fng=,gHJMlIqHK8tjnM0GXdGeGUwOH18=
45,-54,JWqm/XOo0Gf7+6v87Ak44Wu8fng=,QxZXA7gP0nfPFaRH4qS/ppsLSk4=
47,-63,JWqm/XOo0Gf7+6v87Ak44Wu8fng=,gHJMlIqHK8tjnM0GXdGeGUwOH18=
45,-61,JWqm/XOo0Gf7+6v87Ak44Wu8fng=,gHJMlIqHK8tjnM0GXdGeGUwOH18=
44,-50,JWqm/XOo0Gf7+6v87Ak44Wu8fng=,QxZXA7gP0nfPFaRH4qS/ppsLSk4=
45,-58,JWqm/XOo0Gf7+6v87Ak44Wu8fng=,gHJMlIqHK8tjnM0GXdGeGUwOH18=
46,-51,JWqm/XOo0Gf7+6v87Ak44Wu8fng=,QxZXA7gP0nfPFaRH4qS/ppsLSk4=
45,-51,JWqm/XOo0Gf7+6v87Ak44Wu8fng=,QxZXA7gP0nfPFaRH4qS/ppsLSk4=
46,-50,JWqm/XOo0Gf7+6v87Ak44Wu8fng=,QxZXA7gP0nfPFaRH4qS/ppsLSk4=
45,-50,JWqm/XOo0Gf7+6v87Ak44Wu8fng=,QxZXA7gP0nfPFaRH4qS/ppsLSk4=
44,-51,JWqm/XOo0Gf7+6v87Ak44Wu8fng=,QxZXA7gP0nfPFaRH4qS/ppsLSk4=
45,-62,JWqm/XOo0Gf7+6v87Ak44Wu8fng=,gHJMlIqHK8tjnM0GXdGeGUwOH18=
45,-60,JWqm/XOo0Gf7+6v87Ak44Wu8fng=,gHJMlIqHK8tjnM0GXdGeGUwOH18=
44,-64,JWqm/XOo0Gf7+6v87Ak44Wu8fng=,gHJMlIqHK8tjnM0GXdGeGUwOH18=
46,-59,JWqm/XOo0Gf7+6v87Ak44Wu8fng=,gHJMlIqHK8tjnM0GXdGeGUwOH18=
45,-59,JWqm/XOo0Gf7+6v87Ak44Wu8fng=,gHJMlIqHK8tjnM0GXdGeGUwOH18=
46,-60,JWqm/XOo0Gf7+6v87Ak44Wu8fng=,gHJMlIqHK8tjnM0GXdGeGUwOH18=
44,-54,JWqm/XOo0Gf7+6v87Ak44Wu8fng=,QxZXA7gP0nfPFaRH4qS/ppsLSk4=
44,-59,JWqm/XOo0Gf7+6v87Ak44Wu8fng=,gHJMlIqHK8tjnM0GXdGeGUwOH18=
44,-52,JWqm/XOo0Gf7+6v87Ak44Wu8fng=,QxZXA7gP0nfPFaRH4qS/ppsLSk4=
45,-53,JWqm/XOo0Gf7+6v87Ak44Wu8fng=,QxZXA7gP0nfPFaRH4qS/ppsLSk4=
46,-58,JWqm/XOo0Gf7+6v87Ak44Wu8fng=,gHJMlIqHK8tjnM0GXdGeGUwOH18=
45,-47,DXZv3gvl/Wa0T4agPNYbfK9Yx9w=,6umGgid+aBfdoIl0eGswVdGRiLA=
46,-47,DXZv3gvl/Wa0T4agPNYbfK9Yx9w=,6umGgid+aBfdoIl0eGswVdGRiLA=
44,-46,DXZv3gvl/Wa0T4agPNYbfK9Yx9w=,6umGgid+aBfdoIl0eGswVdGRiLA=
45,-46,DXZv3gvl/Wa0T4agPNYbfK9Yx9w=,6umGgid+aBfdoIl0eGswVdGRiLA=
45,-42,uQLBNhIzt74mkoQZHHBR3qo11Fk=,6umGgid+aBfdoIl0eGswVdGRiLA=
44,-42,uQLBNhIzt74mkoQZHHBR3qo11Fk=,6umGgid+aBfdoIl0eGswVdGRiLA=
43,-42,DXZv3gvl/Wa0T4agPNYbfK9Yx9w=,6umGgid+aBfdoIl0eGswVdGRiLA=
46,-42,DXZv3gvl/Wa0T4agPNYbfK9Yx9w=,6umGgid+aBfdoIl0eGswVdGRiLA=
42,-42,DXZv3gvl/Wa0T4agPNYbfK9Yx9w=,6umGgid+aBfdoIl0eGswVdGRiLA=
46,-43,uQLBNhIzt74mkoQZHHBR3qo11Fk=,6umGgid+aBfdoIl0eGswVdGRiLA=
45,-43,uQLBNhIzt74mkoQZHHBR3qo11Fk=,6umGgid+aBfdoIl0eGswVdGRiLA=
44,-43,uQLBNhIzt74mkoQZHHBR3qo11Fk=,6umGgid+aBfdoIl0eGswVdGRiLA=
43,-43,DXZv3gvl/Wa0T4agPNYbfK9Yx9w=,6umGgid+aBfdoIl0eGswVdGRiLA=
46,-44,uQLBNhIzt74mkoQZHHBR3qo11Fk=,6umGgid+aBfdoIl0eGswVdGRiLA=
45,-44,uQLBNhIzt74mkoQZHHBR3qo11Fk=,6umGgid+aBfdoIl0eGswVdGRiLA=
44,-44,uQLBNhIzt74mkoQZHHBR3qo11Fk=,6umGgid+aBfdoIl0eGswVdGRiLA=
46,-45,uQLBNhIzt74mkoQZHHBR3qo11Fk=,6umGgid+aBfdoIl0eGswVdGRiLA=
44,-45,uQLBNhIzt74mkoQZHHBR3qo11Fk=,6umGgid+aBfdoIl0eGswVdGRiLA=
46,-46,DXZv3gvl/Wa0T4agPNYbfK9Yx9w=,6umGgid+aBfdoIl0eGswVdGRiLA=
45,-45,uQLBNhIzt74mkoQZHHBR3qo11Fk=,6umGgid+aBfdoIl0eGswVdGRiLA=
44,-40,DXZv3gvl/Wa0T4agPNYbfK9Yx9w=,lZumltMsgYoXA+eNZf0gRhyfAuA=
45,-41,DXZv3gvl/Wa0T4agPNYbfK9Yx9w=,6umGgid+aBfdoIl0eGswVdGRiLA=
44,-41,DXZv3gvl/Wa0T4agPNYbfK9Yx9w=,6umGgid+aBfdoIl0eGswVdGRiLA=
43,-41,DXZv3gvl/Wa0T4agPNYbfK9Yx9w=,6umGgid+aBfdoIl0eGswVdGRiLA=
42,-41,DXZv3gvl/Wa0T4agPNYbfK9Yx9w=,6umGgid+aBfdoIl0eGswVdGRiLA=
39,-33,uQLBNhIzt74mkoQZHHBR3qo11Fk=,tO2jdzUA+gYfCpg0foX+1QaDI0Y=
36,-34,uQLBNhIzt74mkoQZHHBR3qo11Fk=,tO2jdzUA+gYfCpg0foX+1QaDI0Y=
43,-36,uQLBNhIzt74mkoQZHHBR3qo11Fk=,lZumltMsgYoXA+eNZf0gRhyfAuA=
39,-34,uQLBNhIzt74mkoQZHHBR3qo11Fk=,tO2jdzUA+gYfCpg0foX+1QaDI0Y=
41,-36,uQLBNhIzt74mkoQZHHBR3qo11Fk=,lZumltMsgYoXA+eNZf0gRhyfAuA=
42,-35,uQLBNhIzt74mkoQZHHBR3qo11Fk=,lZumltMsgYoXA+eNZf0gRhyfAuA=
39,-36,uQLBNhIzt74mkoQZHHBR3qo11Fk=,tO2jdzUA+gYfCpg0foX+1QaDI0Y=
41,-35,uQLBNhIzt74mkoQZHHBR3qo11Fk=,lZumltMsgYoXA+eNZf0gRhyfAuA=
38,-34,uQLBNhIzt74mkoQZHHBR3qo11Fk=,tO2jdzUA+gYfCpg0foX+1QaDI0Y=
40,-35,uQLBNhIzt74mkoQZHHBR3qo11Fk=,lZumltMsgYoXA+eNZf0gRhyfAuA=
40,-36,uQLBNhIzt74mkoQZHHBR3qo11Fk=,lZumltMsgYoXA+eNZf0gRhyfAuA=
39,-35,uQLBNhIzt74mkoQZHHBR3qo11Fk=,tO2jdzUA+gYfCpg0foX+1QaDI0Y=
41,-34,uQLBNhIzt74mkoQZHHBR3qo11Fk=,lZumltMsgYoXA+eNZf0gRhyfAuA=
42,-34,uQLBNhIzt74mkoQZHHBR3qo11Fk=,lZumltMsgYoXA+eNZf0gRhyfAuA=
43,-33,uQLBNhIzt74mkoQZHHBR3qo11Fk=,lZumltMsgYoXA+eNZf0gRhyfAuA=
38,-35,uQLBNhIzt74mkoQZHHBR3qo11Fk=,tO2jdzUA+gYfCpg0foX+1QaDI0Y=
43,-34,uQLBNhIzt74mkoQZHHBR3qo11Fk=,lZumltMsgYoXA+eNZf0gRhyfAuA=
36,-35,uQLBNhIzt74mkoQZHHBR3qo11Fk=,tO2jdzUA+gYfCpg0foX+1QaDI0Y=
37,-33,uQLBNhIzt74mkoQZHHBR3qo11Fk=,tO2jdzUA+gYfCpg0foX+1QaDI0Y=
42,-33,uQLBNhIzt74mkoQZHHBR3qo11Fk=,lZumltMsgYoXA+eNZf0gRhyfAuA=
43,-35,uQLBNhIzt74mkoQZHHBR3qo11Fk=,lZumltMsgYoXA+eNZf0gRhyfAuA=
40,-33,uQLBNhIzt74mkoQZHHBR3qo11Fk=,lZumltMsgYoXA+eNZf0gRhyfAuA=
41,-33,uQLBNhIzt74mkoQZHHBR3qo11Fk=,lZumltMsgYoXA+eNZf0gRhyfAuA=
37,-34,uQLBNhIzt74mkoQZHHBR3qo11Fk=,tO2jdzUA+gYfCpg0foX+1QaDI0Y=
37,-38,DXZv3gvl/Wa0T4agPNYbfK9Yx9w=,tO2jdzUA+gYfCpg0foX+1QaDI0Y=
37,-35,uQLBNhIzt74mkoQZHHBR3qo11Fk=,tO2jdzUA+gYfCpg0foX+1QaDI0Y=
36,-37,DXZv3gvl/Wa0T4agPNYbfK9Yx9w=,tO2jdzUA+gYfCpg0foX+1QaDI0Y=
38,-39,DXZv3gvl/Wa0T4agPNYbfK9Yx9w=,tO2jdzUA+gYfCpg0foX+1QaDI0Y=
36,-33,uQLBNhIzt74mkoQZHHBR3qo11Fk=,tO2jdzUA+gYfCpg0foX+1QaDI0Y=
42,-36,uQLBNhIzt74mkoQZHHBR3qo11Fk=,lZumltMsgYoXA+eNZf0gRhyfAuA=
39,-38,DXZv3gvl/Wa0T4agPNYbfK9Yx9w=,tO2jdzUA+gYfCpg0foX+1QaDI0Y=
39,-37,DXZv3gvl/Wa0T4agPNYbfK9Yx9w=,tO2jdzUA+gYfCpg0foX+1QaDI0Y=
40,-42,DXZv3gvl/Wa0T4agPNYbfK9Yx9w=,6umGgid+aBfdoIl0eGswVdGRiLA=
38,-33,uQLBNhIzt74mkoQZHHBR3qo11Fk=,tO2jdzUA+gYfCpg0foX+1QaDI0Y=
36,-40,DXZv3gvl/Wa0T4agPNYbfK9Yx9w=,tO2jdzUA+gYfCpg0foX+1QaDI0Y=
37,-37,DXZv3gvl/Wa0T4agPNYbfK9Yx9w=,tO2jdzUA+gYfCpg0foX+1QaDI0Y=
40,-44,DXZv3gvl/Wa0T4agPNYbfK9Yx9w=,6umGgid+aBfdoIl0eGswVdGRiLA=
36,-38,DXZv3gvl/Wa0T4agPNYbfK9Yx9w=,tO2jdzUA+gYfCpg0foX+1QaDI0Y=
38,-38,DXZv3gvl/Wa0T4agPNYbfK9Yx9w=,tO2jdzUA+gYfCpg0foX+1QaDI0Y=
42,-43,DXZv3gvl/Wa0T4agPNYbfK9Yx9w=,6umGgid+aBfdoIl0eGswVdGRiLA=
36,-36,uQLBNhIzt74mkoQZHHBR3qo11Fk=,tO2jdzUA+gYfCpg0foX+1QaDI0Y=
37,-39,DXZv3gvl/Wa0T4agPNYbfK9Yx9w=,tO2jdzUA+gYfCpg0foX+1QaDI0Y=
37,-36,uQLBNhIzt74mkoQZHHBR3qo11Fk=,tO2jdzUA+gYfCpg0foX+1QaDI0Y=
40,-34,uQLBNhIzt74mkoQZHHBR3qo11Fk=,lZumltMsgYoXA+eNZf0gRhyfAuA=
41,-42,DXZv3gvl/Wa0T4agPNYbfK9Yx9w=,6umGgid+aBfdoIl0eGswVdGRiLA=
38,-40,DXZv3gvl/Wa0T4agPNYbfK9Yx9w=,tO2jdzUA+gYfCpg0foX+1QaDI0Y=
40,-40,DXZv3gvl/Wa0T4agPNYbfK9Yx9w=,lZumltMsgYoXA+eNZf0gRhyfAuA=
38,-36,uQLBNhIzt74mkoQZHHBR3qo11Fk=,tO2jdzUA+gYfCpg0foX+1QaDI0Y=
36,-44,DXZv3gvl/Wa0T4agPNYbfK9Yx9w=,ZkPIYpmDe+RexxGR3dZoaCewvWY=
40,-43,DXZv3gvl/Wa0T4agPNYbfK9Yx9w=,6umGgid+aBfdoIl0eGswVdGRiLA=
37,-44,DXZv3gvl/Wa0T4agPNYbfK9Yx9w=,ZkPIYpmDe+RexxGR3dZoaCewvWY=
39,-40,DXZv3gvl/Wa0T4agPNYbfK9Yx9w=,tO2jdzUA+gYfCpg0foX+1QaDI0Y=
36,-39,DXZv3gvl/Wa0T4agPNYbfK9Yx9w=,tO2jdzUA+gYfCpg0foX+1QaDI0Y=
40,-38,DXZv3gvl/Wa0T4agPNYbfK9Yx9w=,lZumltMsgYoXA+eNZf0gRhyfAuA=
37,-40,DXZv3gvl/Wa0T4agPNYbfK9Yx9w=,tO2jdzUA+gYfCpg0foX+1QaDI0Y=
43,-44,DXZv3gvl/Wa0T4agPNYbfK9Yx9w=,6umGgid+aBfdoIl0eGswVdGRiLA=
41,-43,DXZv3gvl/Wa0T4agPNYbfK9Yx9w=,6umGgid+aBfdoIl0eGswVdGRiLA=
32,-43,uQLBNhIzt74mkoQZHHBR3qo11Fk=,ZkPIYpmDe+RexxGR3dZoaCewvWY=
41,-38,DXZv3gvl/Wa0T4agPNYbfK9Yx9w=,lZumltMsgYoXA+eNZf0gRhyfAuA=
38,-44,DXZv3gvl/Wa0T4agPNYbfK9Yx9w=,ZkPIYpmDe+RexxGR3dZoaCewvWY=
32,-41,DXZv3gvl/Wa0T4agPNYbfK9Yx9w=,ZkPIYpmDe+RexxGR3dZoaCewvWY=
46,-48,uQLBNhIzt74mkoQZHHBR3qo11Fk=,6umGgid+aBfdoIl0eGswVdGRiLA=
33,-39,DXZv3gvl/Wa0T4agPNYbfK9Yx9w=,tO2jdzUA+gYfCpg0foX+1QaDI0Y=
34,-39,uQLBNhIzt74mkoQZHHBR3qo11Fk=,tO2jdzUA+gYfCpg0foX+1QaDI0Y=
39,-44,DXZv3gvl/Wa0T4agPNYbfK9Yx9w=,ZkPIYpmDe+RexxGR3dZoaCewvWY=
32,-42,DXZv3gvl/Wa0T4agPNYbfK9Yx9w=,ZkPIYpmDe+RexxGR3dZoaCewvWY=
38,-37,DXZv3gvl/Wa0T4agPNYbfK9Yx9w=,tO2jdzUA+gYfCpg0foX+1QaDI0Y=
42,-38,DXZv3gvl/Wa0T4agPNYbfK9Yx9w=,lZumltMsgYoXA+eNZf0gRhyfAuA=
40,-41,DXZv3gvl/Wa0T4agPNYbfK9Yx9w=,6umGgid+aBfdoIl0eGswVdGRiLA=
39,-39,DXZv3gvl/Wa0T4agPNYbfK9Yx9w=,tO2jdzUA+gYfCpg0foX+1QaDI0Y=
40,-39,DXZv3gvl/Wa0T4agPNYbfK9Yx9w=,lZumltMsgYoXA+eNZf0gRhyfAuA=
42,-37,DXZv3gvl/Wa0T4agPNYbfK9Yx9w=,lZumltMsgYoXA+eNZf0gRhyfAuA=
43,-40,DXZv3gvl/Wa0T4agPNYbfK9Yx9w=,lZumltMsgYoXA+eNZf0gRhyfAuA=
40,-48,DXZv3gvl/Wa0T4agPNYbfK9Yx9w=,6umGgid+aBfdoIl0eGswVdGRiLA=
36,-43,DXZv3gvl/Wa0T4agPNYbfK9Yx9w=,ZkPIYpmDe+RexxGR3dZoaCewvWY=
42,-44,DXZv3gvl/Wa0T4agPNYbfK9Yx9w=,6umGgid+aBfdoIl0eGswVdGRiLA=
36,-47,DXZv3gvl/Wa0T4agPNYbfK9Yx9w=,ZkPIYpmDe+RexxGR3dZoaCewvWY=
37,-43,DXZv3gvl/Wa0T4agPNYbfK9Yx9w=,ZkPIYpmDe+RexxGR3dZoaCewvWY=
41,-44,DXZv3gvl/Wa0T4agPNYbfK9Yx9w=,6umGgid+aBfdoIl0eGswVdGRiLA=
41,-41,DXZv3gvl/Wa0T4agPNYbfK9Yx9w=,6umGgid+aBfdoIl0eGswVdGRiLA=
41,-39,DXZv3gvl/Wa0T4agPNYbfK9Yx9w=,lZumltMsgYoXA+eNZf0gRhyfAuA=
43,-48,uQLBNhIzt74mkoQZHHBR3qo11Fk=,6umGgid+aBfdoIl0eGswVdGRiLA=
39,-41,DXZv3gvl/Wa0T4agPNYbfK9Yx9w=,ZkPIYpmDe+RexxGR3dZoaCewvWY=
36,-48,DXZv3gvl/Wa0T4agPNYbfK9Yx9w=,ZkPIYpmDe+RexxGR3dZoaCewvWY=
37,-47,DXZv3gvl/Wa0T4agPNYbfK9Yx9w=,ZkPIYpmDe+RexxGR3dZoaCewvWY=
41,-47,uQLBNhIzt74mkoQZHHBR3qo11Fk=,6umGgid+aBfdoIl0eGswVdGRiLA=
37,-48,DXZv3gvl/Wa0T4agPNYbfK9Yx9w=,ZkPIYpmDe+RexxGR3dZoaCewvWY=
35,-39,uQLBNhIzt74mkoQZHHBR3qo11Fk=,tO2jdzUA+gYfCpg0foX+1QaDI0Y=
41,-40,DXZv3gvl/Wa0T4agPNYbfK9Yx9w=,lZumltMsgYoXA+eNZf0gRhyfAuA=
32,-44,uQLBNhIzt74mkoQZHHBR3qo11Fk=,ZkPIYpmDe+RexxGR3dZoaCewvWY=
42,-39,DXZv3gvl/Wa0T4agPNYbfK9Yx9w=,lZumltMsgYoXA+eNZf0gRhyfAuA=
40,-37,DXZv3gvl/Wa0T4agPNYbfK9Yx9w=,lZumltMsgYoXA+eNZf0gRhyfAuA=
32,-40,uQLBNhIzt74mkoQZHHBR3qo11Fk=,tO2jdzUA+gYfCpg0foX+1QaDI0Y=
41,-37,DXZv3gvl/Wa0T4agPNYbfK9Yx9w=,lZumltMsgYoXA+eNZf0gRhyfAuA=
42,-48,uQLBNhIzt74mkoQZHHBR3qo11Fk=,6umGgid+aBfdoIl0eGswVdGRiLA=
38,-43,DXZv3gvl/Wa0T4agPNYbfK9Yx9w=,ZkPIYpmDe+RexxGR3dZoaCewvWY=
43,-37,DXZv3gvl/Wa0T4agPNYbfK9Yx9w=,lZumltMsgYoXA+eNZf0gRhyfAuA=
38,-48,DXZv3gvl/Wa0T4agPNYbfK9Yx9w=,ZkPIYpmDe+RexxGR3dZoaCewvWY=
42,-47,uQLBNhIzt74mkoQZHHBR3qo11Fk=,6umGgid+aBfdoIl0eGswVdGRiLA=
33,-44,uQLBNhIzt74mkoQZHHBR3qo11Fk=,ZkPIYpmDe+RexxGR3dZoaCewvWY=
39,-43,DXZv3gvl/Wa0T4agPNYbfK9Yx9w=,ZkPIYpmDe+RexxGR3dZoaCewvWY=
34,-44,uQLBNhIzt74mkoQZHHBR3qo11Fk=,ZkPIYpmDe+RexxGR3dZoaCewvWY=
37,-41,DXZv3gvl/Wa0T4agPNYbfK9Yx9w=,ZkPIYpmDe+RexxGR3dZoaCewvWY=
38,-41,DXZv3gvl/Wa0T4agPNYbfK9Yx9w=,ZkPIYpmDe+RexxGR3dZoaCewvWY=
42,-40,DXZv3gvl/Wa0T4agPNYbfK9Yx9w=,lZumltMsgYoXA+eNZf0gRhyfAuA=
35,-44,uQLBNhIzt74mkoQZHHBR3qo11Fk=,ZkPIYpmDe+RexxGR3dZoaCewvWY=
38,-42,DXZv3gvl/Wa0T4agPNYbfK9Yx9w=,ZkPIYpmDe+RexxGR3dZoaCewvWY=
36,-42,DXZv3gvl/Wa0T4agPNYbfK9Yx9w=,ZkPIYpmDe+RexxGR3dZoaCewvWY=
41,-48,uQLBNhIzt74mkoQZHHBR3qo11Fk=,6umGgid+aBfdoIl0eGswVdGRiLA=
39,-48,DXZv3gvl/Wa0T4agPNYbfK9Yx9w=,ZkPIYpmDe+RexxGR3dZoaCewvWY=
39,-42,DXZv3gvl/Wa0T4agPNYbfK9Yx9w=,ZkPIYpmDe+RexxGR3dZoaCewvWY=
43,-38,DXZv3gvl/Wa0T4agPNYbfK9Yx9w=,lZumltMsgYoXA+eNZf0gRhyfAuA=
33,-48,DXZv3gvl/Wa0T4agPNYbfK9Yx9w=,ZkPIYpmDe+RexxGR3dZoaCewvWY=
37,-42,DXZv3gvl/Wa0T4agPNYbfK9Yx9w=,ZkPIYpmDe+RexxGR3dZoaCewvWY=
43,-47,uQLBNhIzt74mkoQZHHBR3qo11Fk=,6umGgid+aBfdoIl0eGswVdGRiLA=
43,-39,DXZv3gvl/Wa0T4agPNYbfK9Yx9w=,lZumltMsgYoXA+eNZf0gRhyfAuA=
47,-47,uQLBNhIzt74mkoQZHHBR3qo11Fk=,6umGgid+aBfdoIl0eGswVdGRiLA=
34,-38,uQLBNhIzt74mkoQZHHBR3qo11Fk=,tO2jdzUA+gYfCpg0foX+1QaDI0Y=
47,-46,DXZv3gvl/Wa0T4agPNYbfK9Yx9w=,6umGgid+aBfdoIl0eGswVdGRiLA=
47,-45,uQLBNhIzt74mkoQZHHBR3qo11Fk=,6umGgid+aBfdoIl0eGswVdGRiLA=
39,-45,uQLBNhIzt74mkoQZHHBR3qo11Fk=,ZkPIYpmDe+RexxGR3dZoaCewvWY=
37,-45,uQLBNhIzt74mkoQZHHBR3qo11Fk=,ZkPIYpmDe+RexxGR3dZoaCewvWY=
39,-47,uQLBNhIzt74mkoQZHHBR3qo11Fk=,ZkPIYpmDe+RexxGR3dZoaCewvWY=
38,-45,uQLBNhIzt74mkoQZHHBR3qo11Fk=,ZkPIYpmDe+RexxGR3dZoaCewvWY=
35,-37,uQLBNhIzt74mkoQZHHBR3qo11Fk=,tO2jdzUA+gYfCpg0foX+1QaDI0Y=
33,-37,uQLBNhIzt74mkoQZHHBR3qo11Fk=,tO2jdzUA+gYfCpg0foX+1QaDI0Y=
47,-39,DXZv3gvl/Wa0T4agPNYbfK9Yx9w=,lZumltMsgYoXA+eNZf0gRhyfAuA=
47,-33,uQLBNhIzt74mkoQZHHBR3qo11Fk=,lZumltMsgYoXA+eNZf0gRhyfAuA=
39,-46,uQLBNhIzt74mkoQZHHBR3qo11Fk=,ZkPIYpmDe+RexxGR3dZoaCewvWY=
35,-47,DXZv3gvl/Wa0T4agPNYbfK9Yx9w=,ZkPIYpmDe+RexxGR3dZoaCewvWY=
34,-37,uQLBNhIzt74mkoQZHHBR3qo11Fk=,tO2jdzUA+gYfCpg0foX+1QaDI0Y=
45,-36,uQLBNhIzt74mkoQZHHBR3qo11Fk=,lZumltMsgYoXA+eNZf0gRhyfAuA=
45,-35,uQLBNhIzt74mkoQZHHBR3qo11Fk=,lZumltMsgYoXA+eNZf0gRhyfAuA=
43,-45,uQLBNhIzt74mkoQZHHBR3qo11Fk=,6umGgid+aBfdoIl0eGswVdGRiLA=
46,-35,uQLBNhIzt74mkoQZHHBR3qo11Fk=,lZumltMsgYoXA+eNZf0gRhyfAuA=
44,-35,uQLBNhIzt74mkoQZHHBR3qo11Fk=,lZumltMsgYoXA+eNZf0gRhyfAuA=
38,-46,uQLBNhIzt74mkoQZHHBR3qo11Fk=,ZkPIYpmDe+RexxGR3dZoaCewvWY=
47,-38,DXZv3gvl/Wa0T4agPNYbfK9Yx9w=,lZumltMsgYoXA+eNZf0gRhyfAuA=
32,-39,uQLBNhIzt74mkoQZHHBR3qo11Fk=,tO2jdzUA+gYfCpg0foX+1QaDI0Y=
45,-34,uQLBNhIzt74mkoQZHHBR3qo11Fk=,lZumltMsgYoXA+eNZf0gRhyfAuA=
44,-36,uQLBNhIzt74mkoQZHHBR3qo11Fk=,lZumltMsgYoXA+eNZf0gRhyfAuA=
46,-34,uQLBNhIzt74mkoQZHHBR3qo11Fk=,lZumltMsgYoXA+eNZf0gRhyfAuA=
47,-37,DXZv3gvl/Wa0T4agPNYbfK9Yx9w=,lZumltMsgYoXA+eNZf0gRhyfAuA=
32,-48,DXZv3gvl/Wa0T4agPNYbfK9Yx9w=,ZkPIYpmDe+RexxGR3dZoaCewvWY=
37,-46,uQLBNhIzt74mkoQZHHBR3qo11Fk=,ZkPIYpmDe+RexxGR3dZoaCewvWY=
32,-37,uQLBNhIzt74mkoQZHHBR3qo11Fk=,tO2jdzUA+gYfCpg0foX+1QaDI0Y=
42,-45,uQLBNhIzt74mkoQZHHBR3qo11Fk=,6umGgid+aBfdoIl0eGswVdGRiLA=
41,-45,uQLBNhIzt74mkoQZHHBR3qo11Fk=,6umGgid+aBfdoIl0eGswVdGRiLA=
32,-38,uQLBNhIzt74mkoQZHHBR3qo11Fk=,tO2jdzUA+gYfCpg0foX+1QaDI0Y=
34,-47,uQLBNhIzt74mkoQZHHBR3qo11Fk=,ZkPIYpmDe+RexxGR3dZoaCewvWY=
46,-40,DXZv3gvl/Wa0T4agPNYbfK9Yx9w=,lZumltMsgYoXA+eNZf0gRhyfAuA=
44,-34,uQLBNhIzt74mkoQZHHBR3qo11Fk=,lZumltMsgYoXA+eNZf0gRhyfAuA=
45,-40,DXZv3gvl/Wa0T4agPNYbfK9Yx9w=,lZumltMsgYoXA+eNZf0gRhyfAuA=
46,-36,uQLBNhIzt74mkoQZHHBR3qo11Fk=,lZumltMsgYoXA+eNZf0gRhyfAuA=
40,-46,uQLBNhIzt74mkoQZHHBR3qo11Fk=,6umGgid+aBfdoIl0eGswVdGRiLA=
33,-47,uQLBNhIzt74mkoQZHHBR3qo11Fk=,ZkPIYpmDe+RexxGR3dZoaCewvWY=
40,-45,DXZv3gvl/Wa0T4agPNYbfK9Yx9w=,6umGgid+aBfdoIl0eGswVdGRiLA=
36,-41,DXZv3gvl/Wa0T4agPNYbfK9Yx9w=,ZkPIYpmDe+RexxGR3dZoaCewvWY=
47,-36,uQLBNhIzt74mkoQZHHBR3qo11Fk=,lZumltMsgYoXA+eNZf0gRhyfAuA=
47,-34,uQLBNhIzt74mkoQZHHBR3qo11Fk=,lZumltMsgYoXA+eNZf0gRhyfAuA=
33,-43,uQLBNhIzt74mkoQZHHBR3qo11Fk=,ZkPIYpmDe+RexxGR3dZoaCewvWY=
46,-33,uQLBNhIzt74mkoQZHHBR3qo11Fk=,lZumltMsgYoXA+eNZf0gRhyfAuA=
35,-45,uQLBNhIzt74mkoQZHHBR3qo11Fk=,ZkPIYpmDe+RexxGR3dZoaCewvWY=
47,-35,uQLBNhIzt74mkoQZHHBR3qo11Fk=,lZumltMsgYoXA+eNZf0gRhyfAuA=
35,-46,uQLBNhIzt74mkoQZHHBR3qo11Fk=,ZkPIYpmDe+RexxGR3dZoaCewvWY=
44,-37,uQLBNhIzt74mkoQZHHBR3qo11Fk=,lZumltMsgYoXA+eNZf0gRhyfAuA=
32,-45,DXZv3gvl/Wa0T4agPNYbfK9Yx9w=,ZkPIYpmDe+RexxGR3dZoaCewvWY=
45,-33,uQLBNhIzt74mkoQZHHBR3qo11Fk=,lZumltMsgYoXA+eNZf0gRhyfAuA=
32,-46,DXZv3gvl/Wa0T4agPNYbfK9Yx9w=,ZkPIYpmDe+RexxGR3dZoaCewvWY=
33,-46,uQLBNhIzt74mkoQZHHBR3qo11Fk=,ZkPIYpmDe+RexxGR3dZoaCewvWY=
44,-33,uQLBNhIzt74mkoQZHHBR3qo11Fk=,lZumltMsgYoXA+eNZf0gRhyfAuA=
36,-46,uQLBNhIzt74mkoQZHHBR3qo11Fk=,ZkPIYpmDe+RexxGR3dZoaCewvWY=
35,-48,uQLBNhIzt74mkoQZHHBR3qo11Fk=,ZkPIYpmDe+RexxGR3dZoaCewvWY=
35,-33,uQLBNhIzt74mkoQZHHBR3qo11Fk=,tO2jdzUA+gYfCpg0foX+1QaDI0Y=
34,-43,uQLBNhIzt74mkoQZHHBR3qo11Fk=,ZkPIYpmDe+RexxGR3dZoaCewvWY=
32,-47,DXZv3gvl/Wa0T4agPNYbfK9Yx9w=,ZkPIYpmDe+RexxGR3dZoaCewvWY=
33,-40,uQLBNhIzt74mkoQZHHBR3qo11Fk=,tO2jdzUA+gYfCpg0foX+1QaDI0Y=
33,-41,uQLBNhIzt74mkoQZHHBR3qo11Fk=,ZkPIYpmDe+RexxGR3dZoaCewvWY=
35,-42,uQLBNhIzt74mkoQZHHBR3qo11Fk=,ZkPIYpmDe+RexxGR3dZoaCewvWY=
41,-46,uQLBNhIzt74mkoQZHHBR3qo11Fk=,6umGgid+aBfdoIl0eGswVdGRiLA=
47,-48,DXZv3gvl/Wa0T4agPNYbfK9Yx9w=,6umGgid+aBfdoIl0eGswVdGRiLA=
47,-42,DXZv3gvl/Wa0T4agPNYbfK9Yx9w=,6umGgid+aBfdoIl0eGswVdGRiLA=
34,-33,uQLBNhIzt74mkoQZHHBR3qo11Fk=,tO2jdzUA+gYfCpg0foX+1QaDI0Y=
34,-41,uQLBNhIzt74mkoQZHHBR3qo11Fk=,ZkPIYpmDe+RexxGR3dZoaCewvWY=
47,-43,DXZv3gvl/Wa0T4agPNYbfK9Yx9w=,6umGgid+aBfdoIl0eGswVdGRiLA=
38,-47,uQLBNhIzt74mkoQZHHBR3qo11Fk=,ZkPIYpmDe+RexxGR3dZoaCewvWY=
34,-48,DXZv3gvl/Wa0T4agPNYbfK9Yx9w=,ZkPIYpmDe+RexxGR3dZoaCewvWY=
34,-45,uQLBNhIzt74mkoQZHHBR3qo11Fk=,ZkPIYpmDe+RexxGR3dZoaCewvWY=
47,-44,DXZv3gvl/Wa0T4agPNYbfK9Yx9w=,6umGgid+aBfdoIl0eGswVdGRiLA=
33,-45,uQLBNhIzt74mkoQZHHBR3qo11Fk=,ZkPIYpmDe+RexxGR3dZoaCewvWY=
34,-40,uQLBNhIzt74mkoQZHHBR3qo11Fk=,tO2jdzUA+gYfCpg0foX+1QaDI0Y=
33,-42,uQLBNhIzt74mkoQZHHBR3qo11Fk=,ZkPIYpmDe+RexxGR3dZoaCewvWY=
35,-38,uQLBNhIzt74mkoQZHHBR3qo11Fk=,tO2jdzUA+gYfCpg0foX+1QaDI0Y=
46,-41,DXZv3gvl/Wa0T4agPNYbfK9Yx9w=,6umGgid+aBfdoIl0eGswVdGRiLA=
34,-46,uQLBNhIzt74mkoQZHHBR3qo11Fk=,ZkPIYpmDe+RexxGR3dZoaCewvWY=
33,-35,uQLBNhIzt74mkoQZHHBR3qo11Fk=,tO2jdzUA+gYfCpg0foX+1QaDI0Y=
33,-38,uQLBNhIzt74mkoQZHHBR3qo11Fk=,tO2jdzUA+gYfCpg0foX+1QaDI0Y=
40,-47,DXZv3gvl/Wa0T4agPNYbfK9Yx9w=,6umGgid+aBfdoIl0eGswVdGRiLA=
47,-41,DXZv3gvl/Wa0T4agPNYbfK9Yx9w=,6umGgid+aBfdoIl0eGswVdGRiLA=
35,-35,uQLBNhIzt74mkoQZHHBR3qo11Fk=,tO2jdzUA+gYfCpg0foX+1QaDI0Y=
45,-48,uQLBNhIzt74mkoQZHHBR3qo11Fk=,6umGgid+aBfdoIl0eGswVdGRiLA=
42,-46,uQLBNhIzt74mkoQZHHBR3qo11Fk=,6umGgid+aBfdoIl0eGswVdGRiLA=
46,-38,uQLBNhIzt74mkoQZHHBR3qo11Fk=,lZumltMsgYoXA+eNZf0gRhyfAuA=
46,-39,DXZv3gvl/Wa0T4agPNYbfK9Yx9w=,lZumltMsgYoXA+eNZf0gRhyfAuA=
43,-46,uQLBNhIzt74mkoQZHHBR3qo11Fk=,6umGgid+aBfdoIl0eGswVdGRiLA=
44,-39,uQLBNhIzt74mkoQZHHBR3qo11Fk=,lZumltMsgYoXA+eNZf0gRhyfAuA=
34,-34,uQLBNhIzt74mkoQZHHBR3qo11Fk=,tO2jdzUA+gYfCpg0foX+1QaDI0Y=
32,-36,uQLBNhIzt74mkoQZHHBR3qo11Fk=,tO2jdzUA+gYfCpg0foX+1QaDI0Y=
32,-35,uQLBNhIzt74mkoQZHHBR3qo11Fk=,tO2jdzUA+gYfCpg0foX+1QaDI0Y=
34,-35,uQLBNhIzt74mkoQZHHBR3qo11Fk=,tO2jdzUA+gYfCpg0foX+1QaDI0Y=
34,-42,uQLBNhIzt74mkoQZHHBR3qo11Fk=,ZkPIYpmDe+RexxGR3dZoaCewvWY=
44,-48,uQLBNhIzt74mkoQZHHBR3qo11Fk=,6umGgid+aBfdoIl0eGswVdGRiLA=
32,-34,uQLBNhIzt74mkoQZHHBR3qo11Fk=,tO2jdzUA+gYfCpg0foX+1QaDI0Y=
35,-34,uQLBNhIzt74mkoQZHHBR3qo11Fk=,tO2jdzUA+gYfCpg0foX+1QaDI0Y=
35,-43,uQLBNhIzt74mkoQZHHBR3qo11Fk=,ZkPIYpmDe+RexxGR3dZoaCewvWY=
32,-33,uQLBNhIzt74mkoQZHHBR3qo11Fk=,tO2jdzUA+gYfCpg0foX+1QaDI0Y=
34,-36,uQLBNhIzt74mkoQZHHBR3qo11Fk=,tO2jdzUA+gYfCpg0foX+1QaDI0Y=
33,-33,uQLBNhIzt74mkoQZHHBR3qo11Fk=,tO2jdzUA+gYfCpg0foX+1QaDI0Y=
47,-40,DXZv3gvl/Wa0T4agPNYbfK9Yx9w=,lZumltMsgYoXA+eNZf0gRhyfAuA=
33,-34,uQLBNhIzt74mkoQZHHBR3qo11Fk=,tO2jdzUA+gYfCpg0foX+1QaDI0Y=
35,-40,uQLBNhIzt74mkoQZHHBR3qo11Fk=,tO2jdzUA+gYfCpg0foX+1QaDI0Y=
45,-37,uQLBNhIzt74mkoQZHHBR3qo11Fk=,lZumltMsgYoXA+eNZf0gRhyfAuA=
33,-36,uQLBNhIzt74mkoQZHHBR3qo11Fk=,tO2jdzUA+gYfCpg0foX+1QaDI0Y=
45,-39,uQLBNhIzt74mkoQZHHBR3qo11Fk=,lZumltMsgYoXA+eNZf0gRhyfAuA=
44,-38,uQLBNhIzt74mkoQZHHBR3qo11Fk=,lZumltMsgYoXA+eNZf0gRhyfAuA=
35,-41,uQLBNhIzt74mkoQZHHBR3qo11Fk=,ZkPIYpmDe+RexxGR3dZoaCewvWY=
45,-38,uQLBNhIzt74mkoQZHHBR3qo11Fk=,lZumltMsgYoXA+eNZf0gRhyfAuA=
44,-47,DXZv3gvl/Wa0T4agPNYbfK9Yx9w=,6umGgid+aBfdoIl0eGswVdGRiLA=
46,-37,uQLBNhIzt74mkoQZHHBR3qo11Fk=,lZumltMsgYoXA+eNZf0gRhyfAuA=
36,-45,uQLBNhIzt74mkoQZHHBR3qo11Fk=,ZkPIYpmDe+RexxGR3dZoaCewvWY=
35,-36,uQLBNhIzt74mkoQZHHBR3qo11Fk=,tO2jdzUA+gYfCpg0foX+1QaDI0Y=
