8,70,fTH0UC7Yt7z9L8vCXYplBqxGBPM=,UZ3HGpLlhCO87U158VgaJi2cecY=
7,69,fTH0UC7Yt7z9L8vCXYplBqxGBPM=,wP2FAkIqo62ew8uPY2YoJsvMn5I=
8,69,M/qeKcZvJ3zo1bn2XxfXN8O7DbI=,Tuhn/kBKhUKRjCXhjZ4BXUKVYTc=
7,70,fTH0UC7Yt7z9L8vCXYplBqxGBPM=,61cTG1st8YOSlfik0YZFM1r0cNg=
6,70,fTH0UC7Yt7z9L8vCXYplBqxGBPM=,61cTG1st8YOSlfik0YZFM1r0cNg=
6,69,fTH0UC7Yt7z9L8vCXYplBqxGBPM=,wP2FAkIqo62ew8uPY2YoJsvMn5I=
5,67,wiGMa1UYLZ8b2cLeYakL22qRydQ=,KDOJuIInQ0zjhSvr2Y2Xl4orlJc=
6,67,wiGMa1UYLZ8b2cLeYakL22qRydQ=,3qqQcOrDRWrujjGoKoZio9RJfO8=
6,68,wiGMa1UYLZ8b2cLeYakL22qRydQ=,wP2FAkIqo62ew8uPY2YoJsvMn5I=
5,70,fTH0UC7Yt7z9L8vCXYplBqxGBPM=,A8tIBZ1s311KoSBofHlhcdd42AY=
5,69,fTH0UC7Yt7z9L8vCXYplBqxGBPM=,FQiNRp19AhLcTI44fqwpONGL9/M=
5,68,wiGMa1UYLZ8b2cLeYakL22qRydQ=,FQiNRp19AhLcTI44fqwpONGL9/M=
3,71,AHIMvbmn2qaKM+ue10QMQl/sfjQ=,g1q9ubXvk8YQ7Z1zQFLuuz6WdVE=
4,72,AHIMvbmn2qaKM+ue10QMQl/sfjQ=,0Z6gw8WLVR5jqqvnbFa/ldvOPnQ=
3,72,AHIMvbmn2qaKM+ue10QMQl/sfjQ=,XPg5ysVEmRrh6cmDh0RPjDKEzN0=
4,71,AHIMvbmn2qaKM+ue10QMQl/sfjQ=,A8tIBZ1s311KoSBofHlhcdd42AY=
4,70,AHIMvbmn2qaKM+ue10QMQl/sfjQ=,A8tIBZ1s311KoSBofHlhcdd42AY=
3,70,AHIMvbmn2qaKM+ue10QMQl/sfjQ=,g1q9ubXvk8YQ7Z1zQFLuuz6WdVE=
3,69,AHIMvbmn2qaKM+ue10QMQl/sfjQ=,7MzhEGe6nY36duBibaM4BA9zQXk=
4,67,bTKwcM8NsAk+/7PFrSWrlGcE/bM=,KDOJuIInQ0zjhSvr2Y2Xl4orlJc=
3,68,bTKwcM8NsAk+/7PFrSWrlGcE/bM=,7MzhEGe6nY36duBibaM4BA9zQXk=
4,69,AHIMvbmn2qaKM+ue10QMQl/sfjQ=,FQiNRp19AhLcTI44fqwpONGL9/M=
4,68,AHIMvbmn2qaKM+ue10QMQl/sfjQ=,FQiNRp19AhLcTI44fqwpONGL9/M=
3,67,bTKwcM8NsAk+/7PFrSWrlGcE/bM=,LnUMQVnjlCmstO89gS1W9CZKRhs=
1,69,TdlUH/D1VpYQJpgsV2Bvzn+g41Y=,3PzePZPMRmdRaqgyGvqACask9aM=
2,69,TdlUH/D1VpYQJpgsV2Bvzn+g41Y=,7MzhEGe6nY36duBibaM4BA9zQXk=
2,67,weWmurQ2Nr9EAjqghx82mzHLKc0=,LnUMQVnjlCmstO89gS1W9CZKRhs=
2,70,TdlUH/D1VpYQJpgsV2Bvzn+g41Y=,g1q9ubXvk8YQ7Z1zQFLuuz6WdVE=
1,67,weWmurQ2Nr9EAjqghx82mzHLKc0=,4m9dbrWGgvTXiX7nglvkP/U2/gY=
1,70,TdlUH/D1VpYQJpgsV2Bvzn+g41Y=,mKK7XY1fL+eRxJri8RNMTq5wV24=
2,68,weWmurQ2Nr9EAjqghx82mzHLKc0=,7MzhEGe6nY36duBibaM4BA9zQXk=
1,68,weWmurQ2Nr9EAjqghx82mzHLKc0=,3PzePZPMRmdRaqgyGvqACask9aM=
4,65,bTKwcM8NsAk+/7PFrSWrlGcE/bM=,A8MKNZQ0pUxK13pvy26iV3qB9Qg=
6,65,wiGMa1UYLZ8b2cLeYakL22qRydQ=,Q565XbqgNWm90H8KSFcN/KSjDdA=
3,66,bTKwcM8NsAk+/7PFrSWrlGcE/bM=,LnUMQVnjlCmstO89gS1W9CZKRhs=
2,66,wiGMa1UYLZ8b2cLeYakL22qRydQ=,LnUMQVnjlCmstO89gS1W9CZKRhs=
3,65,bTKwcM8NsAk+/7PFrSWrlGcE/bM=,hGdsIkZ98vg4rjQ6IL2xC4UIhJs=
4,64,wiGMa1UYLZ8b2cLeYakL22qRydQ=,A8MKNZQ0pUxK13pvy26iV3qB9Qg=
4,66,bTKwcM8NsAk+/7PFrSWrlGcE/bM=,KDOJuIInQ0zjhSvr2Y2Xl4orlJc=
2,65,wiGMa1UYLZ8b2cLeYakL22qRydQ=,hGdsIkZ98vg4rjQ6IL2xC4UIhJs=
6,66,wiGMa1UYLZ8b2cLeYakL22qRydQ=,3qqQcOrDRWrujjGoKoZio9RJfO8=
6,64,wiGMa1UYLZ8b2cLeYakL22qRydQ=,Q565XbqgNWm90H8KSFcN/KSjDdA=
1,66,wiGMa1UYLZ8b2cLeYakL22qRydQ=,4m9dbrWGgvTXiX7nglvkP/U2/gY=
0,65,wiGMa1UYLZ8b2cLeYakL22qRydQ=,dfCn2C/1QpwL9bi2+cK9NKUU52I=
5,66,wiGMa1UYLZ8b2cLeYakL22qRydQ=,KDOJuIInQ0zjhSvr2Y2Xl4orlJc=
0,67,TdlUH/D1VpYQJpgsV2Bvzn+g41Y=,4m9dbrWGgvTXiX7nglvkP/U2/gY=
1,65,wiGMa1UYLZ8b2cLeYakL22qRydQ=,dfCn2C/1QpwL9bi2+cK9NKUU52I=
5,64,wiGMa1UYLZ8b2cLeYakL22qRydQ=,A8MKNZQ0pUxK13pvy26iV3qB9Qg=
3,64,wiGMa1UYLZ8b2cLeYakL22qRydQ=,hGdsIkZ98vg4rjQ6IL2xC4UIhJs=
0,66,wiGMa1UYLZ8b2cLeYakL22qRydQ=,4m9dbrWGgvTXiX7nglvkP/U2/gY=
5,65,wiGMa1UYLZ8b2cLeYakL22qRydQ=,A8MKNZQ0pUxK13pvy26iV3qB9Qg=
0,69,TdlUH/D1VpYQJpgsV2Bvzn+g41Y=,3PzePZPMRmdRaqgyGvqACask9aM=
0,68,TdlUH/D1VpYQJpgsV2Bvzn+g41Y=,3PzePZPMRmdRaqgyGvqACask9aM=
1,64,wiGMa1UYLZ8b2cLeYakL22qRydQ=,dfCn2C/1QpwL9bi2+cK9NKUU52I=
0,70,TdlUH/D1VpYQJpgsV2Bvzn+g41Y=,mKK7XY1fL+eRxJri8RNMTq5wV24=
2,64,wiGMa1UYLZ8b2cLeYakL22qRydQ=,hGdsIkZ98vg4rjQ6IL2xC4UIhJs=
2,72,TdlUH/D1VpYQJpgsV2Bvzn+g41Y=,XPg5ysVEmRrh6cmDh0RPjDKEzN0=
2,73,TdlUH/D1VpYQJpgsV2Bvzn+g41Y=,XPg5ysVEmRrh6cmDh0RPjDKEzN0=
2,74,TdlUH/D1VpYQJpgsV2Bvzn+g41Y=,I7aESudnpVoK9Xti1k1ld5eQBXA=
2,71,TdlUH/D1VpYQJpgsV2Bvzn+g41Y=,g1q9ubXvk8YQ7Z1zQFLuuz6WdVE=
1,74,TdlUH/D1VpYQJpgsV2Bvzn+g41Y=,GU3cnf0HqDYV/3aPk9KZfTl3dB0=
1,72,TdlUH/D1VpYQJpgsV2Bvzn+g41Y=,g10ITIsd8jAHfQL/6uO4rfFlY1o=
1,71,TdlUH/D1VpYQJpgsV2Bvzn+g41Y=,mKK7XY1fL+eRxJri8RNMTq5wV24=
1,73,TdlUH/D1VpYQJpgsV2Bvzn+g41Y=,g10ITIsd8jAHfQL/6uO4rfFlY1o=
1,77,6EWv3EzEwIu72CDIbiN8vDGAaRc=,lDhAhGN3HSyeXIYF0FM4v89Dg5g=
2,76,v8IRotd5/RM5lMpUZK/6Z1xkQg0=,3QJUUXVkmXM6/Cb9FSFzhEfdtJw=
2,75,v8IRotd5/RM5lMpUZK/6Z1xkQg0=,I7aESudnpVoK9Xti1k1ld5eQBXA=
1,75,v8IRotd5/RM5lMpUZK/6Z1xkQg0=,GU3cnf0HqDYV/3aPk9KZfTl3dB0=
1,76,v8IRotd5/RM5lMpUZK/6Z1xkQg0=,lDhAhGN3HSyeXIYF0FM4v89Dg5g=
2,77,6EWv3EzEwIu72CDIbiN8vDGAaRc=,3QJUUXVkmXM6/Cb9FSFzhEfdtJw=
2,78,6EWv3EzEwIu72CDIbiN8vDGAaRc=,7I5kUtjm+h3Bzp3ucFmGIUIdo+8=
1,78,6EWv3EzEwIu72CDIbiN8vDGAaRc=,8ADdbgqFeKCyM/hXVtwf+ztOQ3M=
3,73,HpFyfTEYtEemd1RFz6bGfhKVilE=,XPg5ysVEmRrh6cmDh0RPjDKEzN0=
3,77,6EWv3EzEwIu72CDIbiN8vDGAaRc=,3QJUUXVkmXM6/Cb9FSFzhEfdtJw=
3,74,HpFyfTEYtEemd1RFz6bGfhKVilE=,I7aESudnpVoK9Xti1k1ld5eQBXA=
4,73,HpFyfTEYtEemd1RFz6bGfhKVilE=,0Z6gw8WLVR5jqqvnbFa/ldvOPnQ=
4,77,6EWv3EzEwIu72CDIbiN8vDGAaRc=,gNp59Bk1ai12N/rUgFHHK8Xb7nQ=
3,78,6EWv3EzEwIu72CDIbiN8vDGAaRc=,7I5kUtjm+h3Bzp3ucFmGIUIdo+8=
4,78,6EWv3EzEwIu72CDIbiN8vDGAaRc=,ZyM1N2WtHVO4RbQLAHPtta9RYt4=
4,76,tqlOMMaTY+1kMv604sBFWPXJdKU=,gNp59Bk1ai12N/rUgFHHK8Xb7nQ=
3,75,tqlOMMaTY+1kMv604sBFWPXJdKU=,I7aESudnpVoK9Xti1k1ld5eQBXA=
3,76,tqlOMMaTY+1kMv604sBFWPXJdKU=,3QJUUXVkmXM6/Cb9FSFzhEfdtJw=
4,74,HpFyfTEYtEemd1RFz6bGfhKVilE=,uxCkMMent71K4t1kTtH4dbQwYkM=
4,75,tqlOMMaTY+1kMv604sBFWPXJdKU=,uxCkMMent71K4t1kTtH4dbQwYkM=
6,75,6BussvDkjeSpbp9GQ+qMd1qjeRA=,1DAMejhTjmDulMpLpm0FMpkPef0=
6,76,6BussvDkjeSpbp9GQ+qMd1qjeRA=,aRpCoiUoDuDFc+COL1yRChdrqYo=
5,75,6BussvDkjeSpbp9GQ+qMd1qjeRA=,uxCkMMent71K4t1kTtH4dbQwYkM=
5,76,6BussvDkjeSpbp9GQ+qMd1qjeRA=,gNp59Bk1ai12N/rUgFHHK8Xb7nQ=
5,72,mgaAbNtJtSWcv1HgwuLaw98tKbM=,0Z6gw8WLVR5jqqvnbFa/ldvOPnQ=
6,78,NV9yT97taPGrYrSyuH+i7fwHIqE=,N+HNsA4CJPJGmHR8F1zbkOyu7Mo=
5,73,btI+/IuVPjZSK6RGBPCfxgP8DAg=,0Z6gw8WLVR5jqqvnbFa/ldvOPnQ=
5,74,btI+/IuVPjZSK6RGBPCfxgP8DAg=,uxCkMMent71K4t1kTtH4dbQwYkM=
7,71,mgaAbNtJtSWcv1HgwuLaw98tKbM=,61cTG1st8YOSlfik0YZFM1r0cNg=
6,77,NV9yT97taPGrYrSyuH+i7fwHIqE=,aRpCoiUoDuDFc+COL1yRChdrqYo=
5,77,NV9yT97taPGrYrSyuH+i7fwHIqE=,gNp59Bk1ai12N/rUgFHHK8Xb7nQ=
8,72,fTH0UC7Yt7z9L8vCXYplBqxGBPM=,SUJy1OvqwfjFwoWHu8zCzEysiK4=
8,71,mgaAbNtJtSWcv1HgwuLaw98tKbM=,UZ3HGpLlhCO87U158VgaJi2cecY=
6,71,mgaAbNtJtSWcv1HgwuLaw98tKbM=,61cTG1st8YOSlfik0YZFM1r0cNg=
6,74,btI+/IuVPjZSK6RGBPCfxgP8DAg=,1DAMejhTjmDulMpLpm0FMpkPef0=
6,73,btI+/IuVPjZSK6RGBPCfxgP8DAg=,Bu5F+YjKzDOjVm2LjzVuCwjBjDE=
7,72,fTH0UC7Yt7z9L8vCXYplBqxGBPM=,Bu5F+YjKzDOjVm2LjzVuCwjBjDE=
5,78,NV9yT97taPGrYrSyuH+i7fwHIqE=,ZyM1N2WtHVO4RbQLAHPtta9RYt4=
6,72,mgaAbNtJtSWcv1HgwuLaw98tKbM=,Bu5F+YjKzDOjVm2LjzVuCwjBjDE=
5,71,mgaAbNtJtSWcv1HgwuLaw98tKbM=,A8tIBZ1s311KoSBofHlhcdd42AY=
7,74,mgaAbNtJtSWcv1HgwuLaw98tKbM=,1DAMejhTjmDulMpLpm0FMpkPef0=
8,73,mgaAbNtJtSWcv1HgwuLaw98tKbM=,SUJy1OvqwfjFwoWHu8zCzEysiK4=
8,74,mgaAbNtJtSWcv1HgwuLaw98tKbM=,V48uXGvBVCkW05hK4wqT42DSe3Y=
7,73,mgaAbNtJtSWcv1HgwuLaw98tKbM=,Bu5F+YjKzDOjVm2LjzVuCwjBjDE=
7,78,6BussvDkjeSpbp9GQ+qMd1qjeRA=,N+HNsA4CJPJGmHR8F1zbkOyu7Mo=
8,77,6BussvDkjeSpbp9GQ+qMd1qjeRA=,AeNWXprFW9WRKvctj9Au6aA31w0=
8,78,6BussvDkjeSpbp9GQ+qMd1qjeRA=,CMUUQ11Tq+Tfx3mTJGDroJUpcaQ=
7,76,btI+/IuVPjZSK6RGBPCfxgP8DAg=,aRpCoiUoDuDFc+COL1yRChdrqYo=
7,75,btI+/IuVPjZSK6RGBPCfxgP8DAg=,1DAMejhTjmDulMpLpm0FMpkPef0=
8,75,btI+/IuVPjZSK6RGBPCfxgP8DAg=,V48uXGvBVCkW05hK4wqT42DSe3Y=
10,76,M/qeKcZvJ3zo1bn2XxfXN8O7DbI=,WfUjpNzcdgBcYZth0PbKvK/RsU8=
8,76,btI+/IuVPjZSK6RGBPCfxgP8DAg=,AeNWXprFW9WRKvctj9Au6aA31w0=
9,75,h8MjQZQoTresuXneaYqhNqp+i2Y=,V48uXGvBVCkW05hK4wqT42DSe3Y=
7,77,6BussvDkjeSpbp9GQ+qMd1qjeRA=,aRpCoiUoDuDFc+COL1yRChdrqYo=
9,76,h8MjQZQoTresuXneaYqhNqp+i2Y=,AeNWXprFW9WRKvctj9Au6aA31w0=
10,75,h8MjQZQoTresuXneaYqhNqp+i2Y=,4QWJadorymLH9Uo47QK0JqVjHKI=
10,77,M/qeKcZvJ3zo1bn2XxfXN8O7DbI=,WfUjpNzcdgBcYZth0PbKvK/RsU8=
9,77,7ipj6WmYnwP2b5pBn4LRLF8FeIc=,AeNWXprFW9WRKvctj9Au6aA31w0=
10,78,M/qeKcZvJ3zo1bn2XxfXN8O7DbI=,nxaUrrfA8AQRPXBAfFIuBpSqAeQ=
9,78,7ipj6WmYnwP2b5pBn4LRLF8FeIc=,CMUUQ11Tq+Tfx3mTJGDroJUpcaQ=
11,76,M/qeKcZvJ3zo1bn2XxfXN8O7DbI=,WfUjpNzcdgBcYZth0PbKvK/RsU8=
12,75,M/qeKcZvJ3zo1bn2XxfXN8O7DbI=,mwcodC0wH6fvp2uyLHfe/ao7O4o=
12,76,h8MjQZQoTresuXneaYqhNqp+i2Y=,DW7r+MbZ1UAAUho+MM5WAlVrbu8=
11,75,h8MjQZQoTresuXneaYqhNqp+i2Y=,4QWJadorymLH9Uo47QK0JqVjHKI=
12,77,7ipj6WmYnwP2b5pBn4LRLF8FeIc=,DW7r+MbZ1UAAUho+MM5WAlVrbu8=
11,78,M/qeKcZvJ3zo1bn2XxfXN8O7DbI=,nxaUrrfA8AQRPXBAfFIuBpSqAeQ=
11,77,M/qeKcZvJ3zo1bn2XxfXN8O7DbI=,WfUjpNzcdgBcYZth0PbKvK/RsU8=
12,78,7ipj6WmYnwP2b5pBn4LRLF8FeIc=,lbjUCSLxS+J+Qx5XYAGlzIrHwZM=
13,75,M/qeKcZvJ3zo1bn2XxfXN8O7DbI=,mwcodC0wH6fvp2uyLHfe/ao7O4o=
13,76,dHTlClCjGINyStsq/dTWzLXPN9A=,DW7r+MbZ1UAAUho+MM5WAlVrbu8=
14,76,dHTlClCjGINyStsq/dTWzLXPN9A=,/qpzxLB8jwLUfNQy9nKPHXPMkSY=
13,78,dHTlClCjGINyStsq/dTWzLXPN9A=,lbjUCSLxS+J+Qx5XYAGlzIrHwZM=
13,77,dHTlClCjGINyStsq/dTWzLXPN9A=,DW7r+MbZ1UAAUho+MM5WAlVrbu8=
14,75,M/qeKcZvJ3zo1bn2XxfXN8O7DbI=,zrvpdoGV8EZAc49iGPUrVNLCN5o=
14,77,dHTlClCjGINyStsq/dTWzLXPN9A=,/qpzxLB8jwLUfNQy9nKPHXPMkSY=
14,78,TdlUH/D1VpYQJpgsV2Bvzn+g41Y=,UVY99TmD3xMR2lPkUb2D1pfCRo8=
13,73,M/qeKcZvJ3zo1bn2XxfXN8O7DbI=,bj9DuB3E5g6vZ9xFF9vWh0gW+UU=
14,74,M/qeKcZvJ3zo1bn2XxfXN8O7DbI=,zrvpdoGV8EZAc49iGPUrVNLCN5o=
14,73,M/qeKcZvJ3zo1bn2XxfXN8O7DbI=,pzFS3ixF97HHfB7IRvxWyoYhLSM=
13,72,M/qeKcZvJ3zo1bn2XxfXN8O7DbI=,bj9DuB3E5g6vZ9xFF9vWh0gW+UU=
14,72,M/qeKcZvJ3zo1bn2XxfXN8O7DbI=,pzFS3ixF97HHfB7IRvxWyoYhLSM=
13,71,M/qeKcZvJ3zo1bn2XxfXN8O7DbI=,+/kaDI1oAOUPJq199BPQdh4x3OA=
14,71,M/qeKcZvJ3zo1bn2XxfXN8O7DbI=,r1w6oPHDzs/4k8/HC5goX6gAVBM=
13,74,M/qeKcZvJ3zo1bn2XxfXN8O7DbI=,mwcodC0wH6fvp2uyLHfe/ao7O4o=
13,70,M/qeKcZvJ3zo1bn2XxfXN8O7DbI=,+/kaDI1oAOUPJq199BPQdh4x3OA=
14,69,M/qeKcZvJ3zo1bn2XxfXN8O7DbI=,m5aNCJ8nhtfPrqhEYMsk9obbDzM=
14,70,M/qeKcZvJ3zo1bn2XxfXN8O7DbI=,r1w6oPHDzs/4k8/HC5goX6gAVBM=
13,69,M/qeKcZvJ3zo1bn2XxfXN8O7DbI=,Aswrmvpm2S55CQYz7aKAyBJLfRo=
12,69,M/qeKcZvJ3zo1bn2XxfXN8O7DbI=,Aswrmvpm2S55CQYz7aKAyBJLfRo=
9,69,zIFceLqDI/V04AYHwAp2AH3gGt0=,Tuhn/kBKhUKRjCXhjZ4BXUKVYTc=
12,70,M/qeKcZvJ3zo1bn2XxfXN8O7DbI=,+/kaDI1oAOUPJq199BPQdh4x3OA=
11,72,h8MjQZQoTresuXneaYqhNqp+i2Y=,gViJksZdN/i6zYXPgcGVxZnfLZw=
9,70,fTH0UC7Yt7z9L8vCXYplBqxGBPM=,UZ3HGpLlhCO87U158VgaJi2cecY=
11,73,h8MjQZQoTresuXneaYqhNqp+i2Y=,gViJksZdN/i6zYXPgcGVxZnfLZw=
10,69,zIFceLqDI/V04AYHwAp2AH3gGt0=,lBMx8lwlgGPX0gGyDuTK8CCn5T0=
11,69,M/qeKcZvJ3zo1bn2XxfXN8O7DbI=,lBMx8lwlgGPX0gGyDuTK8CCn5T0=
11,70,M/qeKcZvJ3zo1bn2XxfXN8O7DbI=,VH2DcgWPI+CIcLWR8ZlrVqcE2r4=
11,71,M/qeKcZvJ3zo1bn2XxfXN8O7DbI=,VH2DcgWPI+CIcLWR8ZlrVqcE2r4=
12,71,M/qeKcZvJ3zo1bn2XxfXN8O7DbI=,+/kaDI1oAOUPJq199BPQdh4x3OA=
12,73,M/qeKcZvJ3zo1bn2XxfXN8O7DbI=,bj9DuB3E5g6vZ9xFF9vWh0gW+UU=
9,74,h8MjQZQoTresuXneaYqhNqp+i2Y=,V48uXGvBVCkW05hK4wqT42DSe3Y=
11,74,h8MjQZQoTresuXneaYqhNqp+i2Y=,4QWJadorymLH9Uo47QK0JqVjHKI=
10,74,h8MjQZQoTresuXneaYqhNqp+i2Y=,4QWJadorymLH9Uo47QK0JqVjHKI=
10,73,h8MjQZQoTresuXneaYqhNqp+i2Y=,gViJksZdN/i6zYXPgcGVxZnfLZw=
12,72,M/qeKcZvJ3zo1bn2XxfXN8O7DbI=,bj9DuB3E5g6vZ9xFF9vWh0gW+UU=
12,74,M/qeKcZvJ3zo1bn2XxfXN8O7DbI=,mwcodC0wH6fvp2uyLHfe/ao7O4o=
10,70,zIFceLqDI/V04AYHwAp2AH3gGt0=,VH2DcgWPI+CIcLWR8ZlrVqcE2r4=
9,71,h8MjQZQoTresuXneaYqhNqp+i2Y=,UZ3HGpLlhCO87U158VgaJi2cecY=
10,72,fTH0UC7Yt7z9L8vCXYplBqxGBPM=,gViJksZdN/i6zYXPgcGVxZnfLZw=
13,68,zIFceLqDI/V04AYHwAp2AH3gGt0=,Aswrmvpm2S55CQYz7aKAyBJLfRo=
13,67,zIFceLqDI/V04AYHwAp2AH3gGt0=,76xdDWxWtAcvnTMfT9RaPBpIr9M=
9,73,h8MjQZQoTresuXneaYqhNqp+i2Y=,SUJy1OvqwfjFwoWHu8zCzEysiK4=
8,68,M/qeKcZvJ3zo1bn2XxfXN8O7DbI=,Tuhn/kBKhUKRjCXhjZ4BXUKVYTc=
7,66,wiGMa1UYLZ8b2cLeYakL22qRydQ=,3qqQcOrDRWrujjGoKoZio9RJfO8=
7,65,wiGMa1UYLZ8b2cLeYakL22qRydQ=,Q565XbqgNWm90H8KSFcN/KSjDdA=
7,67,wiGMa1UYLZ8b2cLeYakL22qRydQ=,3qqQcOrDRWrujjGoKoZio9RJfO8=
10,71,M/qeKcZvJ3zo1bn2XxfXN8O7DbI=,VH2DcgWPI+CIcLWR8ZlrVqcE2r4=
9,72,h8MjQZQoTresuXneaYqhNqp+i2Y=,SUJy1OvqwfjFwoWHu8zCzEysiK4=
9,68,zIFceLqDI/V04AYHwAp2AH3gGt0=,Tuhn/kBKhUKRjCXhjZ4BXUKVYTc=
7,68,wiGMa1UYLZ8b2cLeYakL22qRydQ=,wP2FAkIqo62ew8uPY2YoJsvMn5I=
12,68,zIFceLqDI/V04AYHwAp2AH3gGt0=,Aswrmvpm2S55CQYz7aKAyBJLfRo=
11,68,zIFceLqDI/V04AYHwAp2AH3gGt0=,lBMx8lwlgGPX0gGyDuTK8CCn5T0=
10,68,zIFceLqDI/V04AYHwAp2AH3gGt0=,lBMx8lwlgGPX0gGyDuTK8CCn5T0=
10,67,zIFceLqDI/V04AYHwAp2AH3gGt0=,8WkEwjkW3ZPGoDAh2aDZ7YfrwHc=
12,67,zIFceLqDI/V04AYHwAp2AH3gGt0=,76xdDWxWtAcvnTMfT9RaPBpIr9M=
11,67,zIFceLqDI/V04AYHwAp2AH3gGt0=,8WkEwjkW3ZPGoDAh2aDZ7YfrwHc=
7,64,wiGMa1UYLZ8b2cLeYakL22qRydQ=,Q565XbqgNWm90H8KSFcN/KSjDdA=
14,64,M/qeKcZvJ3zo1bn2XxfXN8O7DbI=,IjIfz98bj9X3BZ7ygJGNGjJOmaY=
13,65,M/qeKcZvJ3zo1bn2XxfXN8O7DbI=,HiDII3i7wHFw+yJwT8wzVUbAklA=
13,64,M/qeKcZvJ3zo1bn2XxfXN8O7DbI=,HiDII3i7wHFw+yJwT8wzVUbAklA=
14,67,M/qeKcZvJ3zo1bn2XxfXN8O7DbI=,LDIAiD+hbZgQx7ghHJ1T4P4ADRU=
10,66,zIFceLqDI/V04AYHwAp2AH3gGt0=,8WkEwjkW3ZPGoDAh2aDZ7YfrwHc=
13,66,M/qeKcZvJ3zo1bn2XxfXN8O7DbI=,76xdDWxWtAcvnTMfT9RaPBpIr9M=
14,65,M/qeKcZvJ3zo1bn2XxfXN8O7DbI=,IjIfz98bj9X3BZ7ygJGNGjJOmaY=
14,68,zIFceLqDI/V04AYHwAp2AH3gGt0=,m5aNCJ8nhtfPrqhEYMsk9obbDzM=
14,66,M/qeKcZvJ3zo1bn2XxfXN8O7DbI=,LDIAiD+hbZgQx7ghHJ1T4P4ADRU=
10,64,M/qeKcZvJ3zo1bn2XxfXN8O7DbI=,tDJvJzTJumYOOs5JS7ih/xN8nNs=
8,79,dHTlClCjGINyStsq/dTWzLXPN9A=,CMUUQ11Tq+Tfx3mTJGDroJUpcaQ=
7,79,dHTlClCjGINyStsq/dTWzLXPN9A=,N+HNsA4CJPJGmHR8F1zbkOyu7Mo=
12,64,M/qeKcZvJ3zo1bn2XxfXN8O7DbI=,HiDII3i7wHFw+yJwT8wzVUbAklA=
11,65,M/qeKcZvJ3zo1bn2XxfXN8O7DbI=,tDJvJzTJumYOOs5JS7ih/xN8nNs=
10,65,zIFceLqDI/V04AYHwAp2AH3gGt0=,tDJvJzTJumYOOs5JS7ih/xN8nNs=
13,79,dHTlClCjGINyStsq/dTWzLXPN9A=,lbjUCSLxS+J+Qx5XYAGlzIrHwZM=
14,79,dHTlClCjGINyStsq/dTWzLXPN9A=,UVY99TmD3xMR2lPkUb2D1pfCRo8=
12,65,zIFceLqDI/V04AYHwAp2AH3gGt0=,HiDII3i7wHFw+yJwT8wzVUbAklA=
1,79,TdlUH/D1VpYQJpgsV2Bvzn+g41Y=,8ADdbgqFeKCyM/hXVtwf+ztOQ3M=
12,66,zIFceLqDI/V04AYHwAp2AH3gGt0=,76xdDWxWtAcvnTMfT9RaPBpIr9M=
10,79,M/qeKcZvJ3zo1bn2XxfXN8O7DbI=,nxaUrrfA8AQRPXBAfFIuBpSqAeQ=
11,66,M/qeKcZvJ3zo1bn2XxfXN8O7DbI=,8WkEwjkW3ZPGoDAh2aDZ7YfrwHc=
12,79,TdlUH/D1VpYQJpgsV2Bvzn+g41Y=,lbjUCSLxS+J+Qx5XYAGlzIrHwZM=
11,64,M/qeKcZvJ3zo1bn2XxfXN8O7DbI=,tDJvJzTJumYOOs5JS7ih/xN8nNs=
3,79,TdlUH/D1VpYQJpgsV2Bvzn+g41Y=,7I5kUtjm+h3Bzp3ucFmGIUIdo+8=
9,79,TdlUH/D1VpYQJpgsV2Bvzn+g41Y=,CMUUQ11Tq+Tfx3mTJGDroJUpcaQ=
4,79,TdlUH/D1VpYQJpgsV2Bvzn+g41Y=,ZyM1N2WtHVO4RbQLAHPtta9RYt4=
2,79,TdlUH/D1VpYQJpgsV2Bvzn+g41Y=,7I5kUtjm+h3Bzp3ucFmGIUIdo+8=
6,79,dHTlClCjGINyStsq/dTWzLXPN9A=,N+HNsA4CJPJGmHR8F1zbkOyu7Mo=
11,79,M/qeKcZvJ3zo1bn2XxfXN8O7DbI=,nxaUrrfA8AQRPXBAfFIuBpSqAeQ=
5,79,dHTlClCjGINyStsq/dTWzLXPN9A=,ZyM1N2WtHVO4RbQLAHPtta9RYt4=
15,75,M/qeKcZvJ3zo1bn2XxfXN8O7DbI=,zrvpdoGV8EZAc49iGPUrVNLCN5o=
15,65,M/qeKcZvJ3zo1bn2XxfXN8O7DbI=,IjIfz98bj9X3BZ7ygJGNGjJOmaY=
15,73,M/qeKcZvJ3zo1bn2XxfXN8O7DbI=,pzFS3ixF97HHfB7IRvxWyoYhLSM=
15,77,dHTlClCjGINyStsq/dTWzLXPN9A=,/qpzxLB8jwLUfNQy9nKPHXPMkSY=
15,71,M/qeKcZvJ3zo1bn2XxfXN8O7DbI=,r1w6oPHDzs/4k8/HC5goX6gAVBM=
15,74,M/qeKcZvJ3zo1bn2XxfXN8O7DbI=,zrvpdoGV8EZAc49iGPUrVNLCN5o=
15,67,M/qeKcZvJ3zo1bn2XxfXN8O7DbI=,LDIAiD+hbZgQx7ghHJ1T4P4ADRU=
15,79,x8CQAPpGLoNpAsmKV3UfGPIt9s8=,UVY99TmD3xMR2lPkUb2D1pfCRo8=
15,66,M/qeKcZvJ3zo1bn2XxfXN8O7DbI=,LDIAiD+hbZgQx7ghHJ1T4P4ADRU=
15,76,dHTlClCjGINyStsq/dTWzLXPN9A=,/qpzxLB8jwLUfNQy9nKPHXPMkSY=
15,68,M/qeKcZvJ3zo1bn2XxfXN8O7DbI=,m5aNCJ8nhtfPrqhEYMsk9obbDzM=
15,72,M/qeKcZvJ3zo1bn2XxfXN8O7DbI=,pzFS3ixF97HHfB7IRvxWyoYhLSM=
15,64,M/qeKcZvJ3zo1bn2XxfXN8O7DbI=,IjIfz98bj9X3BZ7ygJGNGjJOmaY=
15,69,M/qeKcZvJ3zo1bn2XxfXN8O7DbI=,m5aNCJ8nhtfPrqhEYMsk9obbDzM=
15,78,dHTlClCjGINyStsq/dTWzLXPN9A=,UVY99TmD3xMR2lPkUb2D1pfCRo8=
15,70,M/qeKcZvJ3zo1bn2XxfXN8O7DbI=,r1w6oPHDzs/4k8/HC5goX6gAVBM=
0,75,TdlUH/D1VpYQJpgsV2Bvzn+g41Y=,GU3cnf0HqDYV/3aPk9KZfTl3dB0=
0,77,TdlUH/D1VpYQJpgsV2Bvzn+g41Y=,lDhAhGN3HSyeXIYF0FM4v89Dg5g=
0,74,TdlUH/D1VpYQJpgsV2Bvzn+g41Y=,GU3cnf0HqDYV/3aPk9KZfTl3dB0=
0,76,TdlUH/D1VpYQJpgsV2Bvzn+g41Y=,lDhAhGN3HSyeXIYF0FM4v89Dg5g=
0,78,TdlUH/D1VpYQJpgsV2Bvzn+g41Y=,8ADdbgqFeKCyM/hXVtwf+ztOQ3M=
0,72,TdlUH/D1VpYQJpgsV2Bvzn+g41Y=,g10ITIsd8jAHfQL/6uO4rfFlY1o=
0,71,TdlUH/D1VpYQJpgsV2Bvzn+g41Y=,mKK7XY1fL+eRxJri8RNMTq5wV24=
0,79,x8CQAPpGLoNpAsmKV3UfGPIt9s8=,8ADdbgqFeKCyM/hXVtwf+ztOQ3M=
0,73,TdlUH/D1VpYQJpgsV2Bvzn+g41Y=,g10ITIsd8jAHfQL/6uO4rfFlY1o=
0,64,x8CQAPpGLoNpAsmKV3UfGPIt9s8=,dfCn2C/1QpwL9bi2+cK9NKUU52I=
14,81,xA+cpkYMFfH9ARfkSpahndQHZGM=,aYwSXE9iSeXtM6xl+/Fk5TNyj+s=
13,81,xA+cpkYMFfH9ARfkSpahndQHZGM=,11G/M5h9cGMb+jTCLBAQpFdixbQ=
13,82,xA+cpkYMFfH9ARfkSpahndQHZGM=,/ZrqJcMrBE+SwAUfW1WHaWGHvr8=
14,82,xA+cpkYMFfH9ARfkSpahndQHZGM=,NGypTjrdL4PJrYE4Ez70MZXiEd0=
12,81,xA+cpkYMFfH9ARfkSpahndQHZGM=,11G/M5h9cGMb+jTCLBAQpFdixbQ=
12,82,xA+cpkYMFfH9ARfkSpahndQHZGM=,/ZrqJcMrBE+SwAUfW1WHaWGHvr8=
11,82,xA+cpkYMFfH9ARfkSpahndQHZGM=,wbiZfrkCB/gdPc5wTqqhgHa/wEU=
11,81,xA+cpkYMFfH9ARfkSpahndQHZGM=,sjN4LLltP+cgTcxlg2DvZVpf4Zg=
9,81,xA+cpkYMFfH9ARfkSpahndQHZGM=,3PQ0x8VbKVZxHNEhL5fm3//5Vok=
9,82,XSaZpPrvVg7n3qt7yQoBMDahhXk=,+snHvKpRhFgxaEiomvUxr3n44Dg=
10,82,440A+1HnHwzfitjkHXQ+N0nGT2U=,wbiZfrkCB/gdPc5wTqqhgHa/wEU=
10,81,440A+1HnHwzfitjkHXQ+N0nGT2U=,sjN4LLltP+cgTcxlg2DvZVpf4Zg=
8,81,xA+cpkYMFfH9ARfkSpahndQHZGM=,3PQ0x8VbKVZxHNEhL5fm3//5Vok=
7,81,xA+cpkYMFfH9ARfkSpahndQHZGM=,KRuPSjenhgFmGEuqiBGxABSgga8=
8,82,XSaZpPrvVg7n3qt7yQoBMDahhXk=,+snHvKpRhFgxaEiomvUxr3n44Dg=
7,82,xA+cpkYMFfH9ARfkSpahndQHZGM=,kLP+HzdEo7lz2jy3LJslhUqJLfk=
8,84,l2MAB1IsKJz5P171CGZax/cQlZA=,Qf1ANuphzg8X7417jxRXMLTHGyo=
7,84,l2MAB1IsKJz5P171CGZax/cQlZA=,Xf8yWVpNo/Ov/rwORD4UPd2oYGM=
8,83,XSaZpPrvVg7n3qt7yQoBMDahhXk=,+snHvKpRhFgxaEiomvUxr3n44Dg=
7,83,l2MAB1IsKJz5P171CGZax/cQlZA=,kLP+HzdEo7lz2jy3LJslhUqJLfk=
5,83,l2MAB1IsKJz5P171CGZax/cQlZA=,2/aE7Q4BxAeJ8CphcUy/TJO4Eyc=
6,84,l2MAB1IsKJz5P171CGZax/cQlZA=,Xf8yWVpNo/Ov/rwORD4UPd2oYGM=
5,84,l2MAB1IsKJz5P171CGZax/cQlZA=,gv3GP0eh82DuMyyZM2/h2cXQj7M=
6,83,l2MAB1IsKJz5P171CGZax/cQlZA=,kLP+HzdEo7lz2jy3LJslhUqJLfk=
6,81,xA+cpkYMFfH9ARfkSpahndQHZGM=,KRuPSjenhgFmGEuqiBGxABSgga8=
5,81,xA+cpkYMFfH9ARfkSpahndQHZGM=,A7+ltQ5XnmFSP7iYP64jRugG3Sc=
6,82,xA+cpkYMFfH9ARfkSpahndQHZGM=,kLP+HzdEo7lz2jy3LJslhUqJLfk=
5,82,xA+cpkYMFfH9ARfkSpahndQHZGM=,2/aE7Q4BxAeJ8CphcUy/TJO4Eyc=
3,84,l2MAB1IsKJz5P171CGZax/cQlZA=,SRcMkkdzSyTla14jBQCpprvb1js=
4,84,l2MAB1IsKJz5P171CGZax/cQlZA=,gv3GP0eh82DuMyyZM2/h2cXQj7M=
4,81,xA+cpkYMFfH9ARfkSpahndQHZGM=,A7+ltQ5XnmFSP7iYP64jRugG3Sc=
3,83,XSaZpPrvVg7n3qt7yQoBMDahhXk=,7zMhDuQFkRypD/DTYuMnFw6T7/c=
4,82,xA+cpkYMFfH9ARfkSpahndQHZGM=,2/aE7Q4BxAeJ8CphcUy/TJO4Eyc=
4,83,xA+cpkYMFfH9ARfkSpahndQHZGM=,2/aE7Q4BxAeJ8CphcUy/TJO4Eyc=
2,84,xA+cpkYMFfH9ARfkSpahndQHZGM=,SRcMkkdzSyTla14jBQCpprvb1js=
3,81,xA+cpkYMFfH9ARfkSpahndQHZGM=,UaQ7m4mupU2MJrcZvNBNphGGx+U=
3,82,XSaZpPrvVg7n3qt7yQoBMDahhXk=,7zMhDuQFkRypD/DTYuMnFw6T7/c=
1,83,XSaZpPrvVg7n3qt7yQoBMDahhXk=,P3ZkthTSU0xFHNNEFEm5wqvEzBc=
1,84,xA+cpkYMFfH9ARfkSpahndQHZGM=,aVflpwV6sdviFsKOsOVH2XWnT60=
0,84,440A+1HnHwzfitjkHXQ+N0nGT2U=,aVflpwV6sdviFsKOsOVH2XWnT60=
0,83,XSaZpPrvVg7n3qt7yQoBMDahhXk=,P3ZkthTSU0xFHNNEFEm5wqvEzBc=
14,84,440A+1HnHwzfitjkHXQ+N0nGT2U=,LABJKmp/H3ru+38MBrj7a9m66eA=
13,83,440A+1HnHwzfitjkHXQ+N0nGT2U=,/ZrqJcMrBE+SwAUfW1WHaWGHvr8=
14,83,440A+1HnHwzfitjkHXQ+N0nGT2U=,NGypTjrdL4PJrYE4Ez70MZXiEd0=
2,83,XSaZpPrvVg7n3qt7yQoBMDahhXk=,7zMhDuQFkRypD/DTYuMnFw6T7/c=
1,81,XSaZpPrvVg7n3qt7yQoBMDahhXk=,8vjvm72GOZvUY0Hfw6Mq5IDkAjk=
15,84,440A+1HnHwzfitjkHXQ+N0nGT2U=,LABJKmp/H3ru+38MBrj7a9m66eA=
15,83,440A+1HnHwzfitjkHXQ+N0nGT2U=,NGypTjrdL4PJrYE4Ez70MZXiEd0=
15,82,440A+1HnHwzfitjkHXQ+N0nGT2U=,NGypTjrdL4PJrYE4Ez70MZXiEd0=
15,81,440A+1HnHwzfitjkHXQ+N0nGT2U=,aYwSXE9iSeXtM6xl+/Fk5TNyj+s=
0,82,XSaZpPrvVg7n3qt7yQoBMDahhXk=,P3ZkthTSU0xFHNNEFEm5wqvEzBc=
2,81,xA+cpkYMFfH9ARfkSpahndQHZGM=,UaQ7m4mupU2MJrcZvNBNphGGx+U=
1,82,XSaZpPrvVg7n3qt7yQoBMDahhXk=,P3ZkthTSU0xFHNNEFEm5wqvEzBc=
1,80,XSaZpPrvVg7n3qt7yQoBMDahhXk=,8vjvm72GOZvUY0Hfw6Mq5IDkAjk=
14,80,440A+1HnHwzfitjkHXQ+N0nGT2U=,aYwSXE9iSeXtM6xl+/Fk5TNyj+s=
13,80,440A+1HnHwzfitjkHXQ+N0nGT2U=,11G/M5h9cGMb+jTCLBAQpFdixbQ=
0,81,XSaZpPrvVg7n3qt7yQoBMDahhXk=,8vjvm72GOZvUY0Hfw6Mq5IDkAjk=
2,82,XSaZpPrvVg7n3qt7yQoBMDahhXk=,7zMhDuQFkRypD/DTYuMnFw6T7/c=
2,80,440A+1HnHwzfitjkHXQ+N0nGT2U=,UaQ7m4mupU2MJrcZvNBNphGGx+U=
12,80,440A+1HnHwzfitjkHXQ+N0nGT2U=,11G/M5h9cGMb+jTCLBAQpFdixbQ=
8,85,440A+1HnHwzfitjkHXQ+N0nGT2U=,Qf1ANuphzg8X7417jxRXMLTHGyo=
14,85,440A+1HnHwzfitjkHXQ+N0nGT2U=,LABJKmp/H3ru+38MBrj7a9m66eA=
7,85,440A+1HnHwzfitjkHXQ+N0nGT2U=,Xf8yWVpNo/Ov/rwORD4UPd2oYGM=
5,85,440A+1HnHwzfitjkHXQ+N0nGT2U=,gv3GP0eh82DuMyyZM2/h2cXQj7M=
1,85,440A+1HnHwzfitjkHXQ+N0nGT2U=,aVflpwV6sdviFsKOsOVH2XWnT60=
2,85,440A+1HnHwzfitjkHXQ+N0nGT2U=,SRcMkkdzSyTla14jBQCpprvb1js=
4,85,440A+1HnHwzfitjkHXQ+N0nGT2U=,gv3GP0eh82DuMyyZM2/h2cXQj7M=
3,85,440A+1HnHwzfitjkHXQ+N0nGT2U=,SRcMkkdzSyTla14jBQCpprvb1js=
6,85,440A+1HnHwzfitjkHXQ+N0nGT2U=,Xf8yWVpNo/Ov/rwORD4UPd2oYGM=
0,85,440A+1HnHwzfitjkHXQ+N0nGT2U=,aVflpwV6sdviFsKOsOVH2XWnT60=
15,85,440A+1HnHwzfitjkHXQ+N0nGT2U=,LABJKmp/H3ru+38MBrj7a9m66eA=
8,80,440A+1HnHwzfitjkHXQ+N0nGT2U=,3PQ0x8VbKVZxHNEhL5fm3//5Vok=
7,80,440A+1HnHwzfitjkHXQ+N0nGT2U=,KRuPSjenhgFmGEuqiBGxABSgga8=
0,80,XSaZpPrvVg7n3qt7yQoBMDahhXk=,8vjvm72GOZvUY0Hfw6Mq5IDkAjk=
9,80,440A+1HnHwzfitjkHXQ+N0nGT2U=,3PQ0x8VbKVZxHNEhL5fm3//5Vok=
6,80,440A+1HnHwzfitjkHXQ+N0nGT2U=,KRuPSjenhgFmGEuqiBGxABSgga8=
9,85,xA+cpkYMFfH9ARfkSpahndQHZGM=,Qf1ANuphzg8X7417jxRXMLTHGyo=
12,83,xA+cpkYMFfH9ARfkSpahndQHZGM=,/ZrqJcMrBE+SwAUfW1WHaWGHvr8=
11,85,440A+1HnHwzfitjkHXQ+N0nGT2U=,jz02M/Bv+ggNUrnJ7YBx+tQkKts=
10,85,xA+cpkYMFfH9ARfkSpahndQHZGM=,jz02M/Bv+ggNUrnJ7YBx+tQkKts=
11,84,xA+cpkYMFfH9ARfkSpahndQHZGM=,jz02M/Bv+ggNUrnJ7YBx+tQkKts=
11,83,xA+cpkYMFfH9ARfkSpahndQHZGM=,wbiZfrkCB/gdPc5wTqqhgHa/wEU=
9,84,440A+1HnHwzfitjkHXQ+N0nGT2U=,Qf1ANuphzg8X7417jxRXMLTHGyo=
9,83,XSaZpPrvVg7n3qt7yQoBMDahhXk=,+snHvKpRhFgxaEiomvUxr3n44Dg=
10,80,440A+1HnHwzfitjkHXQ+N0nGT2U=,sjN4LLltP+cgTcxlg2DvZVpf4Zg=
5,80,440A+1HnHwzfitjkHXQ+N0nGT2U=,A7+ltQ5XnmFSP7iYP64jRugG3Sc=
10,83,xA+cpkYMFfH9ARfkSpahndQHZGM=,wbiZfrkCB/gdPc5wTqqhgHa/wEU=
10,84,xA+cpkYMFfH9ARfkSpahndQHZGM=,jz02M/Bv+ggNUrnJ7YBx+tQkKts=
11,80,440A+1HnHwzfitjkHXQ+N0nGT2U=,sjN4LLltP+cgTcxlg2DvZVpf4Zg=
4,80,440A+1HnHwzfitjkHXQ+N0nGT2U=,A7+ltQ5XnmFSP7iYP64jRugG3Sc=
15,80,440A+1HnHwzfitjkHXQ+N0nGT2U=,aYwSXE9iSeXtM6xl+/Fk5TNyj+s=
3,80,440A+1HnHwzfitjkHXQ+N0nGT2U=,UaQ7m4mupU2MJrcZvNBNphGGx+U=
26,81,gKZ9zIxizEdHBKPQ5/mGYZZt21A=,AizL0zNpxqBd9+/4ijdr5RAsSPI=
25,81,gKZ9zIxizEdHBKPQ5/mGYZZt21A=,qYK7mC9ytkEoV6ObbLQzlm4EWhk=
25,82,gKZ9zIxizEdHBKPQ5/mGYZZt21A=,mlXTHgXjzs3nBgZ6X7xbnyr1fsM=
26,82,gKZ9zIxizEdHBKPQ5/mGYZZt21A=,pgxoctoaf8qJ+w/dydzTXSXxQpA=
25,84,gKZ9zIxizEdHBKPQ5/mGYZZt21A=,Gkl5WXqHI2fGleW3LaCQwKM3hTU=
26,84,gKZ9zIxizEdHBKPQ5/mGYZZt21A=,jneXlNwsojOVgA+POS4NxX6UGj8=
25,83,gKZ9zIxizEdHBKPQ5/mGYZZt21A=,mlXTHgXjzs3nBgZ6X7xbnyr1fsM=
26,83,gKZ9zIxizEdHBKPQ5/mGYZZt21A=,pgxoctoaf8qJ+w/dydzTXSXxQpA=
24,86,gKZ9zIxizEdHBKPQ5/mGYZZt21A=,VJo/wl1fbo/kAkCI9zYlgcj2DVg=
23,86,gKZ9zIxizEdHBKPQ5/mGYZZt21A=,nwm0tH9ruBuad4D+dDl03MvHCVc=
23,84,gKZ9zIxizEdHBKPQ5/mGYZZt21A=,Nk4//cWOrgr15incopbyv7zAlXo=
24,84,gKZ9zIxizEdHBKPQ5/mGYZZt21A=,Gkl5WXqHI2fGleW3LaCQwKM3hTU=
23,85,gKZ9zIxizEdHBKPQ5/mGYZZt21A=,Nk4//cWOrgr15incopbyv7zAlXo=
24,85,gKZ9zIxizEdHBKPQ5/mGYZZt21A=,Gkl5WXqHI2fGleW3LaCQwKM3hTU=
24,82,gKZ9zIxizEdHBKPQ5/mGYZZt21A=,mlXTHgXjzs3nBgZ6X7xbnyr1fsM=
24,81,gKZ9zIxizEdHBKPQ5/mGYZZt21A=,qYK7mC9ytkEoV6ObbLQzlm4EWhk=
23,83,gKZ9zIxizEdHBKPQ5/mGYZZt21A=,0kZTbOw0j1zRtCONojkte8Fg/pU=
23,82,gKZ9zIxizEdHBKPQ5/mGYZZt21A=,0kZTbOw0j1zRtCONojkte8Fg/pU=
24,83,gKZ9zIxizEdHBKPQ5/mGYZZt21A=,mlXTHgXjzs3nBgZ6X7xbnyr1fsM=
23,81,gKZ9zIxizEdHBKPQ5/mGYZZt21A=,Q1Ea7yRi5FavtaTpMaw0U2Js0FU=
21,81,PBZExDx7ZyBiWKF9R9Gx/+Gomb4=,hNTn221qBiTDeFdVLAUWAHIEUjE=
22,86,gKZ9zIxizEdHBKPQ5/mGYZZt21A=,nwm0tH9ruBuad4D+dDl03MvHCVc=
21,86,gKZ9zIxizEdHBKPQ5/mGYZZt21A=,1/5xo+kbWHsFWzg4HtlmbWW9W+8=
21,82,PBZExDx7ZyBiWKF9R9Gx/+Gomb4=,aO+m/NKTUcPGTscB71JgWgveVi0=
21,84,gKZ9zIxizEdHBKPQ5/mGYZZt21A=,br1XmgDpcgfPOBXnL5EzPDLY/ik=
22,85,gKZ9zIxizEdHBKPQ5/mGYZZt21A=,Nk4//cWOrgr15incopbyv7zAlXo=
22,84,gKZ9zIxizEdHBKPQ5/mGYZZt21A=,Nk4//cWOrgr15incopbyv7zAlXo=
22,81,PBZExDx7ZyBiWKF9R9Gx/+Gomb4=,Q1Ea7yRi5FavtaTpMaw0U2Js0FU=
21,85,gKZ9zIxizEdHBKPQ5/mGYZZt21A=,br1XmgDpcgfPOBXnL5EzPDLY/ik=
22,82,PBZExDx7ZyBiWKF9R9Gx/+Gomb4=,0kZTbOw0j1zRtCONojkte8Fg/pU=
21,83,gKZ9zIxizEdHBKPQ5/mGYZZt21A=,aO+m/NKTUcPGTscB71JgWgveVi0=
22,83,gKZ9zIxizEdHBKPQ5/mGYZZt21A=,0kZTbOw0j1zRtCONojkte8Fg/pU=
20,84,PBZExDx7ZyBiWKF9R9Gx/+Gomb4=,br1XmgDpcgfPOBXnL5EzPDLY/ik=
20,81,PBZExDx7ZyBiWKF9R9Gx/+Gomb4=,hNTn221qBiTDeFdVLAUWAHIEUjE=
20,83,PBZExDx7ZyBiWKF9R9Gx/+Gomb4=,aO+m/NKTUcPGTscB71JgWgveVi0=
19,84,PBZExDx7ZyBiWKF9R9Gx/+Gomb4=,qkDrnpeRCfVn91hm32hY7cVGqNQ=
19,81,PBZExDx7ZyBiWKF9R9Gx/+Gomb4=,zSCTONwsa1BXGGjF7zro1CAAXao=
20,82,PBZExDx7ZyBiWKF9R9Gx/+Gomb4=,aO+m/NKTUcPGTscB71JgWgveVi0=
19,82,PBZExDx7ZyBiWKF9R9Gx/+Gomb4=,2Btqv5cghExu3EAFGVR40597EZ4=
19,83,PBZExDx7ZyBiWKF9R9Gx/+Gomb4=,2Btqv5cghExu3EAFGVR40597EZ4=
19,80,PBZExDx7ZyBiWKF9R9Gx/+Gomb4=,zSCTONwsa1BXGGjF7zro1CAAXao=
20,80,PBZExDx7ZyBiWKF9R9Gx/+Gomb4=,hNTn221qBiTDeFdVLAUWAHIEUjE=
17,85,PBZExDx7ZyBiWKF9R9Gx/+Gomb4=,a3APq3T8I0BFK/mZLfGb51/geWo=
19,85,gKZ9zIxizEdHBKPQ5/mGYZZt21A=,qkDrnpeRCfVn91hm32hY7cVGqNQ=
20,85,gKZ9zIxizEdHBKPQ5/mGYZZt21A=,br1XmgDpcgfPOBXnL5EzPDLY/ik=
18,85,PBZExDx7ZyBiWKF9R9Gx/+Gomb4=,qkDrnpeRCfVn91hm32hY7cVGqNQ=
20,86,gKZ9zIxizEdHBKPQ5/mGYZZt21A=,1/5xo+kbWHsFWzg4HtlmbWW9W+8=
18,86,PBZExDx7ZyBiWKF9R9Gx/+Gomb4=,itMj1NtaUKjcTcqrM2fc47C1EqQ=
19,86,gKZ9zIxizEdHBKPQ5/mGYZZt21A=,itMj1NtaUKjcTcqrM2fc47C1EqQ=
27,80,PBZExDx7ZyBiWKF9R9Gx/+Gomb4=,AizL0zNpxqBd9+/4ijdr5RAsSPI=
26,86,gKZ9zIxizEdHBKPQ5/mGYZZt21A=,L4MYwf3rY4wfzdcS10GGjwiYmQc=
27,81,PBZExDx7ZyBiWKF9R9Gx/+Gomb4=,AizL0zNpxqBd9+/4ijdr5RAsSPI=
25,86,gKZ9zIxizEdHBKPQ5/mGYZZt21A=,VJo/wl1fbo/kAkCI9zYlgcj2DVg=
25,87,PBZExDx7ZyBiWKF9R9Gx/+Gomb4=,VJo/wl1fbo/kAkCI9zYlgcj2DVg=
26,87,PBZExDx7ZyBiWKF9R9Gx/+Gomb4=,L4MYwf3rY4wfzdcS10GGjwiYmQc=
27,87,PBZExDx7ZyBiWKF9R9Gx/+Gomb4=,L4MYwf3rY4wfzdcS10GGjwiYmQc=
25,80,PBZExDx7ZyBiWKF9R9Gx/+Gomb4=,qYK7mC9ytkEoV6ObbLQzlm4EWhk=
26,80,PBZExDx7ZyBiWKF9R9Gx/+Gomb4=,AizL0zNpxqBd9+/4ijdr5RAsSPI=
27,84,PBZExDx7ZyBiWKF9R9Gx/+Gomb4=,jneXlNwsojOVgA+POS4NxX6UGj8=
27,86,PBZExDx7ZyBiWKF9R9Gx/+Gomb4=,L4MYwf3rY4wfzdcS10GGjwiYmQc=
27,85,PBZExDx7ZyBiWKF9R9Gx/+Gomb4=,jneXlNwsojOVgA+POS4NxX6UGj8=
24,87,PBZExDx7ZyBiWKF9R9Gx/+Gomb4=,VJo/wl1fbo/kAkCI9zYlgcj2DVg=
23,87,PBZExDx7ZyBiWKF9R9Gx/+Gomb4=,nwm0tH9ruBuad4D+dDl03MvHCVc=
26,85,gKZ9zIxizEdHBKPQ5/mGYZZt21A=,jneXlNwsojOVgA+POS4NxX6UGj8=
27,83,PBZExDx7ZyBiWKF9R9Gx/+Gomb4=,pgxoctoaf8qJ+w/dydzTXSXxQpA=
24,80,PBZExDx7ZyBiWKF9R9Gx/+Gomb4=,qYK7mC9ytkEoV6ObbLQzlm4EWhk=
23,80,PBZExDx7ZyBiWKF9R9Gx/+Gomb4=,Q1Ea7yRi5FavtaTpMaw0U2Js0FU=
20,87,PBZExDx7ZyBiWKF9R9Gx/+Gomb4=,1/5xo+kbWHsFWzg4HtlmbWW9W+8=
22,87,PBZExDx7ZyBiWKF9R9Gx/+Gomb4=,nwm0tH9ruBuad4D+dDl03MvHCVc=
21,87,PBZExDx7ZyBiWKF9R9Gx/+Gomb4=,1/5xo+kbWHsFWzg4HtlmbWW9W+8=
19,87,PBZExDx7ZyBiWKF9R9Gx/+Gomb4=,itMj1NtaUKjcTcqrM2fc47C1EqQ=
18,87,PBZExDx7ZyBiWKF9R9Gx/+Gomb4=,itMj1NtaUKjcTcqrM2fc47C1EqQ=
25,85,gKZ9zIxizEdHBKPQ5/mGYZZt21A=,Gkl5WXqHI2fGleW3LaCQwKM3hTU=
27,82,PBZExDx7ZyBiWKF9R9Gx/+Gomb4=,pgxoctoaf8qJ+w/dydzTXSXxQpA=
21,80,PBZExDx7ZyBiWKF9R9Gx/+Gomb4=,hNTn221qBiTDeFdVLAUWAHIEUjE=
16,81,PBZExDx7ZyBiWKF9R9Gx/+Gomb4=,srHzGpIo4YhHG6ijY+Ud4k0FEhw=
16,85,PBZExDx7ZyBiWKF9R9Gx/+Gomb4=,a3APq3T8I0BFK/mZLfGb51/geWo=
22,80,PBZExDx7ZyBiWKF9R9Gx/+Gomb4=,Q1Ea7yRi5FavtaTpMaw0U2Js0FU=
18,80,PBZExDx7ZyBiWKF9R9Gx/+Gomb4=,zSCTONwsa1BXGGjF7zro1CAAXao=
18,84,PBZExDx7ZyBiWKF9R9Gx/+Gomb4=,qkDrnpeRCfVn91hm32hY7cVGqNQ=
16,84,PBZExDx7ZyBiWKF9R9Gx/+Gomb4=,a3APq3T8I0BFK/mZLfGb51/geWo=
18,81,PBZExDx7ZyBiWKF9R9Gx/+Gomb4=,zSCTONwsa1BXGGjF7zro1CAAXao=
16,83,PBZExDx7ZyBiWKF9R9Gx/+Gomb4=,kveFv55QOibrsA6ZlGvxYJDNays=
17,80,PBZExDx7ZyBiWKF9R9Gx/+Gomb4=,srHzGpIo4YhHG6ijY+Ud4k0FEhw=
17,84,PBZExDx7ZyBiWKF9R9Gx/+Gomb4=,a3APq3T8I0BFK/mZLfGb51/geWo=
17,81,PBZExDx7ZyBiWKF9R9Gx/+Gomb4=,srHzGpIo4YhHG6ijY+Ud4k0FEhw=
17,83,PBZExDx7ZyBiWKF9R9Gx/+Gomb4=,kveFv55QOibrsA6ZlGvxYJDNays=
18,82,PBZExDx7ZyBiWKF9R9Gx/+Gomb4=,2Btqv5cghExu3EAFGVR40597EZ4=
17,82,PBZExDx7ZyBiWKF9R9Gx/+Gomb4=,kveFv55QOibrsA6ZlGvxYJDNays=
18,83,PBZExDx7ZyBiWKF9R9Gx/+Gomb4=,2Btqv5cghExu3EAFGVR40597EZ4=
16,82,PBZExDx7ZyBiWKF9R9Gx/+Gomb4=,kveFv55QOibrsA6ZlGvxYJDNays=
16,80,PBZExDx7ZyBiWKF9R9Gx/+Gomb4=,srHzGpIo4YhHG6ijY+Ud4k0FEhw=
18,65,oTbSRSpmjZtUSAKZwPf0ZtMixrs=,pNu6gFnTycj/dert9lleNlMCONY=
17,65,oTbSRSpmjZtUSAKZwPf0ZtMixrs=,Q2+JQi2N1KWkQlyG7vZTPRik/f0=
17,66,oTbSRSpmjZtUSAKZwPf0ZtMixrs=,B1KPEAKZyR6IU06qzg5usrrW8IY=
18,71,x3ZL9FTFv6/EBinP5oleNsrgR/I=,te2J4yvLzw9aytgPzZzkT/MPrEk=
18,70,8UWC1pfZXug7s4FVrNAmxL2Gd78=,te2J4yvLzw9aytgPzZzkT/MPrEk=
18,69,8UWC1pfZXug7s4FVrNAmxL2Gd78=,xkiA+/fFKCsqNGBYYMsb2yiIwII=
17,72,x3ZL9FTFv6/EBinP5oleNsrgR/I=,WNC5EgAmlUdNTNH3ANTUdcJxzVQ=
18,68,x3ZL9FTFv6/EBinP5oleNsrgR/I=,xkiA+/fFKCsqNGBYYMsb2yiIwII=
18,67,oTbSRSpmjZtUSAKZwPf0ZtMixrs=,eCB8YNQdIMRg7NdsRZyT+VkdVOs=
17,71,x3ZL9FTFv6/EBinP5oleNsrgR/I=,taE91M4lLgDejX7qPh1xe5QCLYI=
18,66,oTbSRSpmjZtUSAKZwPf0ZtMixrs=,eCB8YNQdIMRg7NdsRZyT+VkdVOs=
17,69,x3ZL9FTFv6/EBinP5oleNsrgR/I=,IRFHYzBNWHoadxgEXKjcLNT72uo=
17,70,8UWC1pfZXug7s4FVrNAmxL2Gd78=,taE91M4lLgDejX7qPh1xe5QCLYI=
17,68,x3ZL9FTFv6/EBinP5oleNsrgR/I=,IRFHYzBNWHoadxgEXKjcLNT72uo=
18,78,8UWC1pfZXug7s4FVrNAmxL2Gd78=,NPkLbRi4KdWLwzb+rCfQES5ZrhE=
17,78,8UWC1pfZXug7s4FVrNAmxL2Gd78=,g2Ns3gU5yyl13wndWzsHq4ZLF9A=
17,77,8UWC1pfZXug7s4FVrNAmxL2Gd78=,s/Ef6/RR6TaiSuviwcrJVH84Nlw=
17,67,oTbSRSpmjZtUSAKZwPf0ZtMixrs=,B1KPEAKZyR6IU06qzg5usrrW8IY=
16,75,8UWC1pfZXug7s4FVrNAmxL2Gd78=,2zC6oPiEPoxEaqfN1Uw6qNRV9js=
16,77,8UWC1pfZXug7s4FVrNAmxL2Gd78=,s/Ef6/RR6TaiSuviwcrJVH84Nlw=
18,64,oTbSRSpmjZtUSAKZwPf0ZtMixrs=,pNu6gFnTycj/dert9lleNlMCONY=
17,64,oTbSRSpmjZtUSAKZwPf0ZtMixrs=,Q2+JQi2N1KWkQlyG7vZTPRik/f0=
16,64,oTbSRSpmjZtUSAKZwPf0ZtMixrs=,Q2+JQi2N1KWkQlyG7vZTPRik/f0=
17,73,x3ZL9FTFv6/EBinP5oleNsrgR/I=,WNC5EgAmlUdNTNH3ANTUdcJxzVQ=
17,74,x3ZL9FTFv6/EBinP5oleNsrgR/I=,2zC6oPiEPoxEaqfN1Uw6qNRV9js=
17,75,8UWC1pfZXug7s4FVrNAmxL2Gd78=,2zC6oPiEPoxEaqfN1Uw6qNRV9js=
17,76,8UWC1pfZXug7s4FVrNAmxL2Gd78=,s/Ef6/RR6TaiSuviwcrJVH84Nlw=
19,78,x3ZL9FTFv6/EBinP5oleNsrgR/I=,NPkLbRi4KdWLwzb+rCfQES5ZrhE=
19,67,oTbSRSpmjZtUSAKZwPf0ZtMixrs=,eCB8YNQdIMRg7NdsRZyT+VkdVOs=
19,66,oTbSRSpmjZtUSAKZwPf0ZtMixrs=,eCB8YNQdIMRg7NdsRZyT+VkdVOs=
19,68,x3ZL9FTFv6/EBinP5oleNsrgR/I=,xkiA+/fFKCsqNGBYYMsb2yiIwII=
19,64,oTbSRSpmjZtUSAKZwPf0ZtMixrs=,pNu6gFnTycj/dert9lleNlMCONY=
19,65,oTbSRSpmjZtUSAKZwPf0ZtMixrs=,pNu6gFnTycj/dert9lleNlMCONY=
19,69,x3ZL9FTFv6/EBinP5oleNsrgR/I=,xkiA+/fFKCsqNGBYYMsb2yiIwII=
19,70,x3ZL9FTFv6/EBinP5oleNsrgR/I=,te2J4yvLzw9aytgPzZzkT/MPrEk=
19,71,x3ZL9FTFv6/EBinP5oleNsrgR/I=,te2J4yvLzw9aytgPzZzkT/MPrEk=
16,73,x3ZL9FTFv6/EBinP5oleNsrgR/I=,WNC5EgAmlUdNTNH3ANTUdcJxzVQ=
16,74,x3ZL9FTFv6/EBinP5oleNsrgR/I=,2zC6oPiEPoxEaqfN1Uw6qNRV9js=
18,79,8UWC1pfZXug7s4FVrNAmxL2Gd78=,NPkLbRi4KdWLwzb+rCfQES5ZrhE=
19,79,x3ZL9FTFv6/EBinP5oleNsrgR/I=,NPkLbRi4KdWLwzb+rCfQES5ZrhE=
17,79,8UWC1pfZXug7s4FVrNAmxL2Gd78=,g2Ns3gU5yyl13wndWzsHq4ZLF9A=
16,76,8UWC1pfZXug7s4FVrNAmxL2Gd78=,s/Ef6/RR6TaiSuviwcrJVH84Nlw=
16,78,8UWC1pfZXug7s4FVrNAmxL2Gd78=,g2Ns3gU5yyl13wndWzsHq4ZLF9A=
16,65,oTbSRSpmjZtUSAKZwPf0ZtMixrs=,Q2+JQi2N1KWkQlyG7vZTPRik/f0=
16,72,x3ZL9FTFv6/EBinP5oleNsrgR/I=,WNC5EgAmlUdNTNH3ANTUdcJxzVQ=
16,71,x3ZL9FTFv6/EBinP5oleNsrgR/I=,taE91M4lLgDejX7qPh1xe5QCLYI=
16,70,x3ZL9FTFv6/EBinP5oleNsrgR/I=,taE91M4lLgDejX7qPh1xe5QCLYI=
16,66,oTbSRSpmjZtUSAKZwPf0ZtMixrs=,B1KPEAKZyR6IU06qzg5usrrW8IY=
16,67,oTbSRSpmjZtUSAKZwPf0ZtMixrs=,B1KPEAKZyR6IU06qzg5usrrW8IY=
16,69,x3ZL9FTFv6/EBinP5oleNsrgR/I=,IRFHYzBNWHoadxgEXKjcLNT72uo=
16,68,x3ZL9FTFv6/EBinP5oleNsrgR/I=,IRFHYzBNWHoadxgEXKjcLNT72uo=
16,79,8UWC1pfZXug7s4FVrNAmxL2Gd78=,g2Ns3gU5yyl13wndWzsHq4ZLF9A=
9,65,M/qeKcZvJ3zo1bn2XxfXN8O7DbI=,fHhHen1bwktflFUCgp+pgkoUplU=
8,65,M/qeKcZvJ3zo1bn2XxfXN8O7DbI=,fHhHen1bwktflFUCgp+pgkoUplU=
9,64,M/qeKcZvJ3zo1bn2XxfXN8O7DbI=,fHhHen1bwktflFUCgp+pgkoUplU=
8,64,M/qeKcZvJ3zo1bn2XxfXN8O7DbI=,fHhHen1bwktflFUCgp+pgkoUplU=
3,92,XSaZpPrvVg7n3qt7yQoBMDahhXk=,6B4XUN/Ha+CHhAXEVKVziwNiSXU=
2,95,XSaZpPrvVg7n3qt7yQoBMDahhXk=,WiIZNWr3YJ8nt+RpyV67BB5xdV4=
1,95,XSaZpPrvVg7n3qt7yQoBMDahhXk=,6GthXRHRJ94FpfnQ2ALgufbptp8=
0,95,XSaZpPrvVg7n3qt7yQoBMDahhXk=,6GthXRHRJ94FpfnQ2ALgufbptp8=
1,90,XSaZpPrvVg7n3qt7yQoBMDahhXk=,CffmQhrnE7m5eml2VPJG4AkMHPs=
3,94,XSaZpPrvVg7n3qt7yQoBMDahhXk=,WiIZNWr3YJ8nt+RpyV67BB5xdV4=
3,93,XSaZpPrvVg7n3qt7yQoBMDahhXk=,6B4XUN/Ha+CHhAXEVKVziwNiSXU=
3,95,XSaZpPrvVg7n3qt7yQoBMDahhXk=,WiIZNWr3YJ8nt+RpyV67BB5xdV4=
0,90,XSaZpPrvVg7n3qt7yQoBMDahhXk=,CffmQhrnE7m5eml2VPJG4AkMHPs=
2,93,XSaZpPrvVg7n3qt7yQoBMDahhXk=,6B4XUN/Ha+CHhAXEVKVziwNiSXU=
2,92,XSaZpPrvVg7n3qt7yQoBMDahhXk=,6B4XUN/Ha+CHhAXEVKVziwNiSXU=
1,91,XSaZpPrvVg7n3qt7yQoBMDahhXk=,CffmQhrnE7m5eml2VPJG4AkMHPs=
2,94,XSaZpPrvVg7n3qt7yQoBMDahhXk=,WiIZNWr3YJ8nt+RpyV67BB5xdV4=
0,91,XSaZpPrvVg7n3qt7yQoBMDahhXk=,CffmQhrnE7m5eml2VPJG4AkMHPs=
1,92,XSaZpPrvVg7n3qt7yQoBMDahhXk=,VIloEooinnockZ7it9u2M1mGlW8=
1,94,XSaZpPrvVg7n3qt7yQoBMDahhXk=,6GthXRHRJ94FpfnQ2ALgufbptp8=
1,93,XSaZpPrvVg7n3qt7yQoBMDahhXk=,VIloEooinnockZ7it9u2M1mGlW8=
0,92,XSaZpPrvVg7n3qt7yQoBMDahhXk=,VIloEooinnockZ7it9u2M1mGlW8=
0,94,XSaZpPrvVg7n3qt7yQoBMDahhXk=,6GthXRHRJ94FpfnQ2ALgufbptp8=
0,93,XSaZpPrvVg7n3qt7yQoBMDahhXk=,VIloEooinnockZ7it9u2M1mGlW8=
9,67,zIFceLqDI/V04AYHwAp2AH3gGt0=,AxnDcr+tnQLk2m5rSmuYSGByU3c=
9,66,zIFceLqDI/V04AYHwAp2AH3gGt0=,AxnDcr+tnQLk2m5rSmuYSGByU3c=
8,67,M/qeKcZvJ3zo1bn2XxfXN8O7DbI=,AxnDcr+tnQLk2m5rSmuYSGByU3c=
8,66,M/qeKcZvJ3zo1bn2XxfXN8O7DbI=,AxnDcr+tnQLk2m5rSmuYSGByU3c=
26,65,7tEdrOoL6C5FdFgSwbHKrcjdzXI=,HAnnSZxNvfECkXbxgCP2+AUPWr0=
25,65,7tEdrOoL6C5FdFgSwbHKrcjdzXI=,EUw0eMSKMXjEQECaw7XyRIAE2d0=
26,64,oTbSRSpmjZtUSAKZwPf0ZtMixrs=,HAnnSZxNvfECkXbxgCP2+AUPWr0=
25,64,oTbSRSpmjZtUSAKZwPf0ZtMixrs=,EUw0eMSKMXjEQECaw7XyRIAE2d0=
21,64,oTbSRSpmjZtUSAKZwPf0ZtMixrs=,tHpGzSZvzOHeJpum7ZCJnW0N10g=
23,64,oTbSRSpmjZtUSAKZwPf0ZtMixrs=,sSq/b93STBA/NOgwVYigXVEHV0c=
22,64,oTbSRSpmjZtUSAKZwPf0ZtMixrs=,sSq/b93STBA/NOgwVYigXVEHV0c=
24,64,oTbSRSpmjZtUSAKZwPf0ZtMixrs=,EUw0eMSKMXjEQECaw7XyRIAE2d0=
20,64,oTbSRSpmjZtUSAKZwPf0ZtMixrs=,tHpGzSZvzOHeJpum7ZCJnW0N10g=
20,65,oTbSRSpmjZtUSAKZwPf0ZtMixrs=,tHpGzSZvzOHeJpum7ZCJnW0N10g=
27,65,oTbSRSpmjZtUSAKZwPf0ZtMixrs=,HAnnSZxNvfECkXbxgCP2+AUPWr0=
21,65,oTbSRSpmjZtUSAKZwPf0ZtMixrs=,tHpGzSZvzOHeJpum7ZCJnW0N10g=
22,65,oTbSRSpmjZtUSAKZwPf0ZtMixrs=,sSq/b93STBA/NOgwVYigXVEHV0c=
24,65,oTbSRSpmjZtUSAKZwPf0ZtMixrs=,EUw0eMSKMXjEQECaw7XyRIAE2d0=
23,65,oTbSRSpmjZtUSAKZwPf0ZtMixrs=,sSq/b93STBA/NOgwVYigXVEHV0c=
27,64,oTbSRSpmjZtUSAKZwPf0ZtMixrs=,HAnnSZxNvfECkXbxgCP2+AUPWr0=
