-79,-39,jxkuuAHJJxwAiPys3cv02uunlEM=,4XRuiHGmuV5ipOIlymFmYoM/7M8=
-74,-34,jxkuuAHJJxwAiPys3cv02uunlEM=,4XRuiHGmuV5ipOIlymFmYoM/7M8=
-76,-34,jxkuuAHJJxwAiPys3cv02uunlEM=,4XRuiHGmuV5ipOIlymFmYoM/7M8=
-77,-34,jxkuuAHJJxwAiPys3cv02uunlEM=,4XRuiHGmuV5ipOIlymFmYoM/7M8=
-78,-34,jxkuuAHJJxwAiPys3cv02uunlEM=,4XRuiHGmuV5ipOIlymFmYoM/7M8=
-79,-34,jxkuuAHJJxwAiPys3cv02uunlEM=,4XRuiHGmuV5ipOIlymFmYoM/7M8=
-75,-34,jxkuuAHJJxwAiPys3cv02uunlEM=,4XRuiHGmuV5ipOIlymFmYoM/7M8=
-74,-35,jxkuuAHJJxwAiPys3cv02uunlEM=,4XRuiHGmuV5ipOIlymFmYoM/7M8=
-76,-35,jxkuuAHJJxwAiPys3cv02uunlEM=,4XRuiHGmuV5ipOIlymFmYoM/7M8=
-77,-35,jxkuuAHJJxwAiPys3cv02uunlEM=,4XRuiHGmuV5ipOIlymFmYoM/7M8=
-78,-35,jxkuuAHJJxwAiPys3cv02uunlEM=,4XRuiHGmuV5ipOIlymFmYoM/7M8=
-79,-35,jxkuuAHJJxwAiPys3cv02uunlEM=,4XRuiHGmuV5ipOIlymFmYoM/7M8=
-75,-35,jxkuuAHJJxwAiPys3cv02uunlEM=,4XRuiHGmuV5ipOIlymFmYoM/7M8=
-74,-36,jxkuuAHJJxwAiPys3cv02uunlEM=,4XRuiHGmuV5ipOIlymFmYoM/7M8=
-76,-36,jxkuuAHJJxwAiPys3cv02uunlEM=,4XRuiHGmuV5ipOIlymFmYoM/7M8=
-75,-36,jxkuuAHJJxwAiPys3cv02uunlEM=,4XRuiHGmuV5ipOIlymFmYoM/7M8=
-77,-36,jxkuuAHJJxwAiPys3cv02uunlEM=,4XRuiHGmuV5ipOIlymFmYoM/7M8=
-79,-36,jxkuuAHJJxwAiPys3cv02uunlEM=,4XRuiHGmuV5ipOIlymFmYoM/7M8=
-74,-37,jxkuuAHJJxwAiPys3cv02uunlEM=,4XRuiHGmuV5ipOIlymFmYoM/7M8=
-75,-37,jxkuuAHJJxwAiPys3cv02uunlEM=,4XRuiHGmuV5ipOIlymFmYoM/7M8=
-78,-36,jxkuuAHJJxwAiPys3cv02uunlEM=,4XRuiHGmuV5ipOIlymFmYoM/7M8=
-76,-37,jxkuuAHJJxwAiPys3cv02uunlEM=,4XRuiHGmuV5ipOIlymFmYoM/7M8=
-77,-37,jxkuuAHJJxwAiPys3cv02uunlEM=,4XRuiHGmuV5ipOIlymFmYoM/7M8=
-78,-37,jxkuuAHJJxwAiPys3cv02uunlEM=,4XRuiHGmuV5ipOIlymFmYoM/7M8=
-79,-37,jxkuuAHJJxwAiPys3cv02uunlEM=,4XRuiHGmuV5ipOIlymFmYoM/7M8=
-74,-38,jxkuuAHJJxwAiPys3cv02uunlEM=,4XRuiHGmuV5ipOIlymFmYoM/7M8=
-75,-38,jxkuuAHJJxwAiPys3cv02uunlEM=,4XRuiHGmuV5ipOIlymFmYoM/7M8=
-77,-38,jxkuuAHJJxwAiPys3cv02uunlEM=,4XRuiHGmuV5ipOIlymFmYoM/7M8=
-76,-38,jxkuuAHJJxwAiPys3cv02uunlEM=,4XRuiHGmuV5ipOIlymFmYoM/7M8=
-78,-38,jxkuuAHJJxwAiPys3cv02uunlEM=,4XRuiHGmuV5ipOIlymFmYoM/7M8=
-79,-38,jxkuuAHJJxwAiPys3cv02uunlEM=,4XRuiHGmuV5ipOIlymFmYoM/7M8=
-74,-39,jxkuuAHJJxwAiPys3cv02uunlEM=,4XRuiHGmuV5ipOIlymFmYoM/7M8=
-75,-39,jxkuuAHJJxwAiPys3cv02uunlEM=,4XRuiHGmuV5ipOIlymFmYoM/7M8=
-76,-39,jxkuuAHJJxwAiPys3cv02uunlEM=,4XRuiHGmuV5ipOIlymFmYoM/7M8=
-77,-39,jxkuuAHJJxwAiPys3cv02uunlEM=,4XRuiHGmuV5ipOIlymFmYoM/7M8=
-78,-39,jxkuuAHJJxwAiPys3cv02uunlEM=,4XRuiHGmuV5ipOIlymFmYoM/7M8=
-76,-46,jxkuuAHJJxwAiPys3cv02uunlEM=,4iEqIQ0ZvsYXPi0goqUECTcs58M=
-75,-46,jxkuuAHJJxwAiPys3cv02uunlEM=,4iEqIQ0ZvsYXPi0goqUECTcs58M=
-74,-46,jxkuuAHJJxwAiPys3cv02uunlEM=,4iEqIQ0ZvsYXPi0goqUECTcs58M=
-79,-45,jxkuuAHJJxwAiPys3cv02uunlEM=,4iEqIQ0ZvsYXPi0goqUECTcs58M=
-78,-45,jxkuuAHJJxwAiPys3cv02uunlEM=,4iEqIQ0ZvsYXPi0goqUECTcs58M=
-77,-45,jxkuuAHJJxwAiPys3cv02uunlEM=,4iEqIQ0ZvsYXPi0goqUECTcs58M=
-76,-45,jxkuuAHJJxwAiPys3cv02uunlEM=,4iEqIQ0ZvsYXPi0goqUECTcs58M=
-75,-45,jxkuuAHJJxwAiPys3cv02uunlEM=,4iEqIQ0ZvsYXPi0goqUECTcs58M=
-74,-45,jxkuuAHJJxwAiPys3cv02uunlEM=,4iEqIQ0ZvsYXPi0goqUECTcs58M=
-79,-44,jxkuuAHJJxwAiPys3cv02uunlEM=,4iEqIQ0ZvsYXPi0goqUECTcs58M=
-78,-44,jxkuuAHJJxwAiPys3cv02uunlEM=,4iEqIQ0ZvsYXPi0goqUECTcs58M=
-77,-44,jxkuuAHJJxwAiPys3cv02uunlEM=,4iEqIQ0ZvsYXPi0goqUECTcs58M=
-76,-44,jxkuuAHJJxwAiPys3cv02uunlEM=,4iEqIQ0ZvsYXPi0goqUECTcs58M=
-75,-44,jxkuuAHJJxwAiPys3cv02uunlEM=,4iEqIQ0ZvsYXPi0goqUECTcs58M=
-74,-44,jxkuuAHJJxwAiPys3cv02uunlEM=,4iEqIQ0ZvsYXPi0goqUECTcs58M=
-79,-43,jxkuuAHJJxwAiPys3cv02uunlEM=,4iEqIQ0ZvsYXPi0goqUECTcs58M=
-78,-43,jxkuuAHJJxwAiPys3cv02uunlEM=,4iEqIQ0ZvsYXPi0goqUECTcs58M=
-77,-43,jxkuuAHJJxwAiPys3cv02uunlEM=,4iEqIQ0ZvsYXPi0goqUECTcs58M=
-76,-43,jxkuuAHJJxwAiPys3cv02uunlEM=,4iEqIQ0ZvsYXPi0goqUECTcs58M=
-75,-43,jxkuuAHJJxwAiPys3cv02uunlEM=,4iEqIQ0ZvsYXPi0goqUECTcs58M=
-74,-43,jxkuuAHJJxwAiPys3cv02uunlEM=,4iEqIQ0ZvsYXPi0goqUECTcs58M=
-79,-42,jxkuuAHJJxwAiPys3cv02uunlEM=,4iEqIQ0ZvsYXPi0goqUECTcs58M=
-78,-42,jxkuuAHJJxwAiPys3cv02uunlEM=,4iEqIQ0ZvsYXPi0goqUECTcs58M=
-77,-42,jxkuuAHJJxwAiPys3cv02uunlEM=,4iEqIQ0ZvsYXPi0goqUECTcs58M=
-76,-42,jxkuuAHJJxwAiPys3cv02uunlEM=,4iEqIQ0ZvsYXPi0goqUECTcs58M=
-75,-42,jxkuuAHJJxwAiPys3cv02uunlEM=,4iEqIQ0ZvsYXPi0goqUECTcs58M=
-74,-42,jxkuuAHJJxwAiPys3cv02uunlEM=,4iEqIQ0ZvsYXPi0goqUECTcs58M=
-79,-41,jxkuuAHJJxwAiPys3cv02uunlEM=,4iEqIQ0ZvsYXPi0goqUECTcs58M=
-78,-41,jxkuuAHJJxwAiPys3cv02uunlEM=,4iEqIQ0ZvsYXPi0goqUECTcs58M=
-77,-41,jxkuuAHJJxwAiPys3cv02uunlEM=,4iEqIQ0ZvsYXPi0goqUECTcs58M=
-76,-41,jxkuuAHJJxwAiPys3cv02uunlEM=,4iEqIQ0ZvsYXPi0goqUECTcs58M=
-75,-41,jxkuuAHJJxwAiPys3cv02uunlEM=,4iEqIQ0ZvsYXPi0goqUECTcs58M=
-74,-41,jxkuuAHJJxwAiPys3cv02uunlEM=,4iEqIQ0ZvsYXPi0goqUECTcs58M=
-79,-47,jxkuuAHJJxwAiPys3cv02uunlEM=,4iEqIQ0ZvsYXPi0goqUECTcs58M=
-79,-40,jxkuuAHJJxwAiPys3cv02uunlEM=,4XRuiHGmuV5ipOIlymFmYoM/7M8=
-78,-47,jxkuuAHJJxwAiPys3cv02uunlEM=,4iEqIQ0ZvsYXPi0goqUECTcs58M=
-77,-47,jxkuuAHJJxwAiPys3cv02uunlEM=,4iEqIQ0ZvsYXPi0goqUECTcs58M=
-75,-47,jxkuuAHJJxwAiPys3cv02uunlEM=,4iEqIQ0ZvsYXPi0goqUECTcs58M=
-76,-47,jxkuuAHJJxwAiPys3cv02uunlEM=,4iEqIQ0ZvsYXPi0goqUECTcs58M=
-78,-40,jxkuuAHJJxwAiPys3cv02uunlEM=,4XRuiHGmuV5ipOIlymFmYoM/7M8=
-77,-40,jxkuuAHJJxwAiPys3cv02uunlEM=,4XRuiHGmuV5ipOIlymFmYoM/7M8=
-74,-47,jxkuuAHJJxwAiPys3cv02uunlEM=,4iEqIQ0ZvsYXPi0goqUECTcs58M=
-76,-40,jxkuuAHJJxwAiPys3cv02uunlEM=,4XRuiHGmuV5ipOIlymFmYoM/7M8=
-75,-40,jxkuuAHJJxwAiPys3cv02uunlEM=,4XRuiHGmuV5ipOIlymFmYoM/7M8=
-74,-40,jxkuuAHJJxwAiPys3cv02uunlEM=,4XRuiHGmuV5ipOIlymFmYoM/7M8=
-79,-46,jxkuuAHJJxwAiPys3cv02uunlEM=,4iEqIQ0ZvsYXPi0goqUECTcs58M=
-78,-46,jxkuuAHJJxwAiPys3cv02uunlEM=,4iEqIQ0ZvsYXPi0goqUECTcs58M=
-77,-46,jxkuuAHJJxwAiPys3cv02uunlEM=,4iEqIQ0ZvsYXPi0goqUECTcs58M=
-72,-46,babT23N1KBxK6CxNxELguLdysUE=,4XRuiHGmuV5ipOIlymFmYoM/7M8=
-71,-46,babT23N1KBxK6CxNxELguLdysUE=,4XRuiHGmuV5ipOIlymFmYoM/7M8=
-70,-46,babT23N1KBxK6CxNxELguLdysUE=,4XRuiHGmuV5ipOIlymFmYoM/7M8=
-73,-46,babT23N1KBxK6CxNxELguLdysUE=,4iEqIQ0ZvsYXPi0goqUECTcs58M=
-72,-47,babT23N1KBxK6CxNxELguLdysUE=,4XRuiHGmuV5ipOIlymFmYoM/7M8=
-73,-47,babT23N1KBxK6CxNxELguLdysUE=,4iEqIQ0ZvsYXPi0goqUECTcs58M=
-73,-42,babT23N1KBxK6CxNxELguLdysUE=,4iEqIQ0ZvsYXPi0goqUECTcs58M=
-73,-43,babT23N1KBxK6CxNxELguLdysUE=,4iEqIQ0ZvsYXPi0goqUECTcs58M=
-69,-42,babT23N1KBxK6CxNxELguLdysUE=,4XRuiHGmuV5ipOIlymFmYoM/7M8=
-70,-42,babT23N1KBxK6CxNxELguLdysUE=,4XRuiHGmuV5ipOIlymFmYoM/7M8=
-71,-42,babT23N1KBxK6CxNxELguLdysUE=,4XRuiHGmuV5ipOIlymFmYoM/7M8=
-72,-42,babT23N1KBxK6CxNxELguLdysUE=,4XRuiHGmuV5ipOIlymFmYoM/7M8=
-65,-43,babT23N1KBxK6CxNxELguLdysUE=,4XRuiHGmuV5ipOIlymFmYoM/7M8=
-66,-43,babT23N1KBxK6CxNxELguLdysUE=,4XRuiHGmuV5ipOIlymFmYoM/7M8=
-67,-43,babT23N1KBxK6CxNxELguLdysUE=,4XRuiHGmuV5ipOIlymFmYoM/7M8=
-68,-43,babT23N1KBxK6CxNxELguLdysUE=,4XRuiHGmuV5ipOIlymFmYoM/7M8=
-70,-47,babT23N1KBxK6CxNxELguLdysUE=,4XRuiHGmuV5ipOIlymFmYoM/7M8=
-69,-43,babT23N1KBxK6CxNxELguLdysUE=,4XRuiHGmuV5ipOIlymFmYoM/7M8=
-70,-43,babT23N1KBxK6CxNxELguLdysUE=,4XRuiHGmuV5ipOIlymFmYoM/7M8=
-71,-43,babT23N1KBxK6CxNxELguLdysUE=,4XRuiHGmuV5ipOIlymFmYoM/7M8=
-72,-43,babT23N1KBxK6CxNxELguLdysUE=,4XRuiHGmuV5ipOIlymFmYoM/7M8=
-65,-44,babT23N1KBxK6CxNxELguLdysUE=,4XRuiHGmuV5ipOIlymFmYoM/7M8=
-66,-44,babT23N1KBxK6CxNxELguLdysUE=,4XRuiHGmuV5ipOIlymFmYoM/7M8=
-67,-44,babT23N1KBxK6CxNxELguLdysUE=,4XRuiHGmuV5ipOIlymFmYoM/7M8=
-68,-44,babT23N1KBxK6CxNxELguLdysUE=,4XRuiHGmuV5ipOIlymFmYoM/7M8=
-69,-44,babT23N1KBxK6CxNxELguLdysUE=,4XRuiHGmuV5ipOIlymFmYoM/7M8=
-70,-44,babT23N1KBxK6CxNxELguLdysUE=,4XRuiHGmuV5ipOIlymFmYoM/7M8=
-71,-44,babT23N1KBxK6CxNxELguLdysUE=,4XRuiHGmuV5ipOIlymFmYoM/7M8=
-71,-47,babT23N1KBxK6CxNxELguLdysUE=,4XRuiHGmuV5ipOIlymFmYoM/7M8=
-72,-44,babT23N1KBxK6CxNxELguLdysUE=,4XRuiHGmuV5ipOIlymFmYoM/7M8=
-65,-45,babT23N1KBxK6CxNxELguLdysUE=,4XRuiHGmuV5ipOIlymFmYoM/7M8=
-66,-45,babT23N1KBxK6CxNxELguLdysUE=,4XRuiHGmuV5ipOIlymFmYoM/7M8=
-67,-45,babT23N1KBxK6CxNxELguLdysUE=,4XRuiHGmuV5ipOIlymFmYoM/7M8=
-68,-45,babT23N1KBxK6CxNxELguLdysUE=,4XRuiHGmuV5ipOIlymFmYoM/7M8=
-69,-45,babT23N1KBxK6CxNxELguLdysUE=,4XRuiHGmuV5ipOIlymFmYoM/7M8=
-73,-44,babT23N1KBxK6CxNxELguLdysUE=,4iEqIQ0ZvsYXPi0goqUECTcs58M=
-70,-45,babT23N1KBxK6CxNxELguLdysUE=,4XRuiHGmuV5ipOIlymFmYoM/7M8=
-71,-45,babT23N1KBxK6CxNxELguLdysUE=,4XRuiHGmuV5ipOIlymFmYoM/7M8=
-72,-45,babT23N1KBxK6CxNxELguLdysUE=,4XRuiHGmuV5ipOIlymFmYoM/7M8=
-65,-46,babT23N1KBxK6CxNxELguLdysUE=,4XRuiHGmuV5ipOIlymFmYoM/7M8=
-66,-46,babT23N1KBxK6CxNxELguLdysUE=,4XRuiHGmuV5ipOIlymFmYoM/7M8=
-67,-46,babT23N1KBxK6CxNxELguLdysUE=,4XRuiHGmuV5ipOIlymFmYoM/7M8=
-73,-45,babT23N1KBxK6CxNxELguLdysUE=,4iEqIQ0ZvsYXPi0goqUECTcs58M=
-68,-46,babT23N1KBxK6CxNxELguLdysUE=,4XRuiHGmuV5ipOIlymFmYoM/7M8=
-69,-46,babT23N1KBxK6CxNxELguLdysUE=,4XRuiHGmuV5ipOIlymFmYoM/7M8=
-72,-34,babT23N1KBxK6CxNxELguLdysUE=,+Ri1zQVYshzzaA3fwAj17K89UV4=
-72,-35,babT23N1KBxK6CxNxELguLdysUE=,+Ri1zQVYshzzaA3fwAj17K89UV4=
-70,-38,babT23N1KBxK6CxNxELguLdysUE=,+Ri1zQVYshzzaA3fwAj17K89UV4=
-73,-39,babT23N1KBxK6CxNxELguLdysUE=,4XRuiHGmuV5ipOIlymFmYoM/7M8=
-71,-34,babT23N1KBxK6CxNxELguLdysUE=,+Ri1zQVYshzzaA3fwAj17K89UV4=
-71,-38,babT23N1KBxK6CxNxELguLdysUE=,+Ri1zQVYshzzaA3fwAj17K89UV4=
-73,-40,babT23N1KBxK6CxNxELguLdysUE=,4XRuiHGmuV5ipOIlymFmYoM/7M8=
-73,-34,babT23N1KBxK6CxNxELguLdysUE=,4XRuiHGmuV5ipOIlymFmYoM/7M8=
-69,-40,babT23N1KBxK6CxNxELguLdysUE=,+Ri1zQVYshzzaA3fwAj17K89UV4=
-70,-40,babT23N1KBxK6CxNxELguLdysUE=,+Ri1zQVYshzzaA3fwAj17K89UV4=
-73,-41,babT23N1KBxK6CxNxELguLdysUE=,4iEqIQ0ZvsYXPi0goqUECTcs58M=
-69,-37,babT23N1KBxK6CxNxELguLdysUE=,+Ri1zQVYshzzaA3fwAj17K89UV4=
-70,-37,babT23N1KBxK6CxNxELguLdysUE=,+Ri1zQVYshzzaA3fwAj17K89UV4=
-71,-37,babT23N1KBxK6CxNxELguLdysUE=,+Ri1zQVYshzzaA3fwAj17K89UV4=
-72,-37,babT23N1KBxK6CxNxELguLdysUE=,+Ri1zQVYshzzaA3fwAj17K89UV4=
-70,-36,babT23N1KBxK6CxNxELguLdysUE=,+Ri1zQVYshzzaA3fwAj17K89UV4=
-71,-36,babT23N1KBxK6CxNxELguLdysUE=,+Ri1zQVYshzzaA3fwAj17K89UV4=
-71,-40,babT23N1KBxK6CxNxELguLdysUE=,+Ri1zQVYshzzaA3fwAj17K89UV4=
-72,-38,babT23N1KBxK6CxNxELguLdysUE=,+Ri1zQVYshzzaA3fwAj17K89UV4=
-72,-40,babT23N1KBxK6CxNxELguLdysUE=,+Ri1zQVYshzzaA3fwAj17K89UV4=
-72,-36,babT23N1KBxK6CxNxELguLdysUE=,+Ri1zQVYshzzaA3fwAj17K89UV4=
-73,-35,babT23N1KBxK6CxNxELguLdysUE=,4XRuiHGmuV5ipOIlymFmYoM/7M8=
-69,-38,babT23N1KBxK6CxNxELguLdysUE=,+Ri1zQVYshzzaA3fwAj17K89UV4=
-76,-33,babT23N1KBxK6CxNxELguLdysUE=,4XRuiHGmuV5ipOIlymFmYoM/7M8=
-75,-33,babT23N1KBxK6CxNxELguLdysUE=,4XRuiHGmuV5ipOIlymFmYoM/7M8=
-74,-33,babT23N1KBxK6CxNxELguLdysUE=,4XRuiHGmuV5ipOIlymFmYoM/7M8=
-79,-33,babT23N1KBxK6CxNxELguLdysUE=,4XRuiHGmuV5ipOIlymFmYoM/7M8=
-78,-33,babT23N1KBxK6CxNxELguLdysUE=,4XRuiHGmuV5ipOIlymFmYoM/7M8=
-77,-33,babT23N1KBxK6CxNxELguLdysUE=,4XRuiHGmuV5ipOIlymFmYoM/7M8=
-69,-41,babT23N1KBxK6CxNxELguLdysUE=,4XRuiHGmuV5ipOIlymFmYoM/7M8=
-70,-35,babT23N1KBxK6CxNxELguLdysUE=,+Ri1zQVYshzzaA3fwAj17K89UV4=
-70,-41,babT23N1KBxK6CxNxELguLdysUE=,4XRuiHGmuV5ipOIlymFmYoM/7M8=
-71,-41,babT23N1KBxK6CxNxELguLdysUE=,4XRuiHGmuV5ipOIlymFmYoM/7M8=
-72,-41,babT23N1KBxK6CxNxELguLdysUE=,4XRuiHGmuV5ipOIlymFmYoM/7M8=
-69,-39,babT23N1KBxK6CxNxELguLdysUE=,+Ri1zQVYshzzaA3fwAj17K89UV4=
-70,-39,babT23N1KBxK6CxNxELguLdysUE=,+Ri1zQVYshzzaA3fwAj17K89UV4=
-73,-36,babT23N1KBxK6CxNxELguLdysUE=,4XRuiHGmuV5ipOIlymFmYoM/7M8=
-71,-39,babT23N1KBxK6CxNxELguLdysUE=,+Ri1zQVYshzzaA3fwAj17K89UV4=
-71,-35,babT23N1KBxK6CxNxELguLdysUE=,+Ri1zQVYshzzaA3fwAj17K89UV4=
-73,-37,babT23N1KBxK6CxNxELguLdysUE=,4XRuiHGmuV5ipOIlymFmYoM/7M8=
-72,-39,babT23N1KBxK6CxNxELguLdysUE=,+Ri1zQVYshzzaA3fwAj17K89UV4=
-70,-34,babT23N1KBxK6CxNxELguLdysUE=,+Ri1zQVYshzzaA3fwAj17K89UV4=
-73,-38,babT23N1KBxK6CxNxELguLdysUE=,4XRuiHGmuV5ipOIlymFmYoM/7M8=
-80,-39,babT23N1KBxK6CxNxELguLdysUE=,4XRuiHGmuV5ipOIlymFmYoM/7M8=
-80,-38,babT23N1KBxK6CxNxELguLdysUE=,4XRuiHGmuV5ipOIlymFmYoM/7M8=
-80,-37,babT23N1KBxK6CxNxELguLdysUE=,4XRuiHGmuV5ipOIlymFmYoM/7M8=
-80,-35,babT23N1KBxK6CxNxELguLdysUE=,4XRuiHGmuV5ipOIlymFmYoM/7M8=
-80,-36,babT23N1KBxK6CxNxELguLdysUE=,4XRuiHGmuV5ipOIlymFmYoM/7M8=
-80,-34,babT23N1KBxK6CxNxELguLdysUE=,4XRuiHGmuV5ipOIlymFmYoM/7M8=
-68,-42,babT23N1KBxK6CxNxELguLdysUE=,4XRuiHGmuV5ipOIlymFmYoM/7M8=
-65,-41,babT23N1KBxK6CxNxELguLdysUE=,4XRuiHGmuV5ipOIlymFmYoM/7M8=
-67,-37,babT23N1KBxK6CxNxELguLdysUE=,+Ri1zQVYshzzaA3fwAj17K89UV4=
-65,-42,babT23N1KBxK6CxNxELguLdysUE=,4XRuiHGmuV5ipOIlymFmYoM/7M8=
-66,-37,babT23N1KBxK6CxNxELguLdysUE=,+Ri1zQVYshzzaA3fwAj17K89UV4=
-80,-45,babT23N1KBxK6CxNxELguLdysUE=,4iEqIQ0ZvsYXPi0goqUECTcs58M=
-80,-44,babT23N1KBxK6CxNxELguLdysUE=,4iEqIQ0ZvsYXPi0goqUECTcs58M=
-80,-43,babT23N1KBxK6CxNxELguLdysUE=,4iEqIQ0ZvsYXPi0goqUECTcs58M=
-80,-42,babT23N1KBxK6CxNxELguLdysUE=,4iEqIQ0ZvsYXPi0goqUECTcs58M=
-80,-41,babT23N1KBxK6CxNxELguLdysUE=,4iEqIQ0ZvsYXPi0goqUECTcs58M=
-80,-47,babT23N1KBxK6CxNxELguLdysUE=,4iEqIQ0ZvsYXPi0goqUECTcs58M=
-80,-40,babT23N1KBxK6CxNxELguLdysUE=,4XRuiHGmuV5ipOIlymFmYoM/7M8=
-80,-46,babT23N1KBxK6CxNxELguLdysUE=,4iEqIQ0ZvsYXPi0goqUECTcs58M=
-67,-41,babT23N1KBxK6CxNxELguLdysUE=,4XRuiHGmuV5ipOIlymFmYoM/7M8=
-66,-40,babT23N1KBxK6CxNxELguLdysUE=,+Ri1zQVYshzzaA3fwAj17K89UV4=
-65,-40,babT23N1KBxK6CxNxELguLdysUE=,+Ri1zQVYshzzaA3fwAj17K89UV4=
-65,-37,babT23N1KBxK6CxNxELguLdysUE=,+Ri1zQVYshzzaA3fwAj17K89UV4=
-67,-38,babT23N1KBxK6CxNxELguLdysUE=,+Ri1zQVYshzzaA3fwAj17K89UV4=
-68,-41,babT23N1KBxK6CxNxELguLdysUE=,4XRuiHGmuV5ipOIlymFmYoM/7M8=
-67,-40,babT23N1KBxK6CxNxELguLdysUE=,+Ri1zQVYshzzaA3fwAj17K89UV4=
-68,-38,babT23N1KBxK6CxNxELguLdysUE=,+Ri1zQVYshzzaA3fwAj17K89UV4=
-68,-39,babT23N1KBxK6CxNxELguLdysUE=,+Ri1zQVYshzzaA3fwAj17K89UV4=
-67,-42,babT23N1KBxK6CxNxELguLdysUE=,4XRuiHGmuV5ipOIlymFmYoM/7M8=
-65,-38,babT23N1KBxK6CxNxELguLdysUE=,+Ri1zQVYshzzaA3fwAj17K89UV4=
-66,-39,babT23N1KBxK6CxNxELguLdysUE=,+Ri1zQVYshzzaA3fwAj17K89UV4=
-73,-33,babT23N1KBxK6CxNxELguLdysUE=,4XRuiHGmuV5ipOIlymFmYoM/7M8=
-72,-33,babT23N1KBxK6CxNxELguLdysUE=,+Ri1zQVYshzzaA3fwAj17K89UV4=
-71,-33,babT23N1KBxK6CxNxELguLdysUE=,+Ri1zQVYshzzaA3fwAj17K89UV4=
-66,-41,babT23N1KBxK6CxNxELguLdysUE=,4XRuiHGmuV5ipOIlymFmYoM/7M8=
-67,-39,babT23N1KBxK6CxNxELguLdysUE=,+Ri1zQVYshzzaA3fwAj17K89UV4=
-70,-33,babT23N1KBxK6CxNxELguLdysUE=,+Ri1zQVYshzzaA3fwAj17K89UV4=
-80,-33,babT23N1KBxK6CxNxELguLdysUE=,4XRuiHGmuV5ipOIlymFmYoM/7M8=
-68,-37,babT23N1KBxK6CxNxELguLdysUE=,+Ri1zQVYshzzaA3fwAj17K89UV4=
-69,-36,babT23N1KBxK6CxNxELguLdysUE=,+Ri1zQVYshzzaA3fwAj17K89UV4=
-69,-35,babT23N1KBxK6CxNxELguLdysUE=,+Ri1zQVYshzzaA3fwAj17K89UV4=
-68,-40,babT23N1KBxK6CxNxELguLdysUE=,+Ri1zQVYshzzaA3fwAj17K89UV4=
-72,-48,babT23N1KBxK6CxNxELguLdysUE=,4XRuiHGmuV5ipOIlymFmYoM/7M8=
-66,-42,babT23N1KBxK6CxNxELguLdysUE=,4XRuiHGmuV5ipOIlymFmYoM/7M8=
-69,-47,babT23N1KBxK6CxNxELguLdysUE=,4XRuiHGmuV5ipOIlymFmYoM/7M8=
-66,-38,babT23N1KBxK6CxNxELguLdysUE=,+Ri1zQVYshzzaA3fwAj17K89UV4=
-65,-39,babT23N1KBxK6CxNxELguLdysUE=,+Ri1zQVYshzzaA3fwAj17K89UV4=
-67,-35,babT23N1KBxK6CxNxELguLdysUE=,+Ri1zQVYshzzaA3fwAj17K89UV4=
-69,-34,babT23N1KBxK6CxNxELguLdysUE=,+Ri1zQVYshzzaA3fwAj17K89UV4=
-65,-35,babT23N1KBxK6CxNxELguLdysUE=,+Ri1zQVYshzzaA3fwAj17K89UV4=
-67,-36,babT23N1KBxK6CxNxELguLdysUE=,+Ri1zQVYshzzaA3fwAj17K89UV4=
-66,-35,babT23N1KBxK6CxNxELguLdysUE=,+Ri1zQVYshzzaA3fwAj17K89UV4=
-73,-48,babT23N1KBxK6CxNxELguLdysUE=,4iEqIQ0ZvsYXPi0goqUECTcs58M=
-74,-48,babT23N1KBxK6CxNxELguLdysUE=,4iEqIQ0ZvsYXPi0goqUECTcs58M=
-75,-48,babT23N1KBxK6CxNxELguLdysUE=,4iEqIQ0ZvsYXPi0goqUECTcs58M=
-76,-48,babT23N1KBxK6CxNxELguLdysUE=,4iEqIQ0ZvsYXPi0goqUECTcs58M=
-78,-48,babT23N1KBxK6CxNxELguLdysUE=,4iEqIQ0ZvsYXPi0goqUECTcs58M=
-77,-48,babT23N1KBxK6CxNxELguLdysUE=,4iEqIQ0ZvsYXPi0goqUECTcs58M=
-79,-48,babT23N1KBxK6CxNxELguLdysUE=,4iEqIQ0ZvsYXPi0goqUECTcs58M=
-80,-48,babT23N1KBxK6CxNxELguLdysUE=,4iEqIQ0ZvsYXPi0goqUECTcs58M=
-68,-35,babT23N1KBxK6CxNxELguLdysUE=,+Ri1zQVYshzzaA3fwAj17K89UV4=
-68,-33,babT23N1KBxK6CxNxELguLdysUE=,+Ri1zQVYshzzaA3fwAj17K89UV4=
-71,-48,babT23N1KBxK6CxNxELguLdysUE=,4XRuiHGmuV5ipOIlymFmYoM/7M8=
-65,-36,babT23N1KBxK6CxNxELguLdysUE=,+Ri1zQVYshzzaA3fwAj17K89UV4=
-66,-34,babT23N1KBxK6CxNxELguLdysUE=,+Ri1zQVYshzzaA3fwAj17K89UV4=
-70,-48,babT23N1KBxK6CxNxELguLdysUE=,4XRuiHGmuV5ipOIlymFmYoM/7M8=
-68,-47,babT23N1KBxK6CxNxELguLdysUE=,4XRuiHGmuV5ipOIlymFmYoM/7M8=
-65,-47,babT23N1KBxK6CxNxELguLdysUE=,4XRuiHGmuV5ipOIlymFmYoM/7M8=
-66,-48,babT23N1KBxK6CxNxELguLdysUE=,4XRuiHGmuV5ipOIlymFmYoM/7M8=
-66,-47,babT23N1KBxK6CxNxELguLdysUE=,4XRuiHGmuV5ipOIlymFmYoM/7M8=
-67,-47,babT23N1KBxK6CxNxELguLdysUE=,4XRuiHGmuV5ipOIlymFmYoM/7M8=
-69,-33,babT23N1KBxK6CxNxELguLdysUE=,+Ri1zQVYshzzaA3fwAj17K89UV4=
-69,-48,babT23N1KBxK6CxNxELguLdysUE=,4XRuiHGmuV5ipOIlymFmYoM/7M8=
-65,-33,babT23N1KBxK6CxNxELguLdysUE=,+Ri1zQVYshzzaA3fwAj17K89UV4=
-67,-33,babT23N1KBxK6CxNxELguLdysUE=,+Ri1zQVYshzzaA3fwAj17K89UV4=
-66,-33,babT23N1KBxK6CxNxELguLdysUE=,+Ri1zQVYshzzaA3fwAj17K89UV4=
-65,-34,babT23N1KBxK6CxNxELguLdysUE=,+Ri1zQVYshzzaA3fwAj17K89UV4=
-68,-48,babT23N1KBxK6CxNxELguLdysUE=,4XRuiHGmuV5ipOIlymFmYoM/7M8=
-67,-34,babT23N1KBxK6CxNxELguLdysUE=,+Ri1zQVYshzzaA3fwAj17K89UV4=
-68,-36,babT23N1KBxK6CxNxELguLdysUE=,+Ri1zQVYshzzaA3fwAj17K89UV4=
-65,-48,babT23N1KBxK6CxNxELguLdysUE=,4XRuiHGmuV5ipOIlymFmYoM/7M8=
-67,-48,babT23N1KBxK6CxNxELguLdysUE=,4XRuiHGmuV5ipOIlymFmYoM/7M8=
-68,-34,babT23N1KBxK6CxNxELguLdysUE=,+Ri1zQVYshzzaA3fwAj17K89UV4=
-66,-36,babT23N1KBxK6CxNxELguLdysUE=,+Ri1zQVYshzzaA3fwAj17K89UV4=
-74,-50,babT23N1KBxK6CxNxELguLdysUE=,4iEqIQ0ZvsYXPi0goqUECTcs58M=
-75,-50,babT23N1KBxK6CxNxELguLdysUE=,4iEqIQ0ZvsYXPi0goqUECTcs58M=
-76,-50,babT23N1KBxK6CxNxELguLdysUE=,4iEqIQ0ZvsYXPi0goqUECTcs58M=
-77,-50,babT23N1KBxK6CxNxELguLdysUE=,4iEqIQ0ZvsYXPi0goqUECTcs58M=
-78,-50,babT23N1KBxK6CxNxELguLdysUE=,4iEqIQ0ZvsYXPi0goqUECTcs58M=
-79,-50,babT23N1KBxK6CxNxELguLdysUE=,4iEqIQ0ZvsYXPi0goqUECTcs58M=
-73,-50,41JUrYHHobNt4kZ3PJBlgzAcZ8w=,4iEqIQ0ZvsYXPi0goqUECTcs58M=
-72,-50,41JUrYHHobNt4kZ3PJBlgzAcZ8w=,4iEqIQ0ZvsYXPi0goqUECTcs58M=
-72,-60,41JUrYHHobNt4kZ3PJBlgzAcZ8w=,u2kVc9FN7hsSoZVU+1KmHsGZ8DU=
-73,-57,41JUrYHHobNt4kZ3PJBlgzAcZ8w=,VT7Nmcj9wDvzurPtorUSLFzUPM4=
-73,-58,41JUrYHHobNt4kZ3PJBlgzAcZ8w=,VT7Nmcj9wDvzurPtorUSLFzUPM4=
-76,-60,41JUrYHHobNt4kZ3PJBlgzAcZ8w=,VT7Nmcj9wDvzurPtorUSLFzUPM4=
-71,-60,41JUrYHHobNt4kZ3PJBlgzAcZ8w=,u2kVc9FN7hsSoZVU+1KmHsGZ8DU=
-72,-59,41JUrYHHobNt4kZ3PJBlgzAcZ8w=,u2kVc9FN7hsSoZVU+1KmHsGZ8DU=
-71,-59,41JUrYHHobNt4kZ3PJBlgzAcZ8w=,u2kVc9FN7hsSoZVU+1KmHsGZ8DU=
-76,-59,41JUrYHHobNt4kZ3PJBlgzAcZ8w=,VT7Nmcj9wDvzurPtorUSLFzUPM4=
-72,-57,41JUrYHHobNt4kZ3PJBlgzAcZ8w=,u2kVc9FN7hsSoZVU+1KmHsGZ8DU=
-70,-60,41JUrYHHobNt4kZ3PJBlgzAcZ8w=,u2kVc9FN7hsSoZVU+1KmHsGZ8DU=
-74,-60,41JUrYHHobNt4kZ3PJBlgzAcZ8w=,VT7Nmcj9wDvzurPtorUSLFzUPM4=
-76,-55,41JUrYHHobNt4kZ3PJBlgzAcZ8w=,4iEqIQ0ZvsYXPi0goqUECTcs58M=
-69,-55,41JUrYHHobNt4kZ3PJBlgzAcZ8w=,4iEqIQ0ZvsYXPi0goqUECTcs58M=
-72,-58,41JUrYHHobNt4kZ3PJBlgzAcZ8w=,u2kVc9FN7hsSoZVU+1KmHsGZ8DU=
-70,-59,41JUrYHHobNt4kZ3PJBlgzAcZ8w=,u2kVc9FN7hsSoZVU+1KmHsGZ8DU=
-76,-58,41JUrYHHobNt4kZ3PJBlgzAcZ8w=,VT7Nmcj9wDvzurPtorUSLFzUPM4=
-69,-60,41JUrYHHobNt4kZ3PJBlgzAcZ8w=,u2kVc9FN7hsSoZVU+1KmHsGZ8DU=
-75,-60,41JUrYHHobNt4kZ3PJBlgzAcZ8w=,VT7Nmcj9wDvzurPtorUSLFzUPM4=
-73,-59,41JUrYHHobNt4kZ3PJBlgzAcZ8w=,VT7Nmcj9wDvzurPtorUSLFzUPM4=
-69,-59,41JUrYHHobNt4kZ3PJBlgzAcZ8w=,u2kVc9FN7hsSoZVU+1KmHsGZ8DU=
-74,-59,41JUrYHHobNt4kZ3PJBlgzAcZ8w=,VT7Nmcj9wDvzurPtorUSLFzUPM4=
-75,-59,41JUrYHHobNt4kZ3PJBlgzAcZ8w=,VT7Nmcj9wDvzurPtorUSLFzUPM4=
-70,-58,41JUrYHHobNt4kZ3PJBlgzAcZ8w=,u2kVc9FN7hsSoZVU+1KmHsGZ8DU=
-70,-57,41JUrYHHobNt4kZ3PJBlgzAcZ8w=,u2kVc9FN7hsSoZVU+1KmHsGZ8DU=
-76,-57,41JUrYHHobNt4kZ3PJBlgzAcZ8w=,VT7Nmcj9wDvzurPtorUSLFzUPM4=
-74,-57,41JUrYHHobNt4kZ3PJBlgzAcZ8w=,VT7Nmcj9wDvzurPtorUSLFzUPM4=
-74,-54,41JUrYHHobNt4kZ3PJBlgzAcZ8w=,4iEqIQ0ZvsYXPi0goqUECTcs58M=
-76,-54,41JUrYHHobNt4kZ3PJBlgzAcZ8w=,4iEqIQ0ZvsYXPi0goqUECTcs58M=
-74,-55,41JUrYHHobNt4kZ3PJBlgzAcZ8w=,4iEqIQ0ZvsYXPi0goqUECTcs58M=
-75,-55,41JUrYHHobNt4kZ3PJBlgzAcZ8w=,4iEqIQ0ZvsYXPi0goqUECTcs58M=
-74,-53,41JUrYHHobNt4kZ3PJBlgzAcZ8w=,4iEqIQ0ZvsYXPi0goqUECTcs58M=
-75,-53,41JUrYHHobNt4kZ3PJBlgzAcZ8w=,4iEqIQ0ZvsYXPi0goqUECTcs58M=
-75,-56,41JUrYHHobNt4kZ3PJBlgzAcZ8w=,4iEqIQ0ZvsYXPi0goqUECTcs58M=
-76,-53,41JUrYHHobNt4kZ3PJBlgzAcZ8w=,4iEqIQ0ZvsYXPi0goqUECTcs58M=
-76,-56,41JUrYHHobNt4kZ3PJBlgzAcZ8w=,4iEqIQ0ZvsYXPi0goqUECTcs58M=
-74,-56,41JUrYHHobNt4kZ3PJBlgzAcZ8w=,4iEqIQ0ZvsYXPi0goqUECTcs58M=
-72,-55,41JUrYHHobNt4kZ3PJBlgzAcZ8w=,4iEqIQ0ZvsYXPi0goqUECTcs58M=
-70,-54,41JUrYHHobNt4kZ3PJBlgzAcZ8w=,4iEqIQ0ZvsYXPi0goqUECTcs58M=
-69,-56,41JUrYHHobNt4kZ3PJBlgzAcZ8w=,4iEqIQ0ZvsYXPi0goqUECTcs58M=
-69,-57,41JUrYHHobNt4kZ3PJBlgzAcZ8w=,u2kVc9FN7hsSoZVU+1KmHsGZ8DU=
-69,-53,41JUrYHHobNt4kZ3PJBlgzAcZ8w=,4iEqIQ0ZvsYXPi0goqUECTcs58M=
-71,-58,41JUrYHHobNt4kZ3PJBlgzAcZ8w=,u2kVc9FN7hsSoZVU+1KmHsGZ8DU=
-73,-60,41JUrYHHobNt4kZ3PJBlgzAcZ8w=,VT7Nmcj9wDvzurPtorUSLFzUPM4=
-70,-53,41JUrYHHobNt4kZ3PJBlgzAcZ8w=,4iEqIQ0ZvsYXPi0goqUECTcs58M=
-71,-55,41JUrYHHobNt4kZ3PJBlgzAcZ8w=,4iEqIQ0ZvsYXPi0goqUECTcs58M=
-69,-54,41JUrYHHobNt4kZ3PJBlgzAcZ8w=,4iEqIQ0ZvsYXPi0goqUECTcs58M=
-71,-57,41JUrYHHobNt4kZ3PJBlgzAcZ8w=,u2kVc9FN7hsSoZVU+1KmHsGZ8DU=
-71,-53,41JUrYHHobNt4kZ3PJBlgzAcZ8w=,4iEqIQ0ZvsYXPi0goqUECTcs58M=
-73,-55,41JUrYHHobNt4kZ3PJBlgzAcZ8w=,4iEqIQ0ZvsYXPi0goqUECTcs58M=
-70,-55,41JUrYHHobNt4kZ3PJBlgzAcZ8w=,4iEqIQ0ZvsYXPi0goqUECTcs58M=
-70,-56,41JUrYHHobNt4kZ3PJBlgzAcZ8w=,4iEqIQ0ZvsYXPi0goqUECTcs58M=
-69,-58,41JUrYHHobNt4kZ3PJBlgzAcZ8w=,u2kVc9FN7hsSoZVU+1KmHsGZ8DU=
-75,-58,41JUrYHHobNt4kZ3PJBlgzAcZ8w=,VT7Nmcj9wDvzurPtorUSLFzUPM4=
-74,-58,41JUrYHHobNt4kZ3PJBlgzAcZ8w=,VT7Nmcj9wDvzurPtorUSLFzUPM4=
-72,-56,41JUrYHHobNt4kZ3PJBlgzAcZ8w=,4iEqIQ0ZvsYXPi0goqUECTcs58M=
-72,-54,41JUrYHHobNt4kZ3PJBlgzAcZ8w=,4iEqIQ0ZvsYXPi0goqUECTcs58M=
-73,-54,41JUrYHHobNt4kZ3PJBlgzAcZ8w=,4iEqIQ0ZvsYXPi0goqUECTcs58M=
-73,-53,41JUrYHHobNt4kZ3PJBlgzAcZ8w=,4iEqIQ0ZvsYXPi0goqUECTcs58M=
-71,-54,41JUrYHHobNt4kZ3PJBlgzAcZ8w=,4iEqIQ0ZvsYXPi0goqUECTcs58M=
-75,-54,41JUrYHHobNt4kZ3PJBlgzAcZ8w=,4iEqIQ0ZvsYXPi0goqUECTcs58M=
-75,-57,41JUrYHHobNt4kZ3PJBlgzAcZ8w=,VT7Nmcj9wDvzurPtorUSLFzUPM4=
-72,-53,41JUrYHHobNt4kZ3PJBlgzAcZ8w=,4iEqIQ0ZvsYXPi0goqUECTcs58M=
-71,-56,41JUrYHHobNt4kZ3PJBlgzAcZ8w=,4iEqIQ0ZvsYXPi0goqUECTcs58M=
-73,-56,41JUrYHHobNt4kZ3PJBlgzAcZ8w=,4iEqIQ0ZvsYXPi0goqUECTcs58M=
-76,-49,41JUrYHHobNt4kZ3PJBlgzAcZ8w=,4iEqIQ0ZvsYXPi0goqUECTcs58M=
-75,-49,41JUrYHHobNt4kZ3PJBlgzAcZ8w=,4iEqIQ0ZvsYXPi0goqUECTcs58M=
-74,-49,41JUrYHHobNt4kZ3PJBlgzAcZ8w=,4iEqIQ0ZvsYXPi0goqUECTcs58M=
-73,-49,41JUrYHHobNt4kZ3PJBlgzAcZ8w=,4iEqIQ0ZvsYXPi0goqUECTcs58M=
-67,-58,41JUrYHHobNt4kZ3PJBlgzAcZ8w=,u2kVc9FN7hsSoZVU+1KmHsGZ8DU=
-67,-57,41JUrYHHobNt4kZ3PJBlgzAcZ8w=,u2kVc9FN7hsSoZVU+1KmHsGZ8DU=
-68,-57,41JUrYHHobNt4kZ3PJBlgzAcZ8w=,u2kVc9FN7hsSoZVU+1KmHsGZ8DU=
-66,-57,41JUrYHHobNt4kZ3PJBlgzAcZ8w=,u2kVc9FN7hsSoZVU+1KmHsGZ8DU=
-68,-60,41JUrYHHobNt4kZ3PJBlgzAcZ8w=,u2kVc9FN7hsSoZVU+1KmHsGZ8DU=
-77,-49,41JUrYHHobNt4kZ3PJBlgzAcZ8w=,4iEqIQ0ZvsYXPi0goqUECTcs58M=
-78,-49,41JUrYHHobNt4kZ3PJBlgzAcZ8w=,4iEqIQ0ZvsYXPi0goqUECTcs58M=
-79,-49,41JUrYHHobNt4kZ3PJBlgzAcZ8w=,4iEqIQ0ZvsYXPi0goqUECTcs58M=
-65,-54,41JUrYHHobNt4kZ3PJBlgzAcZ8w=,4iEqIQ0ZvsYXPi0goqUECTcs58M=
-67,-56,41JUrYHHobNt4kZ3PJBlgzAcZ8w=,4iEqIQ0ZvsYXPi0goqUECTcs58M=
-66,-59,41JUrYHHobNt4kZ3PJBlgzAcZ8w=,u2kVc9FN7hsSoZVU+1KmHsGZ8DU=
-65,-53,41JUrYHHobNt4kZ3PJBlgzAcZ8w=,4iEqIQ0ZvsYXPi0goqUECTcs58M=
-72,-49,41JUrYHHobNt4kZ3PJBlgzAcZ8w=,4iEqIQ0ZvsYXPi0goqUECTcs58M=
-66,-55,41JUrYHHobNt4kZ3PJBlgzAcZ8w=,4iEqIQ0ZvsYXPi0goqUECTcs58M=
-65,-57,41JUrYHHobNt4kZ3PJBlgzAcZ8w=,u2kVc9FN7hsSoZVU+1KmHsGZ8DU=
-66,-53,41JUrYHHobNt4kZ3PJBlgzAcZ8w=,4iEqIQ0ZvsYXPi0goqUECTcs58M=
-66,-60,41JUrYHHobNt4kZ3PJBlgzAcZ8w=,u2kVc9FN7hsSoZVU+1KmHsGZ8DU=
-68,-59,41JUrYHHobNt4kZ3PJBlgzAcZ8w=,u2kVc9FN7hsSoZVU+1KmHsGZ8DU=
-67,-60,41JUrYHHobNt4kZ3PJBlgzAcZ8w=,u2kVc9FN7hsSoZVU+1KmHsGZ8DU=
-67,-59,41JUrYHHobNt4kZ3PJBlgzAcZ8w=,u2kVc9FN7hsSoZVU+1KmHsGZ8DU=
-66,-54,41JUrYHHobNt4kZ3PJBlgzAcZ8w=,4iEqIQ0ZvsYXPi0goqUECTcs58M=
-67,-55,41JUrYHHobNt4kZ3PJBlgzAcZ8w=,4iEqIQ0ZvsYXPi0goqUECTcs58M=
-76,-51,41JUrYHHobNt4kZ3PJBlgzAcZ8w=,4iEqIQ0ZvsYXPi0goqUECTcs58M=
-65,-59,41JUrYHHobNt4kZ3PJBlgzAcZ8w=,u2kVc9FN7hsSoZVU+1KmHsGZ8DU=
-67,-53,41JUrYHHobNt4kZ3PJBlgzAcZ8w=,4iEqIQ0ZvsYXPi0goqUECTcs58M=
-68,-53,41JUrYHHobNt4kZ3PJBlgzAcZ8w=,4iEqIQ0ZvsYXPi0goqUECTcs58M=
-65,-58,41JUrYHHobNt4kZ3PJBlgzAcZ8w=,u2kVc9FN7hsSoZVU+1KmHsGZ8DU=
-68,-58,41JUrYHHobNt4kZ3PJBlgzAcZ8w=,u2kVc9FN7hsSoZVU+1KmHsGZ8DU=
-69,-49,41JUrYHHobNt4kZ3PJBlgzAcZ8w=,4iEqIQ0ZvsYXPi0goqUECTcs58M=
-65,-60,41JUrYHHobNt4kZ3PJBlgzAcZ8w=,u2kVc9FN7hsSoZVU+1KmHsGZ8DU=
-66,-56,41JUrYHHobNt4kZ3PJBlgzAcZ8w=,4iEqIQ0ZvsYXPi0goqUECTcs58M=
-73,-52,41JUrYHHobNt4kZ3PJBlgzAcZ8w=,4iEqIQ0ZvsYXPi0goqUECTcs58M=
-70,-51,41JUrYHHobNt4kZ3PJBlgzAcZ8w=,4iEqIQ0ZvsYXPi0goqUECTcs58M=
-66,-58,41JUrYHHobNt4kZ3PJBlgzAcZ8w=,u2kVc9FN7hsSoZVU+1KmHsGZ8DU=
-65,-55,41JUrYHHobNt4kZ3PJBlgzAcZ8w=,4iEqIQ0ZvsYXPi0goqUECTcs58M=
-69,-52,41JUrYHHobNt4kZ3PJBlgzAcZ8w=,4iEqIQ0ZvsYXPi0goqUECTcs58M=
-65,-64,41JUrYHHobNt4kZ3PJBlgzAcZ8w=,u2kVc9FN7hsSoZVU+1KmHsGZ8DU=
-75,-51,41JUrYHHobNt4kZ3PJBlgzAcZ8w=,4iEqIQ0ZvsYXPi0goqUECTcs58M=
-74,-51,41JUrYHHobNt4kZ3PJBlgzAcZ8w=,4iEqIQ0ZvsYXPi0goqUECTcs58M=
-67,-54,41JUrYHHobNt4kZ3PJBlgzAcZ8w=,4iEqIQ0ZvsYXPi0goqUECTcs58M=
-68,-62,41JUrYHHobNt4kZ3PJBlgzAcZ8w=,u2kVc9FN7hsSoZVU+1KmHsGZ8DU=
-70,-52,41JUrYHHobNt4kZ3PJBlgzAcZ8w=,4iEqIQ0ZvsYXPi0goqUECTcs58M=
-67,-62,41JUrYHHobNt4kZ3PJBlgzAcZ8w=,u2kVc9FN7hsSoZVU+1KmHsGZ8DU=
-70,-49,41JUrYHHobNt4kZ3PJBlgzAcZ8w=,4iEqIQ0ZvsYXPi0goqUECTcs58M=
-68,-54,41JUrYHHobNt4kZ3PJBlgzAcZ8w=,4iEqIQ0ZvsYXPi0goqUECTcs58M=
-68,-56,41JUrYHHobNt4kZ3PJBlgzAcZ8w=,4iEqIQ0ZvsYXPi0goqUECTcs58M=
-76,-52,41JUrYHHobNt4kZ3PJBlgzAcZ8w=,4iEqIQ0ZvsYXPi0goqUECTcs58M=
-68,-55,41JUrYHHobNt4kZ3PJBlgzAcZ8w=,4iEqIQ0ZvsYXPi0goqUECTcs58M=
-73,-51,41JUrYHHobNt4kZ3PJBlgzAcZ8w=,4iEqIQ0ZvsYXPi0goqUECTcs58M=
-72,-52,41JUrYHHobNt4kZ3PJBlgzAcZ8w=,4iEqIQ0ZvsYXPi0goqUECTcs58M=
-69,-51,41JUrYHHobNt4kZ3PJBlgzAcZ8w=,4iEqIQ0ZvsYXPi0goqUECTcs58M=
-66,-61,41JUrYHHobNt4kZ3PJBlgzAcZ8w=,u2kVc9FN7hsSoZVU+1KmHsGZ8DU=
-74,-52,41JUrYHHobNt4kZ3PJBlgzAcZ8w=,4iEqIQ0ZvsYXPi0goqUECTcs58M=
-72,-51,41JUrYHHobNt4kZ3PJBlgzAcZ8w=,4iEqIQ0ZvsYXPi0goqUECTcs58M=
-71,-52,41JUrYHHobNt4kZ3PJBlgzAcZ8w=,4iEqIQ0ZvsYXPi0goqUECTcs58M=
-71,-49,41JUrYHHobNt4kZ3PJBlgzAcZ8w=,4iEqIQ0ZvsYXPi0goqUECTcs58M=
-66,-62,41JUrYHHobNt4kZ3PJBlgzAcZ8w=,u2kVc9FN7hsSoZVU+1KmHsGZ8DU=
-70,-50,41JUrYHHobNt4kZ3PJBlgzAcZ8w=,4iEqIQ0ZvsYXPi0goqUECTcs58M=
-67,-61,41JUrYHHobNt4kZ3PJBlgzAcZ8w=,u2kVc9FN7hsSoZVU+1KmHsGZ8DU=
-68,-63,41JUrYHHobNt4kZ3PJBlgzAcZ8w=,u2kVc9FN7hsSoZVU+1KmHsGZ8DU=
-65,-56,41JUrYHHobNt4kZ3PJBlgzAcZ8w=,4iEqIQ0ZvsYXPi0goqUECTcs58M=
-66,-64,41JUrYHHobNt4kZ3PJBlgzAcZ8w=,u2kVc9FN7hsSoZVU+1KmHsGZ8DU=
-71,-51,41JUrYHHobNt4kZ3PJBlgzAcZ8w=,4iEqIQ0ZvsYXPi0goqUECTcs58M=
-75,-52,41JUrYHHobNt4kZ3PJBlgzAcZ8w=,4iEqIQ0ZvsYXPi0goqUECTcs58M=
-69,-50,41JUrYHHobNt4kZ3PJBlgzAcZ8w=,4iEqIQ0ZvsYXPi0goqUECTcs58M=
-67,-64,41JUrYHHobNt4kZ3PJBlgzAcZ8w=,u2kVc9FN7hsSoZVU+1KmHsGZ8DU=
-65,-63,41JUrYHHobNt4kZ3PJBlgzAcZ8w=,u2kVc9FN7hsSoZVU+1KmHsGZ8DU=
-71,-50,41JUrYHHobNt4kZ3PJBlgzAcZ8w=,4iEqIQ0ZvsYXPi0goqUECTcs58M=
-68,-64,41JUrYHHobNt4kZ3PJBlgzAcZ8w=,u2kVc9FN7hsSoZVU+1KmHsGZ8DU=
-68,-61,41JUrYHHobNt4kZ3PJBlgzAcZ8w=,u2kVc9FN7hsSoZVU+1KmHsGZ8DU=
-66,-63,41JUrYHHobNt4kZ3PJBlgzAcZ8w=,u2kVc9FN7hsSoZVU+1KmHsGZ8DU=
-65,-62,41JUrYHHobNt4kZ3PJBlgzAcZ8w=,u2kVc9FN7hsSoZVU+1KmHsGZ8DU=
-65,-61,41JUrYHHobNt4kZ3PJBlgzAcZ8w=,u2kVc9FN7hsSoZVU+1KmHsGZ8DU=
-67,-63,41JUrYHHobNt4kZ3PJBlgzAcZ8w=,u2kVc9FN7hsSoZVU+1KmHsGZ8DU=
-71,-61,41JUrYHHobNt4kZ3PJBlgzAcZ8w=,u2kVc9FN7hsSoZVU+1KmHsGZ8DU=
-76,-62,41JUrYHHobNt4kZ3PJBlgzAcZ8w=,VT7Nmcj9wDvzurPtorUSLFzUPM4=
-75,-62,41JUrYHHobNt4kZ3PJBlgzAcZ8w=,VT7Nmcj9wDvzurPtorUSLFzUPM4=
-72,-64,41JUrYHHobNt4kZ3PJBlgzAcZ8w=,u2kVc9FN7hsSoZVU+1KmHsGZ8DU=
-70,-62,41JUrYHHobNt4kZ3PJBlgzAcZ8w=,u2kVc9FN7hsSoZVU+1KmHsGZ8DU=
-72,-62,41JUrYHHobNt4kZ3PJBlgzAcZ8w=,u2kVc9FN7hsSoZVU+1KmHsGZ8DU=
-71,-62,41JUrYHHobNt4kZ3PJBlgzAcZ8w=,u2kVc9FN7hsSoZVU+1KmHsGZ8DU=
-74,-61,41JUrYHHobNt4kZ3PJBlgzAcZ8w=,VT7Nmcj9wDvzurPtorUSLFzUPM4=
-72,-61,41JUrYHHobNt4kZ3PJBlgzAcZ8w=,u2kVc9FN7hsSoZVU+1KmHsGZ8DU=
-71,-63,41JUrYHHobNt4kZ3PJBlgzAcZ8w=,u2kVc9FN7hsSoZVU+1KmHsGZ8DU=
-70,-61,41JUrYHHobNt4kZ3PJBlgzAcZ8w=,u2kVc9FN7hsSoZVU+1KmHsGZ8DU=
-69,-63,41JUrYHHobNt4kZ3PJBlgzAcZ8w=,u2kVc9FN7hsSoZVU+1KmHsGZ8DU=
-74,-62,41JUrYHHobNt4kZ3PJBlgzAcZ8w=,VT7Nmcj9wDvzurPtorUSLFzUPM4=
-69,-62,41JUrYHHobNt4kZ3PJBlgzAcZ8w=,u2kVc9FN7hsSoZVU+1KmHsGZ8DU=
-76,-61,41JUrYHHobNt4kZ3PJBlgzAcZ8w=,VT7Nmcj9wDvzurPtorUSLFzUPM4=
-69,-64,41JUrYHHobNt4kZ3PJBlgzAcZ8w=,u2kVc9FN7hsSoZVU+1KmHsGZ8DU=
-70,-63,41JUrYHHobNt4kZ3PJBlgzAcZ8w=,u2kVc9FN7hsSoZVU+1KmHsGZ8DU=
-76,-63,41JUrYHHobNt4kZ3PJBlgzAcZ8w=,VT7Nmcj9wDvzurPtorUSLFzUPM4=
-69,-61,41JUrYHHobNt4kZ3PJBlgzAcZ8w=,u2kVc9FN7hsSoZVU+1KmHsGZ8DU=
-75,-64,41JUrYHHobNt4kZ3PJBlgzAcZ8w=,VT7Nmcj9wDvzurPtorUSLFzUPM4=
-76,-64,41JUrYHHobNt4kZ3PJBlgzAcZ8w=,VT7Nmcj9wDvzurPtorUSLFzUPM4=
-80,-49,41JUrYHHobNt4kZ3PJBlgzAcZ8w=,4iEqIQ0ZvsYXPi0goqUECTcs58M=
-73,-63,41JUrYHHobNt4kZ3PJBlgzAcZ8w=,VT7Nmcj9wDvzurPtorUSLFzUPM4=
-74,-63,41JUrYHHobNt4kZ3PJBlgzAcZ8w=,VT7Nmcj9wDvzurPtorUSLFzUPM4=
-80,-50,41JUrYHHobNt4kZ3PJBlgzAcZ8w=,4iEqIQ0ZvsYXPi0goqUECTcs58M=
-73,-64,41JUrYHHobNt4kZ3PJBlgzAcZ8w=,VT7Nmcj9wDvzurPtorUSLFzUPM4=
-73,-62,41JUrYHHobNt4kZ3PJBlgzAcZ8w=,VT7Nmcj9wDvzurPtorUSLFzUPM4=
-75,-63,41JUrYHHobNt4kZ3PJBlgzAcZ8w=,VT7Nmcj9wDvzurPtorUSLFzUPM4=
-71,-64,41JUrYHHobNt4kZ3PJBlgzAcZ8w=,u2kVc9FN7hsSoZVU+1KmHsGZ8DU=
-68,-52,41JUrYHHobNt4kZ3PJBlgzAcZ8w=,4iEqIQ0ZvsYXPi0goqUECTcs58M=
-75,-61,41JUrYHHobNt4kZ3PJBlgzAcZ8w=,VT7Nmcj9wDvzurPtorUSLFzUPM4=
-79,-51,41JUrYHHobNt4kZ3PJBlgzAcZ8w=,4iEqIQ0ZvsYXPi0goqUECTcs58M=
-72,-63,41JUrYHHobNt4kZ3PJBlgzAcZ8w=,u2kVc9FN7hsSoZVU+1KmHsGZ8DU=
-73,-61,41JUrYHHobNt4kZ3PJBlgzAcZ8w=,VT7Nmcj9wDvzurPtorUSLFzUPM4=
-79,-52,41JUrYHHobNt4kZ3PJBlgzAcZ8w=,4iEqIQ0ZvsYXPi0goqUECTcs58M=
-65,-51,41JUrYHHobNt4kZ3PJBlgzAcZ8w=,4iEqIQ0ZvsYXPi0goqUECTcs58M=
-70,-64,41JUrYHHobNt4kZ3PJBlgzAcZ8w=,u2kVc9FN7hsSoZVU+1KmHsGZ8DU=
-74,-64,41JUrYHHobNt4kZ3PJBlgzAcZ8w=,VT7Nmcj9wDvzurPtorUSLFzUPM4=
-80,-52,41JUrYHHobNt4kZ3PJBlgzAcZ8w=,4iEqIQ0ZvsYXPi0goqUECTcs58M=
-77,-52,41JUrYHHobNt4kZ3PJBlgzAcZ8w=,4iEqIQ0ZvsYXPi0goqUECTcs58M=
-80,-62,41JUrYHHobNt4kZ3PJBlgzAcZ8w=,VT7Nmcj9wDvzurPtorUSLFzUPM4=
-67,-52,41JUrYHHobNt4kZ3PJBlgzAcZ8w=,4iEqIQ0ZvsYXPi0goqUECTcs58M=
-65,-49,41JUrYHHobNt4kZ3PJBlgzAcZ8w=,4iEqIQ0ZvsYXPi0goqUECTcs58M=
-80,-63,41JUrYHHobNt4kZ3PJBlgzAcZ8w=,VT7Nmcj9wDvzurPtorUSLFzUPM4=
-78,-51,41JUrYHHobNt4kZ3PJBlgzAcZ8w=,4iEqIQ0ZvsYXPi0goqUECTcs58M=
-80,-58,41JUrYHHobNt4kZ3PJBlgzAcZ8w=,VT7Nmcj9wDvzurPtorUSLFzUPM4=
-80,-64,41JUrYHHobNt4kZ3PJBlgzAcZ8w=,VT7Nmcj9wDvzurPtorUSLFzUPM4=
-80,-51,41JUrYHHobNt4kZ3PJBlgzAcZ8w=,4iEqIQ0ZvsYXPi0goqUECTcs58M=
-79,-54,41JUrYHHobNt4kZ3PJBlgzAcZ8w=,4iEqIQ0ZvsYXPi0goqUECTcs58M=
-67,-51,41JUrYHHobNt4kZ3PJBlgzAcZ8w=,4iEqIQ0ZvsYXPi0goqUECTcs58M=
-65,-50,41JUrYHHobNt4kZ3PJBlgzAcZ8w=,4iEqIQ0ZvsYXPi0goqUECTcs58M=
-66,-50,41JUrYHHobNt4kZ3PJBlgzAcZ8w=,4iEqIQ0ZvsYXPi0goqUECTcs58M=
-78,-52,41JUrYHHobNt4kZ3PJBlgzAcZ8w=,4iEqIQ0ZvsYXPi0goqUECTcs58M=
-80,-59,41JUrYHHobNt4kZ3PJBlgzAcZ8w=,VT7Nmcj9wDvzurPtorUSLFzUPM4=
-78,-55,41JUrYHHobNt4kZ3PJBlgzAcZ8w=,4iEqIQ0ZvsYXPi0goqUECTcs58M=
-65,-52,41JUrYHHobNt4kZ3PJBlgzAcZ8w=,4iEqIQ0ZvsYXPi0goqUECTcs58M=
-80,-56,41JUrYHHobNt4kZ3PJBlgzAcZ8w=,4iEqIQ0ZvsYXPi0goqUECTcs58M=
-80,-60,41JUrYHHobNt4kZ3PJBlgzAcZ8w=,VT7Nmcj9wDvzurPtorUSLFzUPM4=
-78,-54,41JUrYHHobNt4kZ3PJBlgzAcZ8w=,4iEqIQ0ZvsYXPi0goqUECTcs58M=
-80,-57,41JUrYHHobNt4kZ3PJBlgzAcZ8w=,VT7Nmcj9wDvzurPtorUSLFzUPM4=
-66,-51,41JUrYHHobNt4kZ3PJBlgzAcZ8w=,4iEqIQ0ZvsYXPi0goqUECTcs58M=
-77,-54,41JUrYHHobNt4kZ3PJBlgzAcZ8w=,4iEqIQ0ZvsYXPi0goqUECTcs58M=
-77,-53,41JUrYHHobNt4kZ3PJBlgzAcZ8w=,4iEqIQ0ZvsYXPi0goqUECTcs58M=
-66,-52,41JUrYHHobNt4kZ3PJBlgzAcZ8w=,4iEqIQ0ZvsYXPi0goqUECTcs58M=
-79,-55,41JUrYHHobNt4kZ3PJBlgzAcZ8w=,4iEqIQ0ZvsYXPi0goqUECTcs58M=
-68,-51,41JUrYHHobNt4kZ3PJBlgzAcZ8w=,4iEqIQ0ZvsYXPi0goqUECTcs58M=
-67,-50,41JUrYHHobNt4kZ3PJBlgzAcZ8w=,4iEqIQ0ZvsYXPi0goqUECTcs58M=
-79,-53,41JUrYHHobNt4kZ3PJBlgzAcZ8w=,4iEqIQ0ZvsYXPi0goqUECTcs58M=
-77,-61,41JUrYHHobNt4kZ3PJBlgzAcZ8w=,VT7Nmcj9wDvzurPtorUSLFzUPM4=
-77,-60,41JUrYHHobNt4kZ3PJBlgzAcZ8w=,VT7Nmcj9wDvzurPtorUSLFzUPM4=
-77,-55,41JUrYHHobNt4kZ3PJBlgzAcZ8w=,4iEqIQ0ZvsYXPi0goqUECTcs58M=
-77,-51,41JUrYHHobNt4kZ3PJBlgzAcZ8w=,4iEqIQ0ZvsYXPi0goqUECTcs58M=
-80,-61,41JUrYHHobNt4kZ3PJBlgzAcZ8w=,VT7Nmcj9wDvzurPtorUSLFzUPM4=
-79,-61,41JUrYHHobNt4kZ3PJBlgzAcZ8w=,VT7Nmcj9wDvzurPtorUSLFzUPM4=
-68,-49,41JUrYHHobNt4kZ3PJBlgzAcZ8w=,4iEqIQ0ZvsYXPi0goqUECTcs58M=
-78,-53,41JUrYHHobNt4kZ3PJBlgzAcZ8w=,4iEqIQ0ZvsYXPi0goqUECTcs58M=
-78,-61,41JUrYHHobNt4kZ3PJBlgzAcZ8w=,VT7Nmcj9wDvzurPtorUSLFzUPM4=
-68,-50,41JUrYHHobNt4kZ3PJBlgzAcZ8w=,4iEqIQ0ZvsYXPi0goqUECTcs58M=
-66,-49,41JUrYHHobNt4kZ3PJBlgzAcZ8w=,4iEqIQ0ZvsYXPi0goqUECTcs58M=
-77,-58,41JUrYHHobNt4kZ3PJBlgzAcZ8w=,VT7Nmcj9wDvzurPtorUSLFzUPM4=
-80,-53,41JUrYHHobNt4kZ3PJBlgzAcZ8w=,4iEqIQ0ZvsYXPi0goqUECTcs58M=
-78,-59,41JUrYHHobNt4kZ3PJBlgzAcZ8w=,VT7Nmcj9wDvzurPtorUSLFzUPM4=
-79,-63,41JUrYHHobNt4kZ3PJBlgzAcZ8w=,VT7Nmcj9wDvzurPtorUSLFzUPM4=
-77,-63,41JUrYHHobNt4kZ3PJBlgzAcZ8w=,VT7Nmcj9wDvzurPtorUSLFzUPM4=
-79,-59,41JUrYHHobNt4kZ3PJBlgzAcZ8w=,VT7Nmcj9wDvzurPtorUSLFzUPM4=
-79,-58,41JUrYHHobNt4kZ3PJBlgzAcZ8w=,VT7Nmcj9wDvzurPtorUSLFzUPM4=
-79,-56,41JUrYHHobNt4kZ3PJBlgzAcZ8w=,4iEqIQ0ZvsYXPi0goqUECTcs58M=
-79,-62,41JUrYHHobNt4kZ3PJBlgzAcZ8w=,VT7Nmcj9wDvzurPtorUSLFzUPM4=
-67,-49,41JUrYHHobNt4kZ3PJBlgzAcZ8w=,4iEqIQ0ZvsYXPi0goqUECTcs58M=
-77,-64,41JUrYHHobNt4kZ3PJBlgzAcZ8w=,VT7Nmcj9wDvzurPtorUSLFzUPM4=
-79,-60,41JUrYHHobNt4kZ3PJBlgzAcZ8w=,VT7Nmcj9wDvzurPtorUSLFzUPM4=
-77,-59,41JUrYHHobNt4kZ3PJBlgzAcZ8w=,VT7Nmcj9wDvzurPtorUSLFzUPM4=
-78,-60,41JUrYHHobNt4kZ3PJBlgzAcZ8w=,VT7Nmcj9wDvzurPtorUSLFzUPM4=
-78,-63,41JUrYHHobNt4kZ3PJBlgzAcZ8w=,VT7Nmcj9wDvzurPtorUSLFzUPM4=
-78,-58,41JUrYHHobNt4kZ3PJBlgzAcZ8w=,VT7Nmcj9wDvzurPtorUSLFzUPM4=
-78,-62,41JUrYHHobNt4kZ3PJBlgzAcZ8w=,VT7Nmcj9wDvzurPtorUSLFzUPM4=
-77,-62,41JUrYHHobNt4kZ3PJBlgzAcZ8w=,VT7Nmcj9wDvzurPtorUSLFzUPM4=
-77,-56,41JUrYHHobNt4kZ3PJBlgzAcZ8w=,4iEqIQ0ZvsYXPi0goqUECTcs58M=
-78,-57,41JUrYHHobNt4kZ3PJBlgzAcZ8w=,VT7Nmcj9wDvzurPtorUSLFzUPM4=
-78,-64,41JUrYHHobNt4kZ3PJBlgzAcZ8w=,VT7Nmcj9wDvzurPtorUSLFzUPM4=
-80,-55,41JUrYHHobNt4kZ3PJBlgzAcZ8w=,4iEqIQ0ZvsYXPi0goqUECTcs58M=
-77,-57,41JUrYHHobNt4kZ3PJBlgzAcZ8w=,VT7Nmcj9wDvzurPtorUSLFzUPM4=
-79,-57,41JUrYHHobNt4kZ3PJBlgzAcZ8w=,VT7Nmcj9wDvzurPtorUSLFzUPM4=
-78,-56,41JUrYHHobNt4kZ3PJBlgzAcZ8w=,4iEqIQ0ZvsYXPi0goqUECTcs58M=
-80,-54,41JUrYHHobNt4kZ3PJBlgzAcZ8w=,4iEqIQ0ZvsYXPi0goqUECTcs58M=
-79,-64,41JUrYHHobNt4kZ3PJBlgzAcZ8w=,VT7Nmcj9wDvzurPtorUSLFzUPM4=
-85,-60,0ZEemItEq/lFsYhAOYxZsr9kYe4=,UBzEYSzdgPdHTnTL3x4tMJus4uI=
-84,-58,0ZEemItEq/lFsYhAOYxZsr9kYe4=,UBzEYSzdgPdHTnTL3x4tMJus4uI=
-84,-60,0ZEemItEq/lFsYhAOYxZsr9kYe4=,UBzEYSzdgPdHTnTL3x4tMJus4uI=
-87,-59,0ZEemItEq/lFsYhAOYxZsr9kYe4=,UBzEYSzdgPdHTnTL3x4tMJus4uI=
-86,-60,0ZEemItEq/lFsYhAOYxZsr9kYe4=,UBzEYSzdgPdHTnTL3x4tMJus4uI=
-86,-58,0ZEemItEq/lFsYhAOYxZsr9kYe4=,UBzEYSzdgPdHTnTL3x4tMJus4uI=
-85,-58,0ZEemItEq/lFsYhAOYxZsr9kYe4=,UBzEYSzdgPdHTnTL3x4tMJus4uI=
-88,-60,0ZEemItEq/lFsYhAOYxZsr9kYe4=,UBzEYSzdgPdHTnTL3x4tMJus4uI=
-87,-60,0ZEemItEq/lFsYhAOYxZsr9kYe4=,UBzEYSzdgPdHTnTL3x4tMJus4uI=
-88,-58,0ZEemItEq/lFsYhAOYxZsr9kYe4=,UBzEYSzdgPdHTnTL3x4tMJus4uI=
-88,-59,0ZEemItEq/lFsYhAOYxZsr9kYe4=,UBzEYSzdgPdHTnTL3x4tMJus4uI=
-83,-58,0ZEemItEq/lFsYhAOYxZsr9kYe4=,UBzEYSzdgPdHTnTL3x4tMJus4uI=
-81,-49,0ZEemItEq/lFsYhAOYxZsr9kYe4=,UBzEYSzdgPdHTnTL3x4tMJus4uI=
-87,-56,0ZEemItEq/lFsYhAOYxZsr9kYe4=,UBzEYSzdgPdHTnTL3x4tMJus4uI=
-82,-58,0ZEemItEq/lFsYhAOYxZsr9kYe4=,UBzEYSzdgPdHTnTL3x4tMJus4uI=
-83,-63,0ZEemItEq/lFsYhAOYxZsr9kYe4=,UBzEYSzdgPdHTnTL3x4tMJus4uI=
-84,-50,0ZEemItEq/lFsYhAOYxZsr9kYe4=,UBzEYSzdgPdHTnTL3x4tMJus4uI=
-82,-53,0ZEemItEq/lFsYhAOYxZsr9kYe4=,UBzEYSzdgPdHTnTL3x4tMJus4uI=
-87,-58,0ZEemItEq/lFsYhAOYxZsr9kYe4=,UBzEYSzdgPdHTnTL3x4tMJus4uI=
-81,-64,0ZEemItEq/lFsYhAOYxZsr9kYe4=,UBzEYSzdgPdHTnTL3x4tMJus4uI=
-88,-64,0ZEemItEq/lFsYhAOYxZsr9kYe4=,UBzEYSzdgPdHTnTL3x4tMJus4uI=
-82,-60,0ZEemItEq/lFsYhAOYxZsr9kYe4=,UBzEYSzdgPdHTnTL3x4tMJus4uI=
-83,-59,0ZEemItEq/lFsYhAOYxZsr9kYe4=,UBzEYSzdgPdHTnTL3x4tMJus4uI=
-85,-54,0ZEemItEq/lFsYhAOYxZsr9kYe4=,UBzEYSzdgPdHTnTL3x4tMJus4uI=
-83,-60,0ZEemItEq/lFsYhAOYxZsr9kYe4=,UBzEYSzdgPdHTnTL3x4tMJus4uI=
-86,-59,0ZEemItEq/lFsYhAOYxZsr9kYe4=,UBzEYSzdgPdHTnTL3x4tMJus4uI=
-81,-63,0ZEemItEq/lFsYhAOYxZsr9kYe4=,UBzEYSzdgPdHTnTL3x4tMJus4uI=
-82,-59,0ZEemItEq/lFsYhAOYxZsr9kYe4=,UBzEYSzdgPdHTnTL3x4tMJus4uI=
-81,-60,0ZEemItEq/lFsYhAOYxZsr9kYe4=,UBzEYSzdgPdHTnTL3x4tMJus4uI=
-82,-63,0ZEemItEq/lFsYhAOYxZsr9kYe4=,UBzEYSzdgPdHTnTL3x4tMJus4uI=
-84,-59,0ZEemItEq/lFsYhAOYxZsr9kYe4=,UBzEYSzdgPdHTnTL3x4tMJus4uI=
-83,-51,0ZEemItEq/lFsYhAOYxZsr9kYe4=,UBzEYSzdgPdHTnTL3x4tMJus4uI=
-84,-63,0ZEemItEq/lFsYhAOYxZsr9kYe4=,UBzEYSzdgPdHTnTL3x4tMJus4uI=
-85,-59,0ZEemItEq/lFsYhAOYxZsr9kYe4=,UBzEYSzdgPdHTnTL3x4tMJus4uI=
-83,-57,0ZEemItEq/lFsYhAOYxZsr9kYe4=,UBzEYSzdgPdHTnTL3x4tMJus4uI=
-84,-51,0ZEemItEq/lFsYhAOYxZsr9kYe4=,UBzEYSzdgPdHTnTL3x4tMJus4uI=
-83,-52,0ZEemItEq/lFsYhAOYxZsr9kYe4=,UBzEYSzdgPdHTnTL3x4tMJus4uI=
-82,-64,0ZEemItEq/lFsYhAOYxZsr9kYe4=,UBzEYSzdgPdHTnTL3x4tMJus4uI=
-83,-49,0ZEemItEq/lFsYhAOYxZsr9kYe4=,UBzEYSzdgPdHTnTL3x4tMJus4uI=
-83,-62,0ZEemItEq/lFsYhAOYxZsr9kYe4=,UBzEYSzdgPdHTnTL3x4tMJus4uI=
-81,-59,0ZEemItEq/lFsYhAOYxZsr9kYe4=,UBzEYSzdgPdHTnTL3x4tMJus4uI=
-84,-62,0ZEemItEq/lFsYhAOYxZsr9kYe4=,UBzEYSzdgPdHTnTL3x4tMJus4uI=
-81,-50,0ZEemItEq/lFsYhAOYxZsr9kYe4=,UBzEYSzdgPdHTnTL3x4tMJus4uI=
-82,-50,0ZEemItEq/lFsYhAOYxZsr9kYe4=,UBzEYSzdgPdHTnTL3x4tMJus4uI=
-88,-54,0ZEemItEq/lFsYhAOYxZsr9kYe4=,UBzEYSzdgPdHTnTL3x4tMJus4uI=
-82,-49,0ZEemItEq/lFsYhAOYxZsr9kYe4=,UBzEYSzdgPdHTnTL3x4tMJus4uI=
-85,-64,0ZEemItEq/lFsYhAOYxZsr9kYe4=,UBzEYSzdgPdHTnTL3x4tMJus4uI=
-88,-56,0ZEemItEq/lFsYhAOYxZsr9kYe4=,UBzEYSzdgPdHTnTL3x4tMJus4uI=
-86,-64,0ZEemItEq/lFsYhAOYxZsr9kYe4=,UBzEYSzdgPdHTnTL3x4tMJus4uI=
-81,-51,0ZEemItEq/lFsYhAOYxZsr9kYe4=,UBzEYSzdgPdHTnTL3x4tMJus4uI=
-82,-51,0ZEemItEq/lFsYhAOYxZsr9kYe4=,UBzEYSzdgPdHTnTL3x4tMJus4uI=
-84,-64,0ZEemItEq/lFsYhAOYxZsr9kYe4=,UBzEYSzdgPdHTnTL3x4tMJus4uI=
-81,-61,0ZEemItEq/lFsYhAOYxZsr9kYe4=,UBzEYSzdgPdHTnTL3x4tMJus4uI=
-81,-58,0ZEemItEq/lFsYhAOYxZsr9kYe4=,UBzEYSzdgPdHTnTL3x4tMJus4uI=
-87,-64,0ZEemItEq/lFsYhAOYxZsr9kYe4=,UBzEYSzdgPdHTnTL3x4tMJus4uI=
-88,-53,0ZEemItEq/lFsYhAOYxZsr9kYe4=,UBzEYSzdgPdHTnTL3x4tMJus4uI=
-81,-52,0ZEemItEq/lFsYhAOYxZsr9kYe4=,UBzEYSzdgPdHTnTL3x4tMJus4uI=
-82,-57,0ZEemItEq/lFsYhAOYxZsr9kYe4=,UBzEYSzdgPdHTnTL3x4tMJus4uI=
-84,-49,0ZEemItEq/lFsYhAOYxZsr9kYe4=,UBzEYSzdgPdHTnTL3x4tMJus4uI=
-83,-64,0ZEemItEq/lFsYhAOYxZsr9kYe4=,UBzEYSzdgPdHTnTL3x4tMJus4uI=
-82,-62,0ZEemItEq/lFsYhAOYxZsr9kYe4=,UBzEYSzdgPdHTnTL3x4tMJus4uI=
-86,-52,0ZEemItEq/lFsYhAOYxZsr9kYe4=,UBzEYSzdgPdHTnTL3x4tMJus4uI=
-84,-52,0ZEemItEq/lFsYhAOYxZsr9kYe4=,UBzEYSzdgPdHTnTL3x4tMJus4uI=
-87,-54,0ZEemItEq/lFsYhAOYxZsr9kYe4=,UBzEYSzdgPdHTnTL3x4tMJus4uI=
-83,-61,0ZEemItEq/lFsYhAOYxZsr9kYe4=,UBzEYSzdgPdHTnTL3x4tMJus4uI=
-84,-61,0ZEemItEq/lFsYhAOYxZsr9kYe4=,UBzEYSzdgPdHTnTL3x4tMJus4uI=
-86,-51,0ZEemItEq/lFsYhAOYxZsr9kYe4=,UBzEYSzdgPdHTnTL3x4tMJus4uI=
-84,-54,0ZEemItEq/lFsYhAOYxZsr9kYe4=,UBzEYSzdgPdHTnTL3x4tMJus4uI=
-82,-61,0ZEemItEq/lFsYhAOYxZsr9kYe4=,UBzEYSzdgPdHTnTL3x4tMJus4uI=
-81,-62,0ZEemItEq/lFsYhAOYxZsr9kYe4=,UBzEYSzdgPdHTnTL3x4tMJus4uI=
-85,-52,0ZEemItEq/lFsYhAOYxZsr9kYe4=,UBzEYSzdgPdHTnTL3x4tMJus4uI=
-88,-49,0ZEemItEq/lFsYhAOYxZsr9kYe4=,UBzEYSzdgPdHTnTL3x4tMJus4uI=
-86,-56,0ZEemItEq/lFsYhAOYxZsr9kYe4=,UBzEYSzdgPdHTnTL3x4tMJus4uI=
-83,-50,0ZEemItEq/lFsYhAOYxZsr9kYe4=,UBzEYSzdgPdHTnTL3x4tMJus4uI=
-85,-61,0ZEemItEq/lFsYhAOYxZsr9kYe4=,UBzEYSzdgPdHTnTL3x4tMJus4uI=
-87,-53,0ZEemItEq/lFsYhAOYxZsr9kYe4=,UBzEYSzdgPdHTnTL3x4tMJus4uI=
-84,-56,0ZEemItEq/lFsYhAOYxZsr9kYe4=,UBzEYSzdgPdHTnTL3x4tMJus4uI=
-88,-55,0ZEemItEq/lFsYhAOYxZsr9kYe4=,UBzEYSzdgPdHTnTL3x4tMJus4uI=
-85,-51,0ZEemItEq/lFsYhAOYxZsr9kYe4=,UBzEYSzdgPdHTnTL3x4tMJus4uI=
-86,-50,0ZEemItEq/lFsYhAOYxZsr9kYe4=,UBzEYSzdgPdHTnTL3x4tMJus4uI=
-83,-53,0ZEemItEq/lFsYhAOYxZsr9kYe4=,UBzEYSzdgPdHTnTL3x4tMJus4uI=
-83,-54,0ZEemItEq/lFsYhAOYxZsr9kYe4=,UBzEYSzdgPdHTnTL3x4tMJus4uI=
-85,-49,0ZEemItEq/lFsYhAOYxZsr9kYe4=,UBzEYSzdgPdHTnTL3x4tMJus4uI=
-86,-55,0ZEemItEq/lFsYhAOYxZsr9kYe4=,UBzEYSzdgPdHTnTL3x4tMJus4uI=
-86,-61,0ZEemItEq/lFsYhAOYxZsr9kYe4=,UBzEYSzdgPdHTnTL3x4tMJus4uI=
-86,-49,0ZEemItEq/lFsYhAOYxZsr9kYe4=,UBzEYSzdgPdHTnTL3x4tMJus4uI=
-84,-55,0ZEemItEq/lFsYhAOYxZsr9kYe4=,UBzEYSzdgPdHTnTL3x4tMJus4uI=
-85,-50,0ZEemItEq/lFsYhAOYxZsr9kYe4=,UBzEYSzdgPdHTnTL3x4tMJus4uI=
-87,-61,0ZEemItEq/lFsYhAOYxZsr9kYe4=,UBzEYSzdgPdHTnTL3x4tMJus4uI=
-88,-63,0ZEemItEq/lFsYhAOYxZsr9kYe4=,UBzEYSzdgPdHTnTL3x4tMJus4uI=
-86,-54,0ZEemItEq/lFsYhAOYxZsr9kYe4=,UBzEYSzdgPdHTnTL3x4tMJus4uI=
-87,-55,0ZEemItEq/lFsYhAOYxZsr9kYe4=,UBzEYSzdgPdHTnTL3x4tMJus4uI=
-85,-55,0ZEemItEq/lFsYhAOYxZsr9kYe4=,UBzEYSzdgPdHTnTL3x4tMJus4uI=
-87,-50,0ZEemItEq/lFsYhAOYxZsr9kYe4=,UBzEYSzdgPdHTnTL3x4tMJus4uI=
-86,-57,0ZEemItEq/lFsYhAOYxZsr9kYe4=,UBzEYSzdgPdHTnTL3x4tMJus4uI=
-88,-57,0ZEemItEq/lFsYhAOYxZsr9kYe4=,UBzEYSzdgPdHTnTL3x4tMJus4uI=
-85,-57,0ZEemItEq/lFsYhAOYxZsr9kYe4=,UBzEYSzdgPdHTnTL3x4tMJus4uI=
-88,-61,0ZEemItEq/lFsYhAOYxZsr9kYe4=,UBzEYSzdgPdHTnTL3x4tMJus4uI=
-87,-63,0ZEemItEq/lFsYhAOYxZsr9kYe4=,UBzEYSzdgPdHTnTL3x4tMJus4uI=
-87,-51,0ZEemItEq/lFsYhAOYxZsr9kYe4=,UBzEYSzdgPdHTnTL3x4tMJus4uI=
-81,-53,0ZEemItEq/lFsYhAOYxZsr9kYe4=,UBzEYSzdgPdHTnTL3x4tMJus4uI=
-81,-57,0ZEemItEq/lFsYhAOYxZsr9kYe4=,UBzEYSzdgPdHTnTL3x4tMJus4uI=
-86,-62,0ZEemItEq/lFsYhAOYxZsr9kYe4=,UBzEYSzdgPdHTnTL3x4tMJus4uI=
-83,-55,0ZEemItEq/lFsYhAOYxZsr9kYe4=,UBzEYSzdgPdHTnTL3x4tMJus4uI=
-81,-55,0ZEemItEq/lFsYhAOYxZsr9kYe4=,UBzEYSzdgPdHTnTL3x4tMJus4uI=
-87,-49,0ZEemItEq/lFsYhAOYxZsr9kYe4=,UBzEYSzdgPdHTnTL3x4tMJus4uI=
-82,-56,0ZEemItEq/lFsYhAOYxZsr9kYe4=,UBzEYSzdgPdHTnTL3x4tMJus4uI=
-84,-53,0ZEemItEq/lFsYhAOYxZsr9kYe4=,UBzEYSzdgPdHTnTL3x4tMJus4uI=
-86,-63,0ZEemItEq/lFsYhAOYxZsr9kYe4=,UBzEYSzdgPdHTnTL3x4tMJus4uI=
-82,-55,0ZEemItEq/lFsYhAOYxZsr9kYe4=,UBzEYSzdgPdHTnTL3x4tMJus4uI=
-86,-53,0ZEemItEq/lFsYhAOYxZsr9kYe4=,UBzEYSzdgPdHTnTL3x4tMJus4uI=
-81,-54,0ZEemItEq/lFsYhAOYxZsr9kYe4=,UBzEYSzdgPdHTnTL3x4tMJus4uI=
-81,-56,0ZEemItEq/lFsYhAOYxZsr9kYe4=,UBzEYSzdgPdHTnTL3x4tMJus4uI=
-85,-62,0ZEemItEq/lFsYhAOYxZsr9kYe4=,UBzEYSzdgPdHTnTL3x4tMJus4uI=
-88,-62,0ZEemItEq/lFsYhAOYxZsr9kYe4=,UBzEYSzdgPdHTnTL3x4tMJus4uI=
-87,-57,0ZEemItEq/lFsYhAOYxZsr9kYe4=,UBzEYSzdgPdHTnTL3x4tMJus4uI=
-85,-56,0ZEemItEq/lFsYhAOYxZsr9kYe4=,UBzEYSzdgPdHTnTL3x4tMJus4uI=
-85,-53,0ZEemItEq/lFsYhAOYxZsr9kYe4=,UBzEYSzdgPdHTnTL3x4tMJus4uI=
-84,-57,0ZEemItEq/lFsYhAOYxZsr9kYe4=,UBzEYSzdgPdHTnTL3x4tMJus4uI=
-87,-62,0ZEemItEq/lFsYhAOYxZsr9kYe4=,UBzEYSzdgPdHTnTL3x4tMJus4uI=
-85,-63,0ZEemItEq/lFsYhAOYxZsr9kYe4=,UBzEYSzdgPdHTnTL3x4tMJus4uI=
-82,-54,0ZEemItEq/lFsYhAOYxZsr9kYe4=,UBzEYSzdgPdHTnTL3x4tMJus4uI=
-83,-56,0ZEemItEq/lFsYhAOYxZsr9kYe4=,UBzEYSzdgPdHTnTL3x4tMJus4uI=
-88,-51,0ZEemItEq/lFsYhAOYxZsr9kYe4=,UBzEYSzdgPdHTnTL3x4tMJus4uI=
-87,-52,0ZEemItEq/lFsYhAOYxZsr9kYe4=,UBzEYSzdgPdHTnTL3x4tMJus4uI=
-82,-52,0ZEemItEq/lFsYhAOYxZsr9kYe4=,UBzEYSzdgPdHTnTL3x4tMJus4uI=
-88,-50,0ZEemItEq/lFsYhAOYxZsr9kYe4=,UBzEYSzdgPdHTnTL3x4tMJus4uI=
-88,-52,0ZEemItEq/lFsYhAOYxZsr9kYe4=,UBzEYSzdgPdHTnTL3x4tMJus4uI=
-88,-45,0ZEemItEq/lFsYhAOYxZsr9kYe4=,4iEqIQ0ZvsYXPi0goqUECTcs58M=
-84,-41,0ZEemItEq/lFsYhAOYxZsr9kYe4=,4iEqIQ0ZvsYXPi0goqUECTcs58M=
-81,-46,0ZEemItEq/lFsYhAOYxZsr9kYe4=,4iEqIQ0ZvsYXPi0goqUECTcs58M=
-85,-41,0ZEemItEq/lFsYhAOYxZsr9kYe4=,4iEqIQ0ZvsYXPi0goqUECTcs58M=
-85,-42,0ZEemItEq/lFsYhAOYxZsr9kYe4=,4iEqIQ0ZvsYXPi0goqUECTcs58M=
-86,-42,0ZEemItEq/lFsYhAOYxZsr9kYe4=,4iEqIQ0ZvsYXPi0goqUECTcs58M=
-87,-42,0ZEemItEq/lFsYhAOYxZsr9kYe4=,4iEqIQ0ZvsYXPi0goqUECTcs58M=
-86,-41,0ZEemItEq/lFsYhAOYxZsr9kYe4=,4iEqIQ0ZvsYXPi0goqUECTcs58M=
-81,-47,0ZEemItEq/lFsYhAOYxZsr9kYe4=,4iEqIQ0ZvsYXPi0goqUECTcs58M=
-82,-46,0ZEemItEq/lFsYhAOYxZsr9kYe4=,4iEqIQ0ZvsYXPi0goqUECTcs58M=
-87,-43,0ZEemItEq/lFsYhAOYxZsr9kYe4=,4iEqIQ0ZvsYXPi0goqUECTcs58M=
-82,-47,0ZEemItEq/lFsYhAOYxZsr9kYe4=,4iEqIQ0ZvsYXPi0goqUECTcs58M=
-88,-44,0ZEemItEq/lFsYhAOYxZsr9kYe4=,4iEqIQ0ZvsYXPi0goqUECTcs58M=
-87,-44,0ZEemItEq/lFsYhAOYxZsr9kYe4=,4iEqIQ0ZvsYXPi0goqUECTcs58M=
-88,-42,0ZEemItEq/lFsYhAOYxZsr9kYe4=,4iEqIQ0ZvsYXPi0goqUECTcs58M=
-83,-46,0ZEemItEq/lFsYhAOYxZsr9kYe4=,4iEqIQ0ZvsYXPi0goqUECTcs58M=
-88,-43,0ZEemItEq/lFsYhAOYxZsr9kYe4=,4iEqIQ0ZvsYXPi0goqUECTcs58M=
-84,-46,0ZEemItEq/lFsYhAOYxZsr9kYe4=,4iEqIQ0ZvsYXPi0goqUECTcs58M=
-85,-46,0ZEemItEq/lFsYhAOYxZsr9kYe4=,4iEqIQ0ZvsYXPi0goqUECTcs58M=
-87,-41,0ZEemItEq/lFsYhAOYxZsr9kYe4=,4iEqIQ0ZvsYXPi0goqUECTcs58M=
-88,-41,0ZEemItEq/lFsYhAOYxZsr9kYe4=,4iEqIQ0ZvsYXPi0goqUECTcs58M=
-81,-45,0ZEemItEq/lFsYhAOYxZsr9kYe4=,4iEqIQ0ZvsYXPi0goqUECTcs58M=
-81,-43,0ZEemItEq/lFsYhAOYxZsr9kYe4=,4iEqIQ0ZvsYXPi0goqUECTcs58M=
-81,-44,0ZEemItEq/lFsYhAOYxZsr9kYe4=,4iEqIQ0ZvsYXPi0goqUECTcs58M=
-82,-43,0ZEemItEq/lFsYhAOYxZsr9kYe4=,4iEqIQ0ZvsYXPi0goqUECTcs58M=
-81,-42,0ZEemItEq/lFsYhAOYxZsr9kYe4=,4iEqIQ0ZvsYXPi0goqUECTcs58M=
-82,-42,0ZEemItEq/lFsYhAOYxZsr9kYe4=,4iEqIQ0ZvsYXPi0goqUECTcs58M=
-82,-45,0ZEemItEq/lFsYhAOYxZsr9kYe4=,4iEqIQ0ZvsYXPi0goqUECTcs58M=
-83,-43,0ZEemItEq/lFsYhAOYxZsr9kYe4=,4iEqIQ0ZvsYXPi0goqUECTcs58M=
-83,-42,0ZEemItEq/lFsYhAOYxZsr9kYe4=,4iEqIQ0ZvsYXPi0goqUECTcs58M=
-84,-42,0ZEemItEq/lFsYhAOYxZsr9kYe4=,4iEqIQ0ZvsYXPi0goqUECTcs58M=
-82,-44,0ZEemItEq/lFsYhAOYxZsr9kYe4=,4iEqIQ0ZvsYXPi0goqUECTcs58M=
-83,-45,0ZEemItEq/lFsYhAOYxZsr9kYe4=,4iEqIQ0ZvsYXPi0goqUECTcs58M=
-83,-44,0ZEemItEq/lFsYhAOYxZsr9kYe4=,4iEqIQ0ZvsYXPi0goqUECTcs58M=
-84,-45,0ZEemItEq/lFsYhAOYxZsr9kYe4=,4iEqIQ0ZvsYXPi0goqUECTcs58M=
-84,-43,0ZEemItEq/lFsYhAOYxZsr9kYe4=,4iEqIQ0ZvsYXPi0goqUECTcs58M=
-85,-45,0ZEemItEq/lFsYhAOYxZsr9kYe4=,4iEqIQ0ZvsYXPi0goqUECTcs58M=
-85,-43,0ZEemItEq/lFsYhAOYxZsr9kYe4=,4iEqIQ0ZvsYXPi0goqUECTcs58M=
-86,-45,0ZEemItEq/lFsYhAOYxZsr9kYe4=,4iEqIQ0ZvsYXPi0goqUECTcs58M=
-83,-47,0ZEemItEq/lFsYhAOYxZsr9kYe4=,4iEqIQ0ZvsYXPi0goqUECTcs58M=
-84,-47,0ZEemItEq/lFsYhAOYxZsr9kYe4=,4iEqIQ0ZvsYXPi0goqUECTcs58M=
-85,-47,0ZEemItEq/lFsYhAOYxZsr9kYe4=,4iEqIQ0ZvsYXPi0goqUECTcs58M=
-87,-47,0ZEemItEq/lFsYhAOYxZsr9kYe4=,4iEqIQ0ZvsYXPi0goqUECTcs58M=
-86,-47,0ZEemItEq/lFsYhAOYxZsr9kYe4=,4iEqIQ0ZvsYXPi0goqUECTcs58M=
-87,-45,0ZEemItEq/lFsYhAOYxZsr9kYe4=,4iEqIQ0ZvsYXPi0goqUECTcs58M=
-86,-43,0ZEemItEq/lFsYhAOYxZsr9kYe4=,4iEqIQ0ZvsYXPi0goqUECTcs58M=
-84,-44,0ZEemItEq/lFsYhAOYxZsr9kYe4=,4iEqIQ0ZvsYXPi0goqUECTcs58M=
-88,-47,0ZEemItEq/lFsYhAOYxZsr9kYe4=,4iEqIQ0ZvsYXPi0goqUECTcs58M=
-86,-46,0ZEemItEq/lFsYhAOYxZsr9kYe4=,4iEqIQ0ZvsYXPi0goqUECTcs58M=
-82,-41,0ZEemItEq/lFsYhAOYxZsr9kYe4=,4iEqIQ0ZvsYXPi0goqUECTcs58M=
-85,-44,0ZEemItEq/lFsYhAOYxZsr9kYe4=,4iEqIQ0ZvsYXPi0goqUECTcs58M=
-87,-46,0ZEemItEq/lFsYhAOYxZsr9kYe4=,4iEqIQ0ZvsYXPi0goqUECTcs58M=
-83,-41,0ZEemItEq/lFsYhAOYxZsr9kYe4=,4iEqIQ0ZvsYXPi0goqUECTcs58M=
-88,-46,0ZEemItEq/lFsYhAOYxZsr9kYe4=,4iEqIQ0ZvsYXPi0goqUECTcs58M=
-86,-44,0ZEemItEq/lFsYhAOYxZsr9kYe4=,4iEqIQ0ZvsYXPi0goqUECTcs58M=
-81,-41,0ZEemItEq/lFsYhAOYxZsr9kYe4=,4iEqIQ0ZvsYXPi0goqUECTcs58M=
-81,-48,0ZEemItEq/lFsYhAOYxZsr9kYe4=,4iEqIQ0ZvsYXPi0goqUECTcs58M=
-86,-48,0ZEemItEq/lFsYhAOYxZsr9kYe4=,4iEqIQ0ZvsYXPi0goqUECTcs58M=
-85,-48,0ZEemItEq/lFsYhAOYxZsr9kYe4=,4iEqIQ0ZvsYXPi0goqUECTcs58M=
-83,-48,0ZEemItEq/lFsYhAOYxZsr9kYe4=,4iEqIQ0ZvsYXPi0goqUECTcs58M=
-82,-48,0ZEemItEq/lFsYhAOYxZsr9kYe4=,4iEqIQ0ZvsYXPi0goqUECTcs58M=
-87,-48,0ZEemItEq/lFsYhAOYxZsr9kYe4=,4iEqIQ0ZvsYXPi0goqUECTcs58M=
-84,-48,0ZEemItEq/lFsYhAOYxZsr9kYe4=,4iEqIQ0ZvsYXPi0goqUECTcs58M=
-88,-48,0ZEemItEq/lFsYhAOYxZsr9kYe4=,4iEqIQ0ZvsYXPi0goqUECTcs58M=
