80,-133,zm3n4k5Vr8SQKj9+GrFtet6yLzw=,IWYxsD6SKu6pP8aGheRGEtxZ3gE=
86,-137,zm3n4k5Vr8SQKj9+GrFtet6yLzw=,qw+g8siJm7vc0i/QLiVFqvwVZIQ=
81,-139,zm3n4k5Vr8SQKj9+GrFtet6yLzw=,qw+g8siJm7vc0i/QLiVFqvwVZIQ=
82,-140,zm3n4k5Vr8SQKj9+GrFtet6yLzw=,qw+g8siJm7vc0i/QLiVFqvwVZIQ=
81,-140,zm3n4k5Vr8SQKj9+GrFtet6yLzw=,qw+g8siJm7vc0i/QLiVFqvwVZIQ=
83,-140,zm3n4k5Vr8SQKj9+GrFtet6yLzw=,qw+g8siJm7vc0i/QLiVFqvwVZIQ=
80,-134,zm3n4k5Vr8SQKj9+GrFtet6yLzw=,IWYxsD6SKu6pP8aGheRGEtxZ3gE=
80,-137,zm3n4k5Vr8SQKj9+GrFtet6yLzw=,qw+g8siJm7vc0i/QLiVFqvwVZIQ=
85,-137,zm3n4k5Vr8SQKj9+GrFtet6yLzw=,qw+g8siJm7vc0i/QLiVFqvwVZIQ=
82,-136,zm3n4k5Vr8SQKj9+GrFtet6yLzw=,IWYxsD6SKu6pP8aGheRGEtxZ3gE=
82,-139,zm3n4k5Vr8SQKj9+GrFtet6yLzw=,qw+g8siJm7vc0i/QLiVFqvwVZIQ=
81,-136,zm3n4k5Vr8SQKj9+GrFtet6yLzw=,IWYxsD6SKu6pP8aGheRGEtxZ3gE=
80,-135,zm3n4k5Vr8SQKj9+GrFtet6yLzw=,IWYxsD6SKu6pP8aGheRGEtxZ3gE=
84,-137,zm3n4k5Vr8SQKj9+GrFtet6yLzw=,qw+g8siJm7vc0i/QLiVFqvwVZIQ=
83,-139,zm3n4k5Vr8SQKj9+GrFtet6yLzw=,qw+g8siJm7vc0i/QLiVFqvwVZIQ=
80,-138,zm3n4k5Vr8SQKj9+GrFtet6yLzw=,qw+g8siJm7vc0i/QLiVFqvwVZIQ=
83,-136,zm3n4k5Vr8SQKj9+GrFtet6yLzw=,IWYxsD6SKu6pP8aGheRGEtxZ3gE=
81,-135,zm3n4k5Vr8SQKj9+GrFtet6yLzw=,IWYxsD6SKu6pP8aGheRGEtxZ3gE=
87,-138,zm3n4k5Vr8SQKj9+GrFtet6yLzw=,qw+g8siJm7vc0i/QLiVFqvwVZIQ=
80,-136,zm3n4k5Vr8SQKj9+GrFtet6yLzw=,IWYxsD6SKu6pP8aGheRGEtxZ3gE=
80,-139,zm3n4k5Vr8SQKj9+GrFtet6yLzw=,qw+g8siJm7vc0i/QLiVFqvwVZIQ=
82,-135,zm3n4k5Vr8SQKj9+GrFtet6yLzw=,IWYxsD6SKu6pP8aGheRGEtxZ3gE=
86,-138,zm3n4k5Vr8SQKj9+GrFtet6yLzw=,qw+g8siJm7vc0i/QLiVFqvwVZIQ=
87,-137,zm3n4k5Vr8SQKj9+GrFtet6yLzw=,qw+g8siJm7vc0i/QLiVFqvwVZIQ=
83,-133,zm3n4k5Vr8SQKj9+GrFtet6yLzw=,IWYxsD6SKu6pP8aGheRGEtxZ3gE=
80,-140,zm3n4k5Vr8SQKj9+GrFtet6yLzw=,qw+g8siJm7vc0i/QLiVFqvwVZIQ=
81,-138,zm3n4k5Vr8SQKj9+GrFtet6yLzw=,qw+g8siJm7vc0i/QLiVFqvwVZIQ=
82,-138,zm3n4k5Vr8SQKj9+GrFtet6yLzw=,qw+g8siJm7vc0i/QLiVFqvwVZIQ=
85,-138,zm3n4k5Vr8SQKj9+GrFtet6yLzw=,qw+g8siJm7vc0i/QLiVFqvwVZIQ=
83,-138,zm3n4k5Vr8SQKj9+GrFtet6yLzw=,qw+g8siJm7vc0i/QLiVFqvwVZIQ=
82,-133,zm3n4k5Vr8SQKj9+GrFtet6yLzw=,IWYxsD6SKu6pP8aGheRGEtxZ3gE=
83,-134,zm3n4k5Vr8SQKj9+GrFtet6yLzw=,IWYxsD6SKu6pP8aGheRGEtxZ3gE=
82,-134,zm3n4k5Vr8SQKj9+GrFtet6yLzw=,IWYxsD6SKu6pP8aGheRGEtxZ3gE=
81,-133,zm3n4k5Vr8SQKj9+GrFtet6yLzw=,IWYxsD6SKu6pP8aGheRGEtxZ3gE=
81,-137,zm3n4k5Vr8SQKj9+GrFtet6yLzw=,qw+g8siJm7vc0i/QLiVFqvwVZIQ=
82,-137,zm3n4k5Vr8SQKj9+GrFtet6yLzw=,qw+g8siJm7vc0i/QLiVFqvwVZIQ=
90,-134,zm3n4k5Vr8SQKj9+GrFtet6yLzw=,e3gZVW16lCOty9tJcaluOGkpIns=
84,-138,zm3n4k5Vr8SQKj9+GrFtet6yLzw=,qw+g8siJm7vc0i/QLiVFqvwVZIQ=
89,-140,zm3n4k5Vr8SQKj9+GrFtet6yLzw=,T0Jo8fg6fhOGBhdbKlWAfqHoaQ4=
83,-137,zm3n4k5Vr8SQKj9+GrFtet6yLzw=,qw+g8siJm7vc0i/QLiVFqvwVZIQ=
87,-139,zm3n4k5Vr8SQKj9+GrFtet6yLzw=,qw+g8siJm7vc0i/QLiVFqvwVZIQ=
91,-140,zm3n4k5Vr8SQKj9+GrFtet6yLzw=,T0Jo8fg6fhOGBhdbKlWAfqHoaQ4=
83,-135,zm3n4k5Vr8SQKj9+GrFtet6yLzw=,IWYxsD6SKu6pP8aGheRGEtxZ3gE=
90,-140,zm3n4k5Vr8SQKj9+GrFtet6yLzw=,T0Jo8fg6fhOGBhdbKlWAfqHoaQ4=
88,-137,zm3n4k5Vr8SQKj9+GrFtet6yLzw=,T0Jo8fg6fhOGBhdbKlWAfqHoaQ4=
86,-135,zm3n4k5Vr8SQKj9+GrFtet6yLzw=,IWYxsD6SKu6pP8aGheRGEtxZ3gE=
85,-136,zm3n4k5Vr8SQKj9+GrFtet6yLzw=,IWYxsD6SKu6pP8aGheRGEtxZ3gE=
81,-134,zm3n4k5Vr8SQKj9+GrFtet6yLzw=,IWYxsD6SKu6pP8aGheRGEtxZ3gE=
84,-136,zm3n4k5Vr8SQKj9+GrFtet6yLzw=,IWYxsD6SKu6pP8aGheRGEtxZ3gE=
85,-134,zm3n4k5Vr8SQKj9+GrFtet6yLzw=,IWYxsD6SKu6pP8aGheRGEtxZ3gE=
90,-133,zm3n4k5Vr8SQKj9+GrFtet6yLzw=,e3gZVW16lCOty9tJcaluOGkpIns=
84,-133,zm3n4k5Vr8SQKj9+GrFtet6yLzw=,IWYxsD6SKu6pP8aGheRGEtxZ3gE=
85,-135,zm3n4k5Vr8SQKj9+GrFtet6yLzw=,IWYxsD6SKu6pP8aGheRGEtxZ3gE=
86,-134,zm3n4k5Vr8SQKj9+GrFtet6yLzw=,IWYxsD6SKu6pP8aGheRGEtxZ3gE=
86,-139,zm3n4k5Vr8SQKj9+GrFtet6yLzw=,qw+g8siJm7vc0i/QLiVFqvwVZIQ=
89,-137,zm3n4k5Vr8SQKj9+GrFtet6yLzw=,T0Jo8fg6fhOGBhdbKlWAfqHoaQ4=
85,-133,zm3n4k5Vr8SQKj9+GrFtet6yLzw=,IWYxsD6SKu6pP8aGheRGEtxZ3gE=
89,-139,zm3n4k5Vr8SQKj9+GrFtet6yLzw=,T0Jo8fg6fhOGBhdbKlWAfqHoaQ4=
86,-136,zm3n4k5Vr8SQKj9+GrFtet6yLzw=,IWYxsD6SKu6pP8aGheRGEtxZ3gE=
95,-136,zm3n4k5Vr8SQKj9+GrFtet6yLzw=,e3gZVW16lCOty9tJcaluOGkpIns=
84,-134,zm3n4k5Vr8SQKj9+GrFtet6yLzw=,IWYxsD6SKu6pP8aGheRGEtxZ3gE=
87,-135,zm3n4k5Vr8SQKj9+GrFtet6yLzw=,IWYxsD6SKu6pP8aGheRGEtxZ3gE=
90,-139,zm3n4k5Vr8SQKj9+GrFtet6yLzw=,T0Jo8fg6fhOGBhdbKlWAfqHoaQ4=
85,-139,zm3n4k5Vr8SQKj9+GrFtet6yLzw=,qw+g8siJm7vc0i/QLiVFqvwVZIQ=
92,-135,zm3n4k5Vr8SQKj9+GrFtet6yLzw=,e3gZVW16lCOty9tJcaluOGkpIns=
87,-129,zm3n4k5Vr8SQKj9+GrFtet6yLzw=,IWYxsD6SKu6pP8aGheRGEtxZ3gE=
95,-138,zm3n4k5Vr8SQKj9+GrFtet6yLzw=,T0Jo8fg6fhOGBhdbKlWAfqHoaQ4=
84,-140,zm3n4k5Vr8SQKj9+GrFtet6yLzw=,qw+g8siJm7vc0i/QLiVFqvwVZIQ=
84,-135,zm3n4k5Vr8SQKj9+GrFtet6yLzw=,IWYxsD6SKu6pP8aGheRGEtxZ3gE=
90,-135,zm3n4k5Vr8SQKj9+GrFtet6yLzw=,e3gZVW16lCOty9tJcaluOGkpIns=
90,-137,zm3n4k5Vr8SQKj9+GrFtet6yLzw=,T0Jo8fg6fhOGBhdbKlWAfqHoaQ4=
89,-138,zm3n4k5Vr8SQKj9+GrFtet6yLzw=,T0Jo8fg6fhOGBhdbKlWAfqHoaQ4=
84,-139,zm3n4k5Vr8SQKj9+GrFtet6yLzw=,qw+g8siJm7vc0i/QLiVFqvwVZIQ=
85,-140,zm3n4k5Vr8SQKj9+GrFtet6yLzw=,qw+g8siJm7vc0i/QLiVFqvwVZIQ=
87,-132,zm3n4k5Vr8SQKj9+GrFtet6yLzw=,IWYxsD6SKu6pP8aGheRGEtxZ3gE=
91,-139,zm3n4k5Vr8SQKj9+GrFtet6yLzw=,T0Jo8fg6fhOGBhdbKlWAfqHoaQ4=
86,-140,zm3n4k5Vr8SQKj9+GrFtet6yLzw=,qw+g8siJm7vc0i/QLiVFqvwVZIQ=
88,-133,zm3n4k5Vr8SQKj9+GrFtet6yLzw=,e3gZVW16lCOty9tJcaluOGkpIns=
88,-136,zm3n4k5Vr8SQKj9+GrFtet6yLzw=,e3gZVW16lCOty9tJcaluOGkpIns=
92,-134,zm3n4k5Vr8SQKj9+GrFtet6yLzw=,e3gZVW16lCOty9tJcaluOGkpIns=
91,-144,zm3n4k5Vr8SQKj9+GrFtet6yLzw=,T0Jo8fg6fhOGBhdbKlWAfqHoaQ4=
91,-137,zm3n4k5Vr8SQKj9+GrFtet6yLzw=,T0Jo8fg6fhOGBhdbKlWAfqHoaQ4=
86,-133,zm3n4k5Vr8SQKj9+GrFtet6yLzw=,IWYxsD6SKu6pP8aGheRGEtxZ3gE=
87,-136,zm3n4k5Vr8SQKj9+GrFtet6yLzw=,IWYxsD6SKu6pP8aGheRGEtxZ3gE=
90,-138,zm3n4k5Vr8SQKj9+GrFtet6yLzw=,T0Jo8fg6fhOGBhdbKlWAfqHoaQ4=
95,-139,zm3n4k5Vr8SQKj9+GrFtet6yLzw=,T0Jo8fg6fhOGBhdbKlWAfqHoaQ4=
87,-140,zm3n4k5Vr8SQKj9+GrFtet6yLzw=,qw+g8siJm7vc0i/QLiVFqvwVZIQ=
88,-139,zm3n4k5Vr8SQKj9+GrFtet6yLzw=,T0Jo8fg6fhOGBhdbKlWAfqHoaQ4=
92,-133,zm3n4k5Vr8SQKj9+GrFtet6yLzw=,e3gZVW16lCOty9tJcaluOGkpIns=
87,-131,zm3n4k5Vr8SQKj9+GrFtet6yLzw=,IWYxsD6SKu6pP8aGheRGEtxZ3gE=
90,-144,zm3n4k5Vr8SQKj9+GrFtet6yLzw=,T0Jo8fg6fhOGBhdbKlWAfqHoaQ4=
89,-133,zm3n4k5Vr8SQKj9+GrFtet6yLzw=,e3gZVW16lCOty9tJcaluOGkpIns=
95,-137,zm3n4k5Vr8SQKj9+GrFtet6yLzw=,T0Jo8fg6fhOGBhdbKlWAfqHoaQ4=
91,-138,zm3n4k5Vr8SQKj9+GrFtet6yLzw=,T0Jo8fg6fhOGBhdbKlWAfqHoaQ4=
91,-135,zm3n4k5Vr8SQKj9+GrFtet6yLzw=,e3gZVW16lCOty9tJcaluOGkpIns=
88,-138,zm3n4k5Vr8SQKj9+GrFtet6yLzw=,T0Jo8fg6fhOGBhdbKlWAfqHoaQ4=
90,-129,zm3n4k5Vr8SQKj9+GrFtet6yLzw=,e3gZVW16lCOty9tJcaluOGkpIns=
88,-135,zm3n4k5Vr8SQKj9+GrFtet6yLzw=,e3gZVW16lCOty9tJcaluOGkpIns=
88,-134,zm3n4k5Vr8SQKj9+GrFtet6yLzw=,e3gZVW16lCOty9tJcaluOGkpIns=
87,-134,zm3n4k5Vr8SQKj9+GrFtet6yLzw=,IWYxsD6SKu6pP8aGheRGEtxZ3gE=
91,-129,zm3n4k5Vr8SQKj9+GrFtet6yLzw=,e3gZVW16lCOty9tJcaluOGkpIns=
93,-135,zm3n4k5Vr8SQKj9+GrFtet6yLzw=,e3gZVW16lCOty9tJcaluOGkpIns=
92,-140,zm3n4k5Vr8SQKj9+GrFtet6yLzw=,T0Jo8fg6fhOGBhdbKlWAfqHoaQ4=
87,-130,zm3n4k5Vr8SQKj9+GrFtet6yLzw=,IWYxsD6SKu6pP8aGheRGEtxZ3gE=
88,-131,zm3n4k5Vr8SQKj9+GrFtet6yLzw=,e3gZVW16lCOty9tJcaluOGkpIns=
95,-140,zm3n4k5Vr8SQKj9+GrFtet6yLzw=,T0Jo8fg6fhOGBhdbKlWAfqHoaQ4=
89,-144,zm3n4k5Vr8SQKj9+GrFtet6yLzw=,T0Jo8fg6fhOGBhdbKlWAfqHoaQ4=
88,-140,zm3n4k5Vr8SQKj9+GrFtet6yLzw=,T0Jo8fg6fhOGBhdbKlWAfqHoaQ4=
92,-137,zm3n4k5Vr8SQKj9+GrFtet6yLzw=,T0Jo8fg6fhOGBhdbKlWAfqHoaQ4=
89,-134,zm3n4k5Vr8SQKj9+GrFtet6yLzw=,e3gZVW16lCOty9tJcaluOGkpIns=
86,-131,zm3n4k5Vr8SQKj9+GrFtet6yLzw=,IWYxsD6SKu6pP8aGheRGEtxZ3gE=
90,-136,zm3n4k5Vr8SQKj9+GrFtet6yLzw=,e3gZVW16lCOty9tJcaluOGkpIns=
91,-133,zm3n4k5Vr8SQKj9+GrFtet6yLzw=,e3gZVW16lCOty9tJcaluOGkpIns=
91,-134,zm3n4k5Vr8SQKj9+GrFtet6yLzw=,e3gZVW16lCOty9tJcaluOGkpIns=
89,-136,zm3n4k5Vr8SQKj9+GrFtet6yLzw=,e3gZVW16lCOty9tJcaluOGkpIns=
85,-131,zm3n4k5Vr8SQKj9+GrFtet6yLzw=,IWYxsD6SKu6pP8aGheRGEtxZ3gE=
87,-133,zm3n4k5Vr8SQKj9+GrFtet6yLzw=,IWYxsD6SKu6pP8aGheRGEtxZ3gE=
93,-137,zm3n4k5Vr8SQKj9+GrFtet6yLzw=,T0Jo8fg6fhOGBhdbKlWAfqHoaQ4=
88,-143,zm3n4k5Vr8SQKj9+GrFtet6yLzw=,T0Jo8fg6fhOGBhdbKlWAfqHoaQ4=
89,-135,zm3n4k5Vr8SQKj9+GrFtet6yLzw=,e3gZVW16lCOty9tJcaluOGkpIns=
91,-136,zm3n4k5Vr8SQKj9+GrFtet6yLzw=,e3gZVW16lCOty9tJcaluOGkpIns=
93,-134,zm3n4k5Vr8SQKj9+GrFtet6yLzw=,e3gZVW16lCOty9tJcaluOGkpIns=
88,-130,zm3n4k5Vr8SQKj9+GrFtet6yLzw=,e3gZVW16lCOty9tJcaluOGkpIns=
84,-131,zm3n4k5Vr8SQKj9+GrFtet6yLzw=,IWYxsD6SKu6pP8aGheRGEtxZ3gE=
89,-132,zm3n4k5Vr8SQKj9+GrFtet6yLzw=,e3gZVW16lCOty9tJcaluOGkpIns=
91,-130,zm3n4k5Vr8SQKj9+GrFtet6yLzw=,e3gZVW16lCOty9tJcaluOGkpIns=
86,-132,zm3n4k5Vr8SQKj9+GrFtet6yLzw=,IWYxsD6SKu6pP8aGheRGEtxZ3gE=
90,-130,zm3n4k5Vr8SQKj9+GrFtet6yLzw=,e3gZVW16lCOty9tJcaluOGkpIns=
89,-130,zm3n4k5Vr8SQKj9+GrFtet6yLzw=,e3gZVW16lCOty9tJcaluOGkpIns=
88,-141,zm3n4k5Vr8SQKj9+GrFtet6yLzw=,T0Jo8fg6fhOGBhdbKlWAfqHoaQ4=
94,-134,zm3n4k5Vr8SQKj9+GrFtet6yLzw=,e3gZVW16lCOty9tJcaluOGkpIns=
94,-137,zm3n4k5Vr8SQKj9+GrFtet6yLzw=,T0Jo8fg6fhOGBhdbKlWAfqHoaQ4=
85,-132,zm3n4k5Vr8SQKj9+GrFtet6yLzw=,IWYxsD6SKu6pP8aGheRGEtxZ3gE=
91,-131,zm3n4k5Vr8SQKj9+GrFtet6yLzw=,e3gZVW16lCOty9tJcaluOGkpIns=
90,-132,zm3n4k5Vr8SQKj9+GrFtet6yLzw=,e3gZVW16lCOty9tJcaluOGkpIns=
90,-131,zm3n4k5Vr8SQKj9+GrFtet6yLzw=,e3gZVW16lCOty9tJcaluOGkpIns=
88,-142,zm3n4k5Vr8SQKj9+GrFtet6yLzw=,T0Jo8fg6fhOGBhdbKlWAfqHoaQ4=
91,-132,zm3n4k5Vr8SQKj9+GrFtet6yLzw=,e3gZVW16lCOty9tJcaluOGkpIns=
88,-132,zm3n4k5Vr8SQKj9+GrFtet6yLzw=,e3gZVW16lCOty9tJcaluOGkpIns=
93,-133,zm3n4k5Vr8SQKj9+GrFtet6yLzw=,e3gZVW16lCOty9tJcaluOGkpIns=
89,-131,zm3n4k5Vr8SQKj9+GrFtet6yLzw=,e3gZVW16lCOty9tJcaluOGkpIns=
84,-132,zm3n4k5Vr8SQKj9+GrFtet6yLzw=,IWYxsD6SKu6pP8aGheRGEtxZ3gE=
89,-129,zm3n4k5Vr8SQKj9+GrFtet6yLzw=,e3gZVW16lCOty9tJcaluOGkpIns=
91,-143,zm3n4k5Vr8SQKj9+GrFtet6yLzw=,T0Jo8fg6fhOGBhdbKlWAfqHoaQ4=
86,-129,zm3n4k5Vr8SQKj9+GrFtet6yLzw=,IWYxsD6SKu6pP8aGheRGEtxZ3gE=
85,-130,zm3n4k5Vr8SQKj9+GrFtet6yLzw=,IWYxsD6SKu6pP8aGheRGEtxZ3gE=
84,-130,zm3n4k5Vr8SQKj9+GrFtet6yLzw=,IWYxsD6SKu6pP8aGheRGEtxZ3gE=
94,-138,zm3n4k5Vr8SQKj9+GrFtet6yLzw=,T0Jo8fg6fhOGBhdbKlWAfqHoaQ4=
86,-130,zm3n4k5Vr8SQKj9+GrFtet6yLzw=,IWYxsD6SKu6pP8aGheRGEtxZ3gE=
94,-133,zm3n4k5Vr8SQKj9+GrFtet6yLzw=,e3gZVW16lCOty9tJcaluOGkpIns=
85,-129,zm3n4k5Vr8SQKj9+GrFtet6yLzw=,IWYxsD6SKu6pP8aGheRGEtxZ3gE=
92,-129,zm3n4k5Vr8SQKj9+GrFtet6yLzw=,e3gZVW16lCOty9tJcaluOGkpIns=
90,-143,zm3n4k5Vr8SQKj9+GrFtet6yLzw=,T0Jo8fg6fhOGBhdbKlWAfqHoaQ4=
80,-129,zm3n4k5Vr8SQKj9+GrFtet6yLzw=,IWYxsD6SKu6pP8aGheRGEtxZ3gE=
93,-140,zm3n4k5Vr8SQKj9+GrFtet6yLzw=,T0Jo8fg6fhOGBhdbKlWAfqHoaQ4=
93,-138,zm3n4k5Vr8SQKj9+GrFtet6yLzw=,T0Jo8fg6fhOGBhdbKlWAfqHoaQ4=
88,-129,zm3n4k5Vr8SQKj9+GrFtet6yLzw=,e3gZVW16lCOty9tJcaluOGkpIns=
94,-135,zm3n4k5Vr8SQKj9+GrFtet6yLzw=,e3gZVW16lCOty9tJcaluOGkpIns=
89,-143,zm3n4k5Vr8SQKj9+GrFtet6yLzw=,T0Jo8fg6fhOGBhdbKlWAfqHoaQ4=
84,-129,zm3n4k5Vr8SQKj9+GrFtet6yLzw=,IWYxsD6SKu6pP8aGheRGEtxZ3gE=
95,-141,zm3n4k5Vr8SQKj9+GrFtet6yLzw=,T0Jo8fg6fhOGBhdbKlWAfqHoaQ4=
93,-129,zm3n4k5Vr8SQKj9+GrFtet6yLzw=,e3gZVW16lCOty9tJcaluOGkpIns=
92,-138,zm3n4k5Vr8SQKj9+GrFtet6yLzw=,T0Jo8fg6fhOGBhdbKlWAfqHoaQ4=
95,-129,zm3n4k5Vr8SQKj9+GrFtet6yLzw=,e3gZVW16lCOty9tJcaluOGkpIns=
91,-141,zm3n4k5Vr8SQKj9+GrFtet6yLzw=,T0Jo8fg6fhOGBhdbKlWAfqHoaQ4=
94,-139,zm3n4k5Vr8SQKj9+GrFtet6yLzw=,T0Jo8fg6fhOGBhdbKlWAfqHoaQ4=
80,-130,zm3n4k5Vr8SQKj9+GrFtet6yLzw=,IWYxsD6SKu6pP8aGheRGEtxZ3gE=
95,-144,zm3n4k5Vr8SQKj9+GrFtet6yLzw=,T0Jo8fg6fhOGBhdbKlWAfqHoaQ4=
93,-136,zm3n4k5Vr8SQKj9+GrFtet6yLzw=,e3gZVW16lCOty9tJcaluOGkpIns=
92,-142,zm3n4k5Vr8SQKj9+GrFtet6yLzw=,T0Jo8fg6fhOGBhdbKlWAfqHoaQ4=
94,-140,zm3n4k5Vr8SQKj9+GrFtet6yLzw=,T0Jo8fg6fhOGBhdbKlWAfqHoaQ4=
90,-141,zm3n4k5Vr8SQKj9+GrFtet6yLzw=,T0Jo8fg6fhOGBhdbKlWAfqHoaQ4=
94,-129,zm3n4k5Vr8SQKj9+GrFtet6yLzw=,e3gZVW16lCOty9tJcaluOGkpIns=
80,-131,zm3n4k5Vr8SQKj9+GrFtet6yLzw=,IWYxsD6SKu6pP8aGheRGEtxZ3gE=
95,-143,zm3n4k5Vr8SQKj9+GrFtet6yLzw=,T0Jo8fg6fhOGBhdbKlWAfqHoaQ4=
92,-130,zm3n4k5Vr8SQKj9+GrFtet6yLzw=,e3gZVW16lCOty9tJcaluOGkpIns=
93,-142,zm3n4k5Vr8SQKj9+GrFtet6yLzw=,T0Jo8fg6fhOGBhdbKlWAfqHoaQ4=
92,-131,zm3n4k5Vr8SQKj9+GrFtet6yLzw=,e3gZVW16lCOty9tJcaluOGkpIns=
92,-139,zm3n4k5Vr8SQKj9+GrFtet6yLzw=,T0Jo8fg6fhOGBhdbKlWAfqHoaQ4=
93,-139,zm3n4k5Vr8SQKj9+GrFtet6yLzw=,T0Jo8fg6fhOGBhdbKlWAfqHoaQ4=
92,-136,zm3n4k5Vr8SQKj9+GrFtet6yLzw=,e3gZVW16lCOty9tJcaluOGkpIns=
82,-129,zm3n4k5Vr8SQKj9+GrFtet6yLzw=,IWYxsD6SKu6pP8aGheRGEtxZ3gE=
92,-141,zm3n4k5Vr8SQKj9+GrFtet6yLzw=,T0Jo8fg6fhOGBhdbKlWAfqHoaQ4=
93,-141,zm3n4k5Vr8SQKj9+GrFtet6yLzw=,T0Jo8fg6fhOGBhdbKlWAfqHoaQ4=
83,-129,zm3n4k5Vr8SQKj9+GrFtet6yLzw=,IWYxsD6SKu6pP8aGheRGEtxZ3gE=
95,-133,zm3n4k5Vr8SQKj9+GrFtet6yLzw=,e3gZVW16lCOty9tJcaluOGkpIns=
89,-142,zm3n4k5Vr8SQKj9+GrFtet6yLzw=,T0Jo8fg6fhOGBhdbKlWAfqHoaQ4=
81,-129,zm3n4k5Vr8SQKj9+GrFtet6yLzw=,IWYxsD6SKu6pP8aGheRGEtxZ3gE=
80,-144,zm3n4k5Vr8SQKj9+GrFtet6yLzw=,qw+g8siJm7vc0i/QLiVFqvwVZIQ=
88,-144,zm3n4k5Vr8SQKj9+GrFtet6yLzw=,T0Jo8fg6fhOGBhdbKlWAfqHoaQ4=
90,-142,zm3n4k5Vr8SQKj9+GrFtet6yLzw=,T0Jo8fg6fhOGBhdbKlWAfqHoaQ4=
91,-142,zm3n4k5Vr8SQKj9+GrFtet6yLzw=,T0Jo8fg6fhOGBhdbKlWAfqHoaQ4=
93,-131,zm3n4k5Vr8SQKj9+GrFtet6yLzw=,e3gZVW16lCOty9tJcaluOGkpIns=
95,-135,zm3n4k5Vr8SQKj9+GrFtet6yLzw=,e3gZVW16lCOty9tJcaluOGkpIns=
81,-144,zm3n4k5Vr8SQKj9+GrFtet6yLzw=,qw+g8siJm7vc0i/QLiVFqvwVZIQ=
82,-132,zm3n4k5Vr8SQKj9+GrFtet6yLzw=,IWYxsD6SKu6pP8aGheRGEtxZ3gE=
83,-132,zm3n4k5Vr8SQKj9+GrFtet6yLzw=,IWYxsD6SKu6pP8aGheRGEtxZ3gE=
85,-143,zm3n4k5Vr8SQKj9+GrFtet6yLzw=,qw+g8siJm7vc0i/QLiVFqvwVZIQ=
81,-131,zm3n4k5Vr8SQKj9+GrFtet6yLzw=,IWYxsD6SKu6pP8aGheRGEtxZ3gE=
82,-131,zm3n4k5Vr8SQKj9+GrFtet6yLzw=,IWYxsD6SKu6pP8aGheRGEtxZ3gE=
83,-131,zm3n4k5Vr8SQKj9+GrFtet6yLzw=,IWYxsD6SKu6pP8aGheRGEtxZ3gE=
81,-130,zm3n4k5Vr8SQKj9+GrFtet6yLzw=,IWYxsD6SKu6pP8aGheRGEtxZ3gE=
82,-144,zm3n4k5Vr8SQKj9+GrFtet6yLzw=,qw+g8siJm7vc0i/QLiVFqvwVZIQ=
93,-130,zm3n4k5Vr8SQKj9+GrFtet6yLzw=,e3gZVW16lCOty9tJcaluOGkpIns=
86,-143,zm3n4k5Vr8SQKj9+GrFtet6yLzw=,qw+g8siJm7vc0i/QLiVFqvwVZIQ=
83,-130,zm3n4k5Vr8SQKj9+GrFtet6yLzw=,IWYxsD6SKu6pP8aGheRGEtxZ3gE=
94,-142,zm3n4k5Vr8SQKj9+GrFtet6yLzw=,T0Jo8fg6fhOGBhdbKlWAfqHoaQ4=
82,-130,zm3n4k5Vr8SQKj9+GrFtet6yLzw=,IWYxsD6SKu6pP8aGheRGEtxZ3gE=
83,-144,zm3n4k5Vr8SQKj9+GrFtet6yLzw=,qw+g8siJm7vc0i/QLiVFqvwVZIQ=
94,-131,zm3n4k5Vr8SQKj9+GrFtet6yLzw=,e3gZVW16lCOty9tJcaluOGkpIns=
95,-131,zm3n4k5Vr8SQKj9+GrFtet6yLzw=,e3gZVW16lCOty9tJcaluOGkpIns=
95,-130,zm3n4k5Vr8SQKj9+GrFtet6yLzw=,e3gZVW16lCOty9tJcaluOGkpIns=
80,-132,zm3n4k5Vr8SQKj9+GrFtet6yLzw=,IWYxsD6SKu6pP8aGheRGEtxZ3gE=
93,-132,zm3n4k5Vr8SQKj9+GrFtet6yLzw=,e3gZVW16lCOty9tJcaluOGkpIns=
95,-132,zm3n4k5Vr8SQKj9+GrFtet6yLzw=,e3gZVW16lCOty9tJcaluOGkpIns=
87,-143,zm3n4k5Vr8SQKj9+GrFtet6yLzw=,qw+g8siJm7vc0i/QLiVFqvwVZIQ=
84,-144,zm3n4k5Vr8SQKj9+GrFtet6yLzw=,qw+g8siJm7vc0i/QLiVFqvwVZIQ=
83,-142,zm3n4k5Vr8SQKj9+GrFtet6yLzw=,qw+g8siJm7vc0i/QLiVFqvwVZIQ=
81,-132,zm3n4k5Vr8SQKj9+GrFtet6yLzw=,IWYxsD6SKu6pP8aGheRGEtxZ3gE=
84,-142,zm3n4k5Vr8SQKj9+GrFtet6yLzw=,qw+g8siJm7vc0i/QLiVFqvwVZIQ=
81,-142,zm3n4k5Vr8SQKj9+GrFtet6yLzw=,qw+g8siJm7vc0i/QLiVFqvwVZIQ=
92,-132,zm3n4k5Vr8SQKj9+GrFtet6yLzw=,e3gZVW16lCOty9tJcaluOGkpIns=
85,-142,zm3n4k5Vr8SQKj9+GrFtet6yLzw=,qw+g8siJm7vc0i/QLiVFqvwVZIQ=
85,-144,zm3n4k5Vr8SQKj9+GrFtet6yLzw=,qw+g8siJm7vc0i/QLiVFqvwVZIQ=
89,-141,zm3n4k5Vr8SQKj9+GrFtet6yLzw=,T0Jo8fg6fhOGBhdbKlWAfqHoaQ4=
94,-130,zm3n4k5Vr8SQKj9+GrFtet6yLzw=,e3gZVW16lCOty9tJcaluOGkpIns=
86,-142,zm3n4k5Vr8SQKj9+GrFtet6yLzw=,qw+g8siJm7vc0i/QLiVFqvwVZIQ=
84,-141,zm3n4k5Vr8SQKj9+GrFtet6yLzw=,qw+g8siJm7vc0i/QLiVFqvwVZIQ=
81,-141,zm3n4k5Vr8SQKj9+GrFtet6yLzw=,qw+g8siJm7vc0i/QLiVFqvwVZIQ=
94,-144,zm3n4k5Vr8SQKj9+GrFtet6yLzw=,T0Jo8fg6fhOGBhdbKlWAfqHoaQ4=
83,-141,zm3n4k5Vr8SQKj9+GrFtet6yLzw=,qw+g8siJm7vc0i/QLiVFqvwVZIQ=
84,-143,zm3n4k5Vr8SQKj9+GrFtet6yLzw=,qw+g8siJm7vc0i/QLiVFqvwVZIQ=
82,-141,zm3n4k5Vr8SQKj9+GrFtet6yLzw=,qw+g8siJm7vc0i/QLiVFqvwVZIQ=
95,-134,zm3n4k5Vr8SQKj9+GrFtet6yLzw=,e3gZVW16lCOty9tJcaluOGkpIns=
87,-142,zm3n4k5Vr8SQKj9+GrFtet6yLzw=,qw+g8siJm7vc0i/QLiVFqvwVZIQ=
94,-136,zm3n4k5Vr8SQKj9+GrFtet6yLzw=,e3gZVW16lCOty9tJcaluOGkpIns=
86,-144,zm3n4k5Vr8SQKj9+GrFtet6yLzw=,qw+g8siJm7vc0i/QLiVFqvwVZIQ=
82,-143,zm3n4k5Vr8SQKj9+GrFtet6yLzw=,qw+g8siJm7vc0i/QLiVFqvwVZIQ=
81,-143,zm3n4k5Vr8SQKj9+GrFtet6yLzw=,qw+g8siJm7vc0i/QLiVFqvwVZIQ=
80,-143,zm3n4k5Vr8SQKj9+GrFtet6yLzw=,qw+g8siJm7vc0i/QLiVFqvwVZIQ=
82,-142,zm3n4k5Vr8SQKj9+GrFtet6yLzw=,qw+g8siJm7vc0i/QLiVFqvwVZIQ=
92,-143,zm3n4k5Vr8SQKj9+GrFtet6yLzw=,T0Jo8fg6fhOGBhdbKlWAfqHoaQ4=
93,-144,zm3n4k5Vr8SQKj9+GrFtet6yLzw=,T0Jo8fg6fhOGBhdbKlWAfqHoaQ4=
87,-144,zm3n4k5Vr8SQKj9+GrFtet6yLzw=,qw+g8siJm7vc0i/QLiVFqvwVZIQ=
83,-143,zm3n4k5Vr8SQKj9+GrFtet6yLzw=,qw+g8siJm7vc0i/QLiVFqvwVZIQ=
94,-132,zm3n4k5Vr8SQKj9+GrFtet6yLzw=,e3gZVW16lCOty9tJcaluOGkpIns=
85,-141,zm3n4k5Vr8SQKj9+GrFtet6yLzw=,qw+g8siJm7vc0i/QLiVFqvwVZIQ=
94,-141,zm3n4k5Vr8SQKj9+GrFtet6yLzw=,T0Jo8fg6fhOGBhdbKlWAfqHoaQ4=
86,-141,zm3n4k5Vr8SQKj9+GrFtet6yLzw=,qw+g8siJm7vc0i/QLiVFqvwVZIQ=
80,-142,zm3n4k5Vr8SQKj9+GrFtet6yLzw=,qw+g8siJm7vc0i/QLiVFqvwVZIQ=
87,-141,zm3n4k5Vr8SQKj9+GrFtet6yLzw=,qw+g8siJm7vc0i/QLiVFqvwVZIQ=
92,-144,zm3n4k5Vr8SQKj9+GrFtet6yLzw=,T0Jo8fg6fhOGBhdbKlWAfqHoaQ4=
93,-143,zm3n4k5Vr8SQKj9+GrFtet6yLzw=,T0Jo8fg6fhOGBhdbKlWAfqHoaQ4=
80,-141,zm3n4k5Vr8SQKj9+GrFtet6yLzw=,qw+g8siJm7vc0i/QLiVFqvwVZIQ=
95,-142,zm3n4k5Vr8SQKj9+GrFtet6yLzw=,T0Jo8fg6fhOGBhdbKlWAfqHoaQ4=
94,-143,zm3n4k5Vr8SQKj9+GrFtet6yLzw=,T0Jo8fg6fhOGBhdbKlWAfqHoaQ4=
81,-152,qByTfQ6y/6H/0N2wH3xBiUpPRfc=,//m1UB9vbo8vw6f3jQt1jUbMCLI=
81,-153,qByTfQ6y/6H/0N2wH3xBiUpPRfc=,jYaUlJ7ycjVLQaV9TrDFrwPV44k=
82,-159,qByTfQ6y/6H/0N2wH3xBiUpPRfc=,jYaUlJ7ycjVLQaV9TrDFrwPV44k=
81,-159,qByTfQ6y/6H/0N2wH3xBiUpPRfc=,jYaUlJ7ycjVLQaV9TrDFrwPV44k=
81,-154,qByTfQ6y/6H/0N2wH3xBiUpPRfc=,jYaUlJ7ycjVLQaV9TrDFrwPV44k=
82,-155,qByTfQ6y/6H/0N2wH3xBiUpPRfc=,jYaUlJ7ycjVLQaV9TrDFrwPV44k=
81,-155,qByTfQ6y/6H/0N2wH3xBiUpPRfc=,jYaUlJ7ycjVLQaV9TrDFrwPV44k=
82,-156,qByTfQ6y/6H/0N2wH3xBiUpPRfc=,jYaUlJ7ycjVLQaV9TrDFrwPV44k=
81,-156,qByTfQ6y/6H/0N2wH3xBiUpPRfc=,jYaUlJ7ycjVLQaV9TrDFrwPV44k=
82,-157,qByTfQ6y/6H/0N2wH3xBiUpPRfc=,jYaUlJ7ycjVLQaV9TrDFrwPV44k=
81,-157,qByTfQ6y/6H/0N2wH3xBiUpPRfc=,jYaUlJ7ycjVLQaV9TrDFrwPV44k=
82,-158,qByTfQ6y/6H/0N2wH3xBiUpPRfc=,jYaUlJ7ycjVLQaV9TrDFrwPV44k=
81,-158,qByTfQ6y/6H/0N2wH3xBiUpPRfc=,jYaUlJ7ycjVLQaV9TrDFrwPV44k=
91,-156,qByTfQ6y/6H/0N2wH3xBiUpPRfc=,YpEqyZ9Rx+ntNvV+pl3xnbrW60Y=
89,-155,qByTfQ6y/6H/0N2wH3xBiUpPRfc=,YpEqyZ9Rx+ntNvV+pl3xnbrW60Y=
88,-156,qByTfQ6y/6H/0N2wH3xBiUpPRfc=,YpEqyZ9Rx+ntNvV+pl3xnbrW60Y=
90,-155,qByTfQ6y/6H/0N2wH3xBiUpPRfc=,YpEqyZ9Rx+ntNvV+pl3xnbrW60Y=
89,-156,qByTfQ6y/6H/0N2wH3xBiUpPRfc=,YpEqyZ9Rx+ntNvV+pl3xnbrW60Y=
81,-160,qByTfQ6y/6H/0N2wH3xBiUpPRfc=,jYaUlJ7ycjVLQaV9TrDFrwPV44k=
82,-160,qByTfQ6y/6H/0N2wH3xBiUpPRfc=,jYaUlJ7ycjVLQaV9TrDFrwPV44k=
84,-152,qByTfQ6y/6H/0N2wH3xBiUpPRfc=,//m1UB9vbo8vw6f3jQt1jUbMCLI=
80,-158,qByTfQ6y/6H/0N2wH3xBiUpPRfc=,jYaUlJ7ycjVLQaV9TrDFrwPV44k=
80,-157,qByTfQ6y/6H/0N2wH3xBiUpPRfc=,jYaUlJ7ycjVLQaV9TrDFrwPV44k=
80,-156,qByTfQ6y/6H/0N2wH3xBiUpPRfc=,jYaUlJ7ycjVLQaV9TrDFrwPV44k=
80,-155,qByTfQ6y/6H/0N2wH3xBiUpPRfc=,jYaUlJ7ycjVLQaV9TrDFrwPV44k=
80,-154,qByTfQ6y/6H/0N2wH3xBiUpPRfc=,jYaUlJ7ycjVLQaV9TrDFrwPV44k=
80,-159,qByTfQ6y/6H/0N2wH3xBiUpPRfc=,jYaUlJ7ycjVLQaV9TrDFrwPV44k=
90,-156,qByTfQ6y/6H/0N2wH3xBiUpPRfc=,YpEqyZ9Rx+ntNvV+pl3xnbrW60Y=
80,-152,qByTfQ6y/6H/0N2wH3xBiUpPRfc=,//m1UB9vbo8vw6f3jQt1jUbMCLI=
80,-153,qByTfQ6y/6H/0N2wH3xBiUpPRfc=,jYaUlJ7ycjVLQaV9TrDFrwPV44k=
83,-156,qByTfQ6y/6H/0N2wH3xBiUpPRfc=,jYaUlJ7ycjVLQaV9TrDFrwPV44k=
83,-155,qByTfQ6y/6H/0N2wH3xBiUpPRfc=,jYaUlJ7ycjVLQaV9TrDFrwPV44k=
91,-154,qByTfQ6y/6H/0N2wH3xBiUpPRfc=,YpEqyZ9Rx+ntNvV+pl3xnbrW60Y=
82,-154,qByTfQ6y/6H/0N2wH3xBiUpPRfc=,jYaUlJ7ycjVLQaV9TrDFrwPV44k=
89,-154,qByTfQ6y/6H/0N2wH3xBiUpPRfc=,YpEqyZ9Rx+ntNvV+pl3xnbrW60Y=
90,-154,qByTfQ6y/6H/0N2wH3xBiUpPRfc=,YpEqyZ9Rx+ntNvV+pl3xnbrW60Y=
90,-149,qByTfQ6y/6H/0N2wH3xBiUpPRfc=,78ZErTOpD45xJbsUf1sR91EWG0s=
91,-155,qByTfQ6y/6H/0N2wH3xBiUpPRfc=,YpEqyZ9Rx+ntNvV+pl3xnbrW60Y=
85,-152,qByTfQ6y/6H/0N2wH3xBiUpPRfc=,//m1UB9vbo8vw6f3jQt1jUbMCLI=
87,-152,qByTfQ6y/6H/0N2wH3xBiUpPRfc=,//m1UB9vbo8vw6f3jQt1jUbMCLI=
84,-159,qByTfQ6y/6H/0N2wH3xBiUpPRfc=,jYaUlJ7ycjVLQaV9TrDFrwPV44k=
87,-160,qByTfQ6y/6H/0N2wH3xBiUpPRfc=,jYaUlJ7ycjVLQaV9TrDFrwPV44k=
82,-153,qByTfQ6y/6H/0N2wH3xBiUpPRfc=,jYaUlJ7ycjVLQaV9TrDFrwPV44k=
80,-149,qByTfQ6y/6H/0N2wH3xBiUpPRfc=,//m1UB9vbo8vw6f3jQt1jUbMCLI=
86,-160,qByTfQ6y/6H/0N2wH3xBiUpPRfc=,jYaUlJ7ycjVLQaV9TrDFrwPV44k=
91,-160,qByTfQ6y/6H/0N2wH3xBiUpPRfc=,YpEqyZ9Rx+ntNvV+pl3xnbrW60Y=
88,-152,qByTfQ6y/6H/0N2wH3xBiUpPRfc=,78ZErTOpD45xJbsUf1sR91EWG0s=
87,-157,qByTfQ6y/6H/0N2wH3xBiUpPRfc=,jYaUlJ7ycjVLQaV9TrDFrwPV44k=
81,-151,qByTfQ6y/6H/0N2wH3xBiUpPRfc=,//m1UB9vbo8vw6f3jQt1jUbMCLI=
91,-149,qByTfQ6y/6H/0N2wH3xBiUpPRfc=,78ZErTOpD45xJbsUf1sR91EWG0s=
83,-153,qByTfQ6y/6H/0N2wH3xBiUpPRfc=,jYaUlJ7ycjVLQaV9TrDFrwPV44k=
89,-152,qByTfQ6y/6H/0N2wH3xBiUpPRfc=,78ZErTOpD45xJbsUf1sR91EWG0s=
80,-150,qByTfQ6y/6H/0N2wH3xBiUpPRfc=,//m1UB9vbo8vw6f3jQt1jUbMCLI=
83,-154,qByTfQ6y/6H/0N2wH3xBiUpPRfc=,jYaUlJ7ycjVLQaV9TrDFrwPV44k=
85,-160,qByTfQ6y/6H/0N2wH3xBiUpPRfc=,jYaUlJ7ycjVLQaV9TrDFrwPV44k=
86,-152,qByTfQ6y/6H/0N2wH3xBiUpPRfc=,//m1UB9vbo8vw6f3jQt1jUbMCLI=
90,-160,qByTfQ6y/6H/0N2wH3xBiUpPRfc=,YpEqyZ9Rx+ntNvV+pl3xnbrW60Y=
80,-151,qByTfQ6y/6H/0N2wH3xBiUpPRfc=,//m1UB9vbo8vw6f3jQt1jUbMCLI=
90,-150,qByTfQ6y/6H/0N2wH3xBiUpPRfc=,78ZErTOpD45xJbsUf1sR91EWG0s=
84,-160,qByTfQ6y/6H/0N2wH3xBiUpPRfc=,jYaUlJ7ycjVLQaV9TrDFrwPV44k=
90,-152,qByTfQ6y/6H/0N2wH3xBiUpPRfc=,78ZErTOpD45xJbsUf1sR91EWG0s=
89,-160,qByTfQ6y/6H/0N2wH3xBiUpPRfc=,YpEqyZ9Rx+ntNvV+pl3xnbrW60Y=
83,-152,qByTfQ6y/6H/0N2wH3xBiUpPRfc=,//m1UB9vbo8vw6f3jQt1jUbMCLI=
82,-152,qByTfQ6y/6H/0N2wH3xBiUpPRfc=,//m1UB9vbo8vw6f3jQt1jUbMCLI=
88,-160,qByTfQ6y/6H/0N2wH3xBiUpPRfc=,YpEqyZ9Rx+ntNvV+pl3xnbrW60Y=
80,-160,qByTfQ6y/6H/0N2wH3xBiUpPRfc=,jYaUlJ7ycjVLQaV9TrDFrwPV44k=
83,-160,qByTfQ6y/6H/0N2wH3xBiUpPRfc=,jYaUlJ7ycjVLQaV9TrDFrwPV44k=
85,-159,qByTfQ6y/6H/0N2wH3xBiUpPRfc=,jYaUlJ7ycjVLQaV9TrDFrwPV44k=
83,-158,qByTfQ6y/6H/0N2wH3xBiUpPRfc=,jYaUlJ7ycjVLQaV9TrDFrwPV44k=
88,-158,qByTfQ6y/6H/0N2wH3xBiUpPRfc=,YpEqyZ9Rx+ntNvV+pl3xnbrW60Y=
89,-159,qByTfQ6y/6H/0N2wH3xBiUpPRfc=,YpEqyZ9Rx+ntNvV+pl3xnbrW60Y=
82,-151,qByTfQ6y/6H/0N2wH3xBiUpPRfc=,//m1UB9vbo8vw6f3jQt1jUbMCLI=
91,-150,qByTfQ6y/6H/0N2wH3xBiUpPRfc=,78ZErTOpD45xJbsUf1sR91EWG0s=
83,-149,qByTfQ6y/6H/0N2wH3xBiUpPRfc=,//m1UB9vbo8vw6f3jQt1jUbMCLI=
88,-157,qByTfQ6y/6H/0N2wH3xBiUpPRfc=,YpEqyZ9Rx+ntNvV+pl3xnbrW60Y=
83,-157,qByTfQ6y/6H/0N2wH3xBiUpPRfc=,jYaUlJ7ycjVLQaV9TrDFrwPV44k=
83,-159,qByTfQ6y/6H/0N2wH3xBiUpPRfc=,jYaUlJ7ycjVLQaV9TrDFrwPV44k=
86,-159,qByTfQ6y/6H/0N2wH3xBiUpPRfc=,jYaUlJ7ycjVLQaV9TrDFrwPV44k=
95,-151,qByTfQ6y/6H/0N2wH3xBiUpPRfc=,78ZErTOpD45xJbsUf1sR91EWG0s=
88,-159,qByTfQ6y/6H/0N2wH3xBiUpPRfc=,YpEqyZ9Rx+ntNvV+pl3xnbrW60Y=
91,-159,qByTfQ6y/6H/0N2wH3xBiUpPRfc=,YpEqyZ9Rx+ntNvV+pl3xnbrW60Y=
83,-151,qByTfQ6y/6H/0N2wH3xBiUpPRfc=,//m1UB9vbo8vw6f3jQt1jUbMCLI=
87,-159,qByTfQ6y/6H/0N2wH3xBiUpPRfc=,jYaUlJ7ycjVLQaV9TrDFrwPV44k=
88,-155,qByTfQ6y/6H/0N2wH3xBiUpPRfc=,YpEqyZ9Rx+ntNvV+pl3xnbrW60Y=
82,-149,qByTfQ6y/6H/0N2wH3xBiUpPRfc=,//m1UB9vbo8vw6f3jQt1jUbMCLI=
95,-150,qByTfQ6y/6H/0N2wH3xBiUpPRfc=,78ZErTOpD45xJbsUf1sR91EWG0s=
87,-145,qByTfQ6y/6H/0N2wH3xBiUpPRfc=,//m1UB9vbo8vw6f3jQt1jUbMCLI=
90,-159,qByTfQ6y/6H/0N2wH3xBiUpPRfc=,YpEqyZ9Rx+ntNvV+pl3xnbrW60Y=
88,-154,qByTfQ6y/6H/0N2wH3xBiUpPRfc=,YpEqyZ9Rx+ntNvV+pl3xnbrW60Y=
91,-157,qByTfQ6y/6H/0N2wH3xBiUpPRfc=,YpEqyZ9Rx+ntNvV+pl3xnbrW60Y=
80,-145,qByTfQ6y/6H/0N2wH3xBiUpPRfc=,//m1UB9vbo8vw6f3jQt1jUbMCLI=
81,-149,qByTfQ6y/6H/0N2wH3xBiUpPRfc=,//m1UB9vbo8vw6f3jQt1jUbMCLI=
82,-150,qByTfQ6y/6H/0N2wH3xBiUpPRfc=,//m1UB9vbo8vw6f3jQt1jUbMCLI=
90,-157,qByTfQ6y/6H/0N2wH3xBiUpPRfc=,YpEqyZ9Rx+ntNvV+pl3xnbrW60Y=
84,-158,qByTfQ6y/6H/0N2wH3xBiUpPRfc=,jYaUlJ7ycjVLQaV9TrDFrwPV44k=
89,-158,qByTfQ6y/6H/0N2wH3xBiUpPRfc=,YpEqyZ9Rx+ntNvV+pl3xnbrW60Y=
89,-157,qByTfQ6y/6H/0N2wH3xBiUpPRfc=,YpEqyZ9Rx+ntNvV+pl3xnbrW60Y=
90,-158,qByTfQ6y/6H/0N2wH3xBiUpPRfc=,YpEqyZ9Rx+ntNvV+pl3xnbrW60Y=
87,-147,qByTfQ6y/6H/0N2wH3xBiUpPRfc=,//m1UB9vbo8vw6f3jQt1jUbMCLI=
95,-149,qByTfQ6y/6H/0N2wH3xBiUpPRfc=,78ZErTOpD45xJbsUf1sR91EWG0s=
81,-150,qByTfQ6y/6H/0N2wH3xBiUpPRfc=,//m1UB9vbo8vw6f3jQt1jUbMCLI=
95,-160,qByTfQ6y/6H/0N2wH3xBiUpPRfc=,YpEqyZ9Rx+ntNvV+pl3xnbrW60Y=
91,-158,qByTfQ6y/6H/0N2wH3xBiUpPRfc=,YpEqyZ9Rx+ntNvV+pl3xnbrW60Y=
83,-150,qByTfQ6y/6H/0N2wH3xBiUpPRfc=,//m1UB9vbo8vw6f3jQt1jUbMCLI=
80,-146,qByTfQ6y/6H/0N2wH3xBiUpPRfc=,//m1UB9vbo8vw6f3jQt1jUbMCLI=
85,-158,qByTfQ6y/6H/0N2wH3xBiUpPRfc=,jYaUlJ7ycjVLQaV9TrDFrwPV44k=
84,-156,qByTfQ6y/6H/0N2wH3xBiUpPRfc=,jYaUlJ7ycjVLQaV9TrDFrwPV44k=
86,-158,qByTfQ6y/6H/0N2wH3xBiUpPRfc=,jYaUlJ7ycjVLQaV9TrDFrwPV44k=
89,-153,qByTfQ6y/6H/0N2wH3xBiUpPRfc=,YpEqyZ9Rx+ntNvV+pl3xnbrW60Y=
94,-151,qByTfQ6y/6H/0N2wH3xBiUpPRfc=,78ZErTOpD45xJbsUf1sR91EWG0s=
95,-156,qByTfQ6y/6H/0N2wH3xBiUpPRfc=,YpEqyZ9Rx+ntNvV+pl3xnbrW60Y=
92,-159,qByTfQ6y/6H/0N2wH3xBiUpPRfc=,YpEqyZ9Rx+ntNvV+pl3xnbrW60Y=
95,-153,qByTfQ6y/6H/0N2wH3xBiUpPRfc=,YpEqyZ9Rx+ntNvV+pl3xnbrW60Y=
95,-157,qByTfQ6y/6H/0N2wH3xBiUpPRfc=,YpEqyZ9Rx+ntNvV+pl3xnbrW60Y=
85,-156,qByTfQ6y/6H/0N2wH3xBiUpPRfc=,jYaUlJ7ycjVLQaV9TrDFrwPV44k=
80,-147,qByTfQ6y/6H/0N2wH3xBiUpPRfc=,//m1UB9vbo8vw6f3jQt1jUbMCLI=
95,-158,qByTfQ6y/6H/0N2wH3xBiUpPRfc=,YpEqyZ9Rx+ntNvV+pl3xnbrW60Y=
95,-152,qByTfQ6y/6H/0N2wH3xBiUpPRfc=,78ZErTOpD45xJbsUf1sR91EWG0s=
86,-147,qByTfQ6y/6H/0N2wH3xBiUpPRfc=,//m1UB9vbo8vw6f3jQt1jUbMCLI=
95,-159,qByTfQ6y/6H/0N2wH3xBiUpPRfc=,YpEqyZ9Rx+ntNvV+pl3xnbrW60Y=
92,-160,qByTfQ6y/6H/0N2wH3xBiUpPRfc=,YpEqyZ9Rx+ntNvV+pl3xnbrW60Y=
90,-153,qByTfQ6y/6H/0N2wH3xBiUpPRfc=,YpEqyZ9Rx+ntNvV+pl3xnbrW60Y=
93,-160,qByTfQ6y/6H/0N2wH3xBiUpPRfc=,YpEqyZ9Rx+ntNvV+pl3xnbrW60Y=
80,-148,qByTfQ6y/6H/0N2wH3xBiUpPRfc=,//m1UB9vbo8vw6f3jQt1jUbMCLI=
87,-158,qByTfQ6y/6H/0N2wH3xBiUpPRfc=,jYaUlJ7ycjVLQaV9TrDFrwPV44k=
95,-154,qByTfQ6y/6H/0N2wH3xBiUpPRfc=,YpEqyZ9Rx+ntNvV+pl3xnbrW60Y=
95,-155,qByTfQ6y/6H/0N2wH3xBiUpPRfc=,YpEqyZ9Rx+ntNvV+pl3xnbrW60Y=
83,-146,qByTfQ6y/6H/0N2wH3xBiUpPRfc=,//m1UB9vbo8vw6f3jQt1jUbMCLI=
94,-160,qByTfQ6y/6H/0N2wH3xBiUpPRfc=,YpEqyZ9Rx+ntNvV+pl3xnbrW60Y=
93,-159,qByTfQ6y/6H/0N2wH3xBiUpPRfc=,YpEqyZ9Rx+ntNvV+pl3xnbrW60Y=
86,-156,qByTfQ6y/6H/0N2wH3xBiUpPRfc=,jYaUlJ7ycjVLQaV9TrDFrwPV44k=
86,-157,qByTfQ6y/6H/0N2wH3xBiUpPRfc=,jYaUlJ7ycjVLQaV9TrDFrwPV44k=
82,-146,qByTfQ6y/6H/0N2wH3xBiUpPRfc=,//m1UB9vbo8vw6f3jQt1jUbMCLI=
91,-153,qByTfQ6y/6H/0N2wH3xBiUpPRfc=,YpEqyZ9Rx+ntNvV+pl3xnbrW60Y=
94,-153,qByTfQ6y/6H/0N2wH3xBiUpPRfc=,YpEqyZ9Rx+ntNvV+pl3xnbrW60Y=
84,-157,qByTfQ6y/6H/0N2wH3xBiUpPRfc=,jYaUlJ7ycjVLQaV9TrDFrwPV44k=
85,-147,qByTfQ6y/6H/0N2wH3xBiUpPRfc=,//m1UB9vbo8vw6f3jQt1jUbMCLI=
93,-151,qByTfQ6y/6H/0N2wH3xBiUpPRfc=,78ZErTOpD45xJbsUf1sR91EWG0s=
92,-149,qByTfQ6y/6H/0N2wH3xBiUpPRfc=,78ZErTOpD45xJbsUf1sR91EWG0s=
87,-156,qByTfQ6y/6H/0N2wH3xBiUpPRfc=,jYaUlJ7ycjVLQaV9TrDFrwPV44k=
91,-152,qByTfQ6y/6H/0N2wH3xBiUpPRfc=,78ZErTOpD45xJbsUf1sR91EWG0s=
85,-157,qByTfQ6y/6H/0N2wH3xBiUpPRfc=,jYaUlJ7ycjVLQaV9TrDFrwPV44k=
93,-153,qByTfQ6y/6H/0N2wH3xBiUpPRfc=,YpEqyZ9Rx+ntNvV+pl3xnbrW60Y=
84,-147,qByTfQ6y/6H/0N2wH3xBiUpPRfc=,//m1UB9vbo8vw6f3jQt1jUbMCLI=
93,-149,qByTfQ6y/6H/0N2wH3xBiUpPRfc=,78ZErTOpD45xJbsUf1sR91EWG0s=
92,-151,qByTfQ6y/6H/0N2wH3xBiUpPRfc=,78ZErTOpD45xJbsUf1sR91EWG0s=
81,-146,qByTfQ6y/6H/0N2wH3xBiUpPRfc=,//m1UB9vbo8vw6f3jQt1jUbMCLI=
89,-151,qByTfQ6y/6H/0N2wH3xBiUpPRfc=,78ZErTOpD45xJbsUf1sR91EWG0s=
94,-159,qByTfQ6y/6H/0N2wH3xBiUpPRfc=,YpEqyZ9Rx+ntNvV+pl3xnbrW60Y=
92,-152,qByTfQ6y/6H/0N2wH3xBiUpPRfc=,78ZErTOpD45xJbsUf1sR91EWG0s=
82,-145,qByTfQ6y/6H/0N2wH3xBiUpPRfc=,//m1UB9vbo8vw6f3jQt1jUbMCLI=
81,-145,qByTfQ6y/6H/0N2wH3xBiUpPRfc=,//m1UB9vbo8vw6f3jQt1jUbMCLI=
92,-158,qByTfQ6y/6H/0N2wH3xBiUpPRfc=,YpEqyZ9Rx+ntNvV+pl3xnbrW60Y=
92,-153,qByTfQ6y/6H/0N2wH3xBiUpPRfc=,YpEqyZ9Rx+ntNvV+pl3xnbrW60Y=
94,-149,qByTfQ6y/6H/0N2wH3xBiUpPRfc=,78ZErTOpD45xJbsUf1sR91EWG0s=
83,-147,qByTfQ6y/6H/0N2wH3xBiUpPRfc=,//m1UB9vbo8vw6f3jQt1jUbMCLI=
94,-158,qByTfQ6y/6H/0N2wH3xBiUpPRfc=,YpEqyZ9Rx+ntNvV+pl3xnbrW60Y=
84,-155,qByTfQ6y/6H/0N2wH3xBiUpPRfc=,jYaUlJ7ycjVLQaV9TrDFrwPV44k=
87,-148,qByTfQ6y/6H/0N2wH3xBiUpPRfc=,//m1UB9vbo8vw6f3jQt1jUbMCLI=
92,-157,qByTfQ6y/6H/0N2wH3xBiUpPRfc=,YpEqyZ9Rx+ntNvV+pl3xnbrW60Y=
93,-158,qByTfQ6y/6H/0N2wH3xBiUpPRfc=,YpEqyZ9Rx+ntNvV+pl3xnbrW60Y=
93,-152,qByTfQ6y/6H/0N2wH3xBiUpPRfc=,78ZErTOpD45xJbsUf1sR91EWG0s=
93,-157,qByTfQ6y/6H/0N2wH3xBiUpPRfc=,YpEqyZ9Rx+ntNvV+pl3xnbrW60Y=
90,-151,qByTfQ6y/6H/0N2wH3xBiUpPRfc=,78ZErTOpD45xJbsUf1sR91EWG0s=
82,-147,qByTfQ6y/6H/0N2wH3xBiUpPRfc=,//m1UB9vbo8vw6f3jQt1jUbMCLI=
94,-157,qByTfQ6y/6H/0N2wH3xBiUpPRfc=,YpEqyZ9Rx+ntNvV+pl3xnbrW60Y=
86,-148,qByTfQ6y/6H/0N2wH3xBiUpPRfc=,//m1UB9vbo8vw6f3jQt1jUbMCLI=
94,-154,qByTfQ6y/6H/0N2wH3xBiUpPRfc=,YpEqyZ9Rx+ntNvV+pl3xnbrW60Y=
94,-152,qByTfQ6y/6H/0N2wH3xBiUpPRfc=,78ZErTOpD45xJbsUf1sR91EWG0s=
85,-148,qByTfQ6y/6H/0N2wH3xBiUpPRfc=,//m1UB9vbo8vw6f3jQt1jUbMCLI=
85,-155,qByTfQ6y/6H/0N2wH3xBiUpPRfc=,jYaUlJ7ycjVLQaV9TrDFrwPV44k=
92,-150,qByTfQ6y/6H/0N2wH3xBiUpPRfc=,78ZErTOpD45xJbsUf1sR91EWG0s=
92,-156,qByTfQ6y/6H/0N2wH3xBiUpPRfc=,YpEqyZ9Rx+ntNvV+pl3xnbrW60Y=
89,-149,qByTfQ6y/6H/0N2wH3xBiUpPRfc=,78ZErTOpD45xJbsUf1sR91EWG0s=
81,-147,qByTfQ6y/6H/0N2wH3xBiUpPRfc=,//m1UB9vbo8vw6f3jQt1jUbMCLI=
93,-154,qByTfQ6y/6H/0N2wH3xBiUpPRfc=,YpEqyZ9Rx+ntNvV+pl3xnbrW60Y=
94,-150,qByTfQ6y/6H/0N2wH3xBiUpPRfc=,78ZErTOpD45xJbsUf1sR91EWG0s=
94,-156,qByTfQ6y/6H/0N2wH3xBiUpPRfc=,YpEqyZ9Rx+ntNvV+pl3xnbrW60Y=
93,-156,qByTfQ6y/6H/0N2wH3xBiUpPRfc=,YpEqyZ9Rx+ntNvV+pl3xnbrW60Y=
86,-155,qByTfQ6y/6H/0N2wH3xBiUpPRfc=,jYaUlJ7ycjVLQaV9TrDFrwPV44k=
92,-155,qByTfQ6y/6H/0N2wH3xBiUpPRfc=,YpEqyZ9Rx+ntNvV+pl3xnbrW60Y=
84,-148,qByTfQ6y/6H/0N2wH3xBiUpPRfc=,//m1UB9vbo8vw6f3jQt1jUbMCLI=
83,-145,qByTfQ6y/6H/0N2wH3xBiUpPRfc=,//m1UB9vbo8vw6f3jQt1jUbMCLI=
91,-151,qByTfQ6y/6H/0N2wH3xBiUpPRfc=,78ZErTOpD45xJbsUf1sR91EWG0s=
92,-145,qByTfQ6y/6H/0N2wH3xBiUpPRfc=,78ZErTOpD45xJbsUf1sR91EWG0s=
89,-150,qByTfQ6y/6H/0N2wH3xBiUpPRfc=,78ZErTOpD45xJbsUf1sR91EWG0s=
86,-146,qByTfQ6y/6H/0N2wH3xBiUpPRfc=,//m1UB9vbo8vw6f3jQt1jUbMCLI=
94,-146,qByTfQ6y/6H/0N2wH3xBiUpPRfc=,78ZErTOpD45xJbsUf1sR91EWG0s=
93,-155,qByTfQ6y/6H/0N2wH3xBiUpPRfc=,YpEqyZ9Rx+ntNvV+pl3xnbrW60Y=
82,-148,qByTfQ6y/6H/0N2wH3xBiUpPRfc=,//m1UB9vbo8vw6f3jQt1jUbMCLI=
83,-148,qByTfQ6y/6H/0N2wH3xBiUpPRfc=,//m1UB9vbo8vw6f3jQt1jUbMCLI=
85,-151,qByTfQ6y/6H/0N2wH3xBiUpPRfc=,//m1UB9vbo8vw6f3jQt1jUbMCLI=
84,-151,qByTfQ6y/6H/0N2wH3xBiUpPRfc=,//m1UB9vbo8vw6f3jQt1jUbMCLI=
84,-146,qByTfQ6y/6H/0N2wH3xBiUpPRfc=,//m1UB9vbo8vw6f3jQt1jUbMCLI=
87,-146,qByTfQ6y/6H/0N2wH3xBiUpPRfc=,//m1UB9vbo8vw6f3jQt1jUbMCLI=
88,-153,qByTfQ6y/6H/0N2wH3xBiUpPRfc=,YpEqyZ9Rx+ntNvV+pl3xnbrW60Y=
86,-151,qByTfQ6y/6H/0N2wH3xBiUpPRfc=,//m1UB9vbo8vw6f3jQt1jUbMCLI=
85,-146,qByTfQ6y/6H/0N2wH3xBiUpPRfc=,//m1UB9vbo8vw6f3jQt1jUbMCLI=
84,-145,qByTfQ6y/6H/0N2wH3xBiUpPRfc=,//m1UB9vbo8vw6f3jQt1jUbMCLI=
92,-148,qByTfQ6y/6H/0N2wH3xBiUpPRfc=,78ZErTOpD45xJbsUf1sR91EWG0s=
94,-147,qByTfQ6y/6H/0N2wH3xBiUpPRfc=,78ZErTOpD45xJbsUf1sR91EWG0s=
85,-145,qByTfQ6y/6H/0N2wH3xBiUpPRfc=,//m1UB9vbo8vw6f3jQt1jUbMCLI=
93,-150,qByTfQ6y/6H/0N2wH3xBiUpPRfc=,78ZErTOpD45xJbsUf1sR91EWG0s=
89,-146,qByTfQ6y/6H/0N2wH3xBiUpPRfc=,78ZErTOpD45xJbsUf1sR91EWG0s=
87,-151,qByTfQ6y/6H/0N2wH3xBiUpPRfc=,//m1UB9vbo8vw6f3jQt1jUbMCLI=
87,-150,qByTfQ6y/6H/0N2wH3xBiUpPRfc=,//m1UB9vbo8vw6f3jQt1jUbMCLI=
84,-150,NQXXnSDVBU/taRGLRQ3/Mc0K9XA=,//m1UB9vbo8vw6f3jQt1jUbMCLI=
92,-154,NQXXnSDVBU/taRGLRQ3/Mc0K9XA=,YpEqyZ9Rx+ntNvV+pl3xnbrW60Y=
90,-147,NQXXnSDVBU/taRGLRQ3/Mc0K9XA=,78ZErTOpD45xJbsUf1sR91EWG0s=
89,-147,NQXXnSDVBU/taRGLRQ3/Mc0K9XA=,78ZErTOpD45xJbsUf1sR91EWG0s=
85,-150,NQXXnSDVBU/taRGLRQ3/Mc0K9XA=,//m1UB9vbo8vw6f3jQt1jUbMCLI=
94,-155,NQXXnSDVBU/taRGLRQ3/Mc0K9XA=,YpEqyZ9Rx+ntNvV+pl3xnbrW60Y=
88,-151,NQXXnSDVBU/taRGLRQ3/Mc0K9XA=,78ZErTOpD45xJbsUf1sR91EWG0s=
86,-145,NQXXnSDVBU/taRGLRQ3/Mc0K9XA=,//m1UB9vbo8vw6f3jQt1jUbMCLI=
85,-149,NQXXnSDVBU/taRGLRQ3/Mc0K9XA=,//m1UB9vbo8vw6f3jQt1jUbMCLI=
91,-147,NQXXnSDVBU/taRGLRQ3/Mc0K9XA=,78ZErTOpD45xJbsUf1sR91EWG0s=
86,-149,NQXXnSDVBU/taRGLRQ3/Mc0K9XA=,//m1UB9vbo8vw6f3jQt1jUbMCLI=
84,-149,NQXXnSDVBU/taRGLRQ3/Mc0K9XA=,//m1UB9vbo8vw6f3jQt1jUbMCLI=
92,-147,NQXXnSDVBU/taRGLRQ3/Mc0K9XA=,78ZErTOpD45xJbsUf1sR91EWG0s=
86,-153,NQXXnSDVBU/taRGLRQ3/Mc0K9XA=,jYaUlJ7ycjVLQaV9TrDFrwPV44k=
88,-149,NQXXnSDVBU/taRGLRQ3/Mc0K9XA=,78ZErTOpD45xJbsUf1sR91EWG0s=
93,-145,NQXXnSDVBU/taRGLRQ3/Mc0K9XA=,78ZErTOpD45xJbsUf1sR91EWG0s=
93,-147,NQXXnSDVBU/taRGLRQ3/Mc0K9XA=,78ZErTOpD45xJbsUf1sR91EWG0s=
91,-146,NQXXnSDVBU/taRGLRQ3/Mc0K9XA=,78ZErTOpD45xJbsUf1sR91EWG0s=
85,-153,NQXXnSDVBU/taRGLRQ3/Mc0K9XA=,jYaUlJ7ycjVLQaV9TrDFrwPV44k=
93,-148,NQXXnSDVBU/taRGLRQ3/Mc0K9XA=,78ZErTOpD45xJbsUf1sR91EWG0s=
90,-146,NQXXnSDVBU/taRGLRQ3/Mc0K9XA=,78ZErTOpD45xJbsUf1sR91EWG0s=
94,-148,NQXXnSDVBU/taRGLRQ3/Mc0K9XA=,78ZErTOpD45xJbsUf1sR91EWG0s=
87,-155,NQXXnSDVBU/taRGLRQ3/Mc0K9XA=,jYaUlJ7ycjVLQaV9TrDFrwPV44k=
87,-154,NQXXnSDVBU/taRGLRQ3/Mc0K9XA=,jYaUlJ7ycjVLQaV9TrDFrwPV44k=
86,-154,NQXXnSDVBU/taRGLRQ3/Mc0K9XA=,jYaUlJ7ycjVLQaV9TrDFrwPV44k=
85,-154,NQXXnSDVBU/taRGLRQ3/Mc0K9XA=,jYaUlJ7ycjVLQaV9TrDFrwPV44k=
90,-148,NQXXnSDVBU/taRGLRQ3/Mc0K9XA=,78ZErTOpD45xJbsUf1sR91EWG0s=
81,-148,NQXXnSDVBU/taRGLRQ3/Mc0K9XA=,//m1UB9vbo8vw6f3jQt1jUbMCLI=
89,-148,NQXXnSDVBU/taRGLRQ3/Mc0K9XA=,78ZErTOpD45xJbsUf1sR91EWG0s=
84,-153,NQXXnSDVBU/taRGLRQ3/Mc0K9XA=,jYaUlJ7ycjVLQaV9TrDFrwPV44k=
88,-147,NQXXnSDVBU/taRGLRQ3/Mc0K9XA=,78ZErTOpD45xJbsUf1sR91EWG0s=
86,-150,NQXXnSDVBU/taRGLRQ3/Mc0K9XA=,//m1UB9vbo8vw6f3jQt1jUbMCLI=
91,-148,NQXXnSDVBU/taRGLRQ3/Mc0K9XA=,78ZErTOpD45xJbsUf1sR91EWG0s=
88,-146,NQXXnSDVBU/taRGLRQ3/Mc0K9XA=,78ZErTOpD45xJbsUf1sR91EWG0s=
88,-145,NQXXnSDVBU/taRGLRQ3/Mc0K9XA=,78ZErTOpD45xJbsUf1sR91EWG0s=
90,-145,NQXXnSDVBU/taRGLRQ3/Mc0K9XA=,78ZErTOpD45xJbsUf1sR91EWG0s=
88,-148,NQXXnSDVBU/taRGLRQ3/Mc0K9XA=,78ZErTOpD45xJbsUf1sR91EWG0s=
88,-150,NQXXnSDVBU/taRGLRQ3/Mc0K9XA=,78ZErTOpD45xJbsUf1sR91EWG0s=
95,-146,NQXXnSDVBU/taRGLRQ3/Mc0K9XA=,78ZErTOpD45xJbsUf1sR91EWG0s=
95,-148,NQXXnSDVBU/taRGLRQ3/Mc0K9XA=,78ZErTOpD45xJbsUf1sR91EWG0s=
87,-149,NQXXnSDVBU/taRGLRQ3/Mc0K9XA=,//m1UB9vbo8vw6f3jQt1jUbMCLI=
95,-147,NQXXnSDVBU/taRGLRQ3/Mc0K9XA=,78ZErTOpD45xJbsUf1sR91EWG0s=
91,-145,NQXXnSDVBU/taRGLRQ3/Mc0K9XA=,78ZErTOpD45xJbsUf1sR91EWG0s=
94,-145,NQXXnSDVBU/taRGLRQ3/Mc0K9XA=,78ZErTOpD45xJbsUf1sR91EWG0s=
93,-146,NQXXnSDVBU/taRGLRQ3/Mc0K9XA=,78ZErTOpD45xJbsUf1sR91EWG0s=
87,-153,NQXXnSDVBU/taRGLRQ3/Mc0K9XA=,jYaUlJ7ycjVLQaV9TrDFrwPV44k=
89,-145,NQXXnSDVBU/taRGLRQ3/Mc0K9XA=,78ZErTOpD45xJbsUf1sR91EWG0s=
92,-146,NQXXnSDVBU/taRGLRQ3/Mc0K9XA=,78ZErTOpD45xJbsUf1sR91EWG0s=
95,-145,NQXXnSDVBU/taRGLRQ3/Mc0K9XA=,78ZErTOpD45xJbsUf1sR91EWG0s=
84,-154,NQXXnSDVBU/taRGLRQ3/Mc0K9XA=,jYaUlJ7ycjVLQaV9TrDFrwPV44k=
72,-155,yuCrT+TnCkWC89hTYoD4HzyYSdY=,Sg+zLUg7mhW7KKzEVhy6d5h6XDE=
73,-155,yuCrT+TnCkWC89hTYoD4HzyYSdY=,Sg+zLUg7mhW7KKzEVhy6d5h6XDE=
78,-156,yuCrT+TnCkWC89hTYoD4HzyYSdY=,Sg+zLUg7mhW7KKzEVhy6d5h6XDE=
74,-155,yuCrT+TnCkWC89hTYoD4HzyYSdY=,Sg+zLUg7mhW7KKzEVhy6d5h6XDE=
77,-156,yuCrT+TnCkWC89hTYoD4HzyYSdY=,Sg+zLUg7mhW7KKzEVhy6d5h6XDE=
76,-156,yuCrT+TnCkWC89hTYoD4HzyYSdY=,Sg+zLUg7mhW7KKzEVhy6d5h6XDE=
75,-155,yuCrT+TnCkWC89hTYoD4HzyYSdY=,Sg+zLUg7mhW7KKzEVhy6d5h6XDE=
75,-156,yuCrT+TnCkWC89hTYoD4HzyYSdY=,Sg+zLUg7mhW7KKzEVhy6d5h6XDE=
76,-155,yuCrT+TnCkWC89hTYoD4HzyYSdY=,Sg+zLUg7mhW7KKzEVhy6d5h6XDE=
77,-155,yuCrT+TnCkWC89hTYoD4HzyYSdY=,Sg+zLUg7mhW7KKzEVhy6d5h6XDE=
78,-155,yuCrT+TnCkWC89hTYoD4HzyYSdY=,Sg+zLUg7mhW7KKzEVhy6d5h6XDE=
72,-154,yuCrT+TnCkWC89hTYoD4HzyYSdY=,Sg+zLUg7mhW7KKzEVhy6d5h6XDE=
73,-154,yuCrT+TnCkWC89hTYoD4HzyYSdY=,Sg+zLUg7mhW7KKzEVhy6d5h6XDE=
74,-154,yuCrT+TnCkWC89hTYoD4HzyYSdY=,Sg+zLUg7mhW7KKzEVhy6d5h6XDE=
75,-154,yuCrT+TnCkWC89hTYoD4HzyYSdY=,Sg+zLUg7mhW7KKzEVhy6d5h6XDE=
76,-154,yuCrT+TnCkWC89hTYoD4HzyYSdY=,Sg+zLUg7mhW7KKzEVhy6d5h6XDE=
77,-154,yuCrT+TnCkWC89hTYoD4HzyYSdY=,Sg+zLUg7mhW7KKzEVhy6d5h6XDE=
78,-154,yuCrT+TnCkWC89hTYoD4HzyYSdY=,Sg+zLUg7mhW7KKzEVhy6d5h6XDE=
72,-159,yuCrT+TnCkWC89hTYoD4HzyYSdY=,Sg+zLUg7mhW7KKzEVhy6d5h6XDE=
73,-159,yuCrT+TnCkWC89hTYoD4HzyYSdY=,Sg+zLUg7mhW7KKzEVhy6d5h6XDE=
74,-159,yuCrT+TnCkWC89hTYoD4HzyYSdY=,Sg+zLUg7mhW7KKzEVhy6d5h6XDE=
75,-159,yuCrT+TnCkWC89hTYoD4HzyYSdY=,Sg+zLUg7mhW7KKzEVhy6d5h6XDE=
76,-159,yuCrT+TnCkWC89hTYoD4HzyYSdY=,Sg+zLUg7mhW7KKzEVhy6d5h6XDE=
77,-159,yuCrT+TnCkWC89hTYoD4HzyYSdY=,Sg+zLUg7mhW7KKzEVhy6d5h6XDE=
74,-156,yuCrT+TnCkWC89hTYoD4HzyYSdY=,Sg+zLUg7mhW7KKzEVhy6d5h6XDE=
78,-159,yuCrT+TnCkWC89hTYoD4HzyYSdY=,Sg+zLUg7mhW7KKzEVhy6d5h6XDE=
72,-158,yuCrT+TnCkWC89hTYoD4HzyYSdY=,Sg+zLUg7mhW7KKzEVhy6d5h6XDE=
73,-158,yuCrT+TnCkWC89hTYoD4HzyYSdY=,Sg+zLUg7mhW7KKzEVhy6d5h6XDE=
74,-158,yuCrT+TnCkWC89hTYoD4HzyYSdY=,Sg+zLUg7mhW7KKzEVhy6d5h6XDE=
75,-158,yuCrT+TnCkWC89hTYoD4HzyYSdY=,Sg+zLUg7mhW7KKzEVhy6d5h6XDE=
76,-158,yuCrT+TnCkWC89hTYoD4HzyYSdY=,Sg+zLUg7mhW7KKzEVhy6d5h6XDE=
79,-155,yuCrT+TnCkWC89hTYoD4HzyYSdY=,Sg+zLUg7mhW7KKzEVhy6d5h6XDE=
79,-154,yuCrT+TnCkWC89hTYoD4HzyYSdY=,Sg+zLUg7mhW7KKzEVhy6d5h6XDE=
79,-159,yuCrT+TnCkWC89hTYoD4HzyYSdY=,Sg+zLUg7mhW7KKzEVhy6d5h6XDE=
79,-158,yuCrT+TnCkWC89hTYoD4HzyYSdY=,Sg+zLUg7mhW7KKzEVhy6d5h6XDE=
79,-157,yuCrT+TnCkWC89hTYoD4HzyYSdY=,Sg+zLUg7mhW7KKzEVhy6d5h6XDE=
79,-156,yuCrT+TnCkWC89hTYoD4HzyYSdY=,Sg+zLUg7mhW7KKzEVhy6d5h6XDE=
73,-156,yuCrT+TnCkWC89hTYoD4HzyYSdY=,Sg+zLUg7mhW7KKzEVhy6d5h6XDE=
72,-156,yuCrT+TnCkWC89hTYoD4HzyYSdY=,Sg+zLUg7mhW7KKzEVhy6d5h6XDE=
78,-157,yuCrT+TnCkWC89hTYoD4HzyYSdY=,Sg+zLUg7mhW7KKzEVhy6d5h6XDE=
73,-160,yuCrT+TnCkWC89hTYoD4HzyYSdY=,Sg+zLUg7mhW7KKzEVhy6d5h6XDE=
74,-160,yuCrT+TnCkWC89hTYoD4HzyYSdY=,Sg+zLUg7mhW7KKzEVhy6d5h6XDE=
75,-160,yuCrT+TnCkWC89hTYoD4HzyYSdY=,Sg+zLUg7mhW7KKzEVhy6d5h6XDE=
76,-160,yuCrT+TnCkWC89hTYoD4HzyYSdY=,Sg+zLUg7mhW7KKzEVhy6d5h6XDE=
77,-160,yuCrT+TnCkWC89hTYoD4HzyYSdY=,Sg+zLUg7mhW7KKzEVhy6d5h6XDE=
78,-160,yuCrT+TnCkWC89hTYoD4HzyYSdY=,Sg+zLUg7mhW7KKzEVhy6d5h6XDE=
77,-157,yuCrT+TnCkWC89hTYoD4HzyYSdY=,Sg+zLUg7mhW7KKzEVhy6d5h6XDE=
76,-157,yuCrT+TnCkWC89hTYoD4HzyYSdY=,Sg+zLUg7mhW7KKzEVhy6d5h6XDE=
75,-157,yuCrT+TnCkWC89hTYoD4HzyYSdY=,Sg+zLUg7mhW7KKzEVhy6d5h6XDE=
77,-158,yuCrT+TnCkWC89hTYoD4HzyYSdY=,Sg+zLUg7mhW7KKzEVhy6d5h6XDE=
78,-158,yuCrT+TnCkWC89hTYoD4HzyYSdY=,Sg+zLUg7mhW7KKzEVhy6d5h6XDE=
72,-157,yuCrT+TnCkWC89hTYoD4HzyYSdY=,Sg+zLUg7mhW7KKzEVhy6d5h6XDE=
73,-157,yuCrT+TnCkWC89hTYoD4HzyYSdY=,Sg+zLUg7mhW7KKzEVhy6d5h6XDE=
74,-157,yuCrT+TnCkWC89hTYoD4HzyYSdY=,Sg+zLUg7mhW7KKzEVhy6d5h6XDE=
72,-160,yuCrT+TnCkWC89hTYoD4HzyYSdY=,Sg+zLUg7mhW7KKzEVhy6d5h6XDE=
76,-152,yuCrT+TnCkWC89hTYoD4HzyYSdY=,Ktu/f9hpCDl3ZEFLcoezxLeEh3U=
75,-146,yuCrT+TnCkWC89hTYoD4HzyYSdY=,Ktu/f9hpCDl3ZEFLcoezxLeEh3U=
74,-146,yuCrT+TnCkWC89hTYoD4HzyYSdY=,Ktu/f9hpCDl3ZEFLcoezxLeEh3U=
73,-147,yuCrT+TnCkWC89hTYoD4HzyYSdY=,Ktu/f9hpCDl3ZEFLcoezxLeEh3U=
73,-149,yuCrT+TnCkWC89hTYoD4HzyYSdY=,Ktu/f9hpCDl3ZEFLcoezxLeEh3U=
73,-146,yuCrT+TnCkWC89hTYoD4HzyYSdY=,Ktu/f9hpCDl3ZEFLcoezxLeEh3U=
73,-148,yuCrT+TnCkWC89hTYoD4HzyYSdY=,Ktu/f9hpCDl3ZEFLcoezxLeEh3U=
72,-148,yuCrT+TnCkWC89hTYoD4HzyYSdY=,Ktu/f9hpCDl3ZEFLcoezxLeEh3U=
77,-151,yuCrT+TnCkWC89hTYoD4HzyYSdY=,Ktu/f9hpCDl3ZEFLcoezxLeEh3U=
76,-151,yuCrT+TnCkWC89hTYoD4HzyYSdY=,Ktu/f9hpCDl3ZEFLcoezxLeEh3U=
72,-147,yuCrT+TnCkWC89hTYoD4HzyYSdY=,Ktu/f9hpCDl3ZEFLcoezxLeEh3U=
72,-146,yuCrT+TnCkWC89hTYoD4HzyYSdY=,Ktu/f9hpCDl3ZEFLcoezxLeEh3U=
76,-149,yuCrT+TnCkWC89hTYoD4HzyYSdY=,Ktu/f9hpCDl3ZEFLcoezxLeEh3U=
75,-151,yuCrT+TnCkWC89hTYoD4HzyYSdY=,Ktu/f9hpCDl3ZEFLcoezxLeEh3U=
75,-152,yuCrT+TnCkWC89hTYoD4HzyYSdY=,Ktu/f9hpCDl3ZEFLcoezxLeEh3U=
79,-151,yuCrT+TnCkWC89hTYoD4HzyYSdY=,Ktu/f9hpCDl3ZEFLcoezxLeEh3U=
79,-160,yuCrT+TnCkWC89hTYoD4HzyYSdY=,Sg+zLUg7mhW7KKzEVhy6d5h6XDE=
79,-149,yuCrT+TnCkWC89hTYoD4HzyYSdY=,Ktu/f9hpCDl3ZEFLcoezxLeEh3U=
79,-145,yuCrT+TnCkWC89hTYoD4HzyYSdY=,Ktu/f9hpCDl3ZEFLcoezxLeEh3U=
79,-147,yuCrT+TnCkWC89hTYoD4HzyYSdY=,Ktu/f9hpCDl3ZEFLcoezxLeEh3U=
78,-150,yuCrT+TnCkWC89hTYoD4HzyYSdY=,Ktu/f9hpCDl3ZEFLcoezxLeEh3U=
78,-149,yuCrT+TnCkWC89hTYoD4HzyYSdY=,Ktu/f9hpCDl3ZEFLcoezxLeEh3U=
76,-150,yuCrT+TnCkWC89hTYoD4HzyYSdY=,Ktu/f9hpCDl3ZEFLcoezxLeEh3U=
75,-150,yuCrT+TnCkWC89hTYoD4HzyYSdY=,Ktu/f9hpCDl3ZEFLcoezxLeEh3U=
78,-147,yuCrT+TnCkWC89hTYoD4HzyYSdY=,Ktu/f9hpCDl3ZEFLcoezxLeEh3U=
74,-150,yuCrT+TnCkWC89hTYoD4HzyYSdY=,Ktu/f9hpCDl3ZEFLcoezxLeEh3U=
73,-152,yuCrT+TnCkWC89hTYoD4HzyYSdY=,Ktu/f9hpCDl3ZEFLcoezxLeEh3U=
79,-148,yuCrT+TnCkWC89hTYoD4HzyYSdY=,Ktu/f9hpCDl3ZEFLcoezxLeEh3U=
79,-153,yuCrT+TnCkWC89hTYoD4HzyYSdY=,Sg+zLUg7mhW7KKzEVhy6d5h6XDE=
78,-153,yuCrT+TnCkWC89hTYoD4HzyYSdY=,Sg+zLUg7mhW7KKzEVhy6d5h6XDE=
77,-153,yuCrT+TnCkWC89hTYoD4HzyYSdY=,Sg+zLUg7mhW7KKzEVhy6d5h6XDE=
76,-153,yuCrT+TnCkWC89hTYoD4HzyYSdY=,Sg+zLUg7mhW7KKzEVhy6d5h6XDE=
76,-147,yuCrT+TnCkWC89hTYoD4HzyYSdY=,Ktu/f9hpCDl3ZEFLcoezxLeEh3U=
75,-153,yuCrT+TnCkWC89hTYoD4HzyYSdY=,Sg+zLUg7mhW7KKzEVhy6d5h6XDE=
74,-153,yuCrT+TnCkWC89hTYoD4HzyYSdY=,Sg+zLUg7mhW7KKzEVhy6d5h6XDE=
73,-153,yuCrT+TnCkWC89hTYoD4HzyYSdY=,Sg+zLUg7mhW7KKzEVhy6d5h6XDE=
72,-153,yuCrT+TnCkWC89hTYoD4HzyYSdY=,Sg+zLUg7mhW7KKzEVhy6d5h6XDE=
76,-148,yuCrT+TnCkWC89hTYoD4HzyYSdY=,Ktu/f9hpCDl3ZEFLcoezxLeEh3U=
75,-147,yuCrT+TnCkWC89hTYoD4HzyYSdY=,Ktu/f9hpCDl3ZEFLcoezxLeEh3U=
79,-150,yuCrT+TnCkWC89hTYoD4HzyYSdY=,Ktu/f9hpCDl3ZEFLcoezxLeEh3U=
74,-151,yuCrT+TnCkWC89hTYoD4HzyYSdY=,Ktu/f9hpCDl3ZEFLcoezxLeEh3U=
76,-145,yuCrT+TnCkWC89hTYoD4HzyYSdY=,Ktu/f9hpCDl3ZEFLcoezxLeEh3U=
75,-145,yuCrT+TnCkWC89hTYoD4HzyYSdY=,Ktu/f9hpCDl3ZEFLcoezxLeEh3U=
75,-148,yuCrT+TnCkWC89hTYoD4HzyYSdY=,Ktu/f9hpCDl3ZEFLcoezxLeEh3U=
74,-145,yuCrT+TnCkWC89hTYoD4HzyYSdY=,Ktu/f9hpCDl3ZEFLcoezxLeEh3U=
73,-145,yuCrT+TnCkWC89hTYoD4HzyYSdY=,Ktu/f9hpCDl3ZEFLcoezxLeEh3U=
74,-147,yuCrT+TnCkWC89hTYoD4HzyYSdY=,Ktu/f9hpCDl3ZEFLcoezxLeEh3U=
72,-145,yuCrT+TnCkWC89hTYoD4HzyYSdY=,Ktu/f9hpCDl3ZEFLcoezxLeEh3U=
77,-149,yuCrT+TnCkWC89hTYoD4HzyYSdY=,Ktu/f9hpCDl3ZEFLcoezxLeEh3U=
72,-149,yuCrT+TnCkWC89hTYoD4HzyYSdY=,Ktu/f9hpCDl3ZEFLcoezxLeEh3U=
73,-151,yuCrT+TnCkWC89hTYoD4HzyYSdY=,Ktu/f9hpCDl3ZEFLcoezxLeEh3U=
78,-148,yuCrT+TnCkWC89hTYoD4HzyYSdY=,Ktu/f9hpCDl3ZEFLcoezxLeEh3U=
75,-149,yuCrT+TnCkWC89hTYoD4HzyYSdY=,Ktu/f9hpCDl3ZEFLcoezxLeEh3U=
74,-148,yuCrT+TnCkWC89hTYoD4HzyYSdY=,Ktu/f9hpCDl3ZEFLcoezxLeEh3U=
77,-147,yuCrT+TnCkWC89hTYoD4HzyYSdY=,Ktu/f9hpCDl3ZEFLcoezxLeEh3U=
74,-152,yuCrT+TnCkWC89hTYoD4HzyYSdY=,Ktu/f9hpCDl3ZEFLcoezxLeEh3U=
78,-151,yuCrT+TnCkWC89hTYoD4HzyYSdY=,Ktu/f9hpCDl3ZEFLcoezxLeEh3U=
73,-150,yuCrT+TnCkWC89hTYoD4HzyYSdY=,Ktu/f9hpCDl3ZEFLcoezxLeEh3U=
72,-151,yuCrT+TnCkWC89hTYoD4HzyYSdY=,Ktu/f9hpCDl3ZEFLcoezxLeEh3U=
79,-152,yuCrT+TnCkWC89hTYoD4HzyYSdY=,Ktu/f9hpCDl3ZEFLcoezxLeEh3U=
72,-150,yuCrT+TnCkWC89hTYoD4HzyYSdY=,Ktu/f9hpCDl3ZEFLcoezxLeEh3U=
78,-152,yuCrT+TnCkWC89hTYoD4HzyYSdY=,Ktu/f9hpCDl3ZEFLcoezxLeEh3U=
72,-152,yuCrT+TnCkWC89hTYoD4HzyYSdY=,Ktu/f9hpCDl3ZEFLcoezxLeEh3U=
77,-152,yuCrT+TnCkWC89hTYoD4HzyYSdY=,Ktu/f9hpCDl3ZEFLcoezxLeEh3U=
76,-146,yuCrT+TnCkWC89hTYoD4HzyYSdY=,Ktu/f9hpCDl3ZEFLcoezxLeEh3U=
79,-146,yuCrT+TnCkWC89hTYoD4HzyYSdY=,Ktu/f9hpCDl3ZEFLcoezxLeEh3U=
74,-149,yuCrT+TnCkWC89hTYoD4HzyYSdY=,Ktu/f9hpCDl3ZEFLcoezxLeEh3U=
77,-150,yuCrT+TnCkWC89hTYoD4HzyYSdY=,Ktu/f9hpCDl3ZEFLcoezxLeEh3U=
77,-148,yuCrT+TnCkWC89hTYoD4HzyYSdY=,Ktu/f9hpCDl3ZEFLcoezxLeEh3U=
77,-146,yuCrT+TnCkWC89hTYoD4HzyYSdY=,Ktu/f9hpCDl3ZEFLcoezxLeEh3U=
78,-145,yuCrT+TnCkWC89hTYoD4HzyYSdY=,Ktu/f9hpCDl3ZEFLcoezxLeEh3U=
77,-145,yuCrT+TnCkWC89hTYoD4HzyYSdY=,Ktu/f9hpCDl3ZEFLcoezxLeEh3U=
78,-146,yuCrT+TnCkWC89hTYoD4HzyYSdY=,Ktu/f9hpCDl3ZEFLcoezxLeEh3U=
72,-139,yuCrT+TnCkWC89hTYoD4HzyYSdY=,Isrzj67W1Xqq1Pxo470tluQwZVE=
73,-139,yuCrT+TnCkWC89hTYoD4HzyYSdY=,Isrzj67W1Xqq1Pxo470tluQwZVE=
74,-139,yuCrT+TnCkWC89hTYoD4HzyYSdY=,Isrzj67W1Xqq1Pxo470tluQwZVE=
75,-139,yuCrT+TnCkWC89hTYoD4HzyYSdY=,Isrzj67W1Xqq1Pxo470tluQwZVE=
76,-139,yuCrT+TnCkWC89hTYoD4HzyYSdY=,Isrzj67W1Xqq1Pxo470tluQwZVE=
72,-138,yuCrT+TnCkWC89hTYoD4HzyYSdY=,Isrzj67W1Xqq1Pxo470tluQwZVE=
73,-138,yuCrT+TnCkWC89hTYoD4HzyYSdY=,Isrzj67W1Xqq1Pxo470tluQwZVE=
76,-140,yuCrT+TnCkWC89hTYoD4HzyYSdY=,Isrzj67W1Xqq1Pxo470tluQwZVE=
75,-140,yuCrT+TnCkWC89hTYoD4HzyYSdY=,Isrzj67W1Xqq1Pxo470tluQwZVE=
74,-140,yuCrT+TnCkWC89hTYoD4HzyYSdY=,Isrzj67W1Xqq1Pxo470tluQwZVE=
73,-140,yuCrT+TnCkWC89hTYoD4HzyYSdY=,Isrzj67W1Xqq1Pxo470tluQwZVE=
72,-140,yuCrT+TnCkWC89hTYoD4HzyYSdY=,Isrzj67W1Xqq1Pxo470tluQwZVE=
77,-141,yuCrT+TnCkWC89hTYoD4HzyYSdY=,Isrzj67W1Xqq1Pxo470tluQwZVE=
76,-141,yuCrT+TnCkWC89hTYoD4HzyYSdY=,Isrzj67W1Xqq1Pxo470tluQwZVE=
75,-141,yuCrT+TnCkWC89hTYoD4HzyYSdY=,Isrzj67W1Xqq1Pxo470tluQwZVE=
74,-141,yuCrT+TnCkWC89hTYoD4HzyYSdY=,Isrzj67W1Xqq1Pxo470tluQwZVE=
73,-141,yuCrT+TnCkWC89hTYoD4HzyYSdY=,Isrzj67W1Xqq1Pxo470tluQwZVE=
72,-141,yuCrT+TnCkWC89hTYoD4HzyYSdY=,Isrzj67W1Xqq1Pxo470tluQwZVE=
77,-142,yuCrT+TnCkWC89hTYoD4HzyYSdY=,Isrzj67W1Xqq1Pxo470tluQwZVE=
76,-142,yuCrT+TnCkWC89hTYoD4HzyYSdY=,Isrzj67W1Xqq1Pxo470tluQwZVE=
75,-142,yuCrT+TnCkWC89hTYoD4HzyYSdY=,Isrzj67W1Xqq1Pxo470tluQwZVE=
74,-142,yuCrT+TnCkWC89hTYoD4HzyYSdY=,Isrzj67W1Xqq1Pxo470tluQwZVE=
73,-142,yuCrT+TnCkWC89hTYoD4HzyYSdY=,Isrzj67W1Xqq1Pxo470tluQwZVE=
72,-142,yuCrT+TnCkWC89hTYoD4HzyYSdY=,Isrzj67W1Xqq1Pxo470tluQwZVE=
76,-143,yuCrT+TnCkWC89hTYoD4HzyYSdY=,Isrzj67W1Xqq1Pxo470tluQwZVE=
75,-143,yuCrT+TnCkWC89hTYoD4HzyYSdY=,Isrzj67W1Xqq1Pxo470tluQwZVE=
74,-143,yuCrT+TnCkWC89hTYoD4HzyYSdY=,Isrzj67W1Xqq1Pxo470tluQwZVE=
73,-143,yuCrT+TnCkWC89hTYoD4HzyYSdY=,Isrzj67W1Xqq1Pxo470tluQwZVE=
72,-143,yuCrT+TnCkWC89hTYoD4HzyYSdY=,Isrzj67W1Xqq1Pxo470tluQwZVE=
75,-138,yuCrT+TnCkWC89hTYoD4HzyYSdY=,Isrzj67W1Xqq1Pxo470tluQwZVE=
74,-138,yuCrT+TnCkWC89hTYoD4HzyYSdY=,Isrzj67W1Xqq1Pxo470tluQwZVE=
72,-144,yuCrT+TnCkWC89hTYoD4HzyYSdY=,Isrzj67W1Xqq1Pxo470tluQwZVE=
73,-144,yuCrT+TnCkWC89hTYoD4HzyYSdY=,Isrzj67W1Xqq1Pxo470tluQwZVE=
74,-144,yuCrT+TnCkWC89hTYoD4HzyYSdY=,Isrzj67W1Xqq1Pxo470tluQwZVE=
75,-144,yuCrT+TnCkWC89hTYoD4HzyYSdY=,Isrzj67W1Xqq1Pxo470tluQwZVE=
76,-144,yuCrT+TnCkWC89hTYoD4HzyYSdY=,Isrzj67W1Xqq1Pxo470tluQwZVE=
74,-132,yuCrT+TnCkWC89hTYoD4HzyYSdY=,rne16TXhVEmNpHMXfa22I3dAOWo=
72,-133,yuCrT+TnCkWC89hTYoD4HzyYSdY=,rne16TXhVEmNpHMXfa22I3dAOWo=
75,-132,yuCrT+TnCkWC89hTYoD4HzyYSdY=,rne16TXhVEmNpHMXfa22I3dAOWo=
73,-133,yuCrT+TnCkWC89hTYoD4HzyYSdY=,rne16TXhVEmNpHMXfa22I3dAOWo=
72,-135,yuCrT+TnCkWC89hTYoD4HzyYSdY=,rne16TXhVEmNpHMXfa22I3dAOWo=
73,-135,yuCrT+TnCkWC89hTYoD4HzyYSdY=,rne16TXhVEmNpHMXfa22I3dAOWo=
74,-135,yuCrT+TnCkWC89hTYoD4HzyYSdY=,rne16TXhVEmNpHMXfa22I3dAOWo=
75,-135,yuCrT+TnCkWC89hTYoD4HzyYSdY=,rne16TXhVEmNpHMXfa22I3dAOWo=
72,-136,yuCrT+TnCkWC89hTYoD4HzyYSdY=,rne16TXhVEmNpHMXfa22I3dAOWo=
72,-134,yuCrT+TnCkWC89hTYoD4HzyYSdY=,rne16TXhVEmNpHMXfa22I3dAOWo=
73,-134,yuCrT+TnCkWC89hTYoD4HzyYSdY=,rne16TXhVEmNpHMXfa22I3dAOWo=
74,-134,yuCrT+TnCkWC89hTYoD4HzyYSdY=,rne16TXhVEmNpHMXfa22I3dAOWo=
75,-134,yuCrT+TnCkWC89hTYoD4HzyYSdY=,rne16TXhVEmNpHMXfa22I3dAOWo=
74,-133,yuCrT+TnCkWC89hTYoD4HzyYSdY=,rne16TXhVEmNpHMXfa22I3dAOWo=
74,-136,yuCrT+TnCkWC89hTYoD4HzyYSdY=,rne16TXhVEmNpHMXfa22I3dAOWo=
72,-131,yuCrT+TnCkWC89hTYoD4HzyYSdY=,rne16TXhVEmNpHMXfa22I3dAOWo=
72,-137,yuCrT+TnCkWC89hTYoD4HzyYSdY=,Isrzj67W1Xqq1Pxo470tluQwZVE=
73,-137,yuCrT+TnCkWC89hTYoD4HzyYSdY=,Isrzj67W1Xqq1Pxo470tluQwZVE=
74,-137,yuCrT+TnCkWC89hTYoD4HzyYSdY=,Isrzj67W1Xqq1Pxo470tluQwZVE=
75,-137,yuCrT+TnCkWC89hTYoD4HzyYSdY=,Isrzj67W1Xqq1Pxo470tluQwZVE=
75,-133,yuCrT+TnCkWC89hTYoD4HzyYSdY=,rne16TXhVEmNpHMXfa22I3dAOWo=
72,-130,yuCrT+TnCkWC89hTYoD4HzyYSdY=,rne16TXhVEmNpHMXfa22I3dAOWo=
73,-130,yuCrT+TnCkWC89hTYoD4HzyYSdY=,rne16TXhVEmNpHMXfa22I3dAOWo=
75,-136,yuCrT+TnCkWC89hTYoD4HzyYSdY=,rne16TXhVEmNpHMXfa22I3dAOWo=
75,-130,yuCrT+TnCkWC89hTYoD4HzyYSdY=,rne16TXhVEmNpHMXfa22I3dAOWo=
73,-136,yuCrT+TnCkWC89hTYoD4HzyYSdY=,rne16TXhVEmNpHMXfa22I3dAOWo=
75,-131,yuCrT+TnCkWC89hTYoD4HzyYSdY=,rne16TXhVEmNpHMXfa22I3dAOWo=
74,-130,yuCrT+TnCkWC89hTYoD4HzyYSdY=,rne16TXhVEmNpHMXfa22I3dAOWo=
73,-132,yuCrT+TnCkWC89hTYoD4HzyYSdY=,rne16TXhVEmNpHMXfa22I3dAOWo=
74,-131,yuCrT+TnCkWC89hTYoD4HzyYSdY=,rne16TXhVEmNpHMXfa22I3dAOWo=
72,-132,yuCrT+TnCkWC89hTYoD4HzyYSdY=,rne16TXhVEmNpHMXfa22I3dAOWo=
73,-131,yuCrT+TnCkWC89hTYoD4HzyYSdY=,rne16TXhVEmNpHMXfa22I3dAOWo=
72,-129,yuCrT+TnCkWC89hTYoD4HzyYSdY=,rne16TXhVEmNpHMXfa22I3dAOWo=
74,-129,yuCrT+TnCkWC89hTYoD4HzyYSdY=,rne16TXhVEmNpHMXfa22I3dAOWo=
73,-129,yuCrT+TnCkWC89hTYoD4HzyYSdY=,rne16TXhVEmNpHMXfa22I3dAOWo=
75,-129,yuCrT+TnCkWC89hTYoD4HzyYSdY=,rne16TXhVEmNpHMXfa22I3dAOWo=
76,-136,yuCrT+TnCkWC89hTYoD4HzyYSdY=,rne16TXhVEmNpHMXfa22I3dAOWo=
79,-133,yuCrT+TnCkWC89hTYoD4HzyYSdY=,rne16TXhVEmNpHMXfa22I3dAOWo=
77,-139,yuCrT+TnCkWC89hTYoD4HzyYSdY=,Isrzj67W1Xqq1Pxo470tluQwZVE=
76,-135,yuCrT+TnCkWC89hTYoD4HzyYSdY=,rne16TXhVEmNpHMXfa22I3dAOWo=
77,-140,yuCrT+TnCkWC89hTYoD4HzyYSdY=,Isrzj67W1Xqq1Pxo470tluQwZVE=
77,-135,yuCrT+TnCkWC89hTYoD4HzyYSdY=,rne16TXhVEmNpHMXfa22I3dAOWo=
77,-134,yuCrT+TnCkWC89hTYoD4HzyYSdY=,rne16TXhVEmNpHMXfa22I3dAOWo=
76,-134,yuCrT+TnCkWC89hTYoD4HzyYSdY=,rne16TXhVEmNpHMXfa22I3dAOWo=
79,-137,yuCrT+TnCkWC89hTYoD4HzyYSdY=,Isrzj67W1Xqq1Pxo470tluQwZVE=
78,-139,yuCrT+TnCkWC89hTYoD4HzyYSdY=,Isrzj67W1Xqq1Pxo470tluQwZVE=
78,-136,yuCrT+TnCkWC89hTYoD4HzyYSdY=,rne16TXhVEmNpHMXfa22I3dAOWo=
79,-138,yuCrT+TnCkWC89hTYoD4HzyYSdY=,Isrzj67W1Xqq1Pxo470tluQwZVE=
76,-133,yuCrT+TnCkWC89hTYoD4HzyYSdY=,rne16TXhVEmNpHMXfa22I3dAOWo=
78,-141,yuCrT+TnCkWC89hTYoD4HzyYSdY=,Isrzj67W1Xqq1Pxo470tluQwZVE=
79,-139,yuCrT+TnCkWC89hTYoD4HzyYSdY=,Isrzj67W1Xqq1Pxo470tluQwZVE=
77,-136,yuCrT+TnCkWC89hTYoD4HzyYSdY=,rne16TXhVEmNpHMXfa22I3dAOWo=
77,-133,yuCrT+TnCkWC89hTYoD4HzyYSdY=,rne16TXhVEmNpHMXfa22I3dAOWo=
79,-141,yuCrT+TnCkWC89hTYoD4HzyYSdY=,Isrzj67W1Xqq1Pxo470tluQwZVE=
78,-137,yuCrT+TnCkWC89hTYoD4HzyYSdY=,Isrzj67W1Xqq1Pxo470tluQwZVE=
76,-130,yuCrT+TnCkWC89hTYoD4HzyYSdY=,rne16TXhVEmNpHMXfa22I3dAOWo=
79,-140,yuCrT+TnCkWC89hTYoD4HzyYSdY=,Isrzj67W1Xqq1Pxo470tluQwZVE=
78,-140,yuCrT+TnCkWC89hTYoD4HzyYSdY=,Isrzj67W1Xqq1Pxo470tluQwZVE=
77,-137,yuCrT+TnCkWC89hTYoD4HzyYSdY=,Isrzj67W1Xqq1Pxo470tluQwZVE=
78,-135,yuCrT+TnCkWC89hTYoD4HzyYSdY=,rne16TXhVEmNpHMXfa22I3dAOWo=
79,-142,yuCrT+TnCkWC89hTYoD4HzyYSdY=,Isrzj67W1Xqq1Pxo470tluQwZVE=
77,-143,yuCrT+TnCkWC89hTYoD4HzyYSdY=,Isrzj67W1Xqq1Pxo470tluQwZVE=
77,-130,yuCrT+TnCkWC89hTYoD4HzyYSdY=,rne16TXhVEmNpHMXfa22I3dAOWo=
79,-144,yuCrT+TnCkWC89hTYoD4HzyYSdY=,Isrzj67W1Xqq1Pxo470tluQwZVE=
79,-135,yuCrT+TnCkWC89hTYoD4HzyYSdY=,rne16TXhVEmNpHMXfa22I3dAOWo=
76,-137,yuCrT+TnCkWC89hTYoD4HzyYSdY=,Isrzj67W1Xqq1Pxo470tluQwZVE=
79,-143,yuCrT+TnCkWC89hTYoD4HzyYSdY=,Isrzj67W1Xqq1Pxo470tluQwZVE=
76,-138,yuCrT+TnCkWC89hTYoD4HzyYSdY=,Isrzj67W1Xqq1Pxo470tluQwZVE=
79,-129,yuCrT+TnCkWC89hTYoD4HzyYSdY=,rne16TXhVEmNpHMXfa22I3dAOWo=
79,-130,yuCrT+TnCkWC89hTYoD4HzyYSdY=,rne16TXhVEmNpHMXfa22I3dAOWo=
78,-138,yuCrT+TnCkWC89hTYoD4HzyYSdY=,Isrzj67W1Xqq1Pxo470tluQwZVE=
76,-132,yuCrT+TnCkWC89hTYoD4HzyYSdY=,rne16TXhVEmNpHMXfa22I3dAOWo=
78,-142,yuCrT+TnCkWC89hTYoD4HzyYSdY=,Isrzj67W1Xqq1Pxo470tluQwZVE=
76,-131,yuCrT+TnCkWC89hTYoD4HzyYSdY=,rne16TXhVEmNpHMXfa22I3dAOWo=
79,-136,yuCrT+TnCkWC89hTYoD4HzyYSdY=,rne16TXhVEmNpHMXfa22I3dAOWo=
77,-132,yuCrT+TnCkWC89hTYoD4HzyYSdY=,rne16TXhVEmNpHMXfa22I3dAOWo=
78,-130,yuCrT+TnCkWC89hTYoD4HzyYSdY=,rne16TXhVEmNpHMXfa22I3dAOWo=
78,-133,yuCrT+TnCkWC89hTYoD4HzyYSdY=,rne16TXhVEmNpHMXfa22I3dAOWo=
78,-129,yuCrT+TnCkWC89hTYoD4HzyYSdY=,rne16TXhVEmNpHMXfa22I3dAOWo=
77,-138,yuCrT+TnCkWC89hTYoD4HzyYSdY=,Isrzj67W1Xqq1Pxo470tluQwZVE=
78,-143,yuCrT+TnCkWC89hTYoD4HzyYSdY=,Isrzj67W1Xqq1Pxo470tluQwZVE=
77,-144,yuCrT+TnCkWC89hTYoD4HzyYSdY=,Isrzj67W1Xqq1Pxo470tluQwZVE=
78,-144,yuCrT+TnCkWC89hTYoD4HzyYSdY=,Isrzj67W1Xqq1Pxo470tluQwZVE=
78,-132,yuCrT+TnCkWC89hTYoD4HzyYSdY=,rne16TXhVEmNpHMXfa22I3dAOWo=
78,-131,yuCrT+TnCkWC89hTYoD4HzyYSdY=,rne16TXhVEmNpHMXfa22I3dAOWo=
77,-131,yuCrT+TnCkWC89hTYoD4HzyYSdY=,rne16TXhVEmNpHMXfa22I3dAOWo=
76,-129,yuCrT+TnCkWC89hTYoD4HzyYSdY=,rne16TXhVEmNpHMXfa22I3dAOWo=
78,-134,yuCrT+TnCkWC89hTYoD4HzyYSdY=,rne16TXhVEmNpHMXfa22I3dAOWo=
79,-134,yuCrT+TnCkWC89hTYoD4HzyYSdY=,rne16TXhVEmNpHMXfa22I3dAOWo=
77,-129,yuCrT+TnCkWC89hTYoD4HzyYSdY=,rne16TXhVEmNpHMXfa22I3dAOWo=
79,-132,yuCrT+TnCkWC89hTYoD4HzyYSdY=,rne16TXhVEmNpHMXfa22I3dAOWo=
79,-131,yuCrT+TnCkWC89hTYoD4HzyYSdY=,rne16TXhVEmNpHMXfa22I3dAOWo=
