65,35,daKU3cjOr8/G46fkbHZfKjmMFS0=,LilQ7crBC+QY9FVkY/3/pUf3IYk=
65,37,daKU3cjOr8/G46fkbHZfKjmMFS0=,uod9UR+RSZu8FEZidag/DbqDZXU=
65,36,daKU3cjOr8/G46fkbHZfKjmMFS0=,sF9iBWGoqTqXVEjq98muNEBj4ZE=
65,39,daKU3cjOr8/G46fkbHZfKjmMFS0=,G14g9BP786hSmzb8FH7sT+YwnMY=
65,38,daKU3cjOr8/G46fkbHZfKjmMFS0=,+/joAf4kN4zmsZCefJB+zcjJqhE=
65,41,daKU3cjOr8/G46fkbHZfKjmMFS0=,JuxrBD+3roRsLp2AfMZ/HWZDnKc=
65,40,daKU3cjOr8/G46fkbHZfKjmMFS0=,iC0evtQMj4AK8foVeGv6GO+8HlI=
65,43,daKU3cjOr8/G46fkbHZfKjmMFS0=,G17RvogLrpbgkqMQze7AFFx+2GQ=
65,42,daKU3cjOr8/G46fkbHZfKjmMFS0=,nf4L//7JsJ8nO0klpSdK8MRoPbM=
65,44,daKU3cjOr8/G46fkbHZfKjmMFS0=,4QNR8OezH/IVaxppv2D1FVqUEhg=
64,34,daKU3cjOr8/G46fkbHZfKjmMFS0=,Xmaco0ddC9yA3I+z+pwYferq1i8=
64,35,daKU3cjOr8/G46fkbHZfKjmMFS0=,hlNAtNNKX9VC0/Df0F+bUGCeNNA=
64,36,daKU3cjOr8/G46fkbHZfKjmMFS0=,Aal/1gd0GdPWIxqUBZLXZmbwuGY=
64,37,daKU3cjOr8/G46fkbHZfKjmMFS0=,Aal/1gd0GdPWIxqUBZLXZmbwuGY=
64,38,daKU3cjOr8/G46fkbHZfKjmMFS0=,Aal/1gd0GdPWIxqUBZLXZmbwuGY=
64,39,daKU3cjOr8/G46fkbHZfKjmMFS0=,XzVReviNtSebSXYPoSgEpnkljRs=
64,40,daKU3cjOr8/G46fkbHZfKjmMFS0=,2KoYAeGlOkB1VRYpXxxAjGgEWwg=
64,41,daKU3cjOr8/G46fkbHZfKjmMFS0=,0K0kidCsRShi+3Sk9ZvQ9dZBuRo=
64,42,daKU3cjOr8/G46fkbHZfKjmMFS0=,ZCVkA7rQgRlY0h2OIIeWzyk0Dl0=
64,43,daKU3cjOr8/G46fkbHZfKjmMFS0=,x7QTKVcke/raQtD4RCdNLS6TXG0=
64,44,daKU3cjOr8/G46fkbHZfKjmMFS0=,8XEThNs00wD+2660KkV3xBK8LqE=
67,39,daKU3cjOr8/G46fkbHZfKjmMFS0=,K0GBHBtvIUi3OZAIbhG5Sdb+nps=
67,38,daKU3cjOr8/G46fkbHZfKjmMFS0=,aXkpxVC08cKfCclULgppiH+QDEE=
67,43,daKU3cjOr8/G46fkbHZfKjmMFS0=,dsoarkF6fzZim43fD/87NJUzrRo=
67,42,daKU3cjOr8/G46fkbHZfKjmMFS0=,JLLU1FlMfO/cXj6wUdL7+ATE6G4=
67,41,daKU3cjOr8/G46fkbHZfKjmMFS0=,pNS3v2kaQTpwjnEnA5zZosBtm+4=
67,40,daKU3cjOr8/G46fkbHZfKjmMFS0=,6+h3tpKJIECdW32Zy7snBFV4oMc=
67,44,daKU3cjOr8/G46fkbHZfKjmMFS0=,TcD3T5CabzIrqX4fsi9UUETudwM=
66,38,daKU3cjOr8/G46fkbHZfKjmMFS0=,kABC5sAHTJ4RAwTfixBsZPRPN+o=
66,39,daKU3cjOr8/G46fkbHZfKjmMFS0=,gdg2cy8/VbTqMP7gmQ+Subkdnnk=
66,36,daKU3cjOr8/G46fkbHZfKjmMFS0=,Xmaco0ddC9yA3I+z+pwYferq1i8=
66,37,daKU3cjOr8/G46fkbHZfKjmMFS0=,Xmaco0ddC9yA3I+z+pwYferq1i8=
66,42,daKU3cjOr8/G46fkbHZfKjmMFS0=,qPfDilA97fHzUudMgDHEd/VViyo=
66,43,daKU3cjOr8/G46fkbHZfKjmMFS0=,I33e0rKjSSioMVw5tiTEsAXQtPc=
66,40,daKU3cjOr8/G46fkbHZfKjmMFS0=,Aj2wsvxkYKk8oG5tABJkQ9rQgf4=
66,41,daKU3cjOr8/G46fkbHZfKjmMFS0=,D4Klhw+v0zsoFLpsqPaqaDXseSw=
66,44,daKU3cjOr8/G46fkbHZfKjmMFS0=,Qg3kxDApSdOnuzSqD0UQgSWEL1E=
69,37,daKU3cjOr8/G46fkbHZfKjmMFS0=,Xmaco0ddC9yA3I+z+pwYferq1i8=
69,36,daKU3cjOr8/G46fkbHZfKjmMFS0=,OaQUSkUTnFrFIPVZ1XkG17ipZ9k=
69,39,daKU3cjOr8/G46fkbHZfKjmMFS0=,QMC4RmNlEHu1xHpCMjOCd2b4q44=
69,38,daKU3cjOr8/G46fkbHZfKjmMFS0=,HTRoZGBTvIY1UxWmxgHyMWeGw6k=
69,35,daKU3cjOr8/G46fkbHZfKjmMFS0=,Xmaco0ddC9yA3I+z+pwYferq1i8=
69,34,daKU3cjOr8/G46fkbHZfKjmMFS0=,4d8ixejOmRoaQk3ueTpf++JIh6c=
69,45,daKU3cjOr8/G46fkbHZfKjmMFS0=,KaGWQdSmG/4KbfeKnC/DuVOlOLc=
69,44,S67+hD8z1/SoqD75D0k6OJwx4WY=,QFZAAVzIfjXWHRqPgbaGSC/XyYQ=
69,47,S67+hD8z1/SoqD75D0k6OJwx4WY=,NRNh6h9/5BvMVWL2MdpHi+IQtC8=
69,46,S67+hD8z1/SoqD75D0k6OJwx4WY=,8pIo1m63FXRIYfyJo41l/tnmYm0=
69,41,S67+hD8z1/SoqD75D0k6OJwx4WY=,f9AH6Rv+wA0V5P8OdnZAqUnYIUM=
69,40,S67+hD8z1/SoqD75D0k6OJwx4WY=,JE5VyutVRied42pNUh6fFfVWFiE=
69,43,S67+hD8z1/SoqD75D0k6OJwx4WY=,CkQZOwkkrVR9M8BAK4VeMiZcEbE=
69,42,S67+hD8z1/SoqD75D0k6OJwx4WY=,4dccGfAYLg3iQ2W441zoPSIjSEk=
69,49,S67+hD8z1/SoqD75D0k6OJwx4WY=,MMOQU3ZcsgSgZjZjqIy4NovBCtE=
69,48,S67+hD8z1/SoqD75D0k6OJwx4WY=,zhF/JhJc3GuED6qC+nH0zk2nPyI=
69,51,S67+hD8z1/SoqD75D0k6OJwx4WY=,0G6AAJwA4O9FTOWbhd5ZdxZgNfQ=
69,50,S67+hD8z1/SoqD75D0k6OJwx4WY=,UgQMhbr7gg+SWMlQ8ablYVE9LJE=
68,36,S67+hD8z1/SoqD75D0k6OJwx4WY=,QMC4RmNlEHu1xHpCMjOCd2b4q44=
68,37,S67+hD8z1/SoqD75D0k6OJwx4WY=,Xmaco0ddC9yA3I+z+pwYferq1i8=
68,38,S67+hD8z1/SoqD75D0k6OJwx4WY=,aXkpxVC08cKfCclULgppiH+QDEE=
68,39,S67+hD8z1/SoqD75D0k6OJwx4WY=,K0GBHBtvIUi3OZAIbhG5Sdb+nps=
68,34,S67+hD8z1/SoqD75D0k6OJwx4WY=,yqFr9iD74DrT6pSEUeud+eT3PF8=
68,35,S67+hD8z1/SoqD75D0k6OJwx4WY=,aXkpxVC08cKfCclULgppiH+QDEE=
68,44,S67+hD8z1/SoqD75D0k6OJwx4WY=,6uR2Ty67WwAVcF03YfoTrmhjt54=
68,45,S67+hD8z1/SoqD75D0k6OJwx4WY=,NRNh6h9/5BvMVWL2MdpHi+IQtC8=
68,46,S67+hD8z1/SoqD75D0k6OJwx4WY=,igW8MCTRHhpni5ZTzqzTSBUH9Cs=
68,47,S67+hD8z1/SoqD75D0k6OJwx4WY=,yOdBe2P64XI+5Iho7iBLF1MPtWc=
68,40,S67+hD8z1/SoqD75D0k6OJwx4WY=,W8UrP8QiO8lg685E64/8JcQa4mc=
68,41,S67+hD8z1/SoqD75D0k6OJwx4WY=,sz6bJddfV+bjlQoL16B88v5Y+7g=
68,42,S67+hD8z1/SoqD75D0k6OJwx4WY=,jliWAETUdwIwBnnGbmPKkYNawO8=
68,43,S67+hD8z1/SoqD75D0k6OJwx4WY=,4QDjjE5TZhxd/ytTUgsxReyaR3o=
68,48,S67+hD8z1/SoqD75D0k6OJwx4WY=,zhF/JhJc3GuED6qC+nH0zk2nPyI=
68,49,S67+hD8z1/SoqD75D0k6OJwx4WY=,tAc7TNdB/KWd0zdDzJGnF2bVA3Y=
68,50,S67+hD8z1/SoqD75D0k6OJwx4WY=,H74fYqF8L5z4SVAz+4UU53VP8OM=
68,51,S67+hD8z1/SoqD75D0k6OJwx4WY=,piB0kE7RCvRtUvhvvYlFw/9vZqA=
71,39,S67+hD8z1/SoqD75D0k6OJwx4WY=,Xmaco0ddC9yA3I+z+pwYferq1i8=
71,42,S67+hD8z1/SoqD75D0k6OJwx4WY=,LGJXsDustYiBvpp5Hf5I3JJtyEk=
71,41,S67+hD8z1/SoqD75D0k6OJwx4WY=,GxmX1lYP6+Vr//rv2UWI6A4hwR0=
71,40,S67+hD8z1/SoqD75D0k6OJwx4WY=,4/Y6k9VTrMcDy4PpyD/Z+UKDGe4=
71,50,S67+hD8z1/SoqD75D0k6OJwx4WY=,zR2Ji84/hWFUz5nZ1RV+pTsLa8o=
71,49,S67+hD8z1/SoqD75D0k6OJwx4WY=,Xkv7b6aGvE3eOnKlLYb3lplxwxI=
71,48,S67+hD8z1/SoqD75D0k6OJwx4WY=,0G6AAJwA4O9FTOWbhd5ZdxZgNfQ=
70,38,S67+hD8z1/SoqD75D0k6OJwx4WY=,QMC4RmNlEHu1xHpCMjOCd2b4q44=
70,39,S67+hD8z1/SoqD75D0k6OJwx4WY=,Xmaco0ddC9yA3I+z+pwYferq1i8=
70,36,S67+hD8z1/SoqD75D0k6OJwx4WY=,iLrVdCoaknIxpjuiH5f/3KU7o6w=
70,37,S67+hD8z1/SoqD75D0k6OJwx4WY=,/vfHoFD+WUzIcRRVSO/rANPKf1M=
70,34,S67+hD8z1/SoqD75D0k6OJwx4WY=,/vfHoFD+WUzIcRRVSO/rANPKf1M=
70,35,S67+hD8z1/SoqD75D0k6OJwx4WY=,JbSiz2NGKFKlVypuLpYRVT5GqNE=
70,46,S67+hD8z1/SoqD75D0k6OJwx4WY=,YePNn1xSwBTuLZ95DKQVzptWnlY=
70,47,S67+hD8z1/SoqD75D0k6OJwx4WY=,yOdBe2P64XI+5Iho7iBLF1MPtWc=
70,44,S67+hD8z1/SoqD75D0k6OJwx4WY=,ZSCx3NeLCUx4Y2kGiaKOaMoKuaU=
70,45,S67+hD8z1/SoqD75D0k6OJwx4WY=,mVGmBpiK9Cw6Sxe7vV9/ZwgU7lo=
70,42,S67+hD8z1/SoqD75D0k6OJwx4WY=,ugTmXLxuxjmKi4NwccvEvZ/LD+c=
70,43,S67+hD8z1/SoqD75D0k6OJwx4WY=,mo9HMFpXrT0IQReYTxL+SgWwAYY=
70,40,S67+hD8z1/SoqD75D0k6OJwx4WY=,F+oYdulgyTpngg4s0Lo7LqSVyko=
70,41,S67+hD8z1/SoqD75D0k6OJwx4WY=,czvu5CMygQG5DJLx226Sg9tKNDE=
70,50,S67+hD8z1/SoqD75D0k6OJwx4WY=,9vf7Qph8aDLhnP+0pOEVGOEeHo4=
70,48,S67+hD8z1/SoqD75D0k6OJwx4WY=,zhF/JhJc3GuED6qC+nH0zk2nPyI=
70,49,S67+hD8z1/SoqD75D0k6OJwx4WY=,fuwQvdOU9aORLoqyIEFDspxD7sY=
73,46,S67+hD8z1/SoqD75D0k6OJwx4WY=,zhF/JhJc3GuED6qC+nH0zk2nPyI=
72,40,S67+hD8z1/SoqD75D0k6OJwx4WY=,zhF/JhJc3GuED6qC+nH0zk2nPyI=
72,41,S67+hD8z1/SoqD75D0k6OJwx4WY=,zhF/JhJc3GuED6qC+nH0zk2nPyI=
72,42,S67+hD8z1/SoqD75D0k6OJwx4WY=,zhF/JhJc3GuED6qC+nH0zk2nPyI=
72,39,S67+hD8z1/SoqD75D0k6OJwx4WY=,ndONFv7ue/BAZ25/cSI/eJYxx+I=
80,60,S67+hD8z1/SoqD75D0k6OJwx4WY=,tx3NXBVMFkkhJ3/NbbyFzRcgmVE=
