-15,17,+jWKuiF6gFiC46obOeS3ROlr57w=,QQsF+Y4xw52OPhPsp5dLnOrjjkU=
-10,22,+jWKuiF6gFiC46obOeS3ROlr57w=,QQsF+Y4xw52OPhPsp5dLnOrjjkU=
-11,22,+jWKuiF6gFiC46obOeS3ROlr57w=,QQsF+Y4xw52OPhPsp5dLnOrjjkU=
-12,22,+jWKuiF6gFiC46obOeS3ROlr57w=,QQsF+Y4xw52OPhPsp5dLnOrjjkU=
-4,19,9rmJ7qtt5t6S5/Rl/a5gyp6qOk8=,EIGJtBORxro/R+wDoGx71eEeXi4=
-14,17,+jWKuiF6gFiC46obOeS3ROlr57w=,QQsF+Y4xw52OPhPsp5dLnOrjjkU=
-13,22,+jWKuiF6gFiC46obOeS3ROlr57w=,QQsF+Y4xw52OPhPsp5dLnOrjjkU=
-14,22,+jWKuiF6gFiC46obOeS3ROlr57w=,QQsF+Y4xw52OPhPsp5dLnOrjjkU=
-15,22,+jWKuiF6gFiC46obOeS3ROlr57w=,QQsF+Y4xw52OPhPsp5dLnOrjjkU=
-13,17,+jWKuiF6gFiC46obOeS3ROlr57w=,QQsF+Y4xw52OPhPsp5dLnOrjjkU=
-3,19,9rmJ7qtt5t6S5/Rl/a5gyp6qOk8=,EIGJtBORxro/R+wDoGx71eEeXi4=
-10,21,+jWKuiF6gFiC46obOeS3ROlr57w=,QQsF+Y4xw52OPhPsp5dLnOrjjkU=
-8,22,9rmJ7qtt5t6S5/Rl/a5gyp6qOk8=,EIGJtBORxro/R+wDoGx71eEeXi4=
-12,17,+jWKuiF6gFiC46obOeS3ROlr57w=,QQsF+Y4xw52OPhPsp5dLnOrjjkU=
-12,21,+jWKuiF6gFiC46obOeS3ROlr57w=,QQsF+Y4xw52OPhPsp5dLnOrjjkU=
-11,17,+jWKuiF6gFiC46obOeS3ROlr57w=,QQsF+Y4xw52OPhPsp5dLnOrjjkU=
-10,17,+jWKuiF6gFiC46obOeS3ROlr57w=,QQsF+Y4xw52OPhPsp5dLnOrjjkU=
-13,21,+jWKuiF6gFiC46obOeS3ROlr57w=,QQsF+Y4xw52OPhPsp5dLnOrjjkU=
-11,21,+jWKuiF6gFiC46obOeS3ROlr57w=,QQsF+Y4xw52OPhPsp5dLnOrjjkU=
-2,19,9rmJ7qtt5t6S5/Rl/a5gyp6qOk8=,EIGJtBORxro/R+wDoGx71eEeXi4=
-15,21,+jWKuiF6gFiC46obOeS3ROlr57w=,QQsF+Y4xw52OPhPsp5dLnOrjjkU=
-15,18,+jWKuiF6gFiC46obOeS3ROlr57w=,QQsF+Y4xw52OPhPsp5dLnOrjjkU=
-14,21,+jWKuiF6gFiC46obOeS3ROlr57w=,QQsF+Y4xw52OPhPsp5dLnOrjjkU=
-10,20,+jWKuiF6gFiC46obOeS3ROlr57w=,QQsF+Y4xw52OPhPsp5dLnOrjjkU=
-7,19,5tjmz7Fl0aI6cQzqWOfxzUevqAY=,EIGJtBORxro/R+wDoGx71eEeXi4=
-11,20,+jWKuiF6gFiC46obOeS3ROlr57w=,QQsF+Y4xw52OPhPsp5dLnOrjjkU=
-9,17,+jWKuiF6gFiC46obOeS3ROlr57w=,QQsF+Y4xw52OPhPsp5dLnOrjjkU=
-13,20,+jWKuiF6gFiC46obOeS3ROlr57w=,QQsF+Y4xw52OPhPsp5dLnOrjjkU=
-14,18,+jWKuiF6gFiC46obOeS3ROlr57w=,QQsF+Y4xw52OPhPsp5dLnOrjjkU=
-12,20,+jWKuiF6gFiC46obOeS3ROlr57w=,QQsF+Y4xw52OPhPsp5dLnOrjjkU=
-8,20,5tjmz7Fl0aI6cQzqWOfxzUevqAY=,EIGJtBORxro/R+wDoGx71eEeXi4=
-8,19,9rmJ7qtt5t6S5/Rl/a5gyp6qOk8=,EIGJtBORxro/R+wDoGx71eEeXi4=
-14,20,+jWKuiF6gFiC46obOeS3ROlr57w=,QQsF+Y4xw52OPhPsp5dLnOrjjkU=
-15,20,+jWKuiF6gFiC46obOeS3ROlr57w=,QQsF+Y4xw52OPhPsp5dLnOrjjkU=
-13,18,+jWKuiF6gFiC46obOeS3ROlr57w=,QQsF+Y4xw52OPhPsp5dLnOrjjkU=
-7,22,5tjmz7Fl0aI6cQzqWOfxzUevqAY=,EIGJtBORxro/R+wDoGx71eEeXi4=
-11,19,+jWKuiF6gFiC46obOeS3ROlr57w=,QQsF+Y4xw52OPhPsp5dLnOrjjkU=
-15,16,+jWKuiF6gFiC46obOeS3ROlr57w=,QQsF+Y4xw52OPhPsp5dLnOrjjkU=
-12,19,+jWKuiF6gFiC46obOeS3ROlr57w=,QQsF+Y4xw52OPhPsp5dLnOrjjkU=
-10,19,+jWKuiF6gFiC46obOeS3ROlr57w=,QQsF+Y4xw52OPhPsp5dLnOrjjkU=
-9,18,+jWKuiF6gFiC46obOeS3ROlr57w=,QQsF+Y4xw52OPhPsp5dLnOrjjkU=
-14,16,+jWKuiF6gFiC46obOeS3ROlr57w=,QQsF+Y4xw52OPhPsp5dLnOrjjkU=
-8,17,5tjmz7Fl0aI6cQzqWOfxzUevqAY=,EIGJtBORxro/R+wDoGx71eEeXi4=
-13,16,+jWKuiF6gFiC46obOeS3ROlr57w=,QQsF+Y4xw52OPhPsp5dLnOrjjkU=
-12,18,+jWKuiF6gFiC46obOeS3ROlr57w=,QQsF+Y4xw52OPhPsp5dLnOrjjkU=
-12,16,+jWKuiF6gFiC46obOeS3ROlr57w=,QQsF+Y4xw52OPhPsp5dLnOrjjkU=
-13,19,+jWKuiF6gFiC46obOeS3ROlr57w=,QQsF+Y4xw52OPhPsp5dLnOrjjkU=
-7,17,9rmJ7qtt5t6S5/Rl/a5gyp6qOk8=,EIGJtBORxro/R+wDoGx71eEeXi4=
-3,17,9rmJ7qtt5t6S5/Rl/a5gyp6qOk8=,EIGJtBORxro/R+wDoGx71eEeXi4=
-11,16,+jWKuiF6gFiC46obOeS3ROlr57w=,QQsF+Y4xw52OPhPsp5dLnOrjjkU=
-14,19,+jWKuiF6gFiC46obOeS3ROlr57w=,QQsF+Y4xw52OPhPsp5dLnOrjjkU=
-15,19,+jWKuiF6gFiC46obOeS3ROlr57w=,QQsF+Y4xw52OPhPsp5dLnOrjjkU=
-2,20,9rmJ7qtt5t6S5/Rl/a5gyp6qOk8=,EIGJtBORxro/R+wDoGx71eEeXi4=
-11,18,+jWKuiF6gFiC46obOeS3ROlr57w=,QQsF+Y4xw52OPhPsp5dLnOrjjkU=
-10,16,+jWKuiF6gFiC46obOeS3ROlr57w=,QQsF+Y4xw52OPhPsp5dLnOrjjkU=
-8,21,9rmJ7qtt5t6S5/Rl/a5gyp6qOk8=,EIGJtBORxro/R+wDoGx71eEeXi4=
-8,23,9rmJ7qtt5t6S5/Rl/a5gyp6qOk8=,EIGJtBORxro/R+wDoGx71eEeXi4=
-10,18,+jWKuiF6gFiC46obOeS3ROlr57w=,QQsF+Y4xw52OPhPsp5dLnOrjjkU=
-15,23,+jWKuiF6gFiC46obOeS3ROlr57w=,QQsF+Y4xw52OPhPsp5dLnOrjjkU=
-10,23,+jWKuiF6gFiC46obOeS3ROlr57w=,QQsF+Y4xw52OPhPsp5dLnOrjjkU=
-9,23,+jWKuiF6gFiC46obOeS3ROlr57w=,QQsF+Y4xw52OPhPsp5dLnOrjjkU=
-14,23,+jWKuiF6gFiC46obOeS3ROlr57w=,QQsF+Y4xw52OPhPsp5dLnOrjjkU=
-4,17,9rmJ7qtt5t6S5/Rl/a5gyp6qOk8=,EIGJtBORxro/R+wDoGx71eEeXi4=
-13,23,+jWKuiF6gFiC46obOeS3ROlr57w=,QQsF+Y4xw52OPhPsp5dLnOrjjkU=
-11,23,+jWKuiF6gFiC46obOeS3ROlr57w=,QQsF+Y4xw52OPhPsp5dLnOrjjkU=
-1,19,5tjmz7Fl0aI6cQzqWOfxzUevqAY=,EIGJtBORxro/R+wDoGx71eEeXi4=
-7,21,5tjmz7Fl0aI6cQzqWOfxzUevqAY=,EIGJtBORxro/R+wDoGx71eEeXi4=
-6,21,5tjmz7Fl0aI6cQzqWOfxzUevqAY=,EIGJtBORxro/R+wDoGx71eEeXi4=
-1,18,9rmJ7qtt5t6S5/Rl/a5gyp6qOk8=,EIGJtBORxro/R+wDoGx71eEeXi4=
-1,20,9rmJ7qtt5t6S5/Rl/a5gyp6qOk8=,EIGJtBORxro/R+wDoGx71eEeXi4=
-12,23,+jWKuiF6gFiC46obOeS3ROlr57w=,QQsF+Y4xw52OPhPsp5dLnOrjjkU=
-5,21,5tjmz7Fl0aI6cQzqWOfxzUevqAY=,EIGJtBORxro/R+wDoGx71eEeXi4=
-1,17,9rmJ7qtt5t6S5/Rl/a5gyp6qOk8=,EIGJtBORxro/R+wDoGx71eEeXi4=
-1,21,9rmJ7qtt5t6S5/Rl/a5gyp6qOk8=,EIGJtBORxro/R+wDoGx71eEeXi4=
-1,22,9rmJ7qtt5t6S5/Rl/a5gyp6qOk8=,EIGJtBORxro/R+wDoGx71eEeXi4=
-1,23,9rmJ7qtt5t6S5/Rl/a5gyp6qOk8=,EIGJtBORxro/R+wDoGx71eEeXi4=
-4,21,9rmJ7qtt5t6S5/Rl/a5gyp6qOk8=,EIGJtBORxro/R+wDoGx71eEeXi4=
-16,17,+jWKuiF6gFiC46obOeS3ROlr57w=,QQsF+Y4xw52OPhPsp5dLnOrjjkU=
-5,17,9rmJ7qtt5t6S5/Rl/a5gyp6qOk8=,EIGJtBORxro/R+wDoGx71eEeXi4=
-6,17,9rmJ7qtt5t6S5/Rl/a5gyp6qOk8=,EIGJtBORxro/R+wDoGx71eEeXi4=
-2,17,9rmJ7qtt5t6S5/Rl/a5gyp6qOk8=,EIGJtBORxro/R+wDoGx71eEeXi4=
-7,20,5tjmz7Fl0aI6cQzqWOfxzUevqAY=,EIGJtBORxro/R+wDoGx71eEeXi4=
-16,18,+jWKuiF6gFiC46obOeS3ROlr57w=,QQsF+Y4xw52OPhPsp5dLnOrjjkU=
-16,19,+jWKuiF6gFiC46obOeS3ROlr57w=,QQsF+Y4xw52OPhPsp5dLnOrjjkU=
-9,19,+jWKuiF6gFiC46obOeS3ROlr57w=,QQsF+Y4xw52OPhPsp5dLnOrjjkU=
-6,20,9rmJ7qtt5t6S5/Rl/a5gyp6qOk8=,EIGJtBORxro/R+wDoGx71eEeXi4=
-16,20,+jWKuiF6gFiC46obOeS3ROlr57w=,QQsF+Y4xw52OPhPsp5dLnOrjjkU=
-16,23,+jWKuiF6gFiC46obOeS3ROlr57w=,QQsF+Y4xw52OPhPsp5dLnOrjjkU=
-16,22,+jWKuiF6gFiC46obOeS3ROlr57w=,QQsF+Y4xw52OPhPsp5dLnOrjjkU=
-6,22,5tjmz7Fl0aI6cQzqWOfxzUevqAY=,EIGJtBORxro/R+wDoGx71eEeXi4=
-16,16,+jWKuiF6gFiC46obOeS3ROlr57w=,QQsF+Y4xw52OPhPsp5dLnOrjjkU=
-16,21,+jWKuiF6gFiC46obOeS3ROlr57w=,QQsF+Y4xw52OPhPsp5dLnOrjjkU=
-9,20,+jWKuiF6gFiC46obOeS3ROlr57w=,QQsF+Y4xw52OPhPsp5dLnOrjjkU=
-2,18,9rmJ7qtt5t6S5/Rl/a5gyp6qOk8=,EIGJtBORxro/R+wDoGx71eEeXi4=
-2,21,9rmJ7qtt5t6S5/Rl/a5gyp6qOk8=,EIGJtBORxro/R+wDoGx71eEeXi4=
-2,23,9rmJ7qtt5t6S5/Rl/a5gyp6qOk8=,EIGJtBORxro/R+wDoGx71eEeXi4=
-3,18,9rmJ7qtt5t6S5/Rl/a5gyp6qOk8=,EIGJtBORxro/R+wDoGx71eEeXi4=
-5,16,9rmJ7qtt5t6S5/Rl/a5gyp6qOk8=,EIGJtBORxro/R+wDoGx71eEeXi4=
-5,22,5tjmz7Fl0aI6cQzqWOfxzUevqAY=,EIGJtBORxro/R+wDoGx71eEeXi4=
-9,16,+jWKuiF6gFiC46obOeS3ROlr57w=,QQsF+Y4xw52OPhPsp5dLnOrjjkU=
-5,19,5tjmz7Fl0aI6cQzqWOfxzUevqAY=,EIGJtBORxro/R+wDoGx71eEeXi4=
-6,16,9rmJ7qtt5t6S5/Rl/a5gyp6qOk8=,EIGJtBORxro/R+wDoGx71eEeXi4=
-7,16,9rmJ7qtt5t6S5/Rl/a5gyp6qOk8=,EIGJtBORxro/R+wDoGx71eEeXi4=
-4,22,9rmJ7qtt5t6S5/Rl/a5gyp6qOk8=,EIGJtBORxro/R+wDoGx71eEeXi4=
-1,16,9rmJ7qtt5t6S5/Rl/a5gyp6qOk8=,EIGJtBORxro/R+wDoGx71eEeXi4=
-2,16,9rmJ7qtt5t6S5/Rl/a5gyp6qOk8=,EIGJtBORxro/R+wDoGx71eEeXi4=
-4,16,9rmJ7qtt5t6S5/Rl/a5gyp6qOk8=,EIGJtBORxro/R+wDoGx71eEeXi4=
-6,19,5tjmz7Fl0aI6cQzqWOfxzUevqAY=,EIGJtBORxro/R+wDoGx71eEeXi4=
-4,18,9rmJ7qtt5t6S5/Rl/a5gyp6qOk8=,EIGJtBORxro/R+wDoGx71eEeXi4=
-8,16,9rmJ7qtt5t6S5/Rl/a5gyp6qOk8=,EIGJtBORxro/R+wDoGx71eEeXi4=
-3,16,9rmJ7qtt5t6S5/Rl/a5gyp6qOk8=,EIGJtBORxro/R+wDoGx71eEeXi4=
-6,23,9rmJ7qtt5t6S5/Rl/a5gyp6qOk8=,EIGJtBORxro/R+wDoGx71eEeXi4=
-5,23,9rmJ7qtt5t6S5/Rl/a5gyp6qOk8=,EIGJtBORxro/R+wDoGx71eEeXi4=
-7,23,9rmJ7qtt5t6S5/Rl/a5gyp6qOk8=,EIGJtBORxro/R+wDoGx71eEeXi4=
-4,23,9rmJ7qtt5t6S5/Rl/a5gyp6qOk8=,EIGJtBORxro/R+wDoGx71eEeXi4=
-9,21,+jWKuiF6gFiC46obOeS3ROlr57w=,QQsF+Y4xw52OPhPsp5dLnOrjjkU=
-3,21,9rmJ7qtt5t6S5/Rl/a5gyp6qOk8=,EIGJtBORxro/R+wDoGx71eEeXi4=
-4,20,9rmJ7qtt5t6S5/Rl/a5gyp6qOk8=,EIGJtBORxro/R+wDoGx71eEeXi4=
-8,18,5tjmz7Fl0aI6cQzqWOfxzUevqAY=,EIGJtBORxro/R+wDoGx71eEeXi4=
-3,23,9rmJ7qtt5t6S5/Rl/a5gyp6qOk8=,EIGJtBORxro/R+wDoGx71eEeXi4=
-5,20,9rmJ7qtt5t6S5/Rl/a5gyp6qOk8=,EIGJtBORxro/R+wDoGx71eEeXi4=
-7,18,9rmJ7qtt5t6S5/Rl/a5gyp6qOk8=,EIGJtBORxro/R+wDoGx71eEeXi4=
-9,22,+jWKuiF6gFiC46obOeS3ROlr57w=,QQsF+Y4xw52OPhPsp5dLnOrjjkU=
-3,22,9rmJ7qtt5t6S5/Rl/a5gyp6qOk8=,EIGJtBORxro/R+wDoGx71eEeXi4=
-5,18,9rmJ7qtt5t6S5/Rl/a5gyp6qOk8=,EIGJtBORxro/R+wDoGx71eEeXi4=
-2,22,9rmJ7qtt5t6S5/Rl/a5gyp6qOk8=,EIGJtBORxro/R+wDoGx71eEeXi4=
-6,18,9rmJ7qtt5t6S5/Rl/a5gyp6qOk8=,EIGJtBORxro/R+wDoGx71eEeXi4=
-3,20,9rmJ7qtt5t6S5/Rl/a5gyp6qOk8=,EIGJtBORxro/R+wDoGx71eEeXi4=
-15,8,n4cclw54CprwD9t+TF5UsmsD4iY=,0RLHT1eUrEiilZOWhvBKDiws14c=
-12,14,NFd4mntMT6smzAD+6nEizocS658=,0RLHT1eUrEiilZOWhvBKDiws14c=
-14,8,n4cclw54CprwD9t+TF5UsmsD4iY=,0RLHT1eUrEiilZOWhvBKDiws14c=
-11,14,NFd4mntMT6smzAD+6nEizocS658=,0RLHT1eUrEiilZOWhvBKDiws14c=
-13,8,n4cclw54CprwD9t+TF5UsmsD4iY=,0RLHT1eUrEiilZOWhvBKDiws14c=
-13,14,NFd4mntMT6smzAD+6nEizocS658=,0RLHT1eUrEiilZOWhvBKDiws14c=
-12,8,n4cclw54CprwD9t+TF5UsmsD4iY=,0RLHT1eUrEiilZOWhvBKDiws14c=
-14,14,NFd4mntMT6smzAD+6nEizocS658=,0RLHT1eUrEiilZOWhvBKDiws14c=
-11,7,n4cclw54CprwD9t+TF5UsmsD4iY=,8yZMIfkoWnf0jziWz58u70Afm6Q=
-11,8,n4cclw54CprwD9t+TF5UsmsD4iY=,0RLHT1eUrEiilZOWhvBKDiws14c=
-12,7,7Ts6KvJcmdnZdkmXIJPsZpZH2MM=,8yZMIfkoWnf0jziWz58u70Afm6Q=
-15,3,n4cclw54CprwD9t+TF5UsmsD4iY=,8yZMIfkoWnf0jziWz58u70Afm6Q=
-15,14,n4cclw54CprwD9t+TF5UsmsD4iY=,0RLHT1eUrEiilZOWhvBKDiws14c=
-12,2,n4cclw54CprwD9t+TF5UsmsD4iY=,8yZMIfkoWnf0jziWz58u70Afm6Q=
-11,2,n4cclw54CprwD9t+TF5UsmsD4iY=,8yZMIfkoWnf0jziWz58u70Afm6Q=
-14,3,n4cclw54CprwD9t+TF5UsmsD4iY=,8yZMIfkoWnf0jziWz58u70Afm6Q=
-14,7,n4cclw54CprwD9t+TF5UsmsD4iY=,8yZMIfkoWnf0jziWz58u70Afm6Q=
-13,3,n4cclw54CprwD9t+TF5UsmsD4iY=,8yZMIfkoWnf0jziWz58u70Afm6Q=
-13,7,n4cclw54CprwD9t+TF5UsmsD4iY=,8yZMIfkoWnf0jziWz58u70Afm6Q=
-13,2,n4cclw54CprwD9t+TF5UsmsD4iY=,8yZMIfkoWnf0jziWz58u70Afm6Q=
-14,2,n4cclw54CprwD9t+TF5UsmsD4iY=,8yZMIfkoWnf0jziWz58u70Afm6Q=
-12,3,7Ts6KvJcmdnZdkmXIJPsZpZH2MM=,8yZMIfkoWnf0jziWz58u70Afm6Q=
-15,7,n4cclw54CprwD9t+TF5UsmsD4iY=,8yZMIfkoWnf0jziWz58u70Afm6Q=
-15,2,n4cclw54CprwD9t+TF5UsmsD4iY=,8yZMIfkoWnf0jziWz58u70Afm6Q=
-11,3,7Ts6KvJcmdnZdkmXIJPsZpZH2MM=,8yZMIfkoWnf0jziWz58u70Afm6Q=
-11,13,NFd4mntMT6smzAD+6nEizocS658=,0RLHT1eUrEiilZOWhvBKDiws14c=
-15,4,n4cclw54CprwD9t+TF5UsmsD4iY=,8yZMIfkoWnf0jziWz58u70Afm6Q=
-11,1,n4cclw54CprwD9t+TF5UsmsD4iY=,8yZMIfkoWnf0jziWz58u70Afm6Q=
-14,4,n4cclw54CprwD9t+TF5UsmsD4iY=,8yZMIfkoWnf0jziWz58u70Afm6Q=
-12,13,NFd4mntMT6smzAD+6nEizocS658=,0RLHT1eUrEiilZOWhvBKDiws14c=
-13,4,n4cclw54CprwD9t+TF5UsmsD4iY=,8yZMIfkoWnf0jziWz58u70Afm6Q=
-12,1,7Ts6KvJcmdnZdkmXIJPsZpZH2MM=,8yZMIfkoWnf0jziWz58u70Afm6Q=
-12,4,n4cclw54CprwD9t+TF5UsmsD4iY=,8yZMIfkoWnf0jziWz58u70Afm6Q=
-11,4,n4cclw54CprwD9t+TF5UsmsD4iY=,8yZMIfkoWnf0jziWz58u70Afm6Q=
-13,1,n4cclw54CprwD9t+TF5UsmsD4iY=,8yZMIfkoWnf0jziWz58u70Afm6Q=
-15,5,n4cclw54CprwD9t+TF5UsmsD4iY=,8yZMIfkoWnf0jziWz58u70Afm6Q=
-14,1,n4cclw54CprwD9t+TF5UsmsD4iY=,8yZMIfkoWnf0jziWz58u70Afm6Q=
-13,13,NFd4mntMT6smzAD+6nEizocS658=,0RLHT1eUrEiilZOWhvBKDiws14c=
-14,5,n4cclw54CprwD9t+TF5UsmsD4iY=,8yZMIfkoWnf0jziWz58u70Afm6Q=
-13,5,n4cclw54CprwD9t+TF5UsmsD4iY=,8yZMIfkoWnf0jziWz58u70Afm6Q=
-12,5,7Ts6KvJcmdnZdkmXIJPsZpZH2MM=,8yZMIfkoWnf0jziWz58u70Afm6Q=
-11,5,7Ts6KvJcmdnZdkmXIJPsZpZH2MM=,8yZMIfkoWnf0jziWz58u70Afm6Q=
-15,6,n4cclw54CprwD9t+TF5UsmsD4iY=,8yZMIfkoWnf0jziWz58u70Afm6Q=
-14,6,n4cclw54CprwD9t+TF5UsmsD4iY=,8yZMIfkoWnf0jziWz58u70Afm6Q=
-11,6,7Ts6KvJcmdnZdkmXIJPsZpZH2MM=,8yZMIfkoWnf0jziWz58u70Afm6Q=
-13,6,n4cclw54CprwD9t+TF5UsmsD4iY=,8yZMIfkoWnf0jziWz58u70Afm6Q=
-15,1,n4cclw54CprwD9t+TF5UsmsD4iY=,8yZMIfkoWnf0jziWz58u70Afm6Q=
-12,6,7Ts6KvJcmdnZdkmXIJPsZpZH2MM=,8yZMIfkoWnf0jziWz58u70Afm6Q=
-14,13,n4cclw54CprwD9t+TF5UsmsD4iY=,0RLHT1eUrEiilZOWhvBKDiws14c=
-15,9,NFd4mntMT6smzAD+6nEizocS658=,0RLHT1eUrEiilZOWhvBKDiws14c=
-15,13,n4cclw54CprwD9t+TF5UsmsD4iY=,0RLHT1eUrEiilZOWhvBKDiws14c=
-14,9,n4cclw54CprwD9t+TF5UsmsD4iY=,0RLHT1eUrEiilZOWhvBKDiws14c=
-13,9,n4cclw54CprwD9t+TF5UsmsD4iY=,0RLHT1eUrEiilZOWhvBKDiws14c=
-12,9,7Ts6KvJcmdnZdkmXIJPsZpZH2MM=,0RLHT1eUrEiilZOWhvBKDiws14c=
-11,9,n4cclw54CprwD9t+TF5UsmsD4iY=,0RLHT1eUrEiilZOWhvBKDiws14c=
-15,10,n4cclw54CprwD9t+TF5UsmsD4iY=,0RLHT1eUrEiilZOWhvBKDiws14c=
-14,10,n4cclw54CprwD9t+TF5UsmsD4iY=,0RLHT1eUrEiilZOWhvBKDiws14c=
-13,10,n4cclw54CprwD9t+TF5UsmsD4iY=,0RLHT1eUrEiilZOWhvBKDiws14c=
-12,10,n4cclw54CprwD9t+TF5UsmsD4iY=,0RLHT1eUrEiilZOWhvBKDiws14c=
-11,10,n4cclw54CprwD9t+TF5UsmsD4iY=,0RLHT1eUrEiilZOWhvBKDiws14c=
-15,11,n4cclw54CprwD9t+TF5UsmsD4iY=,0RLHT1eUrEiilZOWhvBKDiws14c=
-14,11,n4cclw54CprwD9t+TF5UsmsD4iY=,0RLHT1eUrEiilZOWhvBKDiws14c=
-13,11,n4cclw54CprwD9t+TF5UsmsD4iY=,0RLHT1eUrEiilZOWhvBKDiws14c=
-12,11,n4cclw54CprwD9t+TF5UsmsD4iY=,0RLHT1eUrEiilZOWhvBKDiws14c=
-11,11,n4cclw54CprwD9t+TF5UsmsD4iY=,0RLHT1eUrEiilZOWhvBKDiws14c=
-15,15,n4cclw54CprwD9t+TF5UsmsD4iY=,0RLHT1eUrEiilZOWhvBKDiws14c=
-14,15,n4cclw54CprwD9t+TF5UsmsD4iY=,0RLHT1eUrEiilZOWhvBKDiws14c=
-11,12,NFd4mntMT6smzAD+6nEizocS658=,0RLHT1eUrEiilZOWhvBKDiws14c=
-13,15,n4cclw54CprwD9t+TF5UsmsD4iY=,0RLHT1eUrEiilZOWhvBKDiws14c=
-12,12,NFd4mntMT6smzAD+6nEizocS658=,0RLHT1eUrEiilZOWhvBKDiws14c=
-12,15,n4cclw54CprwD9t+TF5UsmsD4iY=,0RLHT1eUrEiilZOWhvBKDiws14c=
-11,15,n4cclw54CprwD9t+TF5UsmsD4iY=,0RLHT1eUrEiilZOWhvBKDiws14c=
-13,12,n4cclw54CprwD9t+TF5UsmsD4iY=,0RLHT1eUrEiilZOWhvBKDiws14c=
-10,15,n4cclw54CprwD9t+TF5UsmsD4iY=,0RLHT1eUrEiilZOWhvBKDiws14c=
-15,12,n4cclw54CprwD9t+TF5UsmsD4iY=,0RLHT1eUrEiilZOWhvBKDiws14c=
-14,12,n4cclw54CprwD9t+TF5UsmsD4iY=,0RLHT1eUrEiilZOWhvBKDiws14c=
-4,15,n4cclw54CprwD9t+TF5UsmsD4iY=,1Iayr4hBA8QIsLU6On2xO5dPtig=
-3,15,n4cclw54CprwD9t+TF5UsmsD4iY=,1Iayr4hBA8QIsLU6On2xO5dPtig=
-2,15,n4cclw54CprwD9t+TF5UsmsD4iY=,1Iayr4hBA8QIsLU6On2xO5dPtig=
-8,15,n4cclw54CprwD9t+TF5UsmsD4iY=,1Iayr4hBA8QIsLU6On2xO5dPtig=
-5,15,n4cclw54CprwD9t+TF5UsmsD4iY=,1Iayr4hBA8QIsLU6On2xO5dPtig=
-6,15,n4cclw54CprwD9t+TF5UsmsD4iY=,1Iayr4hBA8QIsLU6On2xO5dPtig=
-7,15,n4cclw54CprwD9t+TF5UsmsD4iY=,1Iayr4hBA8QIsLU6On2xO5dPtig=
-15,0,n4cclw54CprwD9t+TF5UsmsD4iY=,8yZMIfkoWnf0jziWz58u70Afm6Q=
-9,15,n4cclw54CprwD9t+TF5UsmsD4iY=,0RLHT1eUrEiilZOWhvBKDiws14c=
-14,0,n4cclw54CprwD9t+TF5UsmsD4iY=,8yZMIfkoWnf0jziWz58u70Afm6Q=
-13,0,n4cclw54CprwD9t+TF5UsmsD4iY=,8yZMIfkoWnf0jziWz58u70Afm6Q=
-6,13,n4cclw54CprwD9t+TF5UsmsD4iY=,1Iayr4hBA8QIsLU6On2xO5dPtig=
-16,3,n4cclw54CprwD9t+TF5UsmsD4iY=,8yZMIfkoWnf0jziWz58u70Afm6Q=
-9,12,n4cclw54CprwD9t+TF5UsmsD4iY=,0RLHT1eUrEiilZOWhvBKDiws14c=
-12,0,n4cclw54CprwD9t+TF5UsmsD4iY=,8yZMIfkoWnf0jziWz58u70Afm6Q=
-11,0,n4cclw54CprwD9t+TF5UsmsD4iY=,8yZMIfkoWnf0jziWz58u70Afm6Q=
-6,14,n4cclw54CprwD9t+TF5UsmsD4iY=,1Iayr4hBA8QIsLU6On2xO5dPtig=
-9,14,n4cclw54CprwD9t+TF5UsmsD4iY=,0RLHT1eUrEiilZOWhvBKDiws14c=
-10,13,n4cclw54CprwD9t+TF5UsmsD4iY=,0RLHT1eUrEiilZOWhvBKDiws14c=
-16,4,n4cclw54CprwD9t+TF5UsmsD4iY=,8yZMIfkoWnf0jziWz58u70Afm6Q=
-10,14,n4cclw54CprwD9t+TF5UsmsD4iY=,0RLHT1eUrEiilZOWhvBKDiws14c=
-9,13,n4cclw54CprwD9t+TF5UsmsD4iY=,0RLHT1eUrEiilZOWhvBKDiws14c=
-10,12,n4cclw54CprwD9t+TF5UsmsD4iY=,0RLHT1eUrEiilZOWhvBKDiws14c=
-16,5,n4cclw54CprwD9t+TF5UsmsD4iY=,8yZMIfkoWnf0jziWz58u70Afm6Q=
-7,13,n4cclw54CprwD9t+TF5UsmsD4iY=,1Iayr4hBA8QIsLU6On2xO5dPtig=
-6,12,n4cclw54CprwD9t+TF5UsmsD4iY=,1Iayr4hBA8QIsLU6On2xO5dPtig=
-5,12,n4cclw54CprwD9t+TF5UsmsD4iY=,1Iayr4hBA8QIsLU6On2xO5dPtig=
-8,13,n4cclw54CprwD9t+TF5UsmsD4iY=,1Iayr4hBA8QIsLU6On2xO5dPtig=
-8,14,n4cclw54CprwD9t+TF5UsmsD4iY=,1Iayr4hBA8QIsLU6On2xO5dPtig=
-16,6,n4cclw54CprwD9t+TF5UsmsD4iY=,8yZMIfkoWnf0jziWz58u70Afm6Q=
-16,1,n4cclw54CprwD9t+TF5UsmsD4iY=,8yZMIfkoWnf0jziWz58u70Afm6Q=
-8,12,n4cclw54CprwD9t+TF5UsmsD4iY=,1Iayr4hBA8QIsLU6On2xO5dPtig=
-7,12,n4cclw54CprwD9t+TF5UsmsD4iY=,1Iayr4hBA8QIsLU6On2xO5dPtig=
-5,13,n4cclw54CprwD9t+TF5UsmsD4iY=,1Iayr4hBA8QIsLU6On2xO5dPtig=
-16,2,n4cclw54CprwD9t+TF5UsmsD4iY=,8yZMIfkoWnf0jziWz58u70Afm6Q=
-5,14,n4cclw54CprwD9t+TF5UsmsD4iY=,1Iayr4hBA8QIsLU6On2xO5dPtig=
-16,8,n4cclw54CprwD9t+TF5UsmsD4iY=,0RLHT1eUrEiilZOWhvBKDiws14c=
-16,9,n4cclw54CprwD9t+TF5UsmsD4iY=,0RLHT1eUrEiilZOWhvBKDiws14c=
-7,14,n4cclw54CprwD9t+TF5UsmsD4iY=,1Iayr4hBA8QIsLU6On2xO5dPtig=
-16,10,n4cclw54CprwD9t+TF5UsmsD4iY=,0RLHT1eUrEiilZOWhvBKDiws14c=
-16,11,n4cclw54CprwD9t+TF5UsmsD4iY=,0RLHT1eUrEiilZOWhvBKDiws14c=
-9,8,n4cclw54CprwD9t+TF5UsmsD4iY=,0RLHT1eUrEiilZOWhvBKDiws14c=
-16,12,n4cclw54CprwD9t+TF5UsmsD4iY=,0RLHT1eUrEiilZOWhvBKDiws14c=
-16,7,n4cclw54CprwD9t+TF5UsmsD4iY=,8yZMIfkoWnf0jziWz58u70Afm6Q=
-16,13,n4cclw54CprwD9t+TF5UsmsD4iY=,0RLHT1eUrEiilZOWhvBKDiws14c=
-16,15,n4cclw54CprwD9t+TF5UsmsD4iY=,0RLHT1eUrEiilZOWhvBKDiws14c=
-16,0,n4cclw54CprwD9t+TF5UsmsD4iY=,8yZMIfkoWnf0jziWz58u70Afm6Q=
-16,14,n4cclw54CprwD9t+TF5UsmsD4iY=,0RLHT1eUrEiilZOWhvBKDiws14c=
-1,15,n4cclw54CprwD9t+TF5UsmsD4iY=,1Iayr4hBA8QIsLU6On2xO5dPtig=
-1,13,n4cclw54CprwD9t+TF5UsmsD4iY=,1Iayr4hBA8QIsLU6On2xO5dPtig=
-9,0,n4cclw54CprwD9t+TF5UsmsD4iY=,8yZMIfkoWnf0jziWz58u70Afm6Q=
-10,7,n4cclw54CprwD9t+TF5UsmsD4iY=,8yZMIfkoWnf0jziWz58u70Afm6Q=
-2,13,n4cclw54CprwD9t+TF5UsmsD4iY=,1Iayr4hBA8QIsLU6On2xO5dPtig=
-1,14,n4cclw54CprwD9t+TF5UsmsD4iY=,1Iayr4hBA8QIsLU6On2xO5dPtig=
-9,6,7Ts6KvJcmdnZdkmXIJPsZpZH2MM=,8yZMIfkoWnf0jziWz58u70Afm6Q=
-9,11,7Ts6KvJcmdnZdkmXIJPsZpZH2MM=,0RLHT1eUrEiilZOWhvBKDiws14c=
-1,12,n4cclw54CprwD9t+TF5UsmsD4iY=,1Iayr4hBA8QIsLU6On2xO5dPtig=
-10,2,n4cclw54CprwD9t+TF5UsmsD4iY=,8yZMIfkoWnf0jziWz58u70Afm6Q=
-2,12,n4cclw54CprwD9t+TF5UsmsD4iY=,1Iayr4hBA8QIsLU6On2xO5dPtig=
-2,14,n4cclw54CprwD9t+TF5UsmsD4iY=,1Iayr4hBA8QIsLU6On2xO5dPtig=
-9,1,n4cclw54CprwD9t+TF5UsmsD4iY=,8yZMIfkoWnf0jziWz58u70Afm6Q=
-10,3,n4cclw54CprwD9t+TF5UsmsD4iY=,8yZMIfkoWnf0jziWz58u70Afm6Q=
-3,12,n4cclw54CprwD9t+TF5UsmsD4iY=,1Iayr4hBA8QIsLU6On2xO5dPtig=
-9,7,n4cclw54CprwD9t+TF5UsmsD4iY=,8yZMIfkoWnf0jziWz58u70Afm6Q=
-10,1,n4cclw54CprwD9t+TF5UsmsD4iY=,8yZMIfkoWnf0jziWz58u70Afm6Q=
-9,10,7Ts6KvJcmdnZdkmXIJPsZpZH2MM=,0RLHT1eUrEiilZOWhvBKDiws14c=
-4,12,n4cclw54CprwD9t+TF5UsmsD4iY=,1Iayr4hBA8QIsLU6On2xO5dPtig=
-1,0,n4cclw54CprwD9t+TF5UsmsD4iY=,WuRHqJTaRmuXISubihVaA0V7QPA=
-3,14,n4cclw54CprwD9t+TF5UsmsD4iY=,1Iayr4hBA8QIsLU6On2xO5dPtig=
-3,5,n4cclw54CprwD9t+TF5UsmsD4iY=,WuRHqJTaRmuXISubihVaA0V7QPA=
-4,14,n4cclw54CprwD9t+TF5UsmsD4iY=,1Iayr4hBA8QIsLU6On2xO5dPtig=
-3,13,n4cclw54CprwD9t+TF5UsmsD4iY=,1Iayr4hBA8QIsLU6On2xO5dPtig=
-10,4,n4cclw54CprwD9t+TF5UsmsD4iY=,8yZMIfkoWnf0jziWz58u70Afm6Q=
-4,13,n4cclw54CprwD9t+TF5UsmsD4iY=,1Iayr4hBA8QIsLU6On2xO5dPtig=
-9,9,n4cclw54CprwD9t+TF5UsmsD4iY=,0RLHT1eUrEiilZOWhvBKDiws14c=
-9,5,7Ts6KvJcmdnZdkmXIJPsZpZH2MM=,8yZMIfkoWnf0jziWz58u70Afm6Q=
-2,0,n4cclw54CprwD9t+TF5UsmsD4iY=,WuRHqJTaRmuXISubihVaA0V7QPA=
-9,2,n4cclw54CprwD9t+TF5UsmsD4iY=,8yZMIfkoWnf0jziWz58u70Afm6Q=
-1,10,n4cclw54CprwD9t+TF5UsmsD4iY=,1Iayr4hBA8QIsLU6On2xO5dPtig=
-10,11,n4cclw54CprwD9t+TF5UsmsD4iY=,0RLHT1eUrEiilZOWhvBKDiws14c=
-2,10,n4cclw54CprwD9t+TF5UsmsD4iY=,1Iayr4hBA8QIsLU6On2xO5dPtig=
-2,5,n4cclw54CprwD9t+TF5UsmsD4iY=,WuRHqJTaRmuXISubihVaA0V7QPA=
-3,0,n4cclw54CprwD9t+TF5UsmsD4iY=,WuRHqJTaRmuXISubihVaA0V7QPA=
-9,4,n4cclw54CprwD9t+TF5UsmsD4iY=,8yZMIfkoWnf0jziWz58u70Afm6Q=
-10,5,7Ts6KvJcmdnZdkmXIJPsZpZH2MM=,8yZMIfkoWnf0jziWz58u70Afm6Q=
-8,11,n4cclw54CprwD9t+TF5UsmsD4iY=,1Iayr4hBA8QIsLU6On2xO5dPtig=
-10,10,7Ts6KvJcmdnZdkmXIJPsZpZH2MM=,0RLHT1eUrEiilZOWhvBKDiws14c=
-4,0,7Ts6KvJcmdnZdkmXIJPsZpZH2MM=,WuRHqJTaRmuXISubihVaA0V7QPA=
-10,6,7Ts6KvJcmdnZdkmXIJPsZpZH2MM=,8yZMIfkoWnf0jziWz58u70Afm6Q=
-9,3,n4cclw54CprwD9t+TF5UsmsD4iY=,8yZMIfkoWnf0jziWz58u70Afm6Q=
-5,0,7Ts6KvJcmdnZdkmXIJPsZpZH2MM=,WuRHqJTaRmuXISubihVaA0V7QPA=
-5,8,7Ts6KvJcmdnZdkmXIJPsZpZH2MM=,1Iayr4hBA8QIsLU6On2xO5dPtig=
-10,9,7Ts6KvJcmdnZdkmXIJPsZpZH2MM=,0RLHT1eUrEiilZOWhvBKDiws14c=
-4,9,n4cclw54CprwD9t+TF5UsmsD4iY=,1Iayr4hBA8QIsLU6On2xO5dPtig=
-8,10,n4cclw54CprwD9t+TF5UsmsD4iY=,1Iayr4hBA8QIsLU6On2xO5dPtig=
-6,0,7Ts6KvJcmdnZdkmXIJPsZpZH2MM=,WuRHqJTaRmuXISubihVaA0V7QPA=
-10,0,7Ts6KvJcmdnZdkmXIJPsZpZH2MM=,8yZMIfkoWnf0jziWz58u70Afm6Q=
-7,11,n4cclw54CprwD9t+TF5UsmsD4iY=,1Iayr4hBA8QIsLU6On2xO5dPtig=
-2,9,n4cclw54CprwD9t+TF5UsmsD4iY=,1Iayr4hBA8QIsLU6On2xO5dPtig=
-1,3,n4cclw54CprwD9t+TF5UsmsD4iY=,WuRHqJTaRmuXISubihVaA0V7QPA=
-6,10,n4cclw54CprwD9t+TF5UsmsD4iY=,1Iayr4hBA8QIsLU6On2xO5dPtig=
-2,3,n4cclw54CprwD9t+TF5UsmsD4iY=,WuRHqJTaRmuXISubihVaA0V7QPA=
-7,10,n4cclw54CprwD9t+TF5UsmsD4iY=,1Iayr4hBA8QIsLU6On2xO5dPtig=
-8,9,7Ts6KvJcmdnZdkmXIJPsZpZH2MM=,1Iayr4hBA8QIsLU6On2xO5dPtig=
-6,9,7Ts6KvJcmdnZdkmXIJPsZpZH2MM=,1Iayr4hBA8QIsLU6On2xO5dPtig=
-3,3,n4cclw54CprwD9t+TF5UsmsD4iY=,WuRHqJTaRmuXISubihVaA0V7QPA=
-10,8,n4cclw54CprwD9t+TF5UsmsD4iY=,0RLHT1eUrEiilZOWhvBKDiws14c=
-7,0,7Ts6KvJcmdnZdkmXIJPsZpZH2MM=,WuRHqJTaRmuXISubihVaA0V7QPA=
-6,11,7Ts6KvJcmdnZdkmXIJPsZpZH2MM=,1Iayr4hBA8QIsLU6On2xO5dPtig=
-4,10,n4cclw54CprwD9t+TF5UsmsD4iY=,1Iayr4hBA8QIsLU6On2xO5dPtig=
-7,9,7Ts6KvJcmdnZdkmXIJPsZpZH2MM=,1Iayr4hBA8QIsLU6On2xO5dPtig=
-1,9,n4cclw54CprwD9t+TF5UsmsD4iY=,1Iayr4hBA8QIsLU6On2xO5dPtig=
-8,0,7Ts6KvJcmdnZdkmXIJPsZpZH2MM=,WuRHqJTaRmuXISubihVaA0V7QPA=
-3,10,n4cclw54CprwD9t+TF5UsmsD4iY=,1Iayr4hBA8QIsLU6On2xO5dPtig=
-1,11,n4cclw54CprwD9t+TF5UsmsD4iY=,1Iayr4hBA8QIsLU6On2xO5dPtig=
-5,10,n4cclw54CprwD9t+TF5UsmsD4iY=,1Iayr4hBA8QIsLU6On2xO5dPtig=
-4,3,n4cclw54CprwD9t+TF5UsmsD4iY=,WuRHqJTaRmuXISubihVaA0V7QPA=
-1,5,n4cclw54CprwD9t+TF5UsmsD4iY=,WuRHqJTaRmuXISubihVaA0V7QPA=
-2,11,n4cclw54CprwD9t+TF5UsmsD4iY=,1Iayr4hBA8QIsLU6On2xO5dPtig=
-3,1,n4cclw54CprwD9t+TF5UsmsD4iY=,WuRHqJTaRmuXISubihVaA0V7QPA=
-3,9,n4cclw54CprwD9t+TF5UsmsD4iY=,1Iayr4hBA8QIsLU6On2xO5dPtig=
-1,2,n4cclw54CprwD9t+TF5UsmsD4iY=,WuRHqJTaRmuXISubihVaA0V7QPA=
-5,9,7Ts6KvJcmdnZdkmXIJPsZpZH2MM=,1Iayr4hBA8QIsLU6On2xO5dPtig=
-4,1,n4cclw54CprwD9t+TF5UsmsD4iY=,WuRHqJTaRmuXISubihVaA0V7QPA=
-3,11,n4cclw54CprwD9t+TF5UsmsD4iY=,1Iayr4hBA8QIsLU6On2xO5dPtig=
-4,11,n4cclw54CprwD9t+TF5UsmsD4iY=,1Iayr4hBA8QIsLU6On2xO5dPtig=
-4,5,n4cclw54CprwD9t+TF5UsmsD4iY=,WuRHqJTaRmuXISubihVaA0V7QPA=
-5,11,7Ts6KvJcmdnZdkmXIJPsZpZH2MM=,1Iayr4hBA8QIsLU6On2xO5dPtig=
-8,6,n4cclw54CprwD9t+TF5UsmsD4iY=,WuRHqJTaRmuXISubihVaA0V7QPA=
-2,2,n4cclw54CprwD9t+TF5UsmsD4iY=,WuRHqJTaRmuXISubihVaA0V7QPA=
-4,8,n4cclw54CprwD9t+TF5UsmsD4iY=,1Iayr4hBA8QIsLU6On2xO5dPtig=
-7,6,7Ts6KvJcmdnZdkmXIJPsZpZH2MM=,WuRHqJTaRmuXISubihVaA0V7QPA=
-8,8,n4cclw54CprwD9t+TF5UsmsD4iY=,1Iayr4hBA8QIsLU6On2xO5dPtig=
-6,6,7Ts6KvJcmdnZdkmXIJPsZpZH2MM=,WuRHqJTaRmuXISubihVaA0V7QPA=
-2,1,n4cclw54CprwD9t+TF5UsmsD4iY=,WuRHqJTaRmuXISubihVaA0V7QPA=
-5,5,7Ts6KvJcmdnZdkmXIJPsZpZH2MM=,WuRHqJTaRmuXISubihVaA0V7QPA=
-3,2,n4cclw54CprwD9t+TF5UsmsD4iY=,WuRHqJTaRmuXISubihVaA0V7QPA=
-3,8,n4cclw54CprwD9t+TF5UsmsD4iY=,1Iayr4hBA8QIsLU6On2xO5dPtig=
-1,1,n4cclw54CprwD9t+TF5UsmsD4iY=,WuRHqJTaRmuXISubihVaA0V7QPA=
-8,1,7Ts6KvJcmdnZdkmXIJPsZpZH2MM=,WuRHqJTaRmuXISubihVaA0V7QPA=
-7,8,7Ts6KvJcmdnZdkmXIJPsZpZH2MM=,1Iayr4hBA8QIsLU6On2xO5dPtig=
-2,8,n4cclw54CprwD9t+TF5UsmsD4iY=,1Iayr4hBA8QIsLU6On2xO5dPtig=
-1,8,n4cclw54CprwD9t+TF5UsmsD4iY=,1Iayr4hBA8QIsLU6On2xO5dPtig=
-6,5,7Ts6KvJcmdnZdkmXIJPsZpZH2MM=,WuRHqJTaRmuXISubihVaA0V7QPA=
-6,1,7Ts6KvJcmdnZdkmXIJPsZpZH2MM=,WuRHqJTaRmuXISubihVaA0V7QPA=
-6,8,7Ts6KvJcmdnZdkmXIJPsZpZH2MM=,1Iayr4hBA8QIsLU6On2xO5dPtig=
-4,2,7Ts6KvJcmdnZdkmXIJPsZpZH2MM=,WuRHqJTaRmuXISubihVaA0V7QPA=
-5,6,7Ts6KvJcmdnZdkmXIJPsZpZH2MM=,WuRHqJTaRmuXISubihVaA0V7QPA=
-7,1,7Ts6KvJcmdnZdkmXIJPsZpZH2MM=,WuRHqJTaRmuXISubihVaA0V7QPA=
-7,5,7Ts6KvJcmdnZdkmXIJPsZpZH2MM=,WuRHqJTaRmuXISubihVaA0V7QPA=
-2,6,n4cclw54CprwD9t+TF5UsmsD4iY=,WuRHqJTaRmuXISubihVaA0V7QPA=
-3,6,n4cclw54CprwD9t+TF5UsmsD4iY=,WuRHqJTaRmuXISubihVaA0V7QPA=
-1,6,n4cclw54CprwD9t+TF5UsmsD4iY=,WuRHqJTaRmuXISubihVaA0V7QPA=
-5,1,7Ts6KvJcmdnZdkmXIJPsZpZH2MM=,WuRHqJTaRmuXISubihVaA0V7QPA=
-4,6,n4cclw54CprwD9t+TF5UsmsD4iY=,WuRHqJTaRmuXISubihVaA0V7QPA=
-8,7,7Ts6KvJcmdnZdkmXIJPsZpZH2MM=,WuRHqJTaRmuXISubihVaA0V7QPA=
-7,7,7Ts6KvJcmdnZdkmXIJPsZpZH2MM=,WuRHqJTaRmuXISubihVaA0V7QPA=
-8,5,7Ts6KvJcmdnZdkmXIJPsZpZH2MM=,WuRHqJTaRmuXISubihVaA0V7QPA=
-6,7,7Ts6KvJcmdnZdkmXIJPsZpZH2MM=,WuRHqJTaRmuXISubihVaA0V7QPA=
-7,2,7Ts6KvJcmdnZdkmXIJPsZpZH2MM=,WuRHqJTaRmuXISubihVaA0V7QPA=
-8,2,7Ts6KvJcmdnZdkmXIJPsZpZH2MM=,WuRHqJTaRmuXISubihVaA0V7QPA=
-6,2,7Ts6KvJcmdnZdkmXIJPsZpZH2MM=,WuRHqJTaRmuXISubihVaA0V7QPA=
-7,3,7Ts6KvJcmdnZdkmXIJPsZpZH2MM=,WuRHqJTaRmuXISubihVaA0V7QPA=
-1,4,n4cclw54CprwD9t+TF5UsmsD4iY=,WuRHqJTaRmuXISubihVaA0V7QPA=
-6,3,7Ts6KvJcmdnZdkmXIJPsZpZH2MM=,WuRHqJTaRmuXISubihVaA0V7QPA=
-8,3,7Ts6KvJcmdnZdkmXIJPsZpZH2MM=,WuRHqJTaRmuXISubihVaA0V7QPA=
-5,2,7Ts6KvJcmdnZdkmXIJPsZpZH2MM=,WuRHqJTaRmuXISubihVaA0V7QPA=
-5,7,7Ts6KvJcmdnZdkmXIJPsZpZH2MM=,WuRHqJTaRmuXISubihVaA0V7QPA=
-5,3,7Ts6KvJcmdnZdkmXIJPsZpZH2MM=,WuRHqJTaRmuXISubihVaA0V7QPA=
-3,7,n4cclw54CprwD9t+TF5UsmsD4iY=,WuRHqJTaRmuXISubihVaA0V7QPA=
-2,7,n4cclw54CprwD9t+TF5UsmsD4iY=,WuRHqJTaRmuXISubihVaA0V7QPA=
-1,7,n4cclw54CprwD9t+TF5UsmsD4iY=,WuRHqJTaRmuXISubihVaA0V7QPA=
-5,4,7Ts6KvJcmdnZdkmXIJPsZpZH2MM=,WuRHqJTaRmuXISubihVaA0V7QPA=
-6,4,7Ts6KvJcmdnZdkmXIJPsZpZH2MM=,WuRHqJTaRmuXISubihVaA0V7QPA=
-8,4,n4cclw54CprwD9t+TF5UsmsD4iY=,WuRHqJTaRmuXISubihVaA0V7QPA=
-7,4,7Ts6KvJcmdnZdkmXIJPsZpZH2MM=,WuRHqJTaRmuXISubihVaA0V7QPA=
-2,4,n4cclw54CprwD9t+TF5UsmsD4iY=,WuRHqJTaRmuXISubihVaA0V7QPA=
-4,7,n4cclw54CprwD9t+TF5UsmsD4iY=,WuRHqJTaRmuXISubihVaA0V7QPA=
-4,4,n4cclw54CprwD9t+TF5UsmsD4iY=,WuRHqJTaRmuXISubihVaA0V7QPA=
-3,4,n4cclw54CprwD9t+TF5UsmsD4iY=,WuRHqJTaRmuXISubihVaA0V7QPA=
-18,6,1Ezn4nPzVx3IIKgie1LCmzOrG8A=,LTQrzqfMP3fkhk0Pd0D1x5+JQPY=
-24,0,V00FdTXXXpC0Cnpy+Kp8jU0ckk8=,LTQrzqfMP3fkhk0Pd0D1x5+JQPY=
-19,4,1Ezn4nPzVx3IIKgie1LCmzOrG8A=,LTQrzqfMP3fkhk0Pd0D1x5+JQPY=
-19,5,1Ezn4nPzVx3IIKgie1LCmzOrG8A=,LTQrzqfMP3fkhk0Pd0D1x5+JQPY=
-18,5,1Ezn4nPzVx3IIKgie1LCmzOrG8A=,LTQrzqfMP3fkhk0Pd0D1x5+JQPY=
-21,3,1Ezn4nPzVx3IIKgie1LCmzOrG8A=,LTQrzqfMP3fkhk0Pd0D1x5+JQPY=
-23,7,1Ezn4nPzVx3IIKgie1LCmzOrG8A=,LTQrzqfMP3fkhk0Pd0D1x5+JQPY=
-23,1,V00FdTXXXpC0Cnpy+Kp8jU0ckk8=,LTQrzqfMP3fkhk0Pd0D1x5+JQPY=
-21,5,1Ezn4nPzVx3IIKgie1LCmzOrG8A=,LTQrzqfMP3fkhk0Pd0D1x5+JQPY=
-22,5,1Ezn4nPzVx3IIKgie1LCmzOrG8A=,LTQrzqfMP3fkhk0Pd0D1x5+JQPY=
-22,7,1Ezn4nPzVx3IIKgie1LCmzOrG8A=,LTQrzqfMP3fkhk0Pd0D1x5+JQPY=
-19,0,V00FdTXXXpC0Cnpy+Kp8jU0ckk8=,LTQrzqfMP3fkhk0Pd0D1x5+JQPY=
-23,3,1Ezn4nPzVx3IIKgie1LCmzOrG8A=,LTQrzqfMP3fkhk0Pd0D1x5+JQPY=
-22,1,1Ezn4nPzVx3IIKgie1LCmzOrG8A=,LTQrzqfMP3fkhk0Pd0D1x5+JQPY=
-24,6,1Ezn4nPzVx3IIKgie1LCmzOrG8A=,LTQrzqfMP3fkhk0Pd0D1x5+JQPY=
-22,4,1Ezn4nPzVx3IIKgie1LCmzOrG8A=,LTQrzqfMP3fkhk0Pd0D1x5+JQPY=
-22,3,1Ezn4nPzVx3IIKgie1LCmzOrG8A=,LTQrzqfMP3fkhk0Pd0D1x5+JQPY=
-24,3,V00FdTXXXpC0Cnpy+Kp8jU0ckk8=,LTQrzqfMP3fkhk0Pd0D1x5+JQPY=
-23,2,1Ezn4nPzVx3IIKgie1LCmzOrG8A=,LTQrzqfMP3fkhk0Pd0D1x5+JQPY=
-24,2,V00FdTXXXpC0Cnpy+Kp8jU0ckk8=,LTQrzqfMP3fkhk0Pd0D1x5+JQPY=
-24,4,V00FdTXXXpC0Cnpy+Kp8jU0ckk8=,LTQrzqfMP3fkhk0Pd0D1x5+JQPY=
-24,7,V00FdTXXXpC0Cnpy+Kp8jU0ckk8=,LTQrzqfMP3fkhk0Pd0D1x5+JQPY=
-19,1,1Ezn4nPzVx3IIKgie1LCmzOrG8A=,LTQrzqfMP3fkhk0Pd0D1x5+JQPY=
-22,0,V00FdTXXXpC0Cnpy+Kp8jU0ckk8=,LTQrzqfMP3fkhk0Pd0D1x5+JQPY=
-24,5,V00FdTXXXpC0Cnpy+Kp8jU0ckk8=,LTQrzqfMP3fkhk0Pd0D1x5+JQPY=
-20,5,1Ezn4nPzVx3IIKgie1LCmzOrG8A=,LTQrzqfMP3fkhk0Pd0D1x5+JQPY=
-21,0,V00FdTXXXpC0Cnpy+Kp8jU0ckk8=,LTQrzqfMP3fkhk0Pd0D1x5+JQPY=
-23,0,V00FdTXXXpC0Cnpy+Kp8jU0ckk8=,LTQrzqfMP3fkhk0Pd0D1x5+JQPY=
-23,4,1Ezn4nPzVx3IIKgie1LCmzOrG8A=,LTQrzqfMP3fkhk0Pd0D1x5+JQPY=
-21,7,1Ezn4nPzVx3IIKgie1LCmzOrG8A=,LTQrzqfMP3fkhk0Pd0D1x5+JQPY=
-22,2,1Ezn4nPzVx3IIKgie1LCmzOrG8A=,LTQrzqfMP3fkhk0Pd0D1x5+JQPY=
-18,0,V00FdTXXXpC0Cnpy+Kp8jU0ckk8=,LTQrzqfMP3fkhk0Pd0D1x5+JQPY=
-21,1,1Ezn4nPzVx3IIKgie1LCmzOrG8A=,LTQrzqfMP3fkhk0Pd0D1x5+JQPY=
-23,6,1Ezn4nPzVx3IIKgie1LCmzOrG8A=,LTQrzqfMP3fkhk0Pd0D1x5+JQPY=
-20,1,1Ezn4nPzVx3IIKgie1LCmzOrG8A=,LTQrzqfMP3fkhk0Pd0D1x5+JQPY=
-21,6,1Ezn4nPzVx3IIKgie1LCmzOrG8A=,LTQrzqfMP3fkhk0Pd0D1x5+JQPY=
-18,2,V00FdTXXXpC0Cnpy+Kp8jU0ckk8=,LTQrzqfMP3fkhk0Pd0D1x5+JQPY=
-19,6,1Ezn4nPzVx3IIKgie1LCmzOrG8A=,LTQrzqfMP3fkhk0Pd0D1x5+JQPY=
-18,7,1Ezn4nPzVx3IIKgie1LCmzOrG8A=,LTQrzqfMP3fkhk0Pd0D1x5+JQPY=
-19,2,V00FdTXXXpC0Cnpy+Kp8jU0ckk8=,LTQrzqfMP3fkhk0Pd0D1x5+JQPY=
-19,7,1Ezn4nPzVx3IIKgie1LCmzOrG8A=,LTQrzqfMP3fkhk0Pd0D1x5+JQPY=
-22,6,1Ezn4nPzVx3IIKgie1LCmzOrG8A=,LTQrzqfMP3fkhk0Pd0D1x5+JQPY=
-20,3,1Ezn4nPzVx3IIKgie1LCmzOrG8A=,LTQrzqfMP3fkhk0Pd0D1x5+JQPY=
-20,2,1Ezn4nPzVx3IIKgie1LCmzOrG8A=,LTQrzqfMP3fkhk0Pd0D1x5+JQPY=
-24,1,V00FdTXXXpC0Cnpy+Kp8jU0ckk8=,LTQrzqfMP3fkhk0Pd0D1x5+JQPY=
-21,2,1Ezn4nPzVx3IIKgie1LCmzOrG8A=,LTQrzqfMP3fkhk0Pd0D1x5+JQPY=
-18,1,V00FdTXXXpC0Cnpy+Kp8jU0ckk8=,LTQrzqfMP3fkhk0Pd0D1x5+JQPY=
-19,3,V00FdTXXXpC0Cnpy+Kp8jU0ckk8=,LTQrzqfMP3fkhk0Pd0D1x5+JQPY=
-21,4,1Ezn4nPzVx3IIKgie1LCmzOrG8A=,LTQrzqfMP3fkhk0Pd0D1x5+JQPY=
-20,7,1Ezn4nPzVx3IIKgie1LCmzOrG8A=,LTQrzqfMP3fkhk0Pd0D1x5+JQPY=
-18,4,1Ezn4nPzVx3IIKgie1LCmzOrG8A=,LTQrzqfMP3fkhk0Pd0D1x5+JQPY=
-20,6,1Ezn4nPzVx3IIKgie1LCmzOrG8A=,LTQrzqfMP3fkhk0Pd0D1x5+JQPY=
-17,0,V00FdTXXXpC0Cnpy+Kp8jU0ckk8=,LTQrzqfMP3fkhk0Pd0D1x5+JQPY=
-23,5,1Ezn4nPzVx3IIKgie1LCmzOrG8A=,LTQrzqfMP3fkhk0Pd0D1x5+JQPY=
-17,2,V00FdTXXXpC0Cnpy+Kp8jU0ckk8=,LTQrzqfMP3fkhk0Pd0D1x5+JQPY=
-20,0,V00FdTXXXpC0Cnpy+Kp8jU0ckk8=,LTQrzqfMP3fkhk0Pd0D1x5+JQPY=
-18,3,V00FdTXXXpC0Cnpy+Kp8jU0ckk8=,LTQrzqfMP3fkhk0Pd0D1x5+JQPY=
-17,3,V00FdTXXXpC0Cnpy+Kp8jU0ckk8=,LTQrzqfMP3fkhk0Pd0D1x5+JQPY=
-20,4,1Ezn4nPzVx3IIKgie1LCmzOrG8A=,LTQrzqfMP3fkhk0Pd0D1x5+JQPY=
-17,4,1Ezn4nPzVx3IIKgie1LCmzOrG8A=,LTQrzqfMP3fkhk0Pd0D1x5+JQPY=
-17,1,V00FdTXXXpC0Cnpy+Kp8jU0ckk8=,LTQrzqfMP3fkhk0Pd0D1x5+JQPY=
-17,7,1Ezn4nPzVx3IIKgie1LCmzOrG8A=,LTQrzqfMP3fkhk0Pd0D1x5+JQPY=
-17,5,1Ezn4nPzVx3IIKgie1LCmzOrG8A=,LTQrzqfMP3fkhk0Pd0D1x5+JQPY=
-17,6,1Ezn4nPzVx3IIKgie1LCmzOrG8A=,LTQrzqfMP3fkhk0Pd0D1x5+JQPY=
-23,10,1Ezn4nPzVx3IIKgie1LCmzOrG8A=,UuvFUJZxwHqpFBxgPr56C/STtlc=
-20,9,1Ezn4nPzVx3IIKgie1LCmzOrG8A=,UuvFUJZxwHqpFBxgPr56C/STtlc=
-23,9,1Ezn4nPzVx3IIKgie1LCmzOrG8A=,UuvFUJZxwHqpFBxgPr56C/STtlc=
-18,14,V00FdTXXXpC0Cnpy+Kp8jU0ckk8=,UuvFUJZxwHqpFBxgPr56C/STtlc=
-22,10,1Ezn4nPzVx3IIKgie1LCmzOrG8A=,UuvFUJZxwHqpFBxgPr56C/STtlc=
-22,9,1Ezn4nPzVx3IIKgie1LCmzOrG8A=,UuvFUJZxwHqpFBxgPr56C/STtlc=
-21,10,1Ezn4nPzVx3IIKgie1LCmzOrG8A=,UuvFUJZxwHqpFBxgPr56C/STtlc=
-20,10,1Ezn4nPzVx3IIKgie1LCmzOrG8A=,UuvFUJZxwHqpFBxgPr56C/STtlc=
-19,9,1Ezn4nPzVx3IIKgie1LCmzOrG8A=,UuvFUJZxwHqpFBxgPr56C/STtlc=
-20,14,1Ezn4nPzVx3IIKgie1LCmzOrG8A=,UuvFUJZxwHqpFBxgPr56C/STtlc=
-22,14,1Ezn4nPzVx3IIKgie1LCmzOrG8A=,UuvFUJZxwHqpFBxgPr56C/STtlc=
-18,13,V00FdTXXXpC0Cnpy+Kp8jU0ckk8=,UuvFUJZxwHqpFBxgPr56C/STtlc=
-19,13,1Ezn4nPzVx3IIKgie1LCmzOrG8A=,UuvFUJZxwHqpFBxgPr56C/STtlc=
-20,13,1Ezn4nPzVx3IIKgie1LCmzOrG8A=,UuvFUJZxwHqpFBxgPr56C/STtlc=
-18,9,1Ezn4nPzVx3IIKgie1LCmzOrG8A=,UuvFUJZxwHqpFBxgPr56C/STtlc=
-21,9,1Ezn4nPzVx3IIKgie1LCmzOrG8A=,UuvFUJZxwHqpFBxgPr56C/STtlc=
-21,13,1Ezn4nPzVx3IIKgie1LCmzOrG8A=,UuvFUJZxwHqpFBxgPr56C/STtlc=
-22,13,1Ezn4nPzVx3IIKgie1LCmzOrG8A=,UuvFUJZxwHqpFBxgPr56C/STtlc=
-23,13,1Ezn4nPzVx3IIKgie1LCmzOrG8A=,UuvFUJZxwHqpFBxgPr56C/STtlc=
-19,12,1Ezn4nPzVx3IIKgie1LCmzOrG8A=,UuvFUJZxwHqpFBxgPr56C/STtlc=
-18,12,1Ezn4nPzVx3IIKgie1LCmzOrG8A=,UuvFUJZxwHqpFBxgPr56C/STtlc=
-22,12,1Ezn4nPzVx3IIKgie1LCmzOrG8A=,UuvFUJZxwHqpFBxgPr56C/STtlc=
-20,12,1Ezn4nPzVx3IIKgie1LCmzOrG8A=,UuvFUJZxwHqpFBxgPr56C/STtlc=
-21,12,1Ezn4nPzVx3IIKgie1LCmzOrG8A=,UuvFUJZxwHqpFBxgPr56C/STtlc=
-18,11,1Ezn4nPzVx3IIKgie1LCmzOrG8A=,UuvFUJZxwHqpFBxgPr56C/STtlc=
-19,11,1Ezn4nPzVx3IIKgie1LCmzOrG8A=,UuvFUJZxwHqpFBxgPr56C/STtlc=
-20,11,1Ezn4nPzVx3IIKgie1LCmzOrG8A=,UuvFUJZxwHqpFBxgPr56C/STtlc=
-23,12,1Ezn4nPzVx3IIKgie1LCmzOrG8A=,UuvFUJZxwHqpFBxgPr56C/STtlc=
-19,10,1Ezn4nPzVx3IIKgie1LCmzOrG8A=,UuvFUJZxwHqpFBxgPr56C/STtlc=
-23,14,1Ezn4nPzVx3IIKgie1LCmzOrG8A=,UuvFUJZxwHqpFBxgPr56C/STtlc=
-19,14,V00FdTXXXpC0Cnpy+Kp8jU0ckk8=,UuvFUJZxwHqpFBxgPr56C/STtlc=
-22,11,1Ezn4nPzVx3IIKgie1LCmzOrG8A=,UuvFUJZxwHqpFBxgPr56C/STtlc=
-25,2,V00FdTXXXpC0Cnpy+Kp8jU0ckk8=,Aad43kbnD7OrOVshmMUJbDMo4uk=
-21,11,1Ezn4nPzVx3IIKgie1LCmzOrG8A=,UuvFUJZxwHqpFBxgPr56C/STtlc=
-29,1,V00FdTXXXpC0Cnpy+Kp8jU0ckk8=,Aad43kbnD7OrOVshmMUJbDMo4uk=
-23,11,1Ezn4nPzVx3IIKgie1LCmzOrG8A=,UuvFUJZxwHqpFBxgPr56C/STtlc=
-18,10,1Ezn4nPzVx3IIKgie1LCmzOrG8A=,UuvFUJZxwHqpFBxgPr56C/STtlc=
-30,1,V00FdTXXXpC0Cnpy+Kp8jU0ckk8=,Aad43kbnD7OrOVshmMUJbDMo4uk=
-21,14,1Ezn4nPzVx3IIKgie1LCmzOrG8A=,UuvFUJZxwHqpFBxgPr56C/STtlc=
-28,6,V00FdTXXXpC0Cnpy+Kp8jU0ckk8=,Aad43kbnD7OrOVshmMUJbDMo4uk=
-29,4,1Ezn4nPzVx3IIKgie1LCmzOrG8A=,Aad43kbnD7OrOVshmMUJbDMo4uk=
-27,7,V00FdTXXXpC0Cnpy+Kp8jU0ckk8=,Aad43kbnD7OrOVshmMUJbDMo4uk=
-26,2,V00FdTXXXpC0Cnpy+Kp8jU0ckk8=,Aad43kbnD7OrOVshmMUJbDMo4uk=
-27,2,V00FdTXXXpC0Cnpy+Kp8jU0ckk8=,Aad43kbnD7OrOVshmMUJbDMo4uk=
-28,2,V00FdTXXXpC0Cnpy+Kp8jU0ckk8=,Aad43kbnD7OrOVshmMUJbDMo4uk=
-28,1,V00FdTXXXpC0Cnpy+Kp8jU0ckk8=,Aad43kbnD7OrOVshmMUJbDMo4uk=
-31,1,V00FdTXXXpC0Cnpy+Kp8jU0ckk8=,Aad43kbnD7OrOVshmMUJbDMo4uk=
-31,7,V00FdTXXXpC0Cnpy+Kp8jU0ckk8=,Aad43kbnD7OrOVshmMUJbDMo4uk=
-29,6,V00FdTXXXpC0Cnpy+Kp8jU0ckk8=,Aad43kbnD7OrOVshmMUJbDMo4uk=
-29,7,V00FdTXXXpC0Cnpy+Kp8jU0ckk8=,Aad43kbnD7OrOVshmMUJbDMo4uk=
-29,2,V00FdTXXXpC0Cnpy+Kp8jU0ckk8=,Aad43kbnD7OrOVshmMUJbDMo4uk=
-28,7,V00FdTXXXpC0Cnpy+Kp8jU0ckk8=,Aad43kbnD7OrOVshmMUJbDMo4uk=
-24,10,1Ezn4nPzVx3IIKgie1LCmzOrG8A=,UuvFUJZxwHqpFBxgPr56C/STtlc=
-30,6,V00FdTXXXpC0Cnpy+Kp8jU0ckk8=,Aad43kbnD7OrOVshmMUJbDMo4uk=
-24,9,1Ezn4nPzVx3IIKgie1LCmzOrG8A=,UuvFUJZxwHqpFBxgPr56C/STtlc=
-28,4,V00FdTXXXpC0Cnpy+Kp8jU0ckk8=,Aad43kbnD7OrOVshmMUJbDMo4uk=
-30,7,V00FdTXXXpC0Cnpy+Kp8jU0ckk8=,Aad43kbnD7OrOVshmMUJbDMo4uk=
-30,2,V00FdTXXXpC0Cnpy+Kp8jU0ckk8=,Aad43kbnD7OrOVshmMUJbDMo4uk=
-31,3,1Ezn4nPzVx3IIKgie1LCmzOrG8A=,Aad43kbnD7OrOVshmMUJbDMo4uk=
-31,6,V00FdTXXXpC0Cnpy+Kp8jU0ckk8=,Aad43kbnD7OrOVshmMUJbDMo4uk=
-31,2,V00FdTXXXpC0Cnpy+Kp8jU0ckk8=,Aad43kbnD7OrOVshmMUJbDMo4uk=
-18,8,1Ezn4nPzVx3IIKgie1LCmzOrG8A=,UuvFUJZxwHqpFBxgPr56C/STtlc=
-24,14,1Ezn4nPzVx3IIKgie1LCmzOrG8A=,UuvFUJZxwHqpFBxgPr56C/STtlc=
-27,6,V00FdTXXXpC0Cnpy+Kp8jU0ckk8=,Aad43kbnD7OrOVshmMUJbDMo4uk=
-24,13,1Ezn4nPzVx3IIKgie1LCmzOrG8A=,UuvFUJZxwHqpFBxgPr56C/STtlc=
-24,8,V00FdTXXXpC0Cnpy+Kp8jU0ckk8=,UuvFUJZxwHqpFBxgPr56C/STtlc=
-26,6,V00FdTXXXpC0Cnpy+Kp8jU0ckk8=,Aad43kbnD7OrOVshmMUJbDMo4uk=
-30,4,1Ezn4nPzVx3IIKgie1LCmzOrG8A=,Aad43kbnD7OrOVshmMUJbDMo4uk=
-25,3,V00FdTXXXpC0Cnpy+Kp8jU0ckk8=,Aad43kbnD7OrOVshmMUJbDMo4uk=
-25,6,V00FdTXXXpC0Cnpy+Kp8jU0ckk8=,Aad43kbnD7OrOVshmMUJbDMo4uk=
-24,11,1Ezn4nPzVx3IIKgie1LCmzOrG8A=,UuvFUJZxwHqpFBxgPr56C/STtlc=
-24,12,1Ezn4nPzVx3IIKgie1LCmzOrG8A=,UuvFUJZxwHqpFBxgPr56C/STtlc=
-25,7,V00FdTXXXpC0Cnpy+Kp8jU0ckk8=,Aad43kbnD7OrOVshmMUJbDMo4uk=
-23,15,1Ezn4nPzVx3IIKgie1LCmzOrG8A=,UuvFUJZxwHqpFBxgPr56C/STtlc=
-31,4,1Ezn4nPzVx3IIKgie1LCmzOrG8A=,Aad43kbnD7OrOVshmMUJbDMo4uk=
-19,8,1Ezn4nPzVx3IIKgie1LCmzOrG8A=,UuvFUJZxwHqpFBxgPr56C/STtlc=
-17,9,1Ezn4nPzVx3IIKgie1LCmzOrG8A=,UuvFUJZxwHqpFBxgPr56C/STtlc=
-20,8,1Ezn4nPzVx3IIKgie1LCmzOrG8A=,UuvFUJZxwHqpFBxgPr56C/STtlc=
-18,15,V00FdTXXXpC0Cnpy+Kp8jU0ckk8=,UuvFUJZxwHqpFBxgPr56C/STtlc=
-21,15,1Ezn4nPzVx3IIKgie1LCmzOrG8A=,UuvFUJZxwHqpFBxgPr56C/STtlc=
-26,7,V00FdTXXXpC0Cnpy+Kp8jU0ckk8=,Aad43kbnD7OrOVshmMUJbDMo4uk=
-27,4,V00FdTXXXpC0Cnpy+Kp8jU0ckk8=,Aad43kbnD7OrOVshmMUJbDMo4uk=
-22,15,1Ezn4nPzVx3IIKgie1LCmzOrG8A=,UuvFUJZxwHqpFBxgPr56C/STtlc=
-19,15,V00FdTXXXpC0Cnpy+Kp8jU0ckk8=,UuvFUJZxwHqpFBxgPr56C/STtlc=
-26,4,V00FdTXXXpC0Cnpy+Kp8jU0ckk8=,Aad43kbnD7OrOVshmMUJbDMo4uk=
-20,15,V00FdTXXXpC0Cnpy+Kp8jU0ckk8=,UuvFUJZxwHqpFBxgPr56C/STtlc=
-22,8,1Ezn4nPzVx3IIKgie1LCmzOrG8A=,UuvFUJZxwHqpFBxgPr56C/STtlc=
-21,8,1Ezn4nPzVx3IIKgie1LCmzOrG8A=,UuvFUJZxwHqpFBxgPr56C/STtlc=
-17,14,V00FdTXXXpC0Cnpy+Kp8jU0ckk8=,UuvFUJZxwHqpFBxgPr56C/STtlc=
-17,8,1Ezn4nPzVx3IIKgie1LCmzOrG8A=,UuvFUJZxwHqpFBxgPr56C/STtlc=
-17,10,1Ezn4nPzVx3IIKgie1LCmzOrG8A=,UuvFUJZxwHqpFBxgPr56C/STtlc=
-23,8,1Ezn4nPzVx3IIKgie1LCmzOrG8A=,UuvFUJZxwHqpFBxgPr56C/STtlc=
-26,3,V00FdTXXXpC0Cnpy+Kp8jU0ckk8=,Aad43kbnD7OrOVshmMUJbDMo4uk=
-17,13,V00FdTXXXpC0Cnpy+Kp8jU0ckk8=,UuvFUJZxwHqpFBxgPr56C/STtlc=
-25,4,V00FdTXXXpC0Cnpy+Kp8jU0ckk8=,Aad43kbnD7OrOVshmMUJbDMo4uk=
-17,15,V00FdTXXXpC0Cnpy+Kp8jU0ckk8=,UuvFUJZxwHqpFBxgPr56C/STtlc=
-25,5,V00FdTXXXpC0Cnpy+Kp8jU0ckk8=,Aad43kbnD7OrOVshmMUJbDMo4uk=
-17,11,1Ezn4nPzVx3IIKgie1LCmzOrG8A=,UuvFUJZxwHqpFBxgPr56C/STtlc=
-28,3,V00FdTXXXpC0Cnpy+Kp8jU0ckk8=,Aad43kbnD7OrOVshmMUJbDMo4uk=
-26,5,V00FdTXXXpC0Cnpy+Kp8jU0ckk8=,Aad43kbnD7OrOVshmMUJbDMo4uk=
-17,12,V00FdTXXXpC0Cnpy+Kp8jU0ckk8=,UuvFUJZxwHqpFBxgPr56C/STtlc=
-27,1,V00FdTXXXpC0Cnpy+Kp8jU0ckk8=,Aad43kbnD7OrOVshmMUJbDMo4uk=
-27,5,V00FdTXXXpC0Cnpy+Kp8jU0ckk8=,Aad43kbnD7OrOVshmMUJbDMo4uk=
-31,5,V00FdTXXXpC0Cnpy+Kp8jU0ckk8=,Aad43kbnD7OrOVshmMUJbDMo4uk=
-28,5,V00FdTXXXpC0Cnpy+Kp8jU0ckk8=,Aad43kbnD7OrOVshmMUJbDMo4uk=
-30,3,1Ezn4nPzVx3IIKgie1LCmzOrG8A=,Aad43kbnD7OrOVshmMUJbDMo4uk=
-26,1,V00FdTXXXpC0Cnpy+Kp8jU0ckk8=,Aad43kbnD7OrOVshmMUJbDMo4uk=
-29,3,V00FdTXXXpC0Cnpy+Kp8jU0ckk8=,Aad43kbnD7OrOVshmMUJbDMo4uk=
-27,3,V00FdTXXXpC0Cnpy+Kp8jU0ckk8=,Aad43kbnD7OrOVshmMUJbDMo4uk=
-29,5,V00FdTXXXpC0Cnpy+Kp8jU0ckk8=,Aad43kbnD7OrOVshmMUJbDMo4uk=
-30,5,V00FdTXXXpC0Cnpy+Kp8jU0ckk8=,Aad43kbnD7OrOVshmMUJbDMo4uk=
-32,3,1Ezn4nPzVx3IIKgie1LCmzOrG8A=,Aad43kbnD7OrOVshmMUJbDMo4uk=
-32,2,V00FdTXXXpC0Cnpy+Kp8jU0ckk8=,Aad43kbnD7OrOVshmMUJbDMo4uk=
-32,5,V00FdTXXXpC0Cnpy+Kp8jU0ckk8=,Aad43kbnD7OrOVshmMUJbDMo4uk=
-32,4,1Ezn4nPzVx3IIKgie1LCmzOrG8A=,Aad43kbnD7OrOVshmMUJbDMo4uk=
-32,7,V00FdTXXXpC0Cnpy+Kp8jU0ckk8=,Aad43kbnD7OrOVshmMUJbDMo4uk=
-32,1,1Ezn4nPzVx3IIKgie1LCmzOrG8A=,Aad43kbnD7OrOVshmMUJbDMo4uk=
-24,15,V00FdTXXXpC0Cnpy+Kp8jU0ckk8=,UuvFUJZxwHqpFBxgPr56C/STtlc=
-32,6,V00FdTXXXpC0Cnpy+Kp8jU0ckk8=,Aad43kbnD7OrOVshmMUJbDMo4uk=
-28,0,V00FdTXXXpC0Cnpy+Kp8jU0ckk8=,Aad43kbnD7OrOVshmMUJbDMo4uk=
-29,0,V00FdTXXXpC0Cnpy+Kp8jU0ckk8=,Aad43kbnD7OrOVshmMUJbDMo4uk=
-25,0,V00FdTXXXpC0Cnpy+Kp8jU0ckk8=,Aad43kbnD7OrOVshmMUJbDMo4uk=
-27,0,V00FdTXXXpC0Cnpy+Kp8jU0ckk8=,Aad43kbnD7OrOVshmMUJbDMo4uk=
-30,0,V00FdTXXXpC0Cnpy+Kp8jU0ckk8=,Aad43kbnD7OrOVshmMUJbDMo4uk=
-32,0,V00FdTXXXpC0Cnpy+Kp8jU0ckk8=,Aad43kbnD7OrOVshmMUJbDMo4uk=
-25,1,V00FdTXXXpC0Cnpy+Kp8jU0ckk8=,Aad43kbnD7OrOVshmMUJbDMo4uk=
-26,0,V00FdTXXXpC0Cnpy+Kp8jU0ckk8=,Aad43kbnD7OrOVshmMUJbDMo4uk=
-31,0,V00FdTXXXpC0Cnpy+Kp8jU0ckk8=,Aad43kbnD7OrOVshmMUJbDMo4uk=
-31,10,2wtguNZlPD0db+6u49sPnqa+7bo=,Pk6GA+78gkqIP7NSVm03VEfK6l4=
-30,10,2wtguNZlPD0db+6u49sPnqa+7bo=,Pk6GA+78gkqIP7NSVm03VEfK6l4=
-26,13,2wtguNZlPD0db+6u49sPnqa+7bo=,Pk6GA+78gkqIP7NSVm03VEfK6l4=
-27,9,2wtguNZlPD0db+6u49sPnqa+7bo=,Pk6GA+78gkqIP7NSVm03VEfK6l4=
-29,14,2wtguNZlPD0db+6u49sPnqa+7bo=,Pk6GA+78gkqIP7NSVm03VEfK6l4=
-31,9,1Ezn4nPzVx3IIKgie1LCmzOrG8A=,Pk6GA+78gkqIP7NSVm03VEfK6l4=
-28,13,1Ezn4nPzVx3IIKgie1LCmzOrG8A=,Pk6GA+78gkqIP7NSVm03VEfK6l4=
-29,10,1Ezn4nPzVx3IIKgie1LCmzOrG8A=,Pk6GA+78gkqIP7NSVm03VEfK6l4=
-27,14,1Ezn4nPzVx3IIKgie1LCmzOrG8A=,Pk6GA+78gkqIP7NSVm03VEfK6l4=
-28,9,1Ezn4nPzVx3IIKgie1LCmzOrG8A=,Pk6GA+78gkqIP7NSVm03VEfK6l4=
-27,13,1Ezn4nPzVx3IIKgie1LCmzOrG8A=,Pk6GA+78gkqIP7NSVm03VEfK6l4=
-27,12,1Ezn4nPzVx3IIKgie1LCmzOrG8A=,Pk6GA+78gkqIP7NSVm03VEfK6l4=
-29,9,1Ezn4nPzVx3IIKgie1LCmzOrG8A=,Pk6GA+78gkqIP7NSVm03VEfK6l4=
-30,9,1Ezn4nPzVx3IIKgie1LCmzOrG8A=,Pk6GA+78gkqIP7NSVm03VEfK6l4=
-28,10,1Ezn4nPzVx3IIKgie1LCmzOrG8A=,Pk6GA+78gkqIP7NSVm03VEfK6l4=
-28,14,1Ezn4nPzVx3IIKgie1LCmzOrG8A=,Pk6GA+78gkqIP7NSVm03VEfK6l4=
-27,10,1Ezn4nPzVx3IIKgie1LCmzOrG8A=,Pk6GA+78gkqIP7NSVm03VEfK6l4=
-31,12,1Ezn4nPzVx3IIKgie1LCmzOrG8A=,Pk6GA+78gkqIP7NSVm03VEfK6l4=
-29,12,1Ezn4nPzVx3IIKgie1LCmzOrG8A=,Pk6GA+78gkqIP7NSVm03VEfK6l4=
-26,14,1Ezn4nPzVx3IIKgie1LCmzOrG8A=,Pk6GA+78gkqIP7NSVm03VEfK6l4=
-26,9,1Ezn4nPzVx3IIKgie1LCmzOrG8A=,Pk6GA+78gkqIP7NSVm03VEfK6l4=
-26,10,1Ezn4nPzVx3IIKgie1LCmzOrG8A=,Pk6GA+78gkqIP7NSVm03VEfK6l4=
-26,12,1Ezn4nPzVx3IIKgie1LCmzOrG8A=,Pk6GA+78gkqIP7NSVm03VEfK6l4=
-30,12,1Ezn4nPzVx3IIKgie1LCmzOrG8A=,Pk6GA+78gkqIP7NSVm03VEfK6l4=
-31,13,1Ezn4nPzVx3IIKgie1LCmzOrG8A=,Pk6GA+78gkqIP7NSVm03VEfK6l4=
-31,14,1Ezn4nPzVx3IIKgie1LCmzOrG8A=,Pk6GA+78gkqIP7NSVm03VEfK6l4=
-28,12,1Ezn4nPzVx3IIKgie1LCmzOrG8A=,Pk6GA+78gkqIP7NSVm03VEfK6l4=
-30,14,1Ezn4nPzVx3IIKgie1LCmzOrG8A=,Pk6GA+78gkqIP7NSVm03VEfK6l4=
-26,11,1Ezn4nPzVx3IIKgie1LCmzOrG8A=,Pk6GA+78gkqIP7NSVm03VEfK6l4=
-29,13,1Ezn4nPzVx3IIKgie1LCmzOrG8A=,Pk6GA+78gkqIP7NSVm03VEfK6l4=
-29,11,1Ezn4nPzVx3IIKgie1LCmzOrG8A=,Pk6GA+78gkqIP7NSVm03VEfK6l4=
-28,11,1Ezn4nPzVx3IIKgie1LCmzOrG8A=,Pk6GA+78gkqIP7NSVm03VEfK6l4=
-30,11,1Ezn4nPzVx3IIKgie1LCmzOrG8A=,Pk6GA+78gkqIP7NSVm03VEfK6l4=
-30,13,1Ezn4nPzVx3IIKgie1LCmzOrG8A=,Pk6GA+78gkqIP7NSVm03VEfK6l4=
-31,11,1Ezn4nPzVx3IIKgie1LCmzOrG8A=,Pk6GA+78gkqIP7NSVm03VEfK6l4=
-27,11,1Ezn4nPzVx3IIKgie1LCmzOrG8A=,Pk6GA+78gkqIP7NSVm03VEfK6l4=
-25,9,1Ezn4nPzVx3IIKgie1LCmzOrG8A=,Pk6GA+78gkqIP7NSVm03VEfK6l4=
-25,14,1Ezn4nPzVx3IIKgie1LCmzOrG8A=,Pk6GA+78gkqIP7NSVm03VEfK6l4=
-25,13,1Ezn4nPzVx3IIKgie1LCmzOrG8A=,Pk6GA+78gkqIP7NSVm03VEfK6l4=
-25,12,1Ezn4nPzVx3IIKgie1LCmzOrG8A=,Pk6GA+78gkqIP7NSVm03VEfK6l4=
-25,10,1Ezn4nPzVx3IIKgie1LCmzOrG8A=,Pk6GA+78gkqIP7NSVm03VEfK6l4=
-25,11,1Ezn4nPzVx3IIKgie1LCmzOrG8A=,Pk6GA+78gkqIP7NSVm03VEfK6l4=
-32,11,1Ezn4nPzVx3IIKgie1LCmzOrG8A=,Pk6GA+78gkqIP7NSVm03VEfK6l4=
-32,9,1Ezn4nPzVx3IIKgie1LCmzOrG8A=,Pk6GA+78gkqIP7NSVm03VEfK6l4=
-32,12,1Ezn4nPzVx3IIKgie1LCmzOrG8A=,Pk6GA+78gkqIP7NSVm03VEfK6l4=
-32,13,1Ezn4nPzVx3IIKgie1LCmzOrG8A=,Pk6GA+78gkqIP7NSVm03VEfK6l4=
-32,14,1Ezn4nPzVx3IIKgie1LCmzOrG8A=,Pk6GA+78gkqIP7NSVm03VEfK6l4=
-25,8,1Ezn4nPzVx3IIKgie1LCmzOrG8A=,Pk6GA+78gkqIP7NSVm03VEfK6l4=
-28,8,1Ezn4nPzVx3IIKgie1LCmzOrG8A=,Pk6GA+78gkqIP7NSVm03VEfK6l4=
-29,8,1Ezn4nPzVx3IIKgie1LCmzOrG8A=,Pk6GA+78gkqIP7NSVm03VEfK6l4=
-30,8,1Ezn4nPzVx3IIKgie1LCmzOrG8A=,Pk6GA+78gkqIP7NSVm03VEfK6l4=
-31,8,1Ezn4nPzVx3IIKgie1LCmzOrG8A=,Pk6GA+78gkqIP7NSVm03VEfK6l4=
-32,10,V00FdTXXXpC0Cnpy+Kp8jU0ckk8=,Pk6GA+78gkqIP7NSVm03VEfK6l4=
-26,8,V00FdTXXXpC0Cnpy+Kp8jU0ckk8=,Pk6GA+78gkqIP7NSVm03VEfK6l4=
-27,8,V00FdTXXXpC0Cnpy+Kp8jU0ckk8=,Pk6GA+78gkqIP7NSVm03VEfK6l4=
-32,8,V00FdTXXXpC0Cnpy+Kp8jU0ckk8=,Pk6GA+78gkqIP7NSVm03VEfK6l4=
-32,15,V00FdTXXXpC0Cnpy+Kp8jU0ckk8=,Pk6GA+78gkqIP7NSVm03VEfK6l4=
-26,15,V00FdTXXXpC0Cnpy+Kp8jU0ckk8=,Pk6GA+78gkqIP7NSVm03VEfK6l4=
-28,15,V00FdTXXXpC0Cnpy+Kp8jU0ckk8=,Pk6GA+78gkqIP7NSVm03VEfK6l4=
-31,15,V00FdTXXXpC0Cnpy+Kp8jU0ckk8=,Pk6GA+78gkqIP7NSVm03VEfK6l4=
-25,15,V00FdTXXXpC0Cnpy+Kp8jU0ckk8=,Pk6GA+78gkqIP7NSVm03VEfK6l4=
-27,15,V00FdTXXXpC0Cnpy+Kp8jU0ckk8=,Pk6GA+78gkqIP7NSVm03VEfK6l4=
-29,15,V00FdTXXXpC0Cnpy+Kp8jU0ckk8=,Pk6GA+78gkqIP7NSVm03VEfK6l4=
-30,15,V00FdTXXXpC0Cnpy+Kp8jU0ckk8=,Pk6GA+78gkqIP7NSVm03VEfK6l4=
-29,22,V00FdTXXXpC0Cnpy+Kp8jU0ckk8=,3TVo4cozKD2m/lGh9AA5vlnipRc=
-28,23,V00FdTXXXpC0Cnpy+Kp8jU0ckk8=,3TVo4cozKD2m/lGh9AA5vlnipRc=
-27,23,V00FdTXXXpC0Cnpy+Kp8jU0ckk8=,3TVo4cozKD2m/lGh9AA5vlnipRc=
-32,18,V00FdTXXXpC0Cnpy+Kp8jU0ckk8=,3TVo4cozKD2m/lGh9AA5vlnipRc=
-27,16,V00FdTXXXpC0Cnpy+Kp8jU0ckk8=,3TVo4cozKD2m/lGh9AA5vlnipRc=
-31,23,V00FdTXXXpC0Cnpy+Kp8jU0ckk8=,3TVo4cozKD2m/lGh9AA5vlnipRc=
-29,21,V00FdTXXXpC0Cnpy+Kp8jU0ckk8=,3TVo4cozKD2m/lGh9AA5vlnipRc=
-30,23,V00FdTXXXpC0Cnpy+Kp8jU0ckk8=,3TVo4cozKD2m/lGh9AA5vlnipRc=
-26,23,V00FdTXXXpC0Cnpy+Kp8jU0ckk8=,3TVo4cozKD2m/lGh9AA5vlnipRc=
-30,21,V00FdTXXXpC0Cnpy+Kp8jU0ckk8=,3TVo4cozKD2m/lGh9AA5vlnipRc=
-32,17,V00FdTXXXpC0Cnpy+Kp8jU0ckk8=,3TVo4cozKD2m/lGh9AA5vlnipRc=
-30,22,V00FdTXXXpC0Cnpy+Kp8jU0ckk8=,3TVo4cozKD2m/lGh9AA5vlnipRc=
-29,16,V00FdTXXXpC0Cnpy+Kp8jU0ckk8=,3TVo4cozKD2m/lGh9AA5vlnipRc=
-26,18,V00FdTXXXpC0Cnpy+Kp8jU0ckk8=,3TVo4cozKD2m/lGh9AA5vlnipRc=
-31,20,V00FdTXXXpC0Cnpy+Kp8jU0ckk8=,3TVo4cozKD2m/lGh9AA5vlnipRc=
-31,16,V00FdTXXXpC0Cnpy+Kp8jU0ckk8=,3TVo4cozKD2m/lGh9AA5vlnipRc=
-26,19,V00FdTXXXpC0Cnpy+Kp8jU0ckk8=,3TVo4cozKD2m/lGh9AA5vlnipRc=
-27,19,V00FdTXXXpC0Cnpy+Kp8jU0ckk8=,3TVo4cozKD2m/lGh9AA5vlnipRc=
-29,23,V00FdTXXXpC0Cnpy+Kp8jU0ckk8=,3TVo4cozKD2m/lGh9AA5vlnipRc=
-29,19,V00FdTXXXpC0Cnpy+Kp8jU0ckk8=,3TVo4cozKD2m/lGh9AA5vlnipRc=
-32,22,V00FdTXXXpC0Cnpy+Kp8jU0ckk8=,3TVo4cozKD2m/lGh9AA5vlnipRc=
-32,20,V00FdTXXXpC0Cnpy+Kp8jU0ckk8=,3TVo4cozKD2m/lGh9AA5vlnipRc=
-31,18,V00FdTXXXpC0Cnpy+Kp8jU0ckk8=,3TVo4cozKD2m/lGh9AA5vlnipRc=
-28,22,V00FdTXXXpC0Cnpy+Kp8jU0ckk8=,3TVo4cozKD2m/lGh9AA5vlnipRc=
-32,19,V00FdTXXXpC0Cnpy+Kp8jU0ckk8=,3TVo4cozKD2m/lGh9AA5vlnipRc=
-28,19,V00FdTXXXpC0Cnpy+Kp8jU0ckk8=,3TVo4cozKD2m/lGh9AA5vlnipRc=
-31,21,V00FdTXXXpC0Cnpy+Kp8jU0ckk8=,3TVo4cozKD2m/lGh9AA5vlnipRc=
-26,20,V00FdTXXXpC0Cnpy+Kp8jU0ckk8=,3TVo4cozKD2m/lGh9AA5vlnipRc=
-27,20,V00FdTXXXpC0Cnpy+Kp8jU0ckk8=,3TVo4cozKD2m/lGh9AA5vlnipRc=
-28,20,V00FdTXXXpC0Cnpy+Kp8jU0ckk8=,3TVo4cozKD2m/lGh9AA5vlnipRc=
-32,23,V00FdTXXXpC0Cnpy+Kp8jU0ckk8=,3TVo4cozKD2m/lGh9AA5vlnipRc=
-32,16,V00FdTXXXpC0Cnpy+Kp8jU0ckk8=,3TVo4cozKD2m/lGh9AA5vlnipRc=
-27,18,V00FdTXXXpC0Cnpy+Kp8jU0ckk8=,3TVo4cozKD2m/lGh9AA5vlnipRc=
-26,16,V00FdTXXXpC0Cnpy+Kp8jU0ckk8=,3TVo4cozKD2m/lGh9AA5vlnipRc=
-27,22,V00FdTXXXpC0Cnpy+Kp8jU0ckk8=,3TVo4cozKD2m/lGh9AA5vlnipRc=
-26,17,V00FdTXXXpC0Cnpy+Kp8jU0ckk8=,3TVo4cozKD2m/lGh9AA5vlnipRc=
-26,21,V00FdTXXXpC0Cnpy+Kp8jU0ckk8=,3TVo4cozKD2m/lGh9AA5vlnipRc=
-31,22,V00FdTXXXpC0Cnpy+Kp8jU0ckk8=,3TVo4cozKD2m/lGh9AA5vlnipRc=
-27,17,V00FdTXXXpC0Cnpy+Kp8jU0ckk8=,3TVo4cozKD2m/lGh9AA5vlnipRc=
-27,21,V00FdTXXXpC0Cnpy+Kp8jU0ckk8=,3TVo4cozKD2m/lGh9AA5vlnipRc=
-28,18,V00FdTXXXpC0Cnpy+Kp8jU0ckk8=,3TVo4cozKD2m/lGh9AA5vlnipRc=
-30,20,V00FdTXXXpC0Cnpy+Kp8jU0ckk8=,3TVo4cozKD2m/lGh9AA5vlnipRc=
-29,17,V00FdTXXXpC0Cnpy+Kp8jU0ckk8=,3TVo4cozKD2m/lGh9AA5vlnipRc=
-28,16,V00FdTXXXpC0Cnpy+Kp8jU0ckk8=,3TVo4cozKD2m/lGh9AA5vlnipRc=
-29,18,V00FdTXXXpC0Cnpy+Kp8jU0ckk8=,3TVo4cozKD2m/lGh9AA5vlnipRc=
-31,19,V00FdTXXXpC0Cnpy+Kp8jU0ckk8=,3TVo4cozKD2m/lGh9AA5vlnipRc=
-26,22,V00FdTXXXpC0Cnpy+Kp8jU0ckk8=,3TVo4cozKD2m/lGh9AA5vlnipRc=
-32,21,V00FdTXXXpC0Cnpy+Kp8jU0ckk8=,3TVo4cozKD2m/lGh9AA5vlnipRc=
-30,18,V00FdTXXXpC0Cnpy+Kp8jU0ckk8=,3TVo4cozKD2m/lGh9AA5vlnipRc=
-31,17,V00FdTXXXpC0Cnpy+Kp8jU0ckk8=,3TVo4cozKD2m/lGh9AA5vlnipRc=
-30,16,V00FdTXXXpC0Cnpy+Kp8jU0ckk8=,3TVo4cozKD2m/lGh9AA5vlnipRc=
-28,21,V00FdTXXXpC0Cnpy+Kp8jU0ckk8=,3TVo4cozKD2m/lGh9AA5vlnipRc=
-28,17,V00FdTXXXpC0Cnpy+Kp8jU0ckk8=,3TVo4cozKD2m/lGh9AA5vlnipRc=
-30,17,V00FdTXXXpC0Cnpy+Kp8jU0ckk8=,3TVo4cozKD2m/lGh9AA5vlnipRc=
-29,20,V00FdTXXXpC0Cnpy+Kp8jU0ckk8=,3TVo4cozKD2m/lGh9AA5vlnipRc=
-30,19,V00FdTXXXpC0Cnpy+Kp8jU0ckk8=,3TVo4cozKD2m/lGh9AA5vlnipRc=
-25,20,V00FdTXXXpC0Cnpy+Kp8jU0ckk8=,3TVo4cozKD2m/lGh9AA5vlnipRc=
-25,17,Osy5ovl4ngcJl9Nc6jnGTPF/7Vc=,3TVo4cozKD2m/lGh9AA5vlnipRc=
-25,18,Osy5ovl4ngcJl9Nc6jnGTPF/7Vc=,3TVo4cozKD2m/lGh9AA5vlnipRc=
-20,20,Osy5ovl4ngcJl9Nc6jnGTPF/7Vc=,XuZBG5PigpZOLxNEBTXjaLM2WIA=
-24,21,Osy5ovl4ngcJl9Nc6jnGTPF/7Vc=,XuZBG5PigpZOLxNEBTXjaLM2WIA=
-23,21,Osy5ovl4ngcJl9Nc6jnGTPF/7Vc=,XuZBG5PigpZOLxNEBTXjaLM2WIA=
-24,20,Osy5ovl4ngcJl9Nc6jnGTPF/7Vc=,XuZBG5PigpZOLxNEBTXjaLM2WIA=
-22,20,Osy5ovl4ngcJl9Nc6jnGTPF/7Vc=,XuZBG5PigpZOLxNEBTXjaLM2WIA=
-23,20,Osy5ovl4ngcJl9Nc6jnGTPF/7Vc=,XuZBG5PigpZOLxNEBTXjaLM2WIA=
-17,21,Osy5ovl4ngcJl9Nc6jnGTPF/7Vc=,XuZBG5PigpZOLxNEBTXjaLM2WIA=
-18,19,Osy5ovl4ngcJl9Nc6jnGTPF/7Vc=,XuZBG5PigpZOLxNEBTXjaLM2WIA=
-20,19,Osy5ovl4ngcJl9Nc6jnGTPF/7Vc=,XuZBG5PigpZOLxNEBTXjaLM2WIA=
-21,19,Osy5ovl4ngcJl9Nc6jnGTPF/7Vc=,XuZBG5PigpZOLxNEBTXjaLM2WIA=
-19,19,Osy5ovl4ngcJl9Nc6jnGTPF/7Vc=,XuZBG5PigpZOLxNEBTXjaLM2WIA=
-21,20,Osy5ovl4ngcJl9Nc6jnGTPF/7Vc=,XuZBG5PigpZOLxNEBTXjaLM2WIA=
-17,19,Osy5ovl4ngcJl9Nc6jnGTPF/7Vc=,XuZBG5PigpZOLxNEBTXjaLM2WIA=
-22,19,Osy5ovl4ngcJl9Nc6jnGTPF/7Vc=,XuZBG5PigpZOLxNEBTXjaLM2WIA=
-19,23,Osy5ovl4ngcJl9Nc6jnGTPF/7Vc=,XuZBG5PigpZOLxNEBTXjaLM2WIA=
-20,23,Osy5ovl4ngcJl9Nc6jnGTPF/7Vc=,XuZBG5PigpZOLxNEBTXjaLM2WIA=
-22,21,Osy5ovl4ngcJl9Nc6jnGTPF/7Vc=,XuZBG5PigpZOLxNEBTXjaLM2WIA=
-18,23,Osy5ovl4ngcJl9Nc6jnGTPF/7Vc=,XuZBG5PigpZOLxNEBTXjaLM2WIA=
-18,18,Osy5ovl4ngcJl9Nc6jnGTPF/7Vc=,XuZBG5PigpZOLxNEBTXjaLM2WIA=
-25,19,Osy5ovl4ngcJl9Nc6jnGTPF/7Vc=,3TVo4cozKD2m/lGh9AA5vlnipRc=
-17,23,Osy5ovl4ngcJl9Nc6jnGTPF/7Vc=,XuZBG5PigpZOLxNEBTXjaLM2WIA=
-21,18,Osy5ovl4ngcJl9Nc6jnGTPF/7Vc=,XuZBG5PigpZOLxNEBTXjaLM2WIA=
-21,23,Osy5ovl4ngcJl9Nc6jnGTPF/7Vc=,XuZBG5PigpZOLxNEBTXjaLM2WIA=
-17,17,Osy5ovl4ngcJl9Nc6jnGTPF/7Vc=,XuZBG5PigpZOLxNEBTXjaLM2WIA=
-19,18,Osy5ovl4ngcJl9Nc6jnGTPF/7Vc=,XuZBG5PigpZOLxNEBTXjaLM2WIA=
-17,20,Osy5ovl4ngcJl9Nc6jnGTPF/7Vc=,XuZBG5PigpZOLxNEBTXjaLM2WIA=
-24,18,Osy5ovl4ngcJl9Nc6jnGTPF/7Vc=,XuZBG5PigpZOLxNEBTXjaLM2WIA=
-20,18,Osy5ovl4ngcJl9Nc6jnGTPF/7Vc=,XuZBG5PigpZOLxNEBTXjaLM2WIA=
-22,18,Osy5ovl4ngcJl9Nc6jnGTPF/7Vc=,XuZBG5PigpZOLxNEBTXjaLM2WIA=
-23,19,Osy5ovl4ngcJl9Nc6jnGTPF/7Vc=,XuZBG5PigpZOLxNEBTXjaLM2WIA=
-20,21,Osy5ovl4ngcJl9Nc6jnGTPF/7Vc=,XuZBG5PigpZOLxNEBTXjaLM2WIA=
-22,17,Osy5ovl4ngcJl9Nc6jnGTPF/7Vc=,XuZBG5PigpZOLxNEBTXjaLM2WIA=
-24,17,Osy5ovl4ngcJl9Nc6jnGTPF/7Vc=,XuZBG5PigpZOLxNEBTXjaLM2WIA=
-25,16,Osy5ovl4ngcJl9Nc6jnGTPF/7Vc=,3TVo4cozKD2m/lGh9AA5vlnipRc=
-23,17,Osy5ovl4ngcJl9Nc6jnGTPF/7Vc=,XuZBG5PigpZOLxNEBTXjaLM2WIA=
-18,21,Osy5ovl4ngcJl9Nc6jnGTPF/7Vc=,XuZBG5PigpZOLxNEBTXjaLM2WIA=
-23,18,Osy5ovl4ngcJl9Nc6jnGTPF/7Vc=,XuZBG5PigpZOLxNEBTXjaLM2WIA=
-21,17,Osy5ovl4ngcJl9Nc6jnGTPF/7Vc=,XuZBG5PigpZOLxNEBTXjaLM2WIA=
-23,23,Osy5ovl4ngcJl9Nc6jnGTPF/7Vc=,XuZBG5PigpZOLxNEBTXjaLM2WIA=
-24,19,Osy5ovl4ngcJl9Nc6jnGTPF/7Vc=,XuZBG5PigpZOLxNEBTXjaLM2WIA=
-21,21,Osy5ovl4ngcJl9Nc6jnGTPF/7Vc=,XuZBG5PigpZOLxNEBTXjaLM2WIA=
-17,18,Osy5ovl4ngcJl9Nc6jnGTPF/7Vc=,XuZBG5PigpZOLxNEBTXjaLM2WIA=
-19,22,Osy5ovl4ngcJl9Nc6jnGTPF/7Vc=,XuZBG5PigpZOLxNEBTXjaLM2WIA=
-24,23,Osy5ovl4ngcJl9Nc6jnGTPF/7Vc=,XuZBG5PigpZOLxNEBTXjaLM2WIA=
-18,17,Osy5ovl4ngcJl9Nc6jnGTPF/7Vc=,XuZBG5PigpZOLxNEBTXjaLM2WIA=
-19,20,Osy5ovl4ngcJl9Nc6jnGTPF/7Vc=,XuZBG5PigpZOLxNEBTXjaLM2WIA=
-21,22,Osy5ovl4ngcJl9Nc6jnGTPF/7Vc=,XuZBG5PigpZOLxNEBTXjaLM2WIA=
-19,16,Osy5ovl4ngcJl9Nc6jnGTPF/7Vc=,XuZBG5PigpZOLxNEBTXjaLM2WIA=
-20,17,Osy5ovl4ngcJl9Nc6jnGTPF/7Vc=,XuZBG5PigpZOLxNEBTXjaLM2WIA=
-18,22,Osy5ovl4ngcJl9Nc6jnGTPF/7Vc=,XuZBG5PigpZOLxNEBTXjaLM2WIA=
-20,22,Osy5ovl4ngcJl9Nc6jnGTPF/7Vc=,XuZBG5PigpZOLxNEBTXjaLM2WIA=
-17,16,Osy5ovl4ngcJl9Nc6jnGTPF/7Vc=,XuZBG5PigpZOLxNEBTXjaLM2WIA=
-25,23,Osy5ovl4ngcJl9Nc6jnGTPF/7Vc=,3TVo4cozKD2m/lGh9AA5vlnipRc=
-24,16,Osy5ovl4ngcJl9Nc6jnGTPF/7Vc=,XuZBG5PigpZOLxNEBTXjaLM2WIA=
-18,16,Osy5ovl4ngcJl9Nc6jnGTPF/7Vc=,XuZBG5PigpZOLxNEBTXjaLM2WIA=
-25,21,Osy5ovl4ngcJl9Nc6jnGTPF/7Vc=,3TVo4cozKD2m/lGh9AA5vlnipRc=
-19,21,Osy5ovl4ngcJl9Nc6jnGTPF/7Vc=,XuZBG5PigpZOLxNEBTXjaLM2WIA=
-17,22,Osy5ovl4ngcJl9Nc6jnGTPF/7Vc=,XuZBG5PigpZOLxNEBTXjaLM2WIA=
-22,23,Osy5ovl4ngcJl9Nc6jnGTPF/7Vc=,XuZBG5PigpZOLxNEBTXjaLM2WIA=
-20,16,Osy5ovl4ngcJl9Nc6jnGTPF/7Vc=,XuZBG5PigpZOLxNEBTXjaLM2WIA=
-25,22,Osy5ovl4ngcJl9Nc6jnGTPF/7Vc=,3TVo4cozKD2m/lGh9AA5vlnipRc=
-21,16,Osy5ovl4ngcJl9Nc6jnGTPF/7Vc=,XuZBG5PigpZOLxNEBTXjaLM2WIA=
-23,16,Osy5ovl4ngcJl9Nc6jnGTPF/7Vc=,XuZBG5PigpZOLxNEBTXjaLM2WIA=
-19,17,Osy5ovl4ngcJl9Nc6jnGTPF/7Vc=,XuZBG5PigpZOLxNEBTXjaLM2WIA=
-18,20,Osy5ovl4ngcJl9Nc6jnGTPF/7Vc=,XuZBG5PigpZOLxNEBTXjaLM2WIA=
-24,22,Osy5ovl4ngcJl9Nc6jnGTPF/7Vc=,XuZBG5PigpZOLxNEBTXjaLM2WIA=
-22,22,Osy5ovl4ngcJl9Nc6jnGTPF/7Vc=,XuZBG5PigpZOLxNEBTXjaLM2WIA=
-22,16,Osy5ovl4ngcJl9Nc6jnGTPF/7Vc=,XuZBG5PigpZOLxNEBTXjaLM2WIA=
-23,22,Osy5ovl4ngcJl9Nc6jnGTPF/7Vc=,XuZBG5PigpZOLxNEBTXjaLM2WIA=
