-15,-11,HhFhuHJDyae058v5CrDO4XzPjlM=,2EgW9W+yQb3p5YudWXi+oU3L5SY=
-14,-11,HhFhuHJDyae058v5CrDO4XzPjlM=,2EgW9W+yQb3p5YudWXi+oU3L5SY=
-13,-11,HhFhuHJDyae058v5CrDO4XzPjlM=,2EgW9W+yQb3p5YudWXi+oU3L5SY=
-12,-11,39Vbv4t1u4GMiwAOOwH2/rRwbxo=,2EgW9W+yQb3p5YudWXi+oU3L5SY=
-11,-11,HhFhuHJDyae058v5CrDO4XzPjlM=,2EgW9W+yQb3p5YudWXi+oU3L5SY=
-10,-12,39Vbv4t1u4GMiwAOOwH2/rRwbxo=,2EgW9W+yQb3p5YudWXi+oU3L5SY=
-10,-14,HhFhuHJDyae058v5CrDO4XzPjlM=,2EgW9W+yQb3p5YudWXi+oU3L5SY=
-15,-12,HhFhuHJDyae058v5CrDO4XzPjlM=,2EgW9W+yQb3p5YudWXi+oU3L5SY=
-11,-14,HhFhuHJDyae058v5CrDO4XzPjlM=,2EgW9W+yQb3p5YudWXi+oU3L5SY=
-10,-11,HhFhuHJDyae058v5CrDO4XzPjlM=,2EgW9W+yQb3p5YudWXi+oU3L5SY=
-12,-14,HhFhuHJDyae058v5CrDO4XzPjlM=,2EgW9W+yQb3p5YudWXi+oU3L5SY=
-10,-13,HhFhuHJDyae058v5CrDO4XzPjlM=,2EgW9W+yQb3p5YudWXi+oU3L5SY=
-15,-13,39Vbv4t1u4GMiwAOOwH2/rRwbxo=,2EgW9W+yQb3p5YudWXi+oU3L5SY=
-11,-13,HhFhuHJDyae058v5CrDO4XzPjlM=,2EgW9W+yQb3p5YudWXi+oU3L5SY=
-10,-15,HhFhuHJDyae058v5CrDO4XzPjlM=,2EgW9W+yQb3p5YudWXi+oU3L5SY=
-14,-12,HhFhuHJDyae058v5CrDO4XzPjlM=,2EgW9W+yQb3p5YudWXi+oU3L5SY=
-12,-13,HhFhuHJDyae058v5CrDO4XzPjlM=,2EgW9W+yQb3p5YudWXi+oU3L5SY=
-15,-15,39Vbv4t1u4GMiwAOOwH2/rRwbxo=,2EgW9W+yQb3p5YudWXi+oU3L5SY=
-15,-10,HhFhuHJDyae058v5CrDO4XzPjlM=,2EgW9W+yQb3p5YudWXi+oU3L5SY=
-14,-15,39Vbv4t1u4GMiwAOOwH2/rRwbxo=,2EgW9W+yQb3p5YudWXi+oU3L5SY=
-14,-10,HhFhuHJDyae058v5CrDO4XzPjlM=,2EgW9W+yQb3p5YudWXi+oU3L5SY=
-13,-10,HhFhuHJDyae058v5CrDO4XzPjlM=,2EgW9W+yQb3p5YudWXi+oU3L5SY=
-11,-12,39Vbv4t1u4GMiwAOOwH2/rRwbxo=,2EgW9W+yQb3p5YudWXi+oU3L5SY=
-11,-15,HhFhuHJDyae058v5CrDO4XzPjlM=,2EgW9W+yQb3p5YudWXi+oU3L5SY=
-13,-12,HhFhuHJDyae058v5CrDO4XzPjlM=,2EgW9W+yQb3p5YudWXi+oU3L5SY=
-13,-15,39Vbv4t1u4GMiwAOOwH2/rRwbxo=,2EgW9W+yQb3p5YudWXi+oU3L5SY=
-4,-10,39Vbv4t1u4GMiwAOOwH2/rRwbxo=,aPVp2gLqrae4Mc9KZmyYaf3WHsc=
-12,-15,HhFhuHJDyae058v5CrDO4XzPjlM=,2EgW9W+yQb3p5YudWXi+oU3L5SY=
-9,-11,HhFhuHJDyae058v5CrDO4XzPjlM=,2EgW9W+yQb3p5YudWXi+oU3L5SY=
-12,-10,HhFhuHJDyae058v5CrDO4XzPjlM=,2EgW9W+yQb3p5YudWXi+oU3L5SY=
-13,-14,39Vbv4t1u4GMiwAOOwH2/rRwbxo=,2EgW9W+yQb3p5YudWXi+oU3L5SY=
-11,-10,HhFhuHJDyae058v5CrDO4XzPjlM=,2EgW9W+yQb3p5YudWXi+oU3L5SY=
-12,-12,39Vbv4t1u4GMiwAOOwH2/rRwbxo=,2EgW9W+yQb3p5YudWXi+oU3L5SY=
-14,-13,39Vbv4t1u4GMiwAOOwH2/rRwbxo=,2EgW9W+yQb3p5YudWXi+oU3L5SY=
-13,-13,39Vbv4t1u4GMiwAOOwH2/rRwbxo=,2EgW9W+yQb3p5YudWXi+oU3L5SY=
-10,-10,HhFhuHJDyae058v5CrDO4XzPjlM=,2EgW9W+yQb3p5YudWXi+oU3L5SY=
-3,-10,39Vbv4t1u4GMiwAOOwH2/rRwbxo=,aPVp2gLqrae4Mc9KZmyYaf3WHsc=
-2,-10,39Vbv4t1u4GMiwAOOwH2/rRwbxo=,aPVp2gLqrae4Mc9KZmyYaf3WHsc=
-15,-14,39Vbv4t1u4GMiwAOOwH2/rRwbxo=,2EgW9W+yQb3p5YudWXi+oU3L5SY=
-1,-10,39Vbv4t1u4GMiwAOOwH2/rRwbxo=,aPVp2gLqrae4Mc9KZmyYaf3WHsc=
-8,-15,HhFhuHJDyae058v5CrDO4XzPjlM=,aPVp2gLqrae4Mc9KZmyYaf3WHsc=
-7,-15,HhFhuHJDyae058v5CrDO4XzPjlM=,aPVp2gLqrae4Mc9KZmyYaf3WHsc=
-14,-14,39Vbv4t1u4GMiwAOOwH2/rRwbxo=,2EgW9W+yQb3p5YudWXi+oU3L5SY=
-7,-16,HhFhuHJDyae058v5CrDO4XzPjlM=,aPVp2gLqrae4Mc9KZmyYaf3WHsc=
-6,-16,HhFhuHJDyae058v5CrDO4XzPjlM=,aPVp2gLqrae4Mc9KZmyYaf3WHsc=
-5,-16,HhFhuHJDyae058v5CrDO4XzPjlM=,aPVp2gLqrae4Mc9KZmyYaf3WHsc=
-6,-15,HhFhuHJDyae058v5CrDO4XzPjlM=,aPVp2gLqrae4Mc9KZmyYaf3WHsc=
-5,-15,HhFhuHJDyae058v5CrDO4XzPjlM=,aPVp2gLqrae4Mc9KZmyYaf3WHsc=
-4,-16,39Vbv4t1u4GMiwAOOwH2/rRwbxo=,aPVp2gLqrae4Mc9KZmyYaf3WHsc=
-3,-16,39Vbv4t1u4GMiwAOOwH2/rRwbxo=,aPVp2gLqrae4Mc9KZmyYaf3WHsc=
-2,-16,39Vbv4t1u4GMiwAOOwH2/rRwbxo=,aPVp2gLqrae4Mc9KZmyYaf3WHsc=
-4,-15,39Vbv4t1u4GMiwAOOwH2/rRwbxo=,aPVp2gLqrae4Mc9KZmyYaf3WHsc=
-5,-10,HhFhuHJDyae058v5CrDO4XzPjlM=,aPVp2gLqrae4Mc9KZmyYaf3WHsc=
-3,-15,39Vbv4t1u4GMiwAOOwH2/rRwbxo=,aPVp2gLqrae4Mc9KZmyYaf3WHsc=
-6,-10,HhFhuHJDyae058v5CrDO4XzPjlM=,aPVp2gLqrae4Mc9KZmyYaf3WHsc=
-2,-15,39Vbv4t1u4GMiwAOOwH2/rRwbxo=,aPVp2gLqrae4Mc9KZmyYaf3WHsc=
-9,-12,HhFhuHJDyae058v5CrDO4XzPjlM=,2EgW9W+yQb3p5YudWXi+oU3L5SY=
-1,-15,39Vbv4t1u4GMiwAOOwH2/rRwbxo=,aPVp2gLqrae4Mc9KZmyYaf3WHsc=
-7,-10,HhFhuHJDyae058v5CrDO4XzPjlM=,aPVp2gLqrae4Mc9KZmyYaf3WHsc=
-8,-14,HhFhuHJDyae058v5CrDO4XzPjlM=,aPVp2gLqrae4Mc9KZmyYaf3WHsc=
-7,-14,HhFhuHJDyae058v5CrDO4XzPjlM=,aPVp2gLqrae4Mc9KZmyYaf3WHsc=
-8,-10,HhFhuHJDyae058v5CrDO4XzPjlM=,aPVp2gLqrae4Mc9KZmyYaf3WHsc=
-6,-14,HhFhuHJDyae058v5CrDO4XzPjlM=,aPVp2gLqrae4Mc9KZmyYaf3WHsc=
-1,-11,39Vbv4t1u4GMiwAOOwH2/rRwbxo=,aPVp2gLqrae4Mc9KZmyYaf3WHsc=
-5,-14,HhFhuHJDyae058v5CrDO4XzPjlM=,aPVp2gLqrae4Mc9KZmyYaf3WHsc=
-2,-11,39Vbv4t1u4GMiwAOOwH2/rRwbxo=,aPVp2gLqrae4Mc9KZmyYaf3WHsc=
-4,-14,39Vbv4t1u4GMiwAOOwH2/rRwbxo=,aPVp2gLqrae4Mc9KZmyYaf3WHsc=
-3,-11,39Vbv4t1u4GMiwAOOwH2/rRwbxo=,aPVp2gLqrae4Mc9KZmyYaf3WHsc=
-3,-14,39Vbv4t1u4GMiwAOOwH2/rRwbxo=,aPVp2gLqrae4Mc9KZmyYaf3WHsc=
-2,-14,39Vbv4t1u4GMiwAOOwH2/rRwbxo=,aPVp2gLqrae4Mc9KZmyYaf3WHsc=
-4,-11,39Vbv4t1u4GMiwAOOwH2/rRwbxo=,aPVp2gLqrae4Mc9KZmyYaf3WHsc=
-1,-14,39Vbv4t1u4GMiwAOOwH2/rRwbxo=,aPVp2gLqrae4Mc9KZmyYaf3WHsc=
-8,-13,HhFhuHJDyae058v5CrDO4XzPjlM=,aPVp2gLqrae4Mc9KZmyYaf3WHsc=
-9,-14,HhFhuHJDyae058v5CrDO4XzPjlM=,2EgW9W+yQb3p5YudWXi+oU3L5SY=
-7,-13,HhFhuHJDyae058v5CrDO4XzPjlM=,aPVp2gLqrae4Mc9KZmyYaf3WHsc=
-5,-11,HhFhuHJDyae058v5CrDO4XzPjlM=,aPVp2gLqrae4Mc9KZmyYaf3WHsc=
-9,-10,HhFhuHJDyae058v5CrDO4XzPjlM=,2EgW9W+yQb3p5YudWXi+oU3L5SY=
-6,-11,HhFhuHJDyae058v5CrDO4XzPjlM=,aPVp2gLqrae4Mc9KZmyYaf3WHsc=
-6,-13,HhFhuHJDyae058v5CrDO4XzPjlM=,aPVp2gLqrae4Mc9KZmyYaf3WHsc=
-7,-11,HhFhuHJDyae058v5CrDO4XzPjlM=,aPVp2gLqrae4Mc9KZmyYaf3WHsc=
-5,-13,HhFhuHJDyae058v5CrDO4XzPjlM=,aPVp2gLqrae4Mc9KZmyYaf3WHsc=
-9,-13,HhFhuHJDyae058v5CrDO4XzPjlM=,2EgW9W+yQb3p5YudWXi+oU3L5SY=
-4,-13,39Vbv4t1u4GMiwAOOwH2/rRwbxo=,aPVp2gLqrae4Mc9KZmyYaf3WHsc=
-3,-13,39Vbv4t1u4GMiwAOOwH2/rRwbxo=,aPVp2gLqrae4Mc9KZmyYaf3WHsc=
-2,-13,39Vbv4t1u4GMiwAOOwH2/rRwbxo=,aPVp2gLqrae4Mc9KZmyYaf3WHsc=
-1,-13,39Vbv4t1u4GMiwAOOwH2/rRwbxo=,aPVp2gLqrae4Mc9KZmyYaf3WHsc=
-8,-12,HhFhuHJDyae058v5CrDO4XzPjlM=,aPVp2gLqrae4Mc9KZmyYaf3WHsc=
-7,-12,HhFhuHJDyae058v5CrDO4XzPjlM=,aPVp2gLqrae4Mc9KZmyYaf3WHsc=
-6,-12,HhFhuHJDyae058v5CrDO4XzPjlM=,aPVp2gLqrae4Mc9KZmyYaf3WHsc=
-5,-12,HhFhuHJDyae058v5CrDO4XzPjlM=,aPVp2gLqrae4Mc9KZmyYaf3WHsc=
-4,-12,39Vbv4t1u4GMiwAOOwH2/rRwbxo=,aPVp2gLqrae4Mc9KZmyYaf3WHsc=
-3,-12,39Vbv4t1u4GMiwAOOwH2/rRwbxo=,aPVp2gLqrae4Mc9KZmyYaf3WHsc=
-2,-12,39Vbv4t1u4GMiwAOOwH2/rRwbxo=,aPVp2gLqrae4Mc9KZmyYaf3WHsc=
-9,-15,HhFhuHJDyae058v5CrDO4XzPjlM=,2EgW9W+yQb3p5YudWXi+oU3L5SY=
-1,-12,39Vbv4t1u4GMiwAOOwH2/rRwbxo=,aPVp2gLqrae4Mc9KZmyYaf3WHsc=
-8,-11,39Vbv4t1u4GMiwAOOwH2/rRwbxo=,aPVp2gLqrae4Mc9KZmyYaf3WHsc=
-15,-6,HhFhuHJDyae058v5CrDO4XzPjlM=,ahkmycGyLzXwzRsUxvZ2Z3Rx1hE=
-14,-6,39Vbv4t1u4GMiwAOOwH2/rRwbxo=,ahkmycGyLzXwzRsUxvZ2Z3Rx1hE=
-10,-7,HhFhuHJDyae058v5CrDO4XzPjlM=,ahkmycGyLzXwzRsUxvZ2Z3Rx1hE=
-13,-6,HhFhuHJDyae058v5CrDO4XzPjlM=,ahkmycGyLzXwzRsUxvZ2Z3Rx1hE=
-12,-7,HhFhuHJDyae058v5CrDO4XzPjlM=,ahkmycGyLzXwzRsUxvZ2Z3Rx1hE=
-11,-7,HhFhuHJDyae058v5CrDO4XzPjlM=,ahkmycGyLzXwzRsUxvZ2Z3Rx1hE=
-13,-7,HhFhuHJDyae058v5CrDO4XzPjlM=,ahkmycGyLzXwzRsUxvZ2Z3Rx1hE=
-14,-7,HhFhuHJDyae058v5CrDO4XzPjlM=,ahkmycGyLzXwzRsUxvZ2Z3Rx1hE=
-12,-6,HhFhuHJDyae058v5CrDO4XzPjlM=,ahkmycGyLzXwzRsUxvZ2Z3Rx1hE=
-11,-8,HhFhuHJDyae058v5CrDO4XzPjlM=,ahkmycGyLzXwzRsUxvZ2Z3Rx1hE=
-12,-8,HhFhuHJDyae058v5CrDO4XzPjlM=,ahkmycGyLzXwzRsUxvZ2Z3Rx1hE=
-11,-6,HhFhuHJDyae058v5CrDO4XzPjlM=,ahkmycGyLzXwzRsUxvZ2Z3Rx1hE=
-10,-6,HhFhuHJDyae058v5CrDO4XzPjlM=,ahkmycGyLzXwzRsUxvZ2Z3Rx1hE=
-13,-8,39Vbv4t1u4GMiwAOOwH2/rRwbxo=,ahkmycGyLzXwzRsUxvZ2Z3Rx1hE=
-15,-7,HhFhuHJDyae058v5CrDO4XzPjlM=,ahkmycGyLzXwzRsUxvZ2Z3Rx1hE=
-15,-5,39Vbv4t1u4GMiwAOOwH2/rRwbxo=,ahkmycGyLzXwzRsUxvZ2Z3Rx1hE=
-14,-8,39Vbv4t1u4GMiwAOOwH2/rRwbxo=,ahkmycGyLzXwzRsUxvZ2Z3Rx1hE=
-10,-8,HhFhuHJDyae058v5CrDO4XzPjlM=,ahkmycGyLzXwzRsUxvZ2Z3Rx1hE=
-14,-5,39Vbv4t1u4GMiwAOOwH2/rRwbxo=,ahkmycGyLzXwzRsUxvZ2Z3Rx1hE=
-10,-9,HhFhuHJDyae058v5CrDO4XzPjlM=,2EgW9W+yQb3p5YudWXi+oU3L5SY=
-15,-8,39Vbv4t1u4GMiwAOOwH2/rRwbxo=,ahkmycGyLzXwzRsUxvZ2Z3Rx1hE=
-13,-5,39Vbv4t1u4GMiwAOOwH2/rRwbxo=,ahkmycGyLzXwzRsUxvZ2Z3Rx1hE=
-11,-9,HhFhuHJDyae058v5CrDO4XzPjlM=,2EgW9W+yQb3p5YudWXi+oU3L5SY=
-12,-9,HhFhuHJDyae058v5CrDO4XzPjlM=,2EgW9W+yQb3p5YudWXi+oU3L5SY=
-12,-5,HhFhuHJDyae058v5CrDO4XzPjlM=,ahkmycGyLzXwzRsUxvZ2Z3Rx1hE=
-11,-2,39Vbv4t1u4GMiwAOOwH2/rRwbxo=,ahkmycGyLzXwzRsUxvZ2Z3Rx1hE=
-13,-9,HhFhuHJDyae058v5CrDO4XzPjlM=,2EgW9W+yQb3p5YudWXi+oU3L5SY=
-12,-2,39Vbv4t1u4GMiwAOOwH2/rRwbxo=,ahkmycGyLzXwzRsUxvZ2Z3Rx1hE=
-14,-9,HhFhuHJDyae058v5CrDO4XzPjlM=,2EgW9W+yQb3p5YudWXi+oU3L5SY=
-15,-9,HhFhuHJDyae058v5CrDO4XzPjlM=,2EgW9W+yQb3p5YudWXi+oU3L5SY=
-14,-2,39Vbv4t1u4GMiwAOOwH2/rRwbxo=,ahkmycGyLzXwzRsUxvZ2Z3Rx1hE=
-13,-2,39Vbv4t1u4GMiwAOOwH2/rRwbxo=,ahkmycGyLzXwzRsUxvZ2Z3Rx1hE=
-11,-5,HhFhuHJDyae058v5CrDO4XzPjlM=,ahkmycGyLzXwzRsUxvZ2Z3Rx1hE=
-15,-2,39Vbv4t1u4GMiwAOOwH2/rRwbxo=,ahkmycGyLzXwzRsUxvZ2Z3Rx1hE=
-10,-5,HhFhuHJDyae058v5CrDO4XzPjlM=,ahkmycGyLzXwzRsUxvZ2Z3Rx1hE=
-15,-4,39Vbv4t1u4GMiwAOOwH2/rRwbxo=,ahkmycGyLzXwzRsUxvZ2Z3Rx1hE=
-14,-4,39Vbv4t1u4GMiwAOOwH2/rRwbxo=,ahkmycGyLzXwzRsUxvZ2Z3Rx1hE=
-13,-4,39Vbv4t1u4GMiwAOOwH2/rRwbxo=,ahkmycGyLzXwzRsUxvZ2Z3Rx1hE=
-11,-3,39Vbv4t1u4GMiwAOOwH2/rRwbxo=,ahkmycGyLzXwzRsUxvZ2Z3Rx1hE=
-12,-4,39Vbv4t1u4GMiwAOOwH2/rRwbxo=,ahkmycGyLzXwzRsUxvZ2Z3Rx1hE=
-12,-3,39Vbv4t1u4GMiwAOOwH2/rRwbxo=,ahkmycGyLzXwzRsUxvZ2Z3Rx1hE=
-13,-3,39Vbv4t1u4GMiwAOOwH2/rRwbxo=,ahkmycGyLzXwzRsUxvZ2Z3Rx1hE=
-11,-4,39Vbv4t1u4GMiwAOOwH2/rRwbxo=,ahkmycGyLzXwzRsUxvZ2Z3Rx1hE=
-15,-3,39Vbv4t1u4GMiwAOOwH2/rRwbxo=,ahkmycGyLzXwzRsUxvZ2Z3Rx1hE=
-14,-3,39Vbv4t1u4GMiwAOOwH2/rRwbxo=,ahkmycGyLzXwzRsUxvZ2Z3Rx1hE=
-15,-1,HhFhuHJDyae058v5CrDO4XzPjlM=,ahkmycGyLzXwzRsUxvZ2Z3Rx1hE=
-14,-1,HhFhuHJDyae058v5CrDO4XzPjlM=,ahkmycGyLzXwzRsUxvZ2Z3Rx1hE=
-13,-1,HhFhuHJDyae058v5CrDO4XzPjlM=,ahkmycGyLzXwzRsUxvZ2Z3Rx1hE=
-12,-1,39Vbv4t1u4GMiwAOOwH2/rRwbxo=,ahkmycGyLzXwzRsUxvZ2Z3Rx1hE=
-11,-1,39Vbv4t1u4GMiwAOOwH2/rRwbxo=,ahkmycGyLzXwzRsUxvZ2Z3Rx1hE=
-16,-6,HhFhuHJDyae058v5CrDO4XzPjlM=,ahkmycGyLzXwzRsUxvZ2Z3Rx1hE=
-16,-5,HhFhuHJDyae058v5CrDO4XzPjlM=,ahkmycGyLzXwzRsUxvZ2Z3Rx1hE=
-16,-4,39Vbv4t1u4GMiwAOOwH2/rRwbxo=,ahkmycGyLzXwzRsUxvZ2Z3Rx1hE=
-16,-3,39Vbv4t1u4GMiwAOOwH2/rRwbxo=,ahkmycGyLzXwzRsUxvZ2Z3Rx1hE=
-16,-7,HhFhuHJDyae058v5CrDO4XzPjlM=,ahkmycGyLzXwzRsUxvZ2Z3Rx1hE=
-16,-2,39Vbv4t1u4GMiwAOOwH2/rRwbxo=,ahkmycGyLzXwzRsUxvZ2Z3Rx1hE=
-14,-16,39Vbv4t1u4GMiwAOOwH2/rRwbxo=,2EgW9W+yQb3p5YudWXi+oU3L5SY=
-8,-16,HhFhuHJDyae058v5CrDO4XzPjlM=,aPVp2gLqrae4Mc9KZmyYaf3WHsc=
-12,-16,HhFhuHJDyae058v5CrDO4XzPjlM=,2EgW9W+yQb3p5YudWXi+oU3L5SY=
-10,-16,HhFhuHJDyae058v5CrDO4XzPjlM=,2EgW9W+yQb3p5YudWXi+oU3L5SY=
-15,-16,39Vbv4t1u4GMiwAOOwH2/rRwbxo=,2EgW9W+yQb3p5YudWXi+oU3L5SY=
-13,-16,39Vbv4t1u4GMiwAOOwH2/rRwbxo=,2EgW9W+yQb3p5YudWXi+oU3L5SY=
-11,-16,HhFhuHJDyae058v5CrDO4XzPjlM=,2EgW9W+yQb3p5YudWXi+oU3L5SY=
-9,-16,HhFhuHJDyae058v5CrDO4XzPjlM=,2EgW9W+yQb3p5YudWXi+oU3L5SY=
-16,-1,39Vbv4t1u4GMiwAOOwH2/rRwbxo=,ahkmycGyLzXwzRsUxvZ2Z3Rx1hE=
-16,-16,39Vbv4t1u4GMiwAOOwH2/rRwbxo=,2EgW9W+yQb3p5YudWXi+oU3L5SY=
-1,-16,39Vbv4t1u4GMiwAOOwH2/rRwbxo=,aPVp2gLqrae4Mc9KZmyYaf3WHsc=
-16,-11,HhFhuHJDyae058v5CrDO4XzPjlM=,2EgW9W+yQb3p5YudWXi+oU3L5SY=
-16,-14,39Vbv4t1u4GMiwAOOwH2/rRwbxo=,2EgW9W+yQb3p5YudWXi+oU3L5SY=
-16,-8,39Vbv4t1u4GMiwAOOwH2/rRwbxo=,ahkmycGyLzXwzRsUxvZ2Z3Rx1hE=
-16,-12,HhFhuHJDyae058v5CrDO4XzPjlM=,2EgW9W+yQb3p5YudWXi+oU3L5SY=
-16,-9,HhFhuHJDyae058v5CrDO4XzPjlM=,2EgW9W+yQb3p5YudWXi+oU3L5SY=
-16,-10,HhFhuHJDyae058v5CrDO4XzPjlM=,2EgW9W+yQb3p5YudWXi+oU3L5SY=
-16,-13,39Vbv4t1u4GMiwAOOwH2/rRwbxo=,2EgW9W+yQb3p5YudWXi+oU3L5SY=
-16,-15,39Vbv4t1u4GMiwAOOwH2/rRwbxo=,2EgW9W+yQb3p5YudWXi+oU3L5SY=
-9,-8,39Vbv4t1u4GMiwAOOwH2/rRwbxo=,ahkmycGyLzXwzRsUxvZ2Z3Rx1hE=
-9,-9,HhFhuHJDyae058v5CrDO4XzPjlM=,2EgW9W+yQb3p5YudWXi+oU3L5SY=
-8,-9,HhFhuHJDyae058v5CrDO4XzPjlM=,aPVp2gLqrae4Mc9KZmyYaf3WHsc=
-7,-9,HhFhuHJDyae058v5CrDO4XzPjlM=,aPVp2gLqrae4Mc9KZmyYaf3WHsc=
-8,-8,HhFhuHJDyae058v5CrDO4XzPjlM=,pGFV+VwEo95+IoXXYQwXRjdaJGk=
-2,-2,39Vbv4t1u4GMiwAOOwH2/rRwbxo=,pGFV+VwEo95+IoXXYQwXRjdaJGk=
-1,-2,39Vbv4t1u4GMiwAOOwH2/rRwbxo=,pGFV+VwEo95+IoXXYQwXRjdaJGk=
-8,-1,39Vbv4t1u4GMiwAOOwH2/rRwbxo=,pGFV+VwEo95+IoXXYQwXRjdaJGk=
-10,-2,39Vbv4t1u4GMiwAOOwH2/rRwbxo=,ahkmycGyLzXwzRsUxvZ2Z3Rx1hE=
-3,-2,39Vbv4t1u4GMiwAOOwH2/rRwbxo=,pGFV+VwEo95+IoXXYQwXRjdaJGk=
-10,-3,39Vbv4t1u4GMiwAOOwH2/rRwbxo=,ahkmycGyLzXwzRsUxvZ2Z3Rx1hE=
-10,-4,39Vbv4t1u4GMiwAOOwH2/rRwbxo=,ahkmycGyLzXwzRsUxvZ2Z3Rx1hE=
-4,-6,HhFhuHJDyae058v5CrDO4XzPjlM=,pGFV+VwEo95+IoXXYQwXRjdaJGk=
-9,-2,39Vbv4t1u4GMiwAOOwH2/rRwbxo=,ahkmycGyLzXwzRsUxvZ2Z3Rx1hE=
-6,-9,HhFhuHJDyae058v5CrDO4XzPjlM=,aPVp2gLqrae4Mc9KZmyYaf3WHsc=
-5,-9,HhFhuHJDyae058v5CrDO4XzPjlM=,aPVp2gLqrae4Mc9KZmyYaf3WHsc=
-10,-1,39Vbv4t1u4GMiwAOOwH2/rRwbxo=,ahkmycGyLzXwzRsUxvZ2Z3Rx1hE=
-4,-9,39Vbv4t1u4GMiwAOOwH2/rRwbxo=,aPVp2gLqrae4Mc9KZmyYaf3WHsc=
-3,-9,39Vbv4t1u4GMiwAOOwH2/rRwbxo=,aPVp2gLqrae4Mc9KZmyYaf3WHsc=
-1,-1,39Vbv4t1u4GMiwAOOwH2/rRwbxo=,pGFV+VwEo95+IoXXYQwXRjdaJGk=
-6,-2,39Vbv4t1u4GMiwAOOwH2/rRwbxo=,pGFV+VwEo95+IoXXYQwXRjdaJGk=
-2,-9,39Vbv4t1u4GMiwAOOwH2/rRwbxo=,aPVp2gLqrae4Mc9KZmyYaf3WHsc=
-5,-7,HhFhuHJDyae058v5CrDO4XzPjlM=,pGFV+VwEo95+IoXXYQwXRjdaJGk=
-1,-9,39Vbv4t1u4GMiwAOOwH2/rRwbxo=,aPVp2gLqrae4Mc9KZmyYaf3WHsc=
-9,-7,HhFhuHJDyae058v5CrDO4XzPjlM=,ahkmycGyLzXwzRsUxvZ2Z3Rx1hE=
-5,-2,39Vbv4t1u4GMiwAOOwH2/rRwbxo=,pGFV+VwEo95+IoXXYQwXRjdaJGk=
-9,-1,39Vbv4t1u4GMiwAOOwH2/rRwbxo=,ahkmycGyLzXwzRsUxvZ2Z3Rx1hE=
-7,-2,39Vbv4t1u4GMiwAOOwH2/rRwbxo=,pGFV+VwEo95+IoXXYQwXRjdaJGk=
-6,-7,HhFhuHJDyae058v5CrDO4XzPjlM=,pGFV+VwEo95+IoXXYQwXRjdaJGk=
-3,-6,39Vbv4t1u4GMiwAOOwH2/rRwbxo=,pGFV+VwEo95+IoXXYQwXRjdaJGk=
-7,-7,HhFhuHJDyae058v5CrDO4XzPjlM=,pGFV+VwEo95+IoXXYQwXRjdaJGk=
-4,-7,39Vbv4t1u4GMiwAOOwH2/rRwbxo=,pGFV+VwEo95+IoXXYQwXRjdaJGk=
-4,-2,39Vbv4t1u4GMiwAOOwH2/rRwbxo=,pGFV+VwEo95+IoXXYQwXRjdaJGk=
-6,-8,HhFhuHJDyae058v5CrDO4XzPjlM=,pGFV+VwEo95+IoXXYQwXRjdaJGk=
-8,-2,39Vbv4t1u4GMiwAOOwH2/rRwbxo=,pGFV+VwEo95+IoXXYQwXRjdaJGk=
-1,-3,39Vbv4t1u4GMiwAOOwH2/rRwbxo=,pGFV+VwEo95+IoXXYQwXRjdaJGk=
-9,-5,HhFhuHJDyae058v5CrDO4XzPjlM=,ahkmycGyLzXwzRsUxvZ2Z3Rx1hE=
-7,-8,HhFhuHJDyae058v5CrDO4XzPjlM=,pGFV+VwEo95+IoXXYQwXRjdaJGk=
-2,-3,39Vbv4t1u4GMiwAOOwH2/rRwbxo=,pGFV+VwEo95+IoXXYQwXRjdaJGk=
-2,-8,39Vbv4t1u4GMiwAOOwH2/rRwbxo=,pGFV+VwEo95+IoXXYQwXRjdaJGk=
-3,-3,39Vbv4t1u4GMiwAOOwH2/rRwbxo=,pGFV+VwEo95+IoXXYQwXRjdaJGk=
-8,-7,HhFhuHJDyae058v5CrDO4XzPjlM=,pGFV+VwEo95+IoXXYQwXRjdaJGk=
-1,-8,39Vbv4t1u4GMiwAOOwH2/rRwbxo=,pGFV+VwEo95+IoXXYQwXRjdaJGk=
-3,-7,39Vbv4t1u4GMiwAOOwH2/rRwbxo=,pGFV+VwEo95+IoXXYQwXRjdaJGk=
-2,-6,39Vbv4t1u4GMiwAOOwH2/rRwbxo=,pGFV+VwEo95+IoXXYQwXRjdaJGk=
-2,-1,39Vbv4t1u4GMiwAOOwH2/rRwbxo=,pGFV+VwEo95+IoXXYQwXRjdaJGk=
-4,-3,39Vbv4t1u4GMiwAOOwH2/rRwbxo=,pGFV+VwEo95+IoXXYQwXRjdaJGk=
-9,-3,39Vbv4t1u4GMiwAOOwH2/rRwbxo=,ahkmycGyLzXwzRsUxvZ2Z3Rx1hE=
-5,-3,39Vbv4t1u4GMiwAOOwH2/rRwbxo=,pGFV+VwEo95+IoXXYQwXRjdaJGk=
-3,-8,39Vbv4t1u4GMiwAOOwH2/rRwbxo=,pGFV+VwEo95+IoXXYQwXRjdaJGk=
-6,-3,39Vbv4t1u4GMiwAOOwH2/rRwbxo=,pGFV+VwEo95+IoXXYQwXRjdaJGk=
-7,-1,39Vbv4t1u4GMiwAOOwH2/rRwbxo=,pGFV+VwEo95+IoXXYQwXRjdaJGk=
-2,-7,39Vbv4t1u4GMiwAOOwH2/rRwbxo=,pGFV+VwEo95+IoXXYQwXRjdaJGk=
-1,-7,39Vbv4t1u4GMiwAOOwH2/rRwbxo=,pGFV+VwEo95+IoXXYQwXRjdaJGk=
-1,-6,39Vbv4t1u4GMiwAOOwH2/rRwbxo=,pGFV+VwEo95+IoXXYQwXRjdaJGk=
-8,-6,HhFhuHJDyae058v5CrDO4XzPjlM=,pGFV+VwEo95+IoXXYQwXRjdaJGk=
-6,-1,39Vbv4t1u4GMiwAOOwH2/rRwbxo=,pGFV+VwEo95+IoXXYQwXRjdaJGk=
-4,-8,39Vbv4t1u4GMiwAOOwH2/rRwbxo=,pGFV+VwEo95+IoXXYQwXRjdaJGk=
-3,-1,39Vbv4t1u4GMiwAOOwH2/rRwbxo=,pGFV+VwEo95+IoXXYQwXRjdaJGk=
-8,-5,HhFhuHJDyae058v5CrDO4XzPjlM=,pGFV+VwEo95+IoXXYQwXRjdaJGk=
-5,-8,HhFhuHJDyae058v5CrDO4XzPjlM=,pGFV+VwEo95+IoXXYQwXRjdaJGk=
-7,-3,39Vbv4t1u4GMiwAOOwH2/rRwbxo=,pGFV+VwEo95+IoXXYQwXRjdaJGk=
-4,-1,39Vbv4t1u4GMiwAOOwH2/rRwbxo=,pGFV+VwEo95+IoXXYQwXRjdaJGk=
-9,-6,HhFhuHJDyae058v5CrDO4XzPjlM=,ahkmycGyLzXwzRsUxvZ2Z3Rx1hE=
-8,-3,39Vbv4t1u4GMiwAOOwH2/rRwbxo=,pGFV+VwEo95+IoXXYQwXRjdaJGk=
-7,-6,HhFhuHJDyae058v5CrDO4XzPjlM=,pGFV+VwEo95+IoXXYQwXRjdaJGk=
-5,-1,39Vbv4t1u4GMiwAOOwH2/rRwbxo=,pGFV+VwEo95+IoXXYQwXRjdaJGk=
-7,-5,HhFhuHJDyae058v5CrDO4XzPjlM=,pGFV+VwEo95+IoXXYQwXRjdaJGk=
-1,-4,39Vbv4t1u4GMiwAOOwH2/rRwbxo=,pGFV+VwEo95+IoXXYQwXRjdaJGk=
-6,-6,HhFhuHJDyae058v5CrDO4XzPjlM=,pGFV+VwEo95+IoXXYQwXRjdaJGk=
-5,-6,HhFhuHJDyae058v5CrDO4XzPjlM=,pGFV+VwEo95+IoXXYQwXRjdaJGk=
-6,-5,HhFhuHJDyae058v5CrDO4XzPjlM=,pGFV+VwEo95+IoXXYQwXRjdaJGk=
-5,-4,39Vbv4t1u4GMiwAOOwH2/rRwbxo=,pGFV+VwEo95+IoXXYQwXRjdaJGk=
-3,-4,39Vbv4t1u4GMiwAOOwH2/rRwbxo=,pGFV+VwEo95+IoXXYQwXRjdaJGk=
-4,-4,39Vbv4t1u4GMiwAOOwH2/rRwbxo=,pGFV+VwEo95+IoXXYQwXRjdaJGk=
-2,-4,39Vbv4t1u4GMiwAOOwH2/rRwbxo=,pGFV+VwEo95+IoXXYQwXRjdaJGk=
-6,-4,39Vbv4t1u4GMiwAOOwH2/rRwbxo=,pGFV+VwEo95+IoXXYQwXRjdaJGk=
-7,-4,39Vbv4t1u4GMiwAOOwH2/rRwbxo=,pGFV+VwEo95+IoXXYQwXRjdaJGk=
-1,-5,39Vbv4t1u4GMiwAOOwH2/rRwbxo=,pGFV+VwEo95+IoXXYQwXRjdaJGk=
-9,-4,39Vbv4t1u4GMiwAOOwH2/rRwbxo=,ahkmycGyLzXwzRsUxvZ2Z3Rx1hE=
-5,-5,HhFhuHJDyae058v5CrDO4XzPjlM=,pGFV+VwEo95+IoXXYQwXRjdaJGk=
-2,-5,39Vbv4t1u4GMiwAOOwH2/rRwbxo=,pGFV+VwEo95+IoXXYQwXRjdaJGk=
-8,-4,39Vbv4t1u4GMiwAOOwH2/rRwbxo=,pGFV+VwEo95+IoXXYQwXRjdaJGk=
-3,-5,HhFhuHJDyae058v5CrDO4XzPjlM=,pGFV+VwEo95+IoXXYQwXRjdaJGk=
-4,-5,HhFhuHJDyae058v5CrDO4XzPjlM=,pGFV+VwEo95+IoXXYQwXRjdaJGk=
-15,-21,uejIeO2bOyJfoedmKGmrHx+RhZo=,7Uc7s8/Ip2BH4vOUF9q7hNBoXHY=
-10,-17,uejIeO2bOyJfoedmKGmrHx+RhZo=,7Uc7s8/Ip2BH4vOUF9q7hNBoXHY=
-12,-18,uejIeO2bOyJfoedmKGmrHx+RhZo=,7Uc7s8/Ip2BH4vOUF9q7hNBoXHY=
-9,-17,uejIeO2bOyJfoedmKGmrHx+RhZo=,7Uc7s8/Ip2BH4vOUF9q7hNBoXHY=
-11,-18,uejIeO2bOyJfoedmKGmrHx+RhZo=,7Uc7s8/Ip2BH4vOUF9q7hNBoXHY=
-12,-24,rs5hL/+qZozkOIV7arAOknSUwYU=,7Uc7s8/Ip2BH4vOUF9q7hNBoXHY=
-12,-19,uejIeO2bOyJfoedmKGmrHx+RhZo=,7Uc7s8/Ip2BH4vOUF9q7hNBoXHY=
-13,-18,uejIeO2bOyJfoedmKGmrHx+RhZo=,7Uc7s8/Ip2BH4vOUF9q7hNBoXHY=
-15,-18,uejIeO2bOyJfoedmKGmrHx+RhZo=,7Uc7s8/Ip2BH4vOUF9q7hNBoXHY=
-15,-20,uejIeO2bOyJfoedmKGmrHx+RhZo=,7Uc7s8/Ip2BH4vOUF9q7hNBoXHY=
-14,-20,uejIeO2bOyJfoedmKGmrHx+RhZo=,7Uc7s8/Ip2BH4vOUF9q7hNBoXHY=
-14,-18,uejIeO2bOyJfoedmKGmrHx+RhZo=,7Uc7s8/Ip2BH4vOUF9q7hNBoXHY=
-9,-23,uejIeO2bOyJfoedmKGmrHx+RhZo=,7Uc7s8/Ip2BH4vOUF9q7hNBoXHY=
-11,-17,uejIeO2bOyJfoedmKGmrHx+RhZo=,7Uc7s8/Ip2BH4vOUF9q7hNBoXHY=
-9,-19,uejIeO2bOyJfoedmKGmrHx+RhZo=,7Uc7s8/Ip2BH4vOUF9q7hNBoXHY=
-11,-19,uejIeO2bOyJfoedmKGmrHx+RhZo=,7Uc7s8/Ip2BH4vOUF9q7hNBoXHY=
-11,-24,rs5hL/+qZozkOIV7arAOknSUwYU=,7Uc7s8/Ip2BH4vOUF9q7hNBoXHY=
-11,-23,rs5hL/+qZozkOIV7arAOknSUwYU=,7Uc7s8/Ip2BH4vOUF9q7hNBoXHY=
-14,-19,uejIeO2bOyJfoedmKGmrHx+RhZo=,7Uc7s8/Ip2BH4vOUF9q7hNBoXHY=
-10,-19,uejIeO2bOyJfoedmKGmrHx+RhZo=,7Uc7s8/Ip2BH4vOUF9q7hNBoXHY=
-16,-18,uejIeO2bOyJfoedmKGmrHx+RhZo=,7Uc7s8/Ip2BH4vOUF9q7hNBoXHY=
-15,-24,uejIeO2bOyJfoedmKGmrHx+RhZo=,7Uc7s8/Ip2BH4vOUF9q7hNBoXHY=
-13,-20,rs5hL/+qZozkOIV7arAOknSUwYU=,7Uc7s8/Ip2BH4vOUF9q7hNBoXHY=
-16,-19,uejIeO2bOyJfoedmKGmrHx+RhZo=,7Uc7s8/Ip2BH4vOUF9q7hNBoXHY=
-13,-19,uejIeO2bOyJfoedmKGmrHx+RhZo=,7Uc7s8/Ip2BH4vOUF9q7hNBoXHY=
-10,-20,uejIeO2bOyJfoedmKGmrHx+RhZo=,7Uc7s8/Ip2BH4vOUF9q7hNBoXHY=
-16,-20,uejIeO2bOyJfoedmKGmrHx+RhZo=,7Uc7s8/Ip2BH4vOUF9q7hNBoXHY=
-9,-20,uejIeO2bOyJfoedmKGmrHx+RhZo=,7Uc7s8/Ip2BH4vOUF9q7hNBoXHY=
-11,-20,uejIeO2bOyJfoedmKGmrHx+RhZo=,7Uc7s8/Ip2BH4vOUF9q7hNBoXHY=
-12,-20,rs5hL/+qZozkOIV7arAOknSUwYU=,7Uc7s8/Ip2BH4vOUF9q7hNBoXHY=
-16,-22,uejIeO2bOyJfoedmKGmrHx+RhZo=,7Uc7s8/Ip2BH4vOUF9q7hNBoXHY=
-16,-24,uejIeO2bOyJfoedmKGmrHx+RhZo=,7Uc7s8/Ip2BH4vOUF9q7hNBoXHY=
-9,-21,uejIeO2bOyJfoedmKGmrHx+RhZo=,7Uc7s8/Ip2BH4vOUF9q7hNBoXHY=
-12,-23,rs5hL/+qZozkOIV7arAOknSUwYU=,7Uc7s8/Ip2BH4vOUF9q7hNBoXHY=
-11,-21,rs5hL/+qZozkOIV7arAOknSUwYU=,7Uc7s8/Ip2BH4vOUF9q7hNBoXHY=
-9,-22,rs5hL/+qZozkOIV7arAOknSUwYU=,7Uc7s8/Ip2BH4vOUF9q7hNBoXHY=
-16,-17,uejIeO2bOyJfoedmKGmrHx+RhZo=,7Uc7s8/Ip2BH4vOUF9q7hNBoXHY=
-16,-21,uejIeO2bOyJfoedmKGmrHx+RhZo=,7Uc7s8/Ip2BH4vOUF9q7hNBoXHY=
-13,-17,uejIeO2bOyJfoedmKGmrHx+RhZo=,7Uc7s8/Ip2BH4vOUF9q7hNBoXHY=
-11,-22,rs5hL/+qZozkOIV7arAOknSUwYU=,7Uc7s8/Ip2BH4vOUF9q7hNBoXHY=
-12,-21,rs5hL/+qZozkOIV7arAOknSUwYU=,7Uc7s8/Ip2BH4vOUF9q7hNBoXHY=
-13,-23,rs5hL/+qZozkOIV7arAOknSUwYU=,7Uc7s8/Ip2BH4vOUF9q7hNBoXHY=
-10,-23,rs5hL/+qZozkOIV7arAOknSUwYU=,7Uc7s8/Ip2BH4vOUF9q7hNBoXHY=
-15,-19,uejIeO2bOyJfoedmKGmrHx+RhZo=,7Uc7s8/Ip2BH4vOUF9q7hNBoXHY=
-14,-23,rs5hL/+qZozkOIV7arAOknSUwYU=,7Uc7s8/Ip2BH4vOUF9q7hNBoXHY=
-12,-17,uejIeO2bOyJfoedmKGmrHx+RhZo=,7Uc7s8/Ip2BH4vOUF9q7hNBoXHY=
-13,-24,rs5hL/+qZozkOIV7arAOknSUwYU=,7Uc7s8/Ip2BH4vOUF9q7hNBoXHY=
-14,-17,uejIeO2bOyJfoedmKGmrHx+RhZo=,7Uc7s8/Ip2BH4vOUF9q7hNBoXHY=
-14,-24,rs5hL/+qZozkOIV7arAOknSUwYU=,7Uc7s8/Ip2BH4vOUF9q7hNBoXHY=
-15,-17,uejIeO2bOyJfoedmKGmrHx+RhZo=,7Uc7s8/Ip2BH4vOUF9q7hNBoXHY=
-10,-21,rs5hL/+qZozkOIV7arAOknSUwYU=,7Uc7s8/Ip2BH4vOUF9q7hNBoXHY=
-10,-22,rs5hL/+qZozkOIV7arAOknSUwYU=,7Uc7s8/Ip2BH4vOUF9q7hNBoXHY=
-9,-18,uejIeO2bOyJfoedmKGmrHx+RhZo=,7Uc7s8/Ip2BH4vOUF9q7hNBoXHY=
-13,-21,rs5hL/+qZozkOIV7arAOknSUwYU=,7Uc7s8/Ip2BH4vOUF9q7hNBoXHY=
-10,-24,uejIeO2bOyJfoedmKGmrHx+RhZo=,7Uc7s8/Ip2BH4vOUF9q7hNBoXHY=
-14,-22,rs5hL/+qZozkOIV7arAOknSUwYU=,7Uc7s8/Ip2BH4vOUF9q7hNBoXHY=
-16,-23,uejIeO2bOyJfoedmKGmrHx+RhZo=,7Uc7s8/Ip2BH4vOUF9q7hNBoXHY=
-10,-18,uejIeO2bOyJfoedmKGmrHx+RhZo=,7Uc7s8/Ip2BH4vOUF9q7hNBoXHY=
-14,-21,rs5hL/+qZozkOIV7arAOknSUwYU=,7Uc7s8/Ip2BH4vOUF9q7hNBoXHY=
-12,-22,rs5hL/+qZozkOIV7arAOknSUwYU=,7Uc7s8/Ip2BH4vOUF9q7hNBoXHY=
-15,-23,uejIeO2bOyJfoedmKGmrHx+RhZo=,7Uc7s8/Ip2BH4vOUF9q7hNBoXHY=
-13,-22,rs5hL/+qZozkOIV7arAOknSUwYU=,7Uc7s8/Ip2BH4vOUF9q7hNBoXHY=
-9,-24,uejIeO2bOyJfoedmKGmrHx+RhZo=,7Uc7s8/Ip2BH4vOUF9q7hNBoXHY=
-15,-22,uejIeO2bOyJfoedmKGmrHx+RhZo=,7Uc7s8/Ip2BH4vOUF9q7hNBoXHY=
-21,-1,ynHlb7D9xuMWcK3qPBQZeiJxHG8=,WGkwqayoifPVe+YYwrJGe0tqNyY=
-20,-1,ynHlb7D9xuMWcK3qPBQZeiJxHG8=,WGkwqayoifPVe+YYwrJGe0tqNyY=
-24,-8,ynHlb7D9xuMWcK3qPBQZeiJxHG8=,WGkwqayoifPVe+YYwrJGe0tqNyY=
-19,-1,ynHlb7D9xuMWcK3qPBQZeiJxHG8=,WGkwqayoifPVe+YYwrJGe0tqNyY=
-18,-1,ynHlb7D9xuMWcK3qPBQZeiJxHG8=,WGkwqayoifPVe+YYwrJGe0tqNyY=
-24,-5,ynHlb7D9xuMWcK3qPBQZeiJxHG8=,WGkwqayoifPVe+YYwrJGe0tqNyY=
-23,-5,zvNJDBEFl0QNQZ3J7v2Sp9XqRpE=,WGkwqayoifPVe+YYwrJGe0tqNyY=
-18,-7,ynHlb7D9xuMWcK3qPBQZeiJxHG8=,WGkwqayoifPVe+YYwrJGe0tqNyY=
-22,-8,zvNJDBEFl0QNQZ3J7v2Sp9XqRpE=,WGkwqayoifPVe+YYwrJGe0tqNyY=
-23,-4,ynHlb7D9xuMWcK3qPBQZeiJxHG8=,WGkwqayoifPVe+YYwrJGe0tqNyY=
-22,-5,zvNJDBEFl0QNQZ3J7v2Sp9XqRpE=,WGkwqayoifPVe+YYwrJGe0tqNyY=
-21,-2,ynHlb7D9xuMWcK3qPBQZeiJxHG8=,WGkwqayoifPVe+YYwrJGe0tqNyY=
-18,-8,ynHlb7D9xuMWcK3qPBQZeiJxHG8=,WGkwqayoifPVe+YYwrJGe0tqNyY=
-18,-6,ynHlb7D9xuMWcK3qPBQZeiJxHG8=,WGkwqayoifPVe+YYwrJGe0tqNyY=
-21,-5,zvNJDBEFl0QNQZ3J7v2Sp9XqRpE=,WGkwqayoifPVe+YYwrJGe0tqNyY=
-19,-6,zvNJDBEFl0QNQZ3J7v2Sp9XqRpE=,WGkwqayoifPVe+YYwrJGe0tqNyY=
-22,-3,ynHlb7D9xuMWcK3qPBQZeiJxHG8=,WGkwqayoifPVe+YYwrJGe0tqNyY=
-22,-1,ynHlb7D9xuMWcK3qPBQZeiJxHG8=,WGkwqayoifPVe+YYwrJGe0tqNyY=
-24,-6,ynHlb7D9xuMWcK3qPBQZeiJxHG8=,WGkwqayoifPVe+YYwrJGe0tqNyY=
-23,-6,zvNJDBEFl0QNQZ3J7v2Sp9XqRpE=,WGkwqayoifPVe+YYwrJGe0tqNyY=
-23,-3,ynHlb7D9xuMWcK3qPBQZeiJxHG8=,WGkwqayoifPVe+YYwrJGe0tqNyY=
-22,-2,ynHlb7D9xuMWcK3qPBQZeiJxHG8=,WGkwqayoifPVe+YYwrJGe0tqNyY=
-19,-7,zvNJDBEFl0QNQZ3J7v2Sp9XqRpE=,WGkwqayoifPVe+YYwrJGe0tqNyY=
-22,-6,zvNJDBEFl0QNQZ3J7v2Sp9XqRpE=,WGkwqayoifPVe+YYwrJGe0tqNyY=
-21,-6,zvNJDBEFl0QNQZ3J7v2Sp9XqRpE=,WGkwqayoifPVe+YYwrJGe0tqNyY=
-20,-6,zvNJDBEFl0QNQZ3J7v2Sp9XqRpE=,WGkwqayoifPVe+YYwrJGe0tqNyY=
-22,-4,ynHlb7D9xuMWcK3qPBQZeiJxHG8=,WGkwqayoifPVe+YYwrJGe0tqNyY=
-21,-4,ynHlb7D9xuMWcK3qPBQZeiJxHG8=,WGkwqayoifPVe+YYwrJGe0tqNyY=
-20,-4,ynHlb7D9xuMWcK3qPBQZeiJxHG8=,WGkwqayoifPVe+YYwrJGe0tqNyY=
-19,-4,ynHlb7D9xuMWcK3qPBQZeiJxHG8=,WGkwqayoifPVe+YYwrJGe0tqNyY=
-18,-4,ynHlb7D9xuMWcK3qPBQZeiJxHG8=,WGkwqayoifPVe+YYwrJGe0tqNyY=
-24,-3,ynHlb7D9xuMWcK3qPBQZeiJxHG8=,WGkwqayoifPVe+YYwrJGe0tqNyY=
-23,-8,zvNJDBEFl0QNQZ3J7v2Sp9XqRpE=,WGkwqayoifPVe+YYwrJGe0tqNyY=
-21,-8,zvNJDBEFl0QNQZ3J7v2Sp9XqRpE=,WGkwqayoifPVe+YYwrJGe0tqNyY=
-23,-1,ynHlb7D9xuMWcK3qPBQZeiJxHG8=,WGkwqayoifPVe+YYwrJGe0tqNyY=
-24,-7,ynHlb7D9xuMWcK3qPBQZeiJxHG8=,WGkwqayoifPVe+YYwrJGe0tqNyY=
-24,-1,ynHlb7D9xuMWcK3qPBQZeiJxHG8=,WGkwqayoifPVe+YYwrJGe0tqNyY=
-18,-2,ynHlb7D9xuMWcK3qPBQZeiJxHG8=,WGkwqayoifPVe+YYwrJGe0tqNyY=
-23,-7,zvNJDBEFl0QNQZ3J7v2Sp9XqRpE=,WGkwqayoifPVe+YYwrJGe0tqNyY=
-23,-2,ynHlb7D9xuMWcK3qPBQZeiJxHG8=,WGkwqayoifPVe+YYwrJGe0tqNyY=
-24,-2,ynHlb7D9xuMWcK3qPBQZeiJxHG8=,WGkwqayoifPVe+YYwrJGe0tqNyY=
-19,-2,ynHlb7D9xuMWcK3qPBQZeiJxHG8=,WGkwqayoifPVe+YYwrJGe0tqNyY=
-20,-5,zvNJDBEFl0QNQZ3J7v2Sp9XqRpE=,WGkwqayoifPVe+YYwrJGe0tqNyY=
-22,-7,zvNJDBEFl0QNQZ3J7v2Sp9XqRpE=,WGkwqayoifPVe+YYwrJGe0tqNyY=
-19,-8,zvNJDBEFl0QNQZ3J7v2Sp9XqRpE=,WGkwqayoifPVe+YYwrJGe0tqNyY=
-17,-6,ynHlb7D9xuMWcK3qPBQZeiJxHG8=,WGkwqayoifPVe+YYwrJGe0tqNyY=
-19,-5,zvNJDBEFl0QNQZ3J7v2Sp9XqRpE=,WGkwqayoifPVe+YYwrJGe0tqNyY=
-17,-1,ynHlb7D9xuMWcK3qPBQZeiJxHG8=,WGkwqayoifPVe+YYwrJGe0tqNyY=
-21,-7,zvNJDBEFl0QNQZ3J7v2Sp9XqRpE=,WGkwqayoifPVe+YYwrJGe0tqNyY=
-17,-7,ynHlb7D9xuMWcK3qPBQZeiJxHG8=,WGkwqayoifPVe+YYwrJGe0tqNyY=
-21,-3,ynHlb7D9xuMWcK3qPBQZeiJxHG8=,WGkwqayoifPVe+YYwrJGe0tqNyY=
-18,-5,ynHlb7D9xuMWcK3qPBQZeiJxHG8=,WGkwqayoifPVe+YYwrJGe0tqNyY=
-24,-4,ynHlb7D9xuMWcK3qPBQZeiJxHG8=,WGkwqayoifPVe+YYwrJGe0tqNyY=
-17,-8,ynHlb7D9xuMWcK3qPBQZeiJxHG8=,WGkwqayoifPVe+YYwrJGe0tqNyY=
-20,-7,zvNJDBEFl0QNQZ3J7v2Sp9XqRpE=,WGkwqayoifPVe+YYwrJGe0tqNyY=
-20,-8,zvNJDBEFl0QNQZ3J7v2Sp9XqRpE=,WGkwqayoifPVe+YYwrJGe0tqNyY=
-17,-4,ynHlb7D9xuMWcK3qPBQZeiJxHG8=,WGkwqayoifPVe+YYwrJGe0tqNyY=
-20,-3,ynHlb7D9xuMWcK3qPBQZeiJxHG8=,WGkwqayoifPVe+YYwrJGe0tqNyY=
-17,-2,ynHlb7D9xuMWcK3qPBQZeiJxHG8=,WGkwqayoifPVe+YYwrJGe0tqNyY=
-18,-3,ynHlb7D9xuMWcK3qPBQZeiJxHG8=,WGkwqayoifPVe+YYwrJGe0tqNyY=
-17,-5,ynHlb7D9xuMWcK3qPBQZeiJxHG8=,WGkwqayoifPVe+YYwrJGe0tqNyY=
-19,-3,ynHlb7D9xuMWcK3qPBQZeiJxHG8=,WGkwqayoifPVe+YYwrJGe0tqNyY=
-17,-3,ynHlb7D9xuMWcK3qPBQZeiJxHG8=,WGkwqayoifPVe+YYwrJGe0tqNyY=
-20,-2,ynHlb7D9xuMWcK3qPBQZeiJxHG8=,WGkwqayoifPVe+YYwrJGe0tqNyY=
-4,-20,uejIeO2bOyJfoedmKGmrHx+RhZo=,WAdByqTK/omp4Mo/559kAJ2rdOY=
-3,-20,uejIeO2bOyJfoedmKGmrHx+RhZo=,WAdByqTK/omp4Mo/559kAJ2rdOY=
-12,-30,rs5hL/+qZozkOIV7arAOknSUwYU=,2NH7EKvbKtC52xuq885QOPprPy0=
-6,-19,uejIeO2bOyJfoedmKGmrHx+RhZo=,WAdByqTK/omp4Mo/559kAJ2rdOY=
-3,-18,uejIeO2bOyJfoedmKGmrHx+RhZo=,WAdByqTK/omp4Mo/559kAJ2rdOY=
-11,-30,rs5hL/+qZozkOIV7arAOknSUwYU=,2NH7EKvbKtC52xuq885QOPprPy0=
-5,-19,uejIeO2bOyJfoedmKGmrHx+RhZo=,WAdByqTK/omp4Mo/559kAJ2rdOY=
-10,-30,rs5hL/+qZozkOIV7arAOknSUwYU=,2NH7EKvbKtC52xuq885QOPprPy0=
-8,-22,uejIeO2bOyJfoedmKGmrHx+RhZo=,WAdByqTK/omp4Mo/559kAJ2rdOY=
-13,-30,rs5hL/+qZozkOIV7arAOknSUwYU=,2NH7EKvbKtC52xuq885QOPprPy0=
-4,-18,uejIeO2bOyJfoedmKGmrHx+RhZo=,WAdByqTK/omp4Mo/559kAJ2rdOY=
-15,-29,rs5hL/+qZozkOIV7arAOknSUwYU=,2NH7EKvbKtC52xuq885QOPprPy0=
-14,-30,rs5hL/+qZozkOIV7arAOknSUwYU=,2NH7EKvbKtC52xuq885QOPprPy0=
-5,-18,uejIeO2bOyJfoedmKGmrHx+RhZo=,WAdByqTK/omp4Mo/559kAJ2rdOY=
-14,-29,rs5hL/+qZozkOIV7arAOknSUwYU=,2NH7EKvbKtC52xuq885QOPprPy0=
-7,-22,uejIeO2bOyJfoedmKGmrHx+RhZo=,WAdByqTK/omp4Mo/559kAJ2rdOY=
-2,-23,rs5hL/+qZozkOIV7arAOknSUwYU=,WAdByqTK/omp4Mo/559kAJ2rdOY=
-15,-30,rs5hL/+qZozkOIV7arAOknSUwYU=,2NH7EKvbKtC52xuq885QOPprPy0=
-10,-25,uejIeO2bOyJfoedmKGmrHx+RhZo=,2NH7EKvbKtC52xuq885QOPprPy0=
-11,-25,rs5hL/+qZozkOIV7arAOknSUwYU=,2NH7EKvbKtC52xuq885QOPprPy0=
-5,-20,uejIeO2bOyJfoedmKGmrHx+RhZo=,WAdByqTK/omp4Mo/559kAJ2rdOY=
-12,-25,rs5hL/+qZozkOIV7arAOknSUwYU=,2NH7EKvbKtC52xuq885QOPprPy0=
-6,-18,uejIeO2bOyJfoedmKGmrHx+RhZo=,WAdByqTK/omp4Mo/559kAJ2rdOY=
-13,-29,rs5hL/+qZozkOIV7arAOknSUwYU=,2NH7EKvbKtC52xuq885QOPprPy0=
-6,-22,uejIeO2bOyJfoedmKGmrHx+RhZo=,WAdByqTK/omp4Mo/559kAJ2rdOY=
-14,-25,rs5hL/+qZozkOIV7arAOknSUwYU=,2NH7EKvbKtC52xuq885QOPprPy0=
-7,-19,uejIeO2bOyJfoedmKGmrHx+RhZo=,WAdByqTK/omp4Mo/559kAJ2rdOY=
-6,-21,uejIeO2bOyJfoedmKGmrHx+RhZo=,WAdByqTK/omp4Mo/559kAJ2rdOY=
-12,-29,rs5hL/+qZozkOIV7arAOknSUwYU=,2NH7EKvbKtC52xuq885QOPprPy0=
-15,-28,uejIeO2bOyJfoedmKGmrHx+RhZo=,2NH7EKvbKtC52xuq885QOPprPy0=
-5,-21,uejIeO2bOyJfoedmKGmrHx+RhZo=,WAdByqTK/omp4Mo/559kAJ2rdOY=
-15,-25,uejIeO2bOyJfoedmKGmrHx+RhZo=,2NH7EKvbKtC52xuq885QOPprPy0=
-14,-28,rs5hL/+qZozkOIV7arAOknSUwYU=,2NH7EKvbKtC52xuq885QOPprPy0=
-13,-28,rs5hL/+qZozkOIV7arAOknSUwYU=,2NH7EKvbKtC52xuq885QOPprPy0=
-2,-18,rs5hL/+qZozkOIV7arAOknSUwYU=,WAdByqTK/omp4Mo/559kAJ2rdOY=
-13,-25,rs5hL/+qZozkOIV7arAOknSUwYU=,2NH7EKvbKtC52xuq885QOPprPy0=
-12,-28,rs5hL/+qZozkOIV7arAOknSUwYU=,2NH7EKvbKtC52xuq885QOPprPy0=
-8,-23,uejIeO2bOyJfoedmKGmrHx+RhZo=,WAdByqTK/omp4Mo/559kAJ2rdOY=
-2,-20,uejIeO2bOyJfoedmKGmrHx+RhZo=,WAdByqTK/omp4Mo/559kAJ2rdOY=
-11,-26,rs5hL/+qZozkOIV7arAOknSUwYU=,2NH7EKvbKtC52xuq885QOPprPy0=
-10,-26,uejIeO2bOyJfoedmKGmrHx+RhZo=,2NH7EKvbKtC52xuq885QOPprPy0=
-6,-20,uejIeO2bOyJfoedmKGmrHx+RhZo=,WAdByqTK/omp4Mo/559kAJ2rdOY=
-7,-18,uejIeO2bOyJfoedmKGmrHx+RhZo=,WAdByqTK/omp4Mo/559kAJ2rdOY=
-3,-23,rs5hL/+qZozkOIV7arAOknSUwYU=,WAdByqTK/omp4Mo/559kAJ2rdOY=
-8,-19,rs5hL/+qZozkOIV7arAOknSUwYU=,WAdByqTK/omp4Mo/559kAJ2rdOY=
-7,-20,uejIeO2bOyJfoedmKGmrHx+RhZo=,WAdByqTK/omp4Mo/559kAJ2rdOY=
-4,-23,uejIeO2bOyJfoedmKGmrHx+RhZo=,WAdByqTK/omp4Mo/559kAJ2rdOY=
-14,-27,rs5hL/+qZozkOIV7arAOknSUwYU=,2NH7EKvbKtC52xuq885QOPprPy0=
-12,-26,rs5hL/+qZozkOIV7arAOknSUwYU=,2NH7EKvbKtC52xuq885QOPprPy0=
-15,-27,uejIeO2bOyJfoedmKGmrHx+RhZo=,2NH7EKvbKtC52xuq885QOPprPy0=
-14,-26,rs5hL/+qZozkOIV7arAOknSUwYU=,2NH7EKvbKtC52xuq885QOPprPy0=
-6,-23,uejIeO2bOyJfoedmKGmrHx+RhZo=,WAdByqTK/omp4Mo/559kAJ2rdOY=
-5,-23,uejIeO2bOyJfoedmKGmrHx+RhZo=,WAdByqTK/omp4Mo/559kAJ2rdOY=
-15,-26,uejIeO2bOyJfoedmKGmrHx+RhZo=,2NH7EKvbKtC52xuq885QOPprPy0=
-8,-18,uejIeO2bOyJfoedmKGmrHx+RhZo=,WAdByqTK/omp4Mo/559kAJ2rdOY=
-13,-26,rs5hL/+qZozkOIV7arAOknSUwYU=,2NH7EKvbKtC52xuq885QOPprPy0=
-8,-20,uejIeO2bOyJfoedmKGmrHx+RhZo=,WAdByqTK/omp4Mo/559kAJ2rdOY=
-13,-27,rs5hL/+qZozkOIV7arAOknSUwYU=,2NH7EKvbKtC52xuq885QOPprPy0=
-11,-31,rs5hL/+qZozkOIV7arAOknSUwYU=,2NH7EKvbKtC52xuq885QOPprPy0=
-3,-21,uejIeO2bOyJfoedmKGmrHx+RhZo=,WAdByqTK/omp4Mo/559kAJ2rdOY=
-2,-21,uejIeO2bOyJfoedmKGmrHx+RhZo=,WAdByqTK/omp4Mo/559kAJ2rdOY=
-10,-31,rs5hL/+qZozkOIV7arAOknSUwYU=,2NH7EKvbKtC52xuq885QOPprPy0=
-15,-31,rs5hL/+qZozkOIV7arAOknSUwYU=,2NH7EKvbKtC52xuq885QOPprPy0=
-7,-21,rs5hL/+qZozkOIV7arAOknSUwYU=,WAdByqTK/omp4Mo/559kAJ2rdOY=
-14,-31,rs5hL/+qZozkOIV7arAOknSUwYU=,2NH7EKvbKtC52xuq885QOPprPy0=
-8,-21,uejIeO2bOyJfoedmKGmrHx+RhZo=,WAdByqTK/omp4Mo/559kAJ2rdOY=
-7,-23,uejIeO2bOyJfoedmKGmrHx+RhZo=,WAdByqTK/omp4Mo/559kAJ2rdOY=
-2,-22,uejIeO2bOyJfoedmKGmrHx+RhZo=,WAdByqTK/omp4Mo/559kAJ2rdOY=
-3,-22,uejIeO2bOyJfoedmKGmrHx+RhZo=,WAdByqTK/omp4Mo/559kAJ2rdOY=
-16,-29,uejIeO2bOyJfoedmKGmrHx+RhZo=,2NH7EKvbKtC52xuq885QOPprPy0=
-12,-27,rs5hL/+qZozkOIV7arAOknSUwYU=,2NH7EKvbKtC52xuq885QOPprPy0=
-8,-31,uejIeO2bOyJfoedmKGmrHx+RhZo=,v/YiU1fu3dEbYkDlhGgPz2ZEGX4=
-16,-28,uejIeO2bOyJfoedmKGmrHx+RhZo=,2NH7EKvbKtC52xuq885QOPprPy0=
-4,-19,uejIeO2bOyJfoedmKGmrHx+RhZo=,WAdByqTK/omp4Mo/559kAJ2rdOY=
-16,-27,uejIeO2bOyJfoedmKGmrHx+RhZo=,2NH7EKvbKtC52xuq885QOPprPy0=
-12,-31,rs5hL/+qZozkOIV7arAOknSUwYU=,2NH7EKvbKtC52xuq885QOPprPy0=
-16,-31,uejIeO2bOyJfoedmKGmrHx+RhZo=,2NH7EKvbKtC52xuq885QOPprPy0=
-4,-21,uejIeO2bOyJfoedmKGmrHx+RhZo=,WAdByqTK/omp4Mo/559kAJ2rdOY=
-6,-24,uejIeO2bOyJfoedmKGmrHx+RhZo=,WAdByqTK/omp4Mo/559kAJ2rdOY=
-1,-31,uejIeO2bOyJfoedmKGmrHx+RhZo=,v/YiU1fu3dEbYkDlhGgPz2ZEGX4=
-13,-31,rs5hL/+qZozkOIV7arAOknSUwYU=,2NH7EKvbKtC52xuq885QOPprPy0=
-3,-19,uejIeO2bOyJfoedmKGmrHx+RhZo=,WAdByqTK/omp4Mo/559kAJ2rdOY=
-2,-31,rs5hL/+qZozkOIV7arAOknSUwYU=,v/YiU1fu3dEbYkDlhGgPz2ZEGX4=
-16,-26,uejIeO2bOyJfoedmKGmrHx+RhZo=,2NH7EKvbKtC52xuq885QOPprPy0=
-9,-25,uejIeO2bOyJfoedmKGmrHx+RhZo=,2NH7EKvbKtC52xuq885QOPprPy0=
-2,-19,rs5hL/+qZozkOIV7arAOknSUwYU=,WAdByqTK/omp4Mo/559kAJ2rdOY=
-16,-30,uejIeO2bOyJfoedmKGmrHx+RhZo=,2NH7EKvbKtC52xuq885QOPprPy0=
-4,-22,uejIeO2bOyJfoedmKGmrHx+RhZo=,WAdByqTK/omp4Mo/559kAJ2rdOY=
-5,-22,uejIeO2bOyJfoedmKGmrHx+RhZo=,WAdByqTK/omp4Mo/559kAJ2rdOY=
-2,-25,rs5hL/+qZozkOIV7arAOknSUwYU=,v/YiU1fu3dEbYkDlhGgPz2ZEGX4=
-3,-25,rs5hL/+qZozkOIV7arAOknSUwYU=,v/YiU1fu3dEbYkDlhGgPz2ZEGX4=
-5,-25,rs5hL/+qZozkOIV7arAOknSUwYU=,v/YiU1fu3dEbYkDlhGgPz2ZEGX4=
-6,-25,rs5hL/+qZozkOIV7arAOknSUwYU=,v/YiU1fu3dEbYkDlhGgPz2ZEGX4=
-9,-26,uejIeO2bOyJfoedmKGmrHx+RhZo=,2NH7EKvbKtC52xuq885QOPprPy0=
-7,-25,uejIeO2bOyJfoedmKGmrHx+RhZo=,v/YiU1fu3dEbYkDlhGgPz2ZEGX4=
-8,-30,uejIeO2bOyJfoedmKGmrHx+RhZo=,v/YiU1fu3dEbYkDlhGgPz2ZEGX4=
-9,-31,uejIeO2bOyJfoedmKGmrHx+RhZo=,2NH7EKvbKtC52xuq885QOPprPy0=
-4,-25,rs5hL/+qZozkOIV7arAOknSUwYU=,v/YiU1fu3dEbYkDlhGgPz2ZEGX4=
-7,-30,uejIeO2bOyJfoedmKGmrHx+RhZo=,v/YiU1fu3dEbYkDlhGgPz2ZEGX4=
-8,-25,uejIeO2bOyJfoedmKGmrHx+RhZo=,v/YiU1fu3dEbYkDlhGgPz2ZEGX4=
-1,-26,uejIeO2bOyJfoedmKGmrHx+RhZo=,v/YiU1fu3dEbYkDlhGgPz2ZEGX4=
-3,-26,rs5hL/+qZozkOIV7arAOknSUwYU=,v/YiU1fu3dEbYkDlhGgPz2ZEGX4=
-4,-26,rs5hL/+qZozkOIV7arAOknSUwYU=,v/YiU1fu3dEbYkDlhGgPz2ZEGX4=
-2,-26,rs5hL/+qZozkOIV7arAOknSUwYU=,v/YiU1fu3dEbYkDlhGgPz2ZEGX4=
-6,-26,rs5hL/+qZozkOIV7arAOknSUwYU=,v/YiU1fu3dEbYkDlhGgPz2ZEGX4=
-7,-26,rs5hL/+qZozkOIV7arAOknSUwYU=,v/YiU1fu3dEbYkDlhGgPz2ZEGX4=
-5,-26,rs5hL/+qZozkOIV7arAOknSUwYU=,v/YiU1fu3dEbYkDlhGgPz2ZEGX4=
-8,-24,uejIeO2bOyJfoedmKGmrHx+RhZo=,WAdByqTK/omp4Mo/559kAJ2rdOY=
-2,-24,rs5hL/+qZozkOIV7arAOknSUwYU=,WAdByqTK/omp4Mo/559kAJ2rdOY=
-8,-26,uejIeO2bOyJfoedmKGmrHx+RhZo=,v/YiU1fu3dEbYkDlhGgPz2ZEGX4=
-6,-31,rs5hL/+qZozkOIV7arAOknSUwYU=,v/YiU1fu3dEbYkDlhGgPz2ZEGX4=
-1,-27,uejIeO2bOyJfoedmKGmrHx+RhZo=,v/YiU1fu3dEbYkDlhGgPz2ZEGX4=
-2,-27,rs5hL/+qZozkOIV7arAOknSUwYU=,v/YiU1fu3dEbYkDlhGgPz2ZEGX4=
-3,-24,rs5hL/+qZozkOIV7arAOknSUwYU=,WAdByqTK/omp4Mo/559kAJ2rdOY=
-6,-30,rs5hL/+qZozkOIV7arAOknSUwYU=,v/YiU1fu3dEbYkDlhGgPz2ZEGX4=
-4,-27,rs5hL/+qZozkOIV7arAOknSUwYU=,v/YiU1fu3dEbYkDlhGgPz2ZEGX4=
-7,-31,uejIeO2bOyJfoedmKGmrHx+RhZo=,v/YiU1fu3dEbYkDlhGgPz2ZEGX4=
-9,-30,uejIeO2bOyJfoedmKGmrHx+RhZo=,2NH7EKvbKtC52xuq885QOPprPy0=
-2,-30,rs5hL/+qZozkOIV7arAOknSUwYU=,v/YiU1fu3dEbYkDlhGgPz2ZEGX4=
-5,-27,rs5hL/+qZozkOIV7arAOknSUwYU=,v/YiU1fu3dEbYkDlhGgPz2ZEGX4=
-3,-27,rs5hL/+qZozkOIV7arAOknSUwYU=,v/YiU1fu3dEbYkDlhGgPz2ZEGX4=
-6,-27,rs5hL/+qZozkOIV7arAOknSUwYU=,v/YiU1fu3dEbYkDlhGgPz2ZEGX4=
-1,-30,uejIeO2bOyJfoedmKGmrHx+RhZo=,v/YiU1fu3dEbYkDlhGgPz2ZEGX4=
-8,-27,uejIeO2bOyJfoedmKGmrHx+RhZo=,v/YiU1fu3dEbYkDlhGgPz2ZEGX4=
-8,-29,uejIeO2bOyJfoedmKGmrHx+RhZo=,v/YiU1fu3dEbYkDlhGgPz2ZEGX4=
-2,-17,uejIeO2bOyJfoedmKGmrHx+RhZo=,WAdByqTK/omp4Mo/559kAJ2rdOY=
-4,-17,uejIeO2bOyJfoedmKGmrHx+RhZo=,WAdByqTK/omp4Mo/559kAJ2rdOY=
-7,-27,rs5hL/+qZozkOIV7arAOknSUwYU=,v/YiU1fu3dEbYkDlhGgPz2ZEGX4=
-7,-24,uejIeO2bOyJfoedmKGmrHx+RhZo=,WAdByqTK/omp4Mo/559kAJ2rdOY=
-6,-17,uejIeO2bOyJfoedmKGmrHx+RhZo=,WAdByqTK/omp4Mo/559kAJ2rdOY=
-8,-17,uejIeO2bOyJfoedmKGmrHx+RhZo=,WAdByqTK/omp4Mo/559kAJ2rdOY=
-2,-32,uejIeO2bOyJfoedmKGmrHx+RhZo=,v/YiU1fu3dEbYkDlhGgPz2ZEGX4=
-7,-29,uejIeO2bOyJfoedmKGmrHx+RhZo=,v/YiU1fu3dEbYkDlhGgPz2ZEGX4=
-7,-17,uejIeO2bOyJfoedmKGmrHx+RhZo=,WAdByqTK/omp4Mo/559kAJ2rdOY=
-5,-17,uejIeO2bOyJfoedmKGmrHx+RhZo=,WAdByqTK/omp4Mo/559kAJ2rdOY=
-1,-28,uejIeO2bOyJfoedmKGmrHx+RhZo=,v/YiU1fu3dEbYkDlhGgPz2ZEGX4=
-8,-32,uejIeO2bOyJfoedmKGmrHx+RhZo=,v/YiU1fu3dEbYkDlhGgPz2ZEGX4=
-6,-29,rs5hL/+qZozkOIV7arAOknSUwYU=,v/YiU1fu3dEbYkDlhGgPz2ZEGX4=
-3,-28,rs5hL/+qZozkOIV7arAOknSUwYU=,v/YiU1fu3dEbYkDlhGgPz2ZEGX4=
-1,-32,uejIeO2bOyJfoedmKGmrHx+RhZo=,v/YiU1fu3dEbYkDlhGgPz2ZEGX4=
-2,-28,rs5hL/+qZozkOIV7arAOknSUwYU=,v/YiU1fu3dEbYkDlhGgPz2ZEGX4=
-15,-32,uejIeO2bOyJfoedmKGmrHx+RhZo=,2NH7EKvbKtC52xuq885QOPprPy0=
-3,-17,uejIeO2bOyJfoedmKGmrHx+RhZo=,WAdByqTK/omp4Mo/559kAJ2rdOY=
-9,-32,uejIeO2bOyJfoedmKGmrHx+RhZo=,2NH7EKvbKtC52xuq885QOPprPy0=
-1,-18,rs5hL/+qZozkOIV7arAOknSUwYU=,WAdByqTK/omp4Mo/559kAJ2rdOY=
-16,-25,uejIeO2bOyJfoedmKGmrHx+RhZo=,2NH7EKvbKtC52xuq885QOPprPy0=
-5,-28,rs5hL/+qZozkOIV7arAOknSUwYU=,v/YiU1fu3dEbYkDlhGgPz2ZEGX4=
-11,-32,uejIeO2bOyJfoedmKGmrHx+RhZo=,2NH7EKvbKtC52xuq885QOPprPy0=
-4,-28,rs5hL/+qZozkOIV7arAOknSUwYU=,v/YiU1fu3dEbYkDlhGgPz2ZEGX4=
-9,-29,uejIeO2bOyJfoedmKGmrHx+RhZo=,2NH7EKvbKtC52xuq885QOPprPy0=
-1,-17,uejIeO2bOyJfoedmKGmrHx+RhZo=,WAdByqTK/omp4Mo/559kAJ2rdOY=
-13,-32,uejIeO2bOyJfoedmKGmrHx+RhZo=,2NH7EKvbKtC52xuq885QOPprPy0=
-1,-24,uejIeO2bOyJfoedmKGmrHx+RhZo=,WAdByqTK/omp4Mo/559kAJ2rdOY=
-1,-22,uejIeO2bOyJfoedmKGmrHx+RhZo=,WAdByqTK/omp4Mo/559kAJ2rdOY=
-7,-32,uejIeO2bOyJfoedmKGmrHx+RhZo=,v/YiU1fu3dEbYkDlhGgPz2ZEGX4=
-14,-32,uejIeO2bOyJfoedmKGmrHx+RhZo=,2NH7EKvbKtC52xuq885QOPprPy0=
-12,-32,uejIeO2bOyJfoedmKGmrHx+RhZo=,2NH7EKvbKtC52xuq885QOPprPy0=
-10,-32,uejIeO2bOyJfoedmKGmrHx+RhZo=,2NH7EKvbKtC52xuq885QOPprPy0=
-16,-32,uejIeO2bOyJfoedmKGmrHx+RhZo=,2NH7EKvbKtC52xuq885QOPprPy0=
-6,-28,rs5hL/+qZozkOIV7arAOknSUwYU=,v/YiU1fu3dEbYkDlhGgPz2ZEGX4=
-9,-28,uejIeO2bOyJfoedmKGmrHx+RhZo=,2NH7EKvbKtC52xuq885QOPprPy0=
-1,-21,uejIeO2bOyJfoedmKGmrHx+RhZo=,WAdByqTK/omp4Mo/559kAJ2rdOY=
-1,-23,uejIeO2bOyJfoedmKGmrHx+RhZo=,WAdByqTK/omp4Mo/559kAJ2rdOY=
-1,-25,uejIeO2bOyJfoedmKGmrHx+RhZo=,v/YiU1fu3dEbYkDlhGgPz2ZEGX4=
-1,-20,rs5hL/+qZozkOIV7arAOknSUwYU=,WAdByqTK/omp4Mo/559kAJ2rdOY=
-9,-27,uejIeO2bOyJfoedmKGmrHx+RhZo=,2NH7EKvbKtC52xuq885QOPprPy0=
-1,-29,uejIeO2bOyJfoedmKGmrHx+RhZo=,v/YiU1fu3dEbYkDlhGgPz2ZEGX4=
-4,-32,uejIeO2bOyJfoedmKGmrHx+RhZo=,v/YiU1fu3dEbYkDlhGgPz2ZEGX4=
-7,-28,uejIeO2bOyJfoedmKGmrHx+RhZo=,v/YiU1fu3dEbYkDlhGgPz2ZEGX4=
-8,-28,uejIeO2bOyJfoedmKGmrHx+RhZo=,v/YiU1fu3dEbYkDlhGgPz2ZEGX4=
-3,-32,uejIeO2bOyJfoedmKGmrHx+RhZo=,v/YiU1fu3dEbYkDlhGgPz2ZEGX4=
-1,-19,rs5hL/+qZozkOIV7arAOknSUwYU=,WAdByqTK/omp4Mo/559kAJ2rdOY=
-11,-27,uejIeO2bOyJfoedmKGmrHx+RhZo=,2NH7EKvbKtC52xuq885QOPprPy0=
-3,-31,uejIeO2bOyJfoedmKGmrHx+RhZo=,v/YiU1fu3dEbYkDlhGgPz2ZEGX4=
-2,-29,rs5hL/+qZozkOIV7arAOknSUwYU=,v/YiU1fu3dEbYkDlhGgPz2ZEGX4=
-4,-31,uejIeO2bOyJfoedmKGmrHx+RhZo=,v/YiU1fu3dEbYkDlhGgPz2ZEGX4=
-10,-27,uejIeO2bOyJfoedmKGmrHx+RhZo=,2NH7EKvbKtC52xuq885QOPprPy0=
-3,-29,rs5hL/+qZozkOIV7arAOknSUwYU=,v/YiU1fu3dEbYkDlhGgPz2ZEGX4=
-5,-31,uejIeO2bOyJfoedmKGmrHx+RhZo=,v/YiU1fu3dEbYkDlhGgPz2ZEGX4=
-5,-24,uejIeO2bOyJfoedmKGmrHx+RhZo=,WAdByqTK/omp4Mo/559kAJ2rdOY=
-5,-30,uejIeO2bOyJfoedmKGmrHx+RhZo=,v/YiU1fu3dEbYkDlhGgPz2ZEGX4=
-4,-24,uejIeO2bOyJfoedmKGmrHx+RhZo=,WAdByqTK/omp4Mo/559kAJ2rdOY=
-5,-32,uejIeO2bOyJfoedmKGmrHx+RhZo=,v/YiU1fu3dEbYkDlhGgPz2ZEGX4=
-5,-29,rs5hL/+qZozkOIV7arAOknSUwYU=,v/YiU1fu3dEbYkDlhGgPz2ZEGX4=
-4,-29,rs5hL/+qZozkOIV7arAOknSUwYU=,v/YiU1fu3dEbYkDlhGgPz2ZEGX4=
-6,-32,uejIeO2bOyJfoedmKGmrHx+RhZo=,v/YiU1fu3dEbYkDlhGgPz2ZEGX4=
-10,-29,uejIeO2bOyJfoedmKGmrHx+RhZo=,2NH7EKvbKtC52xuq885QOPprPy0=
-3,-30,uejIeO2bOyJfoedmKGmrHx+RhZo=,v/YiU1fu3dEbYkDlhGgPz2ZEGX4=
-11,-29,uejIeO2bOyJfoedmKGmrHx+RhZo=,2NH7EKvbKtC52xuq885QOPprPy0=
-10,-28,uejIeO2bOyJfoedmKGmrHx+RhZo=,2NH7EKvbKtC52xuq885QOPprPy0=
-4,-30,uejIeO2bOyJfoedmKGmrHx+RhZo=,v/YiU1fu3dEbYkDlhGgPz2ZEGX4=
-11,-28,uejIeO2bOyJfoedmKGmrHx+RhZo=,2NH7EKvbKtC52xuq885QOPprPy0=
-28,-15,ynHlb7D9xuMWcK3qPBQZeiJxHG8=,U10aW+32ZJlckZPgtvVVPoOGsfA=
-30,-15,ynHlb7D9xuMWcK3qPBQZeiJxHG8=,U10aW+32ZJlckZPgtvVVPoOGsfA=
-29,-15,ynHlb7D9xuMWcK3qPBQZeiJxHG8=,U10aW+32ZJlckZPgtvVVPoOGsfA=
-26,-10,ynHlb7D9xuMWcK3qPBQZeiJxHG8=,U10aW+32ZJlckZPgtvVVPoOGsfA=
-27,-15,ynHlb7D9xuMWcK3qPBQZeiJxHG8=,U10aW+32ZJlckZPgtvVVPoOGsfA=
-31,-15,zvNJDBEFl0QNQZ3J7v2Sp9XqRpE=,U10aW+32ZJlckZPgtvVVPoOGsfA=
-26,-15,ynHlb7D9xuMWcK3qPBQZeiJxHG8=,U10aW+32ZJlckZPgtvVVPoOGsfA=
-27,-10,ynHlb7D9xuMWcK3qPBQZeiJxHG8=,U10aW+32ZJlckZPgtvVVPoOGsfA=
-28,-10,ynHlb7D9xuMWcK3qPBQZeiJxHG8=,U10aW+32ZJlckZPgtvVVPoOGsfA=
-29,-10,ynHlb7D9xuMWcK3qPBQZeiJxHG8=,U10aW+32ZJlckZPgtvVVPoOGsfA=
-31,-10,ynHlb7D9xuMWcK3qPBQZeiJxHG8=,U10aW+32ZJlckZPgtvVVPoOGsfA=
-30,-10,ynHlb7D9xuMWcK3qPBQZeiJxHG8=,U10aW+32ZJlckZPgtvVVPoOGsfA=
-26,-11,ynHlb7D9xuMWcK3qPBQZeiJxHG8=,U10aW+32ZJlckZPgtvVVPoOGsfA=
-27,-11,ynHlb7D9xuMWcK3qPBQZeiJxHG8=,U10aW+32ZJlckZPgtvVVPoOGsfA=
-28,-11,ynHlb7D9xuMWcK3qPBQZeiJxHG8=,U10aW+32ZJlckZPgtvVVPoOGsfA=
-31,-14,ynHlb7D9xuMWcK3qPBQZeiJxHG8=,U10aW+32ZJlckZPgtvVVPoOGsfA=
-29,-11,ynHlb7D9xuMWcK3qPBQZeiJxHG8=,U10aW+32ZJlckZPgtvVVPoOGsfA=
-31,-11,ynHlb7D9xuMWcK3qPBQZeiJxHG8=,U10aW+32ZJlckZPgtvVVPoOGsfA=
-30,-11,ynHlb7D9xuMWcK3qPBQZeiJxHG8=,U10aW+32ZJlckZPgtvVVPoOGsfA=
-26,-12,ynHlb7D9xuMWcK3qPBQZeiJxHG8=,U10aW+32ZJlckZPgtvVVPoOGsfA=
-30,-14,ynHlb7D9xuMWcK3qPBQZeiJxHG8=,U10aW+32ZJlckZPgtvVVPoOGsfA=
-25,-10,ynHlb7D9xuMWcK3qPBQZeiJxHG8=,U10aW+32ZJlckZPgtvVVPoOGsfA=
-24,-15,zvNJDBEFl0QNQZ3J7v2Sp9XqRpE=,OmBMfs1pEjXWnmty2Zh2dlKo4V4=
-28,-12,ynHlb7D9xuMWcK3qPBQZeiJxHG8=,U10aW+32ZJlckZPgtvVVPoOGsfA=
-29,-12,ynHlb7D9xuMWcK3qPBQZeiJxHG8=,U10aW+32ZJlckZPgtvVVPoOGsfA=
-27,-12,ynHlb7D9xuMWcK3qPBQZeiJxHG8=,U10aW+32ZJlckZPgtvVVPoOGsfA=
-29,-14,zvNJDBEFl0QNQZ3J7v2Sp9XqRpE=,U10aW+32ZJlckZPgtvVVPoOGsfA=
-18,-10,zvNJDBEFl0QNQZ3J7v2Sp9XqRpE=,OmBMfs1pEjXWnmty2Zh2dlKo4V4=
-28,-14,ynHlb7D9xuMWcK3qPBQZeiJxHG8=,U10aW+32ZJlckZPgtvVVPoOGsfA=
-23,-15,zvNJDBEFl0QNQZ3J7v2Sp9XqRpE=,OmBMfs1pEjXWnmty2Zh2dlKo4V4=
-25,-11,ynHlb7D9xuMWcK3qPBQZeiJxHG8=,U10aW+32ZJlckZPgtvVVPoOGsfA=
-19,-10,zvNJDBEFl0QNQZ3J7v2Sp9XqRpE=,OmBMfs1pEjXWnmty2Zh2dlKo4V4=
-20,-10,zvNJDBEFl0QNQZ3J7v2Sp9XqRpE=,OmBMfs1pEjXWnmty2Zh2dlKo4V4=
-27,-14,zvNJDBEFl0QNQZ3J7v2Sp9XqRpE=,U10aW+32ZJlckZPgtvVVPoOGsfA=
-22,-15,zvNJDBEFl0QNQZ3J7v2Sp9XqRpE=,OmBMfs1pEjXWnmty2Zh2dlKo4V4=
-21,-15,zvNJDBEFl0QNQZ3J7v2Sp9XqRpE=,OmBMfs1pEjXWnmty2Zh2dlKo4V4=
-20,-15,zvNJDBEFl0QNQZ3J7v2Sp9XqRpE=,OmBMfs1pEjXWnmty2Zh2dlKo4V4=
-26,-14,zvNJDBEFl0QNQZ3J7v2Sp9XqRpE=,U10aW+32ZJlckZPgtvVVPoOGsfA=
-19,-15,ynHlb7D9xuMWcK3qPBQZeiJxHG8=,OmBMfs1pEjXWnmty2Zh2dlKo4V4=
-31,-13,zvNJDBEFl0QNQZ3J7v2Sp9XqRpE=,U10aW+32ZJlckZPgtvVVPoOGsfA=
-18,-15,ynHlb7D9xuMWcK3qPBQZeiJxHG8=,OmBMfs1pEjXWnmty2Zh2dlKo4V4=
-25,-15,ynHlb7D9xuMWcK3qPBQZeiJxHG8=,U10aW+32ZJlckZPgtvVVPoOGsfA=
-30,-12,ynHlb7D9xuMWcK3qPBQZeiJxHG8=,U10aW+32ZJlckZPgtvVVPoOGsfA=
-22,-10,ynHlb7D9xuMWcK3qPBQZeiJxHG8=,OmBMfs1pEjXWnmty2Zh2dlKo4V4=
-25,-12,ynHlb7D9xuMWcK3qPBQZeiJxHG8=,U10aW+32ZJlckZPgtvVVPoOGsfA=
-24,-14,zvNJDBEFl0QNQZ3J7v2Sp9XqRpE=,OmBMfs1pEjXWnmty2Zh2dlKo4V4=
-31,-12,ynHlb7D9xuMWcK3qPBQZeiJxHG8=,U10aW+32ZJlckZPgtvVVPoOGsfA=
-21,-10,zvNJDBEFl0QNQZ3J7v2Sp9XqRpE=,OmBMfs1pEjXWnmty2Zh2dlKo4V4=
-23,-10,ynHlb7D9xuMWcK3qPBQZeiJxHG8=,OmBMfs1pEjXWnmty2Zh2dlKo4V4=
-24,-10,ynHlb7D9xuMWcK3qPBQZeiJxHG8=,OmBMfs1pEjXWnmty2Zh2dlKo4V4=
-23,-14,zvNJDBEFl0QNQZ3J7v2Sp9XqRpE=,OmBMfs1pEjXWnmty2Zh2dlKo4V4=
-27,-13,zvNJDBEFl0QNQZ3J7v2Sp9XqRpE=,U10aW+32ZJlckZPgtvVVPoOGsfA=
-26,-13,zvNJDBEFl0QNQZ3J7v2Sp9XqRpE=,U10aW+32ZJlckZPgtvVVPoOGsfA=
-18,-11,zvNJDBEFl0QNQZ3J7v2Sp9XqRpE=,OmBMfs1pEjXWnmty2Zh2dlKo4V4=
-22,-14,zvNJDBEFl0QNQZ3J7v2Sp9XqRpE=,OmBMfs1pEjXWnmty2Zh2dlKo4V4=
-19,-11,zvNJDBEFl0QNQZ3J7v2Sp9XqRpE=,OmBMfs1pEjXWnmty2Zh2dlKo4V4=
-21,-14,zvNJDBEFl0QNQZ3J7v2Sp9XqRpE=,OmBMfs1pEjXWnmty2Zh2dlKo4V4=
-22,-11,ynHlb7D9xuMWcK3qPBQZeiJxHG8=,OmBMfs1pEjXWnmty2Zh2dlKo4V4=
-20,-14,zvNJDBEFl0QNQZ3J7v2Sp9XqRpE=,OmBMfs1pEjXWnmty2Zh2dlKo4V4=
-20,-11,zvNJDBEFl0QNQZ3J7v2Sp9XqRpE=,OmBMfs1pEjXWnmty2Zh2dlKo4V4=
-29,-13,zvNJDBEFl0QNQZ3J7v2Sp9XqRpE=,U10aW+32ZJlckZPgtvVVPoOGsfA=
-19,-14,zvNJDBEFl0QNQZ3J7v2Sp9XqRpE=,OmBMfs1pEjXWnmty2Zh2dlKo4V4=
-23,-11,ynHlb7D9xuMWcK3qPBQZeiJxHG8=,OmBMfs1pEjXWnmty2Zh2dlKo4V4=
-24,-11,ynHlb7D9xuMWcK3qPBQZeiJxHG8=,OmBMfs1pEjXWnmty2Zh2dlKo4V4=
-18,-12,zvNJDBEFl0QNQZ3J7v2Sp9XqRpE=,OmBMfs1pEjXWnmty2Zh2dlKo4V4=
-19,-12,zvNJDBEFl0QNQZ3J7v2Sp9XqRpE=,OmBMfs1pEjXWnmty2Zh2dlKo4V4=
-30,-13,zvNJDBEFl0QNQZ3J7v2Sp9XqRpE=,U10aW+32ZJlckZPgtvVVPoOGsfA=
-20,-12,zvNJDBEFl0QNQZ3J7v2Sp9XqRpE=,OmBMfs1pEjXWnmty2Zh2dlKo4V4=
-25,-13,zvNJDBEFl0QNQZ3J7v2Sp9XqRpE=,U10aW+32ZJlckZPgtvVVPoOGsfA=
-21,-11,zvNJDBEFl0QNQZ3J7v2Sp9XqRpE=,OmBMfs1pEjXWnmty2Zh2dlKo4V4=
-23,-12,ynHlb7D9xuMWcK3qPBQZeiJxHG8=,OmBMfs1pEjXWnmty2Zh2dlKo4V4=
-21,-12,zvNJDBEFl0QNQZ3J7v2Sp9XqRpE=,OmBMfs1pEjXWnmty2Zh2dlKo4V4=
-24,-12,ynHlb7D9xuMWcK3qPBQZeiJxHG8=,OmBMfs1pEjXWnmty2Zh2dlKo4V4=
-28,-13,zvNJDBEFl0QNQZ3J7v2Sp9XqRpE=,U10aW+32ZJlckZPgtvVVPoOGsfA=
-18,-13,zvNJDBEFl0QNQZ3J7v2Sp9XqRpE=,OmBMfs1pEjXWnmty2Zh2dlKo4V4=
-21,-13,zvNJDBEFl0QNQZ3J7v2Sp9XqRpE=,OmBMfs1pEjXWnmty2Zh2dlKo4V4=
-20,-13,zvNJDBEFl0QNQZ3J7v2Sp9XqRpE=,OmBMfs1pEjXWnmty2Zh2dlKo4V4=
-25,-14,ynHlb7D9xuMWcK3qPBQZeiJxHG8=,U10aW+32ZJlckZPgtvVVPoOGsfA=
-22,-13,zvNJDBEFl0QNQZ3J7v2Sp9XqRpE=,OmBMfs1pEjXWnmty2Zh2dlKo4V4=
-23,-13,zvNJDBEFl0QNQZ3J7v2Sp9XqRpE=,OmBMfs1pEjXWnmty2Zh2dlKo4V4=
-18,-14,zvNJDBEFl0QNQZ3J7v2Sp9XqRpE=,OmBMfs1pEjXWnmty2Zh2dlKo4V4=
-24,-13,ynHlb7D9xuMWcK3qPBQZeiJxHG8=,OmBMfs1pEjXWnmty2Zh2dlKo4V4=
-19,-13,zvNJDBEFl0QNQZ3J7v2Sp9XqRpE=,OmBMfs1pEjXWnmty2Zh2dlKo4V4=
-22,-12,ynHlb7D9xuMWcK3qPBQZeiJxHG8=,OmBMfs1pEjXWnmty2Zh2dlKo4V4=
-17,-15,ynHlb7D9xuMWcK3qPBQZeiJxHG8=,OmBMfs1pEjXWnmty2Zh2dlKo4V4=
-32,-14,ynHlb7D9xuMWcK3qPBQZeiJxHG8=,U10aW+32ZJlckZPgtvVVPoOGsfA=
-17,-10,ynHlb7D9xuMWcK3qPBQZeiJxHG8=,OmBMfs1pEjXWnmty2Zh2dlKo4V4=
-17,-14,ynHlb7D9xuMWcK3qPBQZeiJxHG8=,OmBMfs1pEjXWnmty2Zh2dlKo4V4=
-17,-13,ynHlb7D9xuMWcK3qPBQZeiJxHG8=,OmBMfs1pEjXWnmty2Zh2dlKo4V4=
-23,-16,ynHlb7D9xuMWcK3qPBQZeiJxHG8=,OmBMfs1pEjXWnmty2Zh2dlKo4V4=
-22,-16,ynHlb7D9xuMWcK3qPBQZeiJxHG8=,OmBMfs1pEjXWnmty2Zh2dlKo4V4=
-32,-10,ynHlb7D9xuMWcK3qPBQZeiJxHG8=,U10aW+32ZJlckZPgtvVVPoOGsfA=
-32,-15,ynHlb7D9xuMWcK3qPBQZeiJxHG8=,U10aW+32ZJlckZPgtvVVPoOGsfA=
-17,-11,ynHlb7D9xuMWcK3qPBQZeiJxHG8=,OmBMfs1pEjXWnmty2Zh2dlKo4V4=
-21,-16,ynHlb7D9xuMWcK3qPBQZeiJxHG8=,OmBMfs1pEjXWnmty2Zh2dlKo4V4=
-32,-12,ynHlb7D9xuMWcK3qPBQZeiJxHG8=,U10aW+32ZJlckZPgtvVVPoOGsfA=
-32,-11,ynHlb7D9xuMWcK3qPBQZeiJxHG8=,U10aW+32ZJlckZPgtvVVPoOGsfA=
-32,-13,ynHlb7D9xuMWcK3qPBQZeiJxHG8=,U10aW+32ZJlckZPgtvVVPoOGsfA=
-17,-12,ynHlb7D9xuMWcK3qPBQZeiJxHG8=,OmBMfs1pEjXWnmty2Zh2dlKo4V4=
-20,-16,ynHlb7D9xuMWcK3qPBQZeiJxHG8=,OmBMfs1pEjXWnmty2Zh2dlKo4V4=
-19,-16,ynHlb7D9xuMWcK3qPBQZeiJxHG8=,OmBMfs1pEjXWnmty2Zh2dlKo4V4=
-18,-16,ynHlb7D9xuMWcK3qPBQZeiJxHG8=,OmBMfs1pEjXWnmty2Zh2dlKo4V4=
-25,-16,ynHlb7D9xuMWcK3qPBQZeiJxHG8=,U10aW+32ZJlckZPgtvVVPoOGsfA=
-24,-16,ynHlb7D9xuMWcK3qPBQZeiJxHG8=,OmBMfs1pEjXWnmty2Zh2dlKo4V4=
-17,-16,ynHlb7D9xuMWcK3qPBQZeiJxHG8=,OmBMfs1pEjXWnmty2Zh2dlKo4V4=
-27,-16,ynHlb7D9xuMWcK3qPBQZeiJxHG8=,U10aW+32ZJlckZPgtvVVPoOGsfA=
-26,-16,ynHlb7D9xuMWcK3qPBQZeiJxHG8=,U10aW+32ZJlckZPgtvVVPoOGsfA=
-31,-16,ynHlb7D9xuMWcK3qPBQZeiJxHG8=,U10aW+32ZJlckZPgtvVVPoOGsfA=
-28,-16,ynHlb7D9xuMWcK3qPBQZeiJxHG8=,U10aW+32ZJlckZPgtvVVPoOGsfA=
-32,-16,ynHlb7D9xuMWcK3qPBQZeiJxHG8=,U10aW+32ZJlckZPgtvVVPoOGsfA=
-29,-16,ynHlb7D9xuMWcK3qPBQZeiJxHG8=,U10aW+32ZJlckZPgtvVVPoOGsfA=
-30,-16,ynHlb7D9xuMWcK3qPBQZeiJxHG8=,U10aW+32ZJlckZPgtvVVPoOGsfA=
-20,-9,zvNJDBEFl0QNQZ3J7v2Sp9XqRpE=,OmBMfs1pEjXWnmty2Zh2dlKo4V4=
-17,-9,ynHlb7D9xuMWcK3qPBQZeiJxHG8=,OmBMfs1pEjXWnmty2Zh2dlKo4V4=
-22,-9,zvNJDBEFl0QNQZ3J7v2Sp9XqRpE=,OmBMfs1pEjXWnmty2Zh2dlKo4V4=
-32,-8,ynHlb7D9xuMWcK3qPBQZeiJxHG8=,n1X1XMBovkgTs50lIVLaSH9suiw=
-28,-2,ynHlb7D9xuMWcK3qPBQZeiJxHG8=,n1X1XMBovkgTs50lIVLaSH9suiw=
-29,-2,ynHlb7D9xuMWcK3qPBQZeiJxHG8=,n1X1XMBovkgTs50lIVLaSH9suiw=
-23,-9,zvNJDBEFl0QNQZ3J7v2Sp9XqRpE=,OmBMfs1pEjXWnmty2Zh2dlKo4V4=
-19,-9,zvNJDBEFl0QNQZ3J7v2Sp9XqRpE=,OmBMfs1pEjXWnmty2Zh2dlKo4V4=
-27,-2,ynHlb7D9xuMWcK3qPBQZeiJxHG8=,n1X1XMBovkgTs50lIVLaSH9suiw=
-21,-9,zvNJDBEFl0QNQZ3J7v2Sp9XqRpE=,OmBMfs1pEjXWnmty2Zh2dlKo4V4=
-26,-2,ynHlb7D9xuMWcK3qPBQZeiJxHG8=,n1X1XMBovkgTs50lIVLaSH9suiw=
-29,-9,ynHlb7D9xuMWcK3qPBQZeiJxHG8=,U10aW+32ZJlckZPgtvVVPoOGsfA=
-28,-8,ynHlb7D9xuMWcK3qPBQZeiJxHG8=,n1X1XMBovkgTs50lIVLaSH9suiw=
-26,-9,ynHlb7D9xuMWcK3qPBQZeiJxHG8=,U10aW+32ZJlckZPgtvVVPoOGsfA=
-25,-9,ynHlb7D9xuMWcK3qPBQZeiJxHG8=,U10aW+32ZJlckZPgtvVVPoOGsfA=
-27,-8,ynHlb7D9xuMWcK3qPBQZeiJxHG8=,n1X1XMBovkgTs50lIVLaSH9suiw=
-25,-3,ynHlb7D9xuMWcK3qPBQZeiJxHG8=,n1X1XMBovkgTs50lIVLaSH9suiw=
-18,-9,ynHlb7D9xuMWcK3qPBQZeiJxHG8=,OmBMfs1pEjXWnmty2Zh2dlKo4V4=
-26,-8,ynHlb7D9xuMWcK3qPBQZeiJxHG8=,n1X1XMBovkgTs50lIVLaSH9suiw=
-28,-9,ynHlb7D9xuMWcK3qPBQZeiJxHG8=,U10aW+32ZJlckZPgtvVVPoOGsfA=
-27,-9,ynHlb7D9xuMWcK3qPBQZeiJxHG8=,U10aW+32ZJlckZPgtvVVPoOGsfA=
-25,-2,ynHlb7D9xuMWcK3qPBQZeiJxHG8=,n1X1XMBovkgTs50lIVLaSH9suiw=
-26,-3,ynHlb7D9xuMWcK3qPBQZeiJxHG8=,n1X1XMBovkgTs50lIVLaSH9suiw=
-30,-9,ynHlb7D9xuMWcK3qPBQZeiJxHG8=,U10aW+32ZJlckZPgtvVVPoOGsfA=
-32,-9,ynHlb7D9xuMWcK3qPBQZeiJxHG8=,U10aW+32ZJlckZPgtvVVPoOGsfA=
-31,-9,ynHlb7D9xuMWcK3qPBQZeiJxHG8=,U10aW+32ZJlckZPgtvVVPoOGsfA=
-25,-5,ynHlb7D9xuMWcK3qPBQZeiJxHG8=,n1X1XMBovkgTs50lIVLaSH9suiw=
-29,-3,ynHlb7D9xuMWcK3qPBQZeiJxHG8=,n1X1XMBovkgTs50lIVLaSH9suiw=
-25,-4,ynHlb7D9xuMWcK3qPBQZeiJxHG8=,n1X1XMBovkgTs50lIVLaSH9suiw=
-25,-8,ynHlb7D9xuMWcK3qPBQZeiJxHG8=,n1X1XMBovkgTs50lIVLaSH9suiw=
-28,-3,ynHlb7D9xuMWcK3qPBQZeiJxHG8=,n1X1XMBovkgTs50lIVLaSH9suiw=
-26,-4,ynHlb7D9xuMWcK3qPBQZeiJxHG8=,n1X1XMBovkgTs50lIVLaSH9suiw=
-24,-9,ynHlb7D9xuMWcK3qPBQZeiJxHG8=,OmBMfs1pEjXWnmty2Zh2dlKo4V4=
-25,-6,ynHlb7D9xuMWcK3qPBQZeiJxHG8=,n1X1XMBovkgTs50lIVLaSH9suiw=
-27,-3,ynHlb7D9xuMWcK3qPBQZeiJxHG8=,n1X1XMBovkgTs50lIVLaSH9suiw=
-26,-5,ynHlb7D9xuMWcK3qPBQZeiJxHG8=,n1X1XMBovkgTs50lIVLaSH9suiw=
-32,-7,ynHlb7D9xuMWcK3qPBQZeiJxHG8=,n1X1XMBovkgTs50lIVLaSH9suiw=
-25,-7,ynHlb7D9xuMWcK3qPBQZeiJxHG8=,n1X1XMBovkgTs50lIVLaSH9suiw=
-25,-1,ynHlb7D9xuMWcK3qPBQZeiJxHG8=,n1X1XMBovkgTs50lIVLaSH9suiw=
-31,-2,ynHlb7D9xuMWcK3qPBQZeiJxHG8=,n1X1XMBovkgTs50lIVLaSH9suiw=
-26,-1,ynHlb7D9xuMWcK3qPBQZeiJxHG8=,n1X1XMBovkgTs50lIVLaSH9suiw=
-32,-2,ynHlb7D9xuMWcK3qPBQZeiJxHG8=,n1X1XMBovkgTs50lIVLaSH9suiw=
-31,-6,ynHlb7D9xuMWcK3qPBQZeiJxHG8=,n1X1XMBovkgTs50lIVLaSH9suiw=
-31,-8,ynHlb7D9xuMWcK3qPBQZeiJxHG8=,n1X1XMBovkgTs50lIVLaSH9suiw=
-30,-2,ynHlb7D9xuMWcK3qPBQZeiJxHG8=,n1X1XMBovkgTs50lIVLaSH9suiw=
-32,-6,ynHlb7D9xuMWcK3qPBQZeiJxHG8=,n1X1XMBovkgTs50lIVLaSH9suiw=
-26,-6,ynHlb7D9xuMWcK3qPBQZeiJxHG8=,n1X1XMBovkgTs50lIVLaSH9suiw=
-30,-3,ynHlb7D9xuMWcK3qPBQZeiJxHG8=,n1X1XMBovkgTs50lIVLaSH9suiw=
-30,-6,ynHlb7D9xuMWcK3qPBQZeiJxHG8=,n1X1XMBovkgTs50lIVLaSH9suiw=
-29,-8,ynHlb7D9xuMWcK3qPBQZeiJxHG8=,n1X1XMBovkgTs50lIVLaSH9suiw=
-31,-3,ynHlb7D9xuMWcK3qPBQZeiJxHG8=,n1X1XMBovkgTs50lIVLaSH9suiw=
-26,-7,ynHlb7D9xuMWcK3qPBQZeiJxHG8=,n1X1XMBovkgTs50lIVLaSH9suiw=
-28,-4,ynHlb7D9xuMWcK3qPBQZeiJxHG8=,n1X1XMBovkgTs50lIVLaSH9suiw=
-29,-6,ynHlb7D9xuMWcK3qPBQZeiJxHG8=,n1X1XMBovkgTs50lIVLaSH9suiw=
-31,-4,ynHlb7D9xuMWcK3qPBQZeiJxHG8=,n1X1XMBovkgTs50lIVLaSH9suiw=
-31,-7,ynHlb7D9xuMWcK3qPBQZeiJxHG8=,n1X1XMBovkgTs50lIVLaSH9suiw=
-30,-4,ynHlb7D9xuMWcK3qPBQZeiJxHG8=,n1X1XMBovkgTs50lIVLaSH9suiw=
-29,-4,ynHlb7D9xuMWcK3qPBQZeiJxHG8=,n1X1XMBovkgTs50lIVLaSH9suiw=
-27,-1,ynHlb7D9xuMWcK3qPBQZeiJxHG8=,n1X1XMBovkgTs50lIVLaSH9suiw=
-32,-4,ynHlb7D9xuMWcK3qPBQZeiJxHG8=,n1X1XMBovkgTs50lIVLaSH9suiw=
-31,-1,ynHlb7D9xuMWcK3qPBQZeiJxHG8=,n1X1XMBovkgTs50lIVLaSH9suiw=
-32,-1,ynHlb7D9xuMWcK3qPBQZeiJxHG8=,n1X1XMBovkgTs50lIVLaSH9suiw=
-30,-7,ynHlb7D9xuMWcK3qPBQZeiJxHG8=,n1X1XMBovkgTs50lIVLaSH9suiw=
-27,-5,ynHlb7D9xuMWcK3qPBQZeiJxHG8=,n1X1XMBovkgTs50lIVLaSH9suiw=
-28,-6,ynHlb7D9xuMWcK3qPBQZeiJxHG8=,n1X1XMBovkgTs50lIVLaSH9suiw=
-32,-3,ynHlb7D9xuMWcK3qPBQZeiJxHG8=,n1X1XMBovkgTs50lIVLaSH9suiw=
-28,-5,ynHlb7D9xuMWcK3qPBQZeiJxHG8=,n1X1XMBovkgTs50lIVLaSH9suiw=
-27,-7,ynHlb7D9xuMWcK3qPBQZeiJxHG8=,n1X1XMBovkgTs50lIVLaSH9suiw=
-30,-8,ynHlb7D9xuMWcK3qPBQZeiJxHG8=,n1X1XMBovkgTs50lIVLaSH9suiw=
-27,-4,ynHlb7D9xuMWcK3qPBQZeiJxHG8=,n1X1XMBovkgTs50lIVLaSH9suiw=
-29,-7,ynHlb7D9xuMWcK3qPBQZeiJxHG8=,n1X1XMBovkgTs50lIVLaSH9suiw=
-30,-1,ynHlb7D9xuMWcK3qPBQZeiJxHG8=,n1X1XMBovkgTs50lIVLaSH9suiw=
-31,-5,ynHlb7D9xuMWcK3qPBQZeiJxHG8=,n1X1XMBovkgTs50lIVLaSH9suiw=
-27,-6,ynHlb7D9xuMWcK3qPBQZeiJxHG8=,n1X1XMBovkgTs50lIVLaSH9suiw=
-29,-5,ynHlb7D9xuMWcK3qPBQZeiJxHG8=,n1X1XMBovkgTs50lIVLaSH9suiw=
-30,-5,ynHlb7D9xuMWcK3qPBQZeiJxHG8=,n1X1XMBovkgTs50lIVLaSH9suiw=
-29,-1,ynHlb7D9xuMWcK3qPBQZeiJxHG8=,n1X1XMBovkgTs50lIVLaSH9suiw=
-28,-1,ynHlb7D9xuMWcK3qPBQZeiJxHG8=,n1X1XMBovkgTs50lIVLaSH9suiw=
-32,-5,ynHlb7D9xuMWcK3qPBQZeiJxHG8=,n1X1XMBovkgTs50lIVLaSH9suiw=
-28,-7,ynHlb7D9xuMWcK3qPBQZeiJxHG8=,n1X1XMBovkgTs50lIVLaSH9suiw=
-28,-31,7Ts6KvJcmdnZdkmXIJPsZpZH2MM=,a6c0WmvyxDtjuLsVcadoF2X2rXk=
-29,-31,7Ts6KvJcmdnZdkmXIJPsZpZH2MM=,a6c0WmvyxDtjuLsVcadoF2X2rXk=
-26,-25,7Ts6KvJcmdnZdkmXIJPsZpZH2MM=,a6c0WmvyxDtjuLsVcadoF2X2rXk=
-27,-31,7Ts6KvJcmdnZdkmXIJPsZpZH2MM=,a6c0WmvyxDtjuLsVcadoF2X2rXk=
-26,-26,7Ts6KvJcmdnZdkmXIJPsZpZH2MM=,a6c0WmvyxDtjuLsVcadoF2X2rXk=
-27,-26,7Ts6KvJcmdnZdkmXIJPsZpZH2MM=,a6c0WmvyxDtjuLsVcadoF2X2rXk=
-26,-31,7Ts6KvJcmdnZdkmXIJPsZpZH2MM=,a6c0WmvyxDtjuLsVcadoF2X2rXk=
-30,-31,7Ts6KvJcmdnZdkmXIJPsZpZH2MM=,a6c0WmvyxDtjuLsVcadoF2X2rXk=
-31,-25,7Ts6KvJcmdnZdkmXIJPsZpZH2MM=,a6c0WmvyxDtjuLsVcadoF2X2rXk=
-31,-30,7Ts6KvJcmdnZdkmXIJPsZpZH2MM=,a6c0WmvyxDtjuLsVcadoF2X2rXk=
-31,-31,7Ts6KvJcmdnZdkmXIJPsZpZH2MM=,a6c0WmvyxDtjuLsVcadoF2X2rXk=
-30,-25,7Ts6KvJcmdnZdkmXIJPsZpZH2MM=,a6c0WmvyxDtjuLsVcadoF2X2rXk=
-31,-26,7Ts6KvJcmdnZdkmXIJPsZpZH2MM=,a6c0WmvyxDtjuLsVcadoF2X2rXk=
-30,-26,7Ts6KvJcmdnZdkmXIJPsZpZH2MM=,a6c0WmvyxDtjuLsVcadoF2X2rXk=
-28,-26,7Ts6KvJcmdnZdkmXIJPsZpZH2MM=,a6c0WmvyxDtjuLsVcadoF2X2rXk=
-29,-27,7Ts6KvJcmdnZdkmXIJPsZpZH2MM=,a6c0WmvyxDtjuLsVcadoF2X2rXk=
-29,-25,7Ts6KvJcmdnZdkmXIJPsZpZH2MM=,a6c0WmvyxDtjuLsVcadoF2X2rXk=
-29,-26,7Ts6KvJcmdnZdkmXIJPsZpZH2MM=,a6c0WmvyxDtjuLsVcadoF2X2rXk=
-27,-28,7Ts6KvJcmdnZdkmXIJPsZpZH2MM=,a6c0WmvyxDtjuLsVcadoF2X2rXk=
-28,-25,7Ts6KvJcmdnZdkmXIJPsZpZH2MM=,a6c0WmvyxDtjuLsVcadoF2X2rXk=
-30,-30,7Ts6KvJcmdnZdkmXIJPsZpZH2MM=,a6c0WmvyxDtjuLsVcadoF2X2rXk=
-28,-27,7Ts6KvJcmdnZdkmXIJPsZpZH2MM=,a6c0WmvyxDtjuLsVcadoF2X2rXk=
-30,-27,7Ts6KvJcmdnZdkmXIJPsZpZH2MM=,a6c0WmvyxDtjuLsVcadoF2X2rXk=
-30,-28,7Ts6KvJcmdnZdkmXIJPsZpZH2MM=,a6c0WmvyxDtjuLsVcadoF2X2rXk=
-26,-27,7Ts6KvJcmdnZdkmXIJPsZpZH2MM=,a6c0WmvyxDtjuLsVcadoF2X2rXk=
-27,-27,7Ts6KvJcmdnZdkmXIJPsZpZH2MM=,a6c0WmvyxDtjuLsVcadoF2X2rXk=
-27,-25,7Ts6KvJcmdnZdkmXIJPsZpZH2MM=,a6c0WmvyxDtjuLsVcadoF2X2rXk=
-28,-29,7Ts6KvJcmdnZdkmXIJPsZpZH2MM=,a6c0WmvyxDtjuLsVcadoF2X2rXk=
-29,-29,7Ts6KvJcmdnZdkmXIJPsZpZH2MM=,a6c0WmvyxDtjuLsVcadoF2X2rXk=
-31,-28,7Ts6KvJcmdnZdkmXIJPsZpZH2MM=,a6c0WmvyxDtjuLsVcadoF2X2rXk=
-31,-27,7Ts6KvJcmdnZdkmXIJPsZpZH2MM=,a6c0WmvyxDtjuLsVcadoF2X2rXk=
-29,-30,7Ts6KvJcmdnZdkmXIJPsZpZH2MM=,a6c0WmvyxDtjuLsVcadoF2X2rXk=
-27,-29,7Ts6KvJcmdnZdkmXIJPsZpZH2MM=,a6c0WmvyxDtjuLsVcadoF2X2rXk=
-26,-28,7Ts6KvJcmdnZdkmXIJPsZpZH2MM=,a6c0WmvyxDtjuLsVcadoF2X2rXk=
-28,-30,7Ts6KvJcmdnZdkmXIJPsZpZH2MM=,a6c0WmvyxDtjuLsVcadoF2X2rXk=
-26,-29,7Ts6KvJcmdnZdkmXIJPsZpZH2MM=,a6c0WmvyxDtjuLsVcadoF2X2rXk=
-29,-28,7Ts6KvJcmdnZdkmXIJPsZpZH2MM=,a6c0WmvyxDtjuLsVcadoF2X2rXk=
-28,-28,7Ts6KvJcmdnZdkmXIJPsZpZH2MM=,a6c0WmvyxDtjuLsVcadoF2X2rXk=
-30,-29,7Ts6KvJcmdnZdkmXIJPsZpZH2MM=,a6c0WmvyxDtjuLsVcadoF2X2rXk=
-31,-29,7Ts6KvJcmdnZdkmXIJPsZpZH2MM=,a6c0WmvyxDtjuLsVcadoF2X2rXk=
-26,-30,7Ts6KvJcmdnZdkmXIJPsZpZH2MM=,a6c0WmvyxDtjuLsVcadoF2X2rXk=
-27,-30,7Ts6KvJcmdnZdkmXIJPsZpZH2MM=,a6c0WmvyxDtjuLsVcadoF2X2rXk=
-31,-32,7Ts6KvJcmdnZdkmXIJPsZpZH2MM=,a6c0WmvyxDtjuLsVcadoF2X2rXk=
-22,-21,7Ts6KvJcmdnZdkmXIJPsZpZH2MM=,5475EPrw1B5GfiLMYp5j1I1Zgf4=
-24,-22,7Ts6KvJcmdnZdkmXIJPsZpZH2MM=,5475EPrw1B5GfiLMYp5j1I1Zgf4=
-29,-32,7Ts6KvJcmdnZdkmXIJPsZpZH2MM=,a6c0WmvyxDtjuLsVcadoF2X2rXk=
-23,-22,7Ts6KvJcmdnZdkmXIJPsZpZH2MM=,5475EPrw1B5GfiLMYp5j1I1Zgf4=
-24,-19,7Ts6KvJcmdnZdkmXIJPsZpZH2MM=,5475EPrw1B5GfiLMYp5j1I1Zgf4=
-26,-32,7Ts6KvJcmdnZdkmXIJPsZpZH2MM=,a6c0WmvyxDtjuLsVcadoF2X2rXk=
-24,-21,7Ts6KvJcmdnZdkmXIJPsZpZH2MM=,5475EPrw1B5GfiLMYp5j1I1Zgf4=
-23,-19,7Ts6KvJcmdnZdkmXIJPsZpZH2MM=,5475EPrw1B5GfiLMYp5j1I1Zgf4=
-17,-18,PvZbeqFSLAC9kBB5283x/k9WmZA=,5475EPrw1B5GfiLMYp5j1I1Zgf4=
-22,-20,PvZbeqFSLAC9kBB5283x/k9WmZA=,5475EPrw1B5GfiLMYp5j1I1Zgf4=
-23,-21,PvZbeqFSLAC9kBB5283x/k9WmZA=,5475EPrw1B5GfiLMYp5j1I1Zgf4=
-22,-19,PvZbeqFSLAC9kBB5283x/k9WmZA=,5475EPrw1B5GfiLMYp5j1I1Zgf4=
-24,-18,PvZbeqFSLAC9kBB5283x/k9WmZA=,5475EPrw1B5GfiLMYp5j1I1Zgf4=
-21,-20,PvZbeqFSLAC9kBB5283x/k9WmZA=,5475EPrw1B5GfiLMYp5j1I1Zgf4=
-30,-32,PvZbeqFSLAC9kBB5283x/k9WmZA=,a6c0WmvyxDtjuLsVcadoF2X2rXk=
-22,-22,PvZbeqFSLAC9kBB5283x/k9WmZA=,5475EPrw1B5GfiLMYp5j1I1Zgf4=
-22,-23,PvZbeqFSLAC9kBB5283x/k9WmZA=,5475EPrw1B5GfiLMYp5j1I1Zgf4=
-21,-19,dhsdqvuZ+jY5C/EbXPzJvBOC7H0=,5475EPrw1B5GfiLMYp5j1I1Zgf4=
-20,-23,dhsdqvuZ+jY5C/EbXPzJvBOC7H0=,5475EPrw1B5GfiLMYp5j1I1Zgf4=
-23,-20,dhsdqvuZ+jY5C/EbXPzJvBOC7H0=,5475EPrw1B5GfiLMYp5j1I1Zgf4=
-21,-22,dhsdqvuZ+jY5C/EbXPzJvBOC7H0=,5475EPrw1B5GfiLMYp5j1I1Zgf4=
-23,-23,dhsdqvuZ+jY5C/EbXPzJvBOC7H0=,5475EPrw1B5GfiLMYp5j1I1Zgf4=
-21,-21,90v06rf4T/VZuEacWG9fBV4VMJ8=,5475EPrw1B5GfiLMYp5j1I1Zgf4=
-23,-18,90v06rf4T/VZuEacWG9fBV4VMJ8=,5475EPrw1B5GfiLMYp5j1I1Zgf4=
-24,-20,90v06rf4T/VZuEacWG9fBV4VMJ8=,5475EPrw1B5GfiLMYp5j1I1Zgf4=
-28,-32,90v06rf4T/VZuEacWG9fBV4VMJ8=,a6c0WmvyxDtjuLsVcadoF2X2rXk=
-32,-31,90v06rf4T/VZuEacWG9fBV4VMJ8=,a6c0WmvyxDtjuLsVcadoF2X2rXk=
-21,-23,90v06rf4T/VZuEacWG9fBV4VMJ8=,5475EPrw1B5GfiLMYp5j1I1Zgf4=
-24,-23,90v06rf4T/VZuEacWG9fBV4VMJ8=,5475EPrw1B5GfiLMYp5j1I1Zgf4=
-22,-18,90v06rf4T/VZuEacWG9fBV4VMJ8=,5475EPrw1B5GfiLMYp5j1I1Zgf4=
-22,-17,90v06rf4T/VZuEacWG9fBV4VMJ8=,5475EPrw1B5GfiLMYp5j1I1Zgf4=
-32,-26,90v06rf4T/VZuEacWG9fBV4VMJ8=,a6c0WmvyxDtjuLsVcadoF2X2rXk=
-32,-30,90v06rf4T/VZuEacWG9fBV4VMJ8=,a6c0WmvyxDtjuLsVcadoF2X2rXk=
-32,-27,90v06rf4T/VZuEacWG9fBV4VMJ8=,a6c0WmvyxDtjuLsVcadoF2X2rXk=
-32,-25,90v06rf4T/VZuEacWG9fBV4VMJ8=,a6c0WmvyxDtjuLsVcadoF2X2rXk=
-32,-28,90v06rf4T/VZuEacWG9fBV4VMJ8=,a6c0WmvyxDtjuLsVcadoF2X2rXk=
-27,-32,90v06rf4T/VZuEacWG9fBV4VMJ8=,a6c0WmvyxDtjuLsVcadoF2X2rXk=
-23,-17,90v06rf4T/VZuEacWG9fBV4VMJ8=,5475EPrw1B5GfiLMYp5j1I1Zgf4=
-25,-25,90v06rf4T/VZuEacWG9fBV4VMJ8=,a6c0WmvyxDtjuLsVcadoF2X2rXk=
-32,-29,90v06rf4T/VZuEacWG9fBV4VMJ8=,a6c0WmvyxDtjuLsVcadoF2X2rXk=
-32,-32,90v06rf4T/VZuEacWG9fBV4VMJ8=,a6c0WmvyxDtjuLsVcadoF2X2rXk=
-24,-32,90v06rf4T/VZuEacWG9fBV4VMJ8=,5ZlNjvGYXPfWnhVNzaBD/sgKMbc=
-17,-32,90v06rf4T/VZuEacWG9fBV4VMJ8=,5ZlNjvGYXPfWnhVNzaBD/sgKMbc=
-25,-32,90v06rf4T/VZuEacWG9fBV4VMJ8=,a6c0WmvyxDtjuLsVcadoF2X2rXk=
-25,-26,90v06rf4T/VZuEacWG9fBV4VMJ8=,a6c0WmvyxDtjuLsVcadoF2X2rXk=
-25,-27,90v06rf4T/VZuEacWG9fBV4VMJ8=,a6c0WmvyxDtjuLsVcadoF2X2rXk=
-25,-29,90v06rf4T/VZuEacWG9fBV4VMJ8=,a6c0WmvyxDtjuLsVcadoF2X2rXk=
-20,-25,90v06rf4T/VZuEacWG9fBV4VMJ8=,5ZlNjvGYXPfWnhVNzaBD/sgKMbc=
-24,-25,90v06rf4T/VZuEacWG9fBV4VMJ8=,5ZlNjvGYXPfWnhVNzaBD/sgKMbc=
-25,-28,90v06rf4T/VZuEacWG9fBV4VMJ8=,a6c0WmvyxDtjuLsVcadoF2X2rXk=
-23,-25,90v06rf4T/VZuEacWG9fBV4VMJ8=,5ZlNjvGYXPfWnhVNzaBD/sgKMbc=
-21,-25,90v06rf4T/VZuEacWG9fBV4VMJ8=,5ZlNjvGYXPfWnhVNzaBD/sgKMbc=
-24,-26,90v06rf4T/VZuEacWG9fBV4VMJ8=,5ZlNjvGYXPfWnhVNzaBD/sgKMbc=
-22,-25,90v06rf4T/VZuEacWG9fBV4VMJ8=,5ZlNjvGYXPfWnhVNzaBD/sgKMbc=
-23,-32,90v06rf4T/VZuEacWG9fBV4VMJ8=,5ZlNjvGYXPfWnhVNzaBD/sgKMbc=
-23,-26,90v06rf4T/VZuEacWG9fBV4VMJ8=,5ZlNjvGYXPfWnhVNzaBD/sgKMbc=
-20,-26,90v06rf4T/VZuEacWG9fBV4VMJ8=,5ZlNjvGYXPfWnhVNzaBD/sgKMbc=
-21,-24,90v06rf4T/VZuEacWG9fBV4VMJ8=,5475EPrw1B5GfiLMYp5j1I1Zgf4=
-21,-26,90v06rf4T/VZuEacWG9fBV4VMJ8=,5ZlNjvGYXPfWnhVNzaBD/sgKMbc=
-25,-30,90v06rf4T/VZuEacWG9fBV4VMJ8=,a6c0WmvyxDtjuLsVcadoF2X2rXk=
-19,-32,90v06rf4T/VZuEacWG9fBV4VMJ8=,5ZlNjvGYXPfWnhVNzaBD/sgKMbc=
-23,-31,90v06rf4T/VZuEacWG9fBV4VMJ8=,5ZlNjvGYXPfWnhVNzaBD/sgKMbc=
-18,-32,90v06rf4T/VZuEacWG9fBV4VMJ8=,5ZlNjvGYXPfWnhVNzaBD/sgKMbc=
-20,-27,90v06rf4T/VZuEacWG9fBV4VMJ8=,5ZlNjvGYXPfWnhVNzaBD/sgKMbc=
-22,-30,90v06rf4T/VZuEacWG9fBV4VMJ8=,5ZlNjvGYXPfWnhVNzaBD/sgKMbc=
-22,-26,90v06rf4T/VZuEacWG9fBV4VMJ8=,5ZlNjvGYXPfWnhVNzaBD/sgKMbc=
-24,-31,90v06rf4T/VZuEacWG9fBV4VMJ8=,5ZlNjvGYXPfWnhVNzaBD/sgKMbc=
-23,-30,90v06rf4T/VZuEacWG9fBV4VMJ8=,5ZlNjvGYXPfWnhVNzaBD/sgKMbc=
-21,-27,90v06rf4T/VZuEacWG9fBV4VMJ8=,5ZlNjvGYXPfWnhVNzaBD/sgKMbc=
-18,-30,90v06rf4T/VZuEacWG9fBV4VMJ8=,5ZlNjvGYXPfWnhVNzaBD/sgKMbc=
-24,-24,90v06rf4T/VZuEacWG9fBV4VMJ8=,5475EPrw1B5GfiLMYp5j1I1Zgf4=
-21,-28,90v06rf4T/VZuEacWG9fBV4VMJ8=,5ZlNjvGYXPfWnhVNzaBD/sgKMbc=
-25,-31,90v06rf4T/VZuEacWG9fBV4VMJ8=,a6c0WmvyxDtjuLsVcadoF2X2rXk=
-17,-30,90v06rf4T/VZuEacWG9fBV4VMJ8=,5ZlNjvGYXPfWnhVNzaBD/sgKMbc=
-20,-24,90v06rf4T/VZuEacWG9fBV4VMJ8=,5475EPrw1B5GfiLMYp5j1I1Zgf4=
-18,-28,90v06rf4T/VZuEacWG9fBV4VMJ8=,5ZlNjvGYXPfWnhVNzaBD/sgKMbc=
-24,-30,90v06rf4T/VZuEacWG9fBV4VMJ8=,5ZlNjvGYXPfWnhVNzaBD/sgKMbc=
-23,-27,90v06rf4T/VZuEacWG9fBV4VMJ8=,5ZlNjvGYXPfWnhVNzaBD/sgKMbc=
-19,-28,90v06rf4T/VZuEacWG9fBV4VMJ8=,5ZlNjvGYXPfWnhVNzaBD/sgKMbc=
-17,-31,90v06rf4T/VZuEacWG9fBV4VMJ8=,5ZlNjvGYXPfWnhVNzaBD/sgKMbc=
-21,-29,90v06rf4T/VZuEacWG9fBV4VMJ8=,5ZlNjvGYXPfWnhVNzaBD/sgKMbc=
-23,-29,90v06rf4T/VZuEacWG9fBV4VMJ8=,5ZlNjvGYXPfWnhVNzaBD/sgKMbc=
-20,-28,90v06rf4T/VZuEacWG9fBV4VMJ8=,5ZlNjvGYXPfWnhVNzaBD/sgKMbc=
-22,-24,90v06rf4T/VZuEacWG9fBV4VMJ8=,5475EPrw1B5GfiLMYp5j1I1Zgf4=
-18,-29,90v06rf4T/VZuEacWG9fBV4VMJ8=,5ZlNjvGYXPfWnhVNzaBD/sgKMbc=
-22,-27,90v06rf4T/VZuEacWG9fBV4VMJ8=,5ZlNjvGYXPfWnhVNzaBD/sgKMbc=
-17,-23,90v06rf4T/VZuEacWG9fBV4VMJ8=,5475EPrw1B5GfiLMYp5j1I1Zgf4=
-24,-28,90v06rf4T/VZuEacWG9fBV4VMJ8=,5ZlNjvGYXPfWnhVNzaBD/sgKMbc=
-24,-27,90v06rf4T/VZuEacWG9fBV4VMJ8=,5ZlNjvGYXPfWnhVNzaBD/sgKMbc=
-19,-29,90v06rf4T/VZuEacWG9fBV4VMJ8=,5ZlNjvGYXPfWnhVNzaBD/sgKMbc=
-19,-30,90v06rf4T/VZuEacWG9fBV4VMJ8=,5ZlNjvGYXPfWnhVNzaBD/sgKMbc=
-22,-29,90v06rf4T/VZuEacWG9fBV4VMJ8=,5ZlNjvGYXPfWnhVNzaBD/sgKMbc=
-23,-28,90v06rf4T/VZuEacWG9fBV4VMJ8=,5ZlNjvGYXPfWnhVNzaBD/sgKMbc=
-21,-17,90v06rf4T/VZuEacWG9fBV4VMJ8=,5475EPrw1B5GfiLMYp5j1I1Zgf4=
-20,-29,90v06rf4T/VZuEacWG9fBV4VMJ8=,5ZlNjvGYXPfWnhVNzaBD/sgKMbc=
-18,-31,90v06rf4T/VZuEacWG9fBV4VMJ8=,5ZlNjvGYXPfWnhVNzaBD/sgKMbc=
-24,-29,90v06rf4T/VZuEacWG9fBV4VMJ8=,5ZlNjvGYXPfWnhVNzaBD/sgKMbc=
-21,-18,90v06rf4T/VZuEacWG9fBV4VMJ8=,5475EPrw1B5GfiLMYp5j1I1Zgf4=
-23,-24,90v06rf4T/VZuEacWG9fBV4VMJ8=,5475EPrw1B5GfiLMYp5j1I1Zgf4=
-17,-28,90v06rf4T/VZuEacWG9fBV4VMJ8=,5ZlNjvGYXPfWnhVNzaBD/sgKMbc=
-20,-30,90v06rf4T/VZuEacWG9fBV4VMJ8=,5ZlNjvGYXPfWnhVNzaBD/sgKMbc=
-17,-29,90v06rf4T/VZuEacWG9fBV4VMJ8=,5ZlNjvGYXPfWnhVNzaBD/sgKMbc=
-24,-17,90v06rf4T/VZuEacWG9fBV4VMJ8=,5475EPrw1B5GfiLMYp5j1I1Zgf4=
-18,-21,90v06rf4T/VZuEacWG9fBV4VMJ8=,5475EPrw1B5GfiLMYp5j1I1Zgf4=
-18,-23,90v06rf4T/VZuEacWG9fBV4VMJ8=,5475EPrw1B5GfiLMYp5j1I1Zgf4=
-22,-28,90v06rf4T/VZuEacWG9fBV4VMJ8=,5ZlNjvGYXPfWnhVNzaBD/sgKMbc=
-19,-23,90v06rf4T/VZuEacWG9fBV4VMJ8=,5475EPrw1B5GfiLMYp5j1I1Zgf4=
-17,-21,90v06rf4T/VZuEacWG9fBV4VMJ8=,5475EPrw1B5GfiLMYp5j1I1Zgf4=
-17,-24,90v06rf4T/VZuEacWG9fBV4VMJ8=,5475EPrw1B5GfiLMYp5j1I1Zgf4=
-19,-21,90v06rf4T/VZuEacWG9fBV4VMJ8=,5475EPrw1B5GfiLMYp5j1I1Zgf4=
-20,-22,90v06rf4T/VZuEacWG9fBV4VMJ8=,5475EPrw1B5GfiLMYp5j1I1Zgf4=
-19,-22,90v06rf4T/VZuEacWG9fBV4VMJ8=,5475EPrw1B5GfiLMYp5j1I1Zgf4=
-21,-30,90v06rf4T/VZuEacWG9fBV4VMJ8=,5ZlNjvGYXPfWnhVNzaBD/sgKMbc=
-19,-25,90v06rf4T/VZuEacWG9fBV4VMJ8=,5ZlNjvGYXPfWnhVNzaBD/sgKMbc=
-18,-24,90v06rf4T/VZuEacWG9fBV4VMJ8=,5475EPrw1B5GfiLMYp5j1I1Zgf4=
-17,-22,90v06rf4T/VZuEacWG9fBV4VMJ8=,5475EPrw1B5GfiLMYp5j1I1Zgf4=
-17,-26,90v06rf4T/VZuEacWG9fBV4VMJ8=,5ZlNjvGYXPfWnhVNzaBD/sgKMbc=
-17,-25,90v06rf4T/VZuEacWG9fBV4VMJ8=,5ZlNjvGYXPfWnhVNzaBD/sgKMbc=
-19,-27,90v06rf4T/VZuEacWG9fBV4VMJ8=,5ZlNjvGYXPfWnhVNzaBD/sgKMbc=
-18,-25,90v06rf4T/VZuEacWG9fBV4VMJ8=,5ZlNjvGYXPfWnhVNzaBD/sgKMbc=
-18,-27,90v06rf4T/VZuEacWG9fBV4VMJ8=,5ZlNjvGYXPfWnhVNzaBD/sgKMbc=
-18,-26,90v06rf4T/VZuEacWG9fBV4VMJ8=,5ZlNjvGYXPfWnhVNzaBD/sgKMbc=
-19,-31,90v06rf4T/VZuEacWG9fBV4VMJ8=,5ZlNjvGYXPfWnhVNzaBD/sgKMbc=
-19,-26,90v06rf4T/VZuEacWG9fBV4VMJ8=,5ZlNjvGYXPfWnhVNzaBD/sgKMbc=
-22,-32,90v06rf4T/VZuEacWG9fBV4VMJ8=,5ZlNjvGYXPfWnhVNzaBD/sgKMbc=
-20,-21,90v06rf4T/VZuEacWG9fBV4VMJ8=,5475EPrw1B5GfiLMYp5j1I1Zgf4=
-21,-32,90v06rf4T/VZuEacWG9fBV4VMJ8=,5ZlNjvGYXPfWnhVNzaBD/sgKMbc=
-18,-22,90v06rf4T/VZuEacWG9fBV4VMJ8=,5475EPrw1B5GfiLMYp5j1I1Zgf4=
-17,-27,90v06rf4T/VZuEacWG9fBV4VMJ8=,5ZlNjvGYXPfWnhVNzaBD/sgKMbc=
-20,-31,90v06rf4T/VZuEacWG9fBV4VMJ8=,5ZlNjvGYXPfWnhVNzaBD/sgKMbc=
-19,-24,90v06rf4T/VZuEacWG9fBV4VMJ8=,5475EPrw1B5GfiLMYp5j1I1Zgf4=
-20,-32,90v06rf4T/VZuEacWG9fBV4VMJ8=,5ZlNjvGYXPfWnhVNzaBD/sgKMbc=
-22,-31,90v06rf4T/VZuEacWG9fBV4VMJ8=,5ZlNjvGYXPfWnhVNzaBD/sgKMbc=
-21,-31,90v06rf4T/VZuEacWG9fBV4VMJ8=,5ZlNjvGYXPfWnhVNzaBD/sgKMbc=
-20,-17,90v06rf4T/VZuEacWG9fBV4VMJ8=,5475EPrw1B5GfiLMYp5j1I1Zgf4=
-17,-17,90v06rf4T/VZuEacWG9fBV4VMJ8=,5475EPrw1B5GfiLMYp5j1I1Zgf4=
-20,-19,90v06rf4T/VZuEacWG9fBV4VMJ8=,5475EPrw1B5GfiLMYp5j1I1Zgf4=
-19,-17,90v06rf4T/VZuEacWG9fBV4VMJ8=,5475EPrw1B5GfiLMYp5j1I1Zgf4=
-19,-18,90v06rf4T/VZuEacWG9fBV4VMJ8=,5475EPrw1B5GfiLMYp5j1I1Zgf4=
-18,-20,90v06rf4T/VZuEacWG9fBV4VMJ8=,5475EPrw1B5GfiLMYp5j1I1Zgf4=
-20,-20,90v06rf4T/VZuEacWG9fBV4VMJ8=,5475EPrw1B5GfiLMYp5j1I1Zgf4=
-19,-20,90v06rf4T/VZuEacWG9fBV4VMJ8=,5475EPrw1B5GfiLMYp5j1I1Zgf4=
-17,-20,90v06rf4T/VZuEacWG9fBV4VMJ8=,5475EPrw1B5GfiLMYp5j1I1Zgf4=
-18,-17,90v06rf4T/VZuEacWG9fBV4VMJ8=,5475EPrw1B5GfiLMYp5j1I1Zgf4=
-20,-18,90v06rf4T/VZuEacWG9fBV4VMJ8=,5475EPrw1B5GfiLMYp5j1I1Zgf4=
-18,-18,90v06rf4T/VZuEacWG9fBV4VMJ8=,5475EPrw1B5GfiLMYp5j1I1Zgf4=
-17,-19,90v06rf4T/VZuEacWG9fBV4VMJ8=,5475EPrw1B5GfiLMYp5j1I1Zgf4=
-18,-19,90v06rf4T/VZuEacWG9fBV4VMJ8=,5475EPrw1B5GfiLMYp5j1I1Zgf4=
-19,-19,90v06rf4T/VZuEacWG9fBV4VMJ8=,5475EPrw1B5GfiLMYp5j1I1Zgf4=
